timestamp, name, utilization.gpu [%], memory.used [MiB], memory.total [MiB], temperature.gpu, power.draw [W]
2026/09/21 02:37:03.643, NVIDIA GeForce RTX 4060 Ti, 21 %, 1029 MiB, 8188 MiB, 32, 7.57 W
2026/09/21 02:37:04.654, NVIDIA GeForce RTX 4060 Ti, 3 %, 1036 MiB, 8188 MiB, 33, 20.24 W
2026/09/21 02:37:05.659, NVIDIA GeForce RTX 4060 Ti, 3 %, 1036 MiB, 8188 MiB, 33, 28.84 W
2026/09/21 02:37:06.665, NVIDIA GeForce RTX 4060 Ti, 9 %, 1036 MiB, 8188 MiB, 32, 20.33 W
2026/09/21 02:37:07.671, NVIDIA GeForce RTX 4060 Ti, 9 %, 1036 MiB, 8188 MiB, 32, 11.09 W
2026/09/21 02:37:08.709, NVIDIA GeForce RTX 4060 Ti, 19 %, 1036 MiB, 8188 MiB, 32, 7.51 W
2026/09/21 02:37:09.718, NVIDIA GeForce RTX 4060 Ti, 17 %, 1036 MiB, 8188 MiB, 32, 7.61 W
2026/09/21 02:37:10.724, NVIDIA GeForce RTX 4060 Ti, 16 %, 1036 MiB, 8188 MiB, 32, 7.37 W
2026/09/21 02:37:11.731, NVIDIA GeForce RTX 4060 Ti, 17 %, 1036 MiB, 8188 MiB, 32, 7.54 W
2026/09/21 02:37:12.738, NVIDIA GeForce RTX 4060 Ti, 20 %, 1036 MiB, 8188 MiB, 32, 7.75 W
2026/09/21 02:37:13.745, NVIDIA GeForce RTX 4060 Ti, 20 %, 1036 MiB, 8188 MiB, 32, 7.63 W
2026/09/21 02:37:14.752, NVIDIA GeForce RTX 4060 Ti, 17 %, 1036 MiB, 8188 MiB, 32, 7.66 W
2026/09/21 02:37:15.766, NVIDIA GeForce RTX 4060 Ti, 21 %, 1036 MiB, 8188 MiB, 32, 7.43 W
2026/09/21 02:37:16.772, NVIDIA GeForce RTX 4060 Ti, 17 %, 1036 MiB, 8188 MiB, 32, 7.53 W
2026/09/21 02:37:17.778, NVIDIA GeForce RTX 4060 Ti, 22 %, 1039 MiB, 8188 MiB, 32, 7.46 W
2026/09/21 02:37:18.783, NVIDIA GeForce RTX 4060 Ti, 21 %, 1039 MiB, 8188 MiB, 32, 7.58 W
2026/09/21 02:37:19.789, NVIDIA GeForce RTX 4060 Ti, 20 %, 1039 MiB, 8188 MiB, 32, 7.67 W
2026/09/21 02:37:20.795, NVIDIA GeForce RTX 4060 Ti, 17 %, 1039 MiB, 8188 MiB, 32, 7.71 W
2026/09/21 02:37:21.800, NVIDIA GeForce RTX 4060 Ti, 17 %, 1039 MiB, 8188 MiB, 32, 7.71 W
2026/09/21 02:37:22.806, NVIDIA GeForce RTX 4060 Ti, 20 %, 1039 MiB, 8188 MiB, 32, 7.56 W
2026/09/21 02:37:23.812, NVIDIA GeForce RTX 4060 Ti, 18 %, 1038 MiB, 8188 MiB, 32, 7.64 W
2026/09/21 02:37:24.817, NVIDIA GeForce RTX 4060 Ti, 18 %, 1039 MiB, 8188 MiB, 32, 7.58 W
2026/09/21 02:37:25.823, NVIDIA GeForce RTX 4060 Ti, 18 %, 1039 MiB, 8188 MiB, 32, 7.72 W
2026/09/21 02:37:26.829, NVIDIA GeForce RTX 4060 Ti, 18 %, 1039 MiB, 8188 MiB, 32, 7.47 W
2026/09/21 02:37:27.834, NVIDIA GeForce RTX 4060 Ti, 21 %, 1039 MiB, 8188 MiB, 32, 7.60 W
2026/09/21 02:37:28.845, NVIDIA GeForce RTX 4060 Ti, 17 %, 1039 MiB, 8188 MiB, 32, 7.65 W
2026/09/21 02:37:29.851, NVIDIA GeForce RTX 4060 Ti, 17 %, 1039 MiB, 8188 MiB, 32, 7.65 W
2026/09/21 02:37:30.859, NVIDIA GeForce RTX 4060 Ti, 17 %, 1039 MiB, 8188 MiB, 32, 7.63 W
2026/09/21 02:37:31.863, NVIDIA GeForce RTX 4060 Ti, 18 %, 1039 MiB, 8188 MiB, 32, 7.54 W
2026/09/21 02:37:32.870, NVIDIA GeForce RTX 4060 Ti, 17 %, 1039 MiB, 8188 MiB, 32, 7.64 W
2026/09/21 02:37:33.876, NVIDIA GeForce RTX 4060 Ti, 17 %, 1039 MiB, 8188 MiB, 32, 7.61 W
2026/09/21 02:37:34.882, NVIDIA GeForce RTX 4060 Ti, 19 %, 1039 MiB, 8188 MiB, 32, 7.54 W
2026/09/21 02:37:35.887, NVIDIA GeForce RTX 4060 Ti, 18 %, 1039 MiB, 8188 MiB, 32, 7.39 W
2026/09/21 02:37:36.894, NVIDIA GeForce RTX 4060 Ti, 17 %, 1039 MiB, 8188 MiB, 32, 7.44 W
2026/09/21 02:37:37.899, NVIDIA GeForce RTX 4060 Ti, 17 %, 1038 MiB, 8188 MiB, 32, 7.59 W
2026/09/21 02:37:38.905, NVIDIA GeForce RTX 4060 Ti, 17 %, 1038 MiB, 8188 MiB, 32, 7.55 W
2026/09/21 02:37:39.910, NVIDIA GeForce RTX 4060 Ti, 20 %, 1038 MiB, 8188 MiB, 32, 7.50 W
2026/09/21 02:37:40.915, NVIDIA GeForce RTX 4060 Ti, 19 %, 1038 MiB, 8188 MiB, 32, 7.45 W
2026/09/21 02:37:41.922, NVIDIA GeForce RTX 4060 Ti, 18 %, 1038 MiB, 8188 MiB, 32, 7.53 W
2026/09/21 02:37:42.928, NVIDIA GeForce RTX 4060 Ti, 18 %, 1038 MiB, 8188 MiB, 32, 7.44 W
2026/09/21 02:37:43.934, NVIDIA GeForce RTX 4060 Ti, 21 %, 1038 MiB, 8188 MiB, 32, 7.65 W
2026/09/21 02:37:44.939, NVIDIA GeForce RTX 4060 Ti, 21 %, 1038 MiB, 8188 MiB, 32, 7.50 W
2026/09/21 02:37:45.946, NVIDIA GeForce RTX 4060 Ti, 18 %, 1038 MiB, 8188 MiB, 32, 7.53 W
2026/09/21 02:37:46.951, NVIDIA GeForce RTX 4060 Ti, 20 %, 1038 MiB, 8188 MiB, 32, 7.41 W
2026/09/21 02:37:47.957, NVIDIA GeForce RTX 4060 Ti, 18 %, 1038 MiB, 8188 MiB, 32, 7.55 W
2026/09/21 02:37:48.964, NVIDIA GeForce RTX 4060 Ti, 22 %, 1038 MiB, 8188 MiB, 32, 7.65 W
2026/09/21 02:37:49.976, NVIDIA GeForce RTX 4060 Ti, 18 %, 1038 MiB, 8188 MiB, 32, 7.45 W
2026/09/21 02:37:50.981, NVIDIA GeForce RTX 4060 Ti, 18 %, 1038 MiB, 8188 MiB, 32, 7.63 W
2026/09/21 02:37:51.988, NVIDIA GeForce RTX 4060 Ti, 18 %, 1038 MiB, 8188 MiB, 32, 7.61 W
2026/09/21 02:37:52.995, NVIDIA GeForce RTX 4060 Ti, 21 %, 1038 MiB, 8188 MiB, 32, 7.58 W
2026/09/21 02:37:54.000, NVIDIA GeForce RTX 4060 Ti, 21 %, 1038 MiB, 8188 MiB, 32, 7.67 W
2026/09/21 02:37:55.006, NVIDIA GeForce RTX 4060 Ti, 18 %, 1038 MiB, 8188 MiB, 32, 7.38 W
2026/09/21 02:37:56.012, NVIDIA GeForce RTX 4060 Ti, 18 %, 1038 MiB, 8188 MiB, 32, 7.57 W
2026/09/21 02:37:57.018, NVIDIA GeForce RTX 4060 Ti, 19 %, 1038 MiB, 8188 MiB, 32, 7.58 W
2026/09/21 02:37:58.025, NVIDIA GeForce RTX 4060 Ti, 18 %, 1038 MiB, 8188 MiB, 32, 7.52 W
2026/09/21 02:37:59.032, NVIDIA GeForce RTX 4060 Ti, 18 %, 1038 MiB, 8188 MiB, 32, 7.39 W
2026/09/21 02:38:00.038, NVIDIA GeForce RTX 4060 Ti, 21 %, 1038 MiB, 8188 MiB, 32, 7.43 W
2026/09/21 02:38:01.044, NVIDIA GeForce RTX 4060 Ti, 18 %, 1038 MiB, 8188 MiB, 32, 7.64 W
2026/09/21 02:38:02.050, NVIDIA GeForce RTX 4060 Ti, 18 %, 1038 MiB, 8188 MiB, 32, 7.66 W
2026/09/21 02:38:03.055, NVIDIA GeForce RTX 4060 Ti, 18 %, 1038 MiB, 8188 MiB, 32, 7.71 W
2026/09/21 02:38:04.062, NVIDIA GeForce RTX 4060 Ti, 18 %, 1038 MiB, 8188 MiB, 32, 7.52 W
2026/09/21 02:38:05.067, NVIDIA GeForce RTX 4060 Ti, 21 %, 1038 MiB, 8188 MiB, 32, 7.66 W
2026/09/21 02:38:06.073, NVIDIA GeForce RTX 4060 Ti, 22 %, 1038 MiB, 8188 MiB, 32, 7.49 W
2026/09/21 02:38:07.079, NVIDIA GeForce RTX 4060 Ti, 18 %, 1038 MiB, 8188 MiB, 32, 7.64 W
2026/09/21 02:38:08.085, NVIDIA GeForce RTX 4060 Ti, 18 %, 1038 MiB, 8188 MiB, 32, 7.53 W
2026/09/21 02:38:09.092, NVIDIA GeForce RTX 4060 Ti, 17 %, 1038 MiB, 8188 MiB, 32, 7.72 W
2026/09/21 02:38:10.098, NVIDIA GeForce RTX 4060 Ti, 18 %, 1038 MiB, 8188 MiB, 32, 7.50 W
2026/09/21 02:38:11.104, NVIDIA GeForce RTX 4060 Ti, 22 %, 1038 MiB, 8188 MiB, 32, 7.63 W
2026/09/21 02:38:12.111, NVIDIA GeForce RTX 4060 Ti, 19 %, 1038 MiB, 8188 MiB, 32, 7.60 W
2026/09/21 02:38:13.116, NVIDIA GeForce RTX 4060 Ti, 18 %, 1038 MiB, 8188 MiB, 32, 7.65 W
2026/09/21 02:38:14.121, NVIDIA GeForce RTX 4060 Ti, 18 %, 1038 MiB, 8188 MiB, 32, 7.51 W
2026/09/21 02:38:15.128, NVIDIA GeForce RTX 4060 Ti, 18 %, 1038 MiB, 8188 MiB, 32, 7.48 W
2026/09/21 02:38:16.137, NVIDIA GeForce RTX 4060 Ti, 18 %, 1038 MiB, 8188 MiB, 32, 7.64 W
2026/09/21 02:38:17.149, NVIDIA GeForce RTX 4060 Ti, 21 %, 1038 MiB, 8188 MiB, 32, 7.61 W
2026/09/21 02:38:18.156, NVIDIA GeForce RTX 4060 Ti, 19 %, 1038 MiB, 8188 MiB, 32, 7.64 W
2026/09/21 02:38:19.167, NVIDIA GeForce RTX 4060 Ti, 19 %, 1038 MiB, 8188 MiB, 32, 7.36 W
2026/09/21 02:38:20.175, NVIDIA GeForce RTX 4060 Ti, 20 %, 1038 MiB, 8188 MiB, 32, 7.59 W
2026/09/21 02:38:21.181, NVIDIA GeForce RTX 4060 Ti, 20 %, 1038 MiB, 8188 MiB, 32, 7.62 W
2026/09/21 02:38:22.187, NVIDIA GeForce RTX 4060 Ti, 21 %, 1038 MiB, 8188 MiB, 32, 7.54 W
2026/09/21 02:38:23.194, NVIDIA GeForce RTX 4060 Ti, 18 %, 1038 MiB, 8188 MiB, 32, 7.51 W
2026/09/21 02:38:24.200, NVIDIA GeForce RTX 4060 Ti, 20 %, 1038 MiB, 8188 MiB, 32, 7.42 W
2026/09/21 02:38:25.206, NVIDIA GeForce RTX 4060 Ti, 20 %, 1043 MiB, 8188 MiB, 32, 7.64 W
2026/09/21 02:38:26.212, NVIDIA GeForce RTX 4060 Ti, 22 %, 1043 MiB, 8188 MiB, 32, 7.38 W
2026/09/21 02:38:27.217, NVIDIA GeForce RTX 4060 Ti, 20 %, 1043 MiB, 8188 MiB, 32, 7.48 W
2026/09/21 02:38:28.222, NVIDIA GeForce RTX 4060 Ti, 21 %, 1044 MiB, 8188 MiB, 32, 7.65 W
2026/09/21 02:38:29.229, NVIDIA GeForce RTX 4060 Ti, 19 %, 1044 MiB, 8188 MiB, 32, 7.55 W
2026/09/21 02:38:30.234, NVIDIA GeForce RTX 4060 Ti, 18 %, 1044 MiB, 8188 MiB, 32, 7.67 W
2026/09/21 02:38:31.240, NVIDIA GeForce RTX 4060 Ti, 22 %, 1043 MiB, 8188 MiB, 32, 7.77 W
2026/09/21 02:38:32.246, NVIDIA GeForce RTX 4060 Ti, 22 %, 1041 MiB, 8188 MiB, 32, 7.66 W
2026/09/21 02:38:33.251, NVIDIA GeForce RTX 4060 Ti, 22 %, 1040 MiB, 8188 MiB, 32, 7.67 W
2026/09/21 02:38:34.257, NVIDIA GeForce RTX 4060 Ti, 18 %, 1039 MiB, 8188 MiB, 32, 7.38 W
2026/09/21 02:38:35.265, NVIDIA GeForce RTX 4060 Ti, 20 %, 1039 MiB, 8188 MiB, 32, 7.55 W
2026/09/21 02:38:36.343, NVIDIA GeForce RTX 4060 Ti, 66 %, 2338 MiB, 8188 MiB, 33, 16.80 W
2026/09/21 02:38:37.349, NVIDIA GeForce RTX 4060 Ti, 4 %, 2355 MiB, 8188 MiB, 33, 31.60 W
2026/09/21 02:38:38.362, NVIDIA GeForce RTX 4060 Ti, 3 %, 2355 MiB, 8188 MiB, 33, 30.28 W
2026/09/21 02:38:39.368, NVIDIA GeForce RTX 4060 Ti, 3 %, 2351 MiB, 8188 MiB, 33, 28.62 W
2026/09/21 02:38:40.374, NVIDIA GeForce RTX 4060 Ti, 4 %, 2357 MiB, 8188 MiB, 33, 28.78 W
2026/09/21 02:38:41.380, NVIDIA GeForce RTX 4060 Ti, 5 %, 2375 MiB, 8188 MiB, 33, 28.58 W
2026/09/21 02:38:42.386, NVIDIA GeForce RTX 4060 Ti, 8 %, 2479 MiB, 8188 MiB, 34, 25.81 W
2026/09/21 02:38:43.393, NVIDIA GeForce RTX 4060 Ti, 27 %, 2620 MiB, 8188 MiB, 34, 26.29 W
2026/09/21 02:38:44.399, NVIDIA GeForce RTX 4060 Ti, 31 %, 2617 MiB, 8188 MiB, 35, 45.41 W
2026/09/21 02:38:45.404, NVIDIA GeForce RTX 4060 Ti, 41 %, 2608 MiB, 8188 MiB, 34, 39.30 W
2026/09/21 02:38:46.411, NVIDIA GeForce RTX 4060 Ti, 36 %, 2607 MiB, 8188 MiB, 34, 35.18 W
2026/09/21 02:38:47.415, NVIDIA GeForce RTX 4060 Ti, 40 %, 2597 MiB, 8188 MiB, 34, 35.24 W
2026/09/21 02:38:48.433, NVIDIA GeForce RTX 4060 Ti, 32 %, 2602 MiB, 8188 MiB, 34, 32.20 W
2026/09/21 02:38:49.437, NVIDIA GeForce RTX 4060 Ti, 35 %, 2603 MiB, 8188 MiB, 35, 34.23 W
2026/09/21 02:38:50.445, NVIDIA GeForce RTX 4060 Ti, 31 %, 2603 MiB, 8188 MiB, 34, 33.10 W
2026/09/21 02:38:51.450, NVIDIA GeForce RTX 4060 Ti, 39 %, 2603 MiB, 8188 MiB, 34, 31.30 W
2026/09/21 02:38:52.457, NVIDIA GeForce RTX 4060 Ti, 30 %, 2603 MiB, 8188 MiB, 34, 32.18 W
2026/09/21 02:38:53.464, NVIDIA GeForce RTX 4060 Ti, 40 %, 2603 MiB, 8188 MiB, 35, 36.49 W
2026/09/21 02:38:54.469, NVIDIA GeForce RTX 4060 Ti, 35 %, 2763 MiB, 8188 MiB, 35, 36.01 W
2026/09/21 02:38:55.474, NVIDIA GeForce RTX 4060 Ti, 26 %, 2763 MiB, 8188 MiB, 35, 35.56 W
2026/09/21 02:38:56.478, NVIDIA GeForce RTX 4060 Ti, 23 %, 2763 MiB, 8188 MiB, 35, 35.63 W
2026/09/21 02:38:57.485, NVIDIA GeForce RTX 4060 Ti, 37 %, 2762 MiB, 8188 MiB, 35, 33.36 W
2026/09/21 02:38:58.490, NVIDIA GeForce RTX 4060 Ti, 33 %, 2762 MiB, 8188 MiB, 34, 30.14 W
2026/09/21 02:38:59.496, NVIDIA GeForce RTX 4060 Ti, 29 %, 2762 MiB, 8188 MiB, 35, 32.54 W
2026/09/21 02:39:00.502, NVIDIA GeForce RTX 4060 Ti, 26 %, 2761 MiB, 8188 MiB, 34, 31.94 W
2026/09/21 02:39:01.508, NVIDIA GeForce RTX 4060 Ti, 33 %, 2761 MiB, 8188 MiB, 35, 33.36 W
2026/09/21 02:39:02.514, NVIDIA GeForce RTX 4060 Ti, 34 %, 2762 MiB, 8188 MiB, 35, 30.69 W
2026/09/21 02:39:03.519, NVIDIA GeForce RTX 4060 Ti, 33 %, 2762 MiB, 8188 MiB, 35, 32.75 W
2026/09/21 02:39:04.528, NVIDIA GeForce RTX 4060 Ti, 44 %, 2762 MiB, 8188 MiB, 35, 31.36 W
2026/09/21 02:39:05.533, NVIDIA GeForce RTX 4060 Ti, 42 %, 2762 MiB, 8188 MiB, 35, 34.59 W
2026/09/21 02:39:06.538, NVIDIA GeForce RTX 4060 Ti, 39 %, 2762 MiB, 8188 MiB, 36, 35.57 W
2026/09/21 02:39:07.564, NVIDIA GeForce RTX 4060 Ti, 34 %, 2762 MiB, 8188 MiB, 35, 36.13 W
2026/09/21 02:39:08.570, NVIDIA GeForce RTX 4060 Ti, 36 %, 2762 MiB, 8188 MiB, 36, 37.85 W
2026/09/21 02:39:09.575, NVIDIA GeForce RTX 4060 Ti, 26 %, 2762 MiB, 8188 MiB, 35, 33.65 W
2026/09/21 02:39:10.581, NVIDIA GeForce RTX 4060 Ti, 30 %, 2762 MiB, 8188 MiB, 35, 34.21 W
2026/09/21 02:39:11.588, NVIDIA GeForce RTX 4060 Ti, 30 %, 2762 MiB, 8188 MiB, 36, 33.35 W
2026/09/21 02:39:12.595, NVIDIA GeForce RTX 4060 Ti, 26 %, 2762 MiB, 8188 MiB, 35, 32.90 W
2026/09/21 02:39:13.604, NVIDIA GeForce RTX 4060 Ti, 30 %, 2764 MiB, 8188 MiB, 36, 35.35 W
2026/09/21 02:39:14.609, NVIDIA GeForce RTX 4060 Ti, 30 %, 2764 MiB, 8188 MiB, 36, 34.47 W
2026/09/21 02:39:15.633, NVIDIA GeForce RTX 4060 Ti, 22 %, 2767 MiB, 8188 MiB, 35, 30.96 W
2026/09/21 02:39:16.640, NVIDIA GeForce RTX 4060 Ti, 27 %, 2767 MiB, 8188 MiB, 36, 32.47 W
2026/09/21 02:39:17.645, NVIDIA GeForce RTX 4060 Ti, 30 %, 2767 MiB, 8188 MiB, 35, 33.74 W
2026/09/21 02:39:18.650, NVIDIA GeForce RTX 4060 Ti, 29 %, 2779 MiB, 8188 MiB, 36, 31.96 W
2026/09/21 02:39:19.657, NVIDIA GeForce RTX 4060 Ti, 31 %, 2780 MiB, 8188 MiB, 36, 33.69 W
2026/09/21 02:39:20.663, NVIDIA GeForce RTX 4060 Ti, 34 %, 2775 MiB, 8188 MiB, 36, 37.51 W
2026/09/21 02:39:21.669, NVIDIA GeForce RTX 4060 Ti, 31 %, 2767 MiB, 8188 MiB, 36, 35.95 W
2026/09/21 02:39:22.676, NVIDIA GeForce RTX 4060 Ti, 32 %, 2789 MiB, 8188 MiB, 36, 35.04 W
2026/09/21 02:39:23.682, NVIDIA GeForce RTX 4060 Ti, 37 %, 2786 MiB, 8188 MiB, 36, 33.00 W
2026/09/21 02:39:24.687, NVIDIA GeForce RTX 4060 Ti, 43 %, 2780 MiB, 8188 MiB, 36, 32.76 W
2026/09/21 02:39:25.694, NVIDIA GeForce RTX 4060 Ti, 19 %, 2788 MiB, 8188 MiB, 36, 32.90 W
2026/09/21 02:39:26.698, NVIDIA GeForce RTX 4060 Ti, 29 %, 2804 MiB, 8188 MiB, 36, 32.99 W
2026/09/21 02:39:27.704, NVIDIA GeForce RTX 4060 Ti, 36 %, 2802 MiB, 8188 MiB, 36, 32.50 W
2026/09/21 02:39:28.713, NVIDIA GeForce RTX 4060 Ti, 39 %, 2796 MiB, 8188 MiB, 37, 33.32 W
2026/09/21 02:39:29.719, NVIDIA GeForce RTX 4060 Ti, 22 %, 2805 MiB, 8188 MiB, 36, 32.47 W
2026/09/21 02:39:30.723, NVIDIA GeForce RTX 4060 Ti, 31 %, 2802 MiB, 8188 MiB, 36, 31.47 W
2026/09/21 02:39:31.730, NVIDIA GeForce RTX 4060 Ti, 33 %, 2800 MiB, 8188 MiB, 36, 33.82 W
2026/09/21 02:39:32.739, NVIDIA GeForce RTX 4060 Ti, 28 %, 2787 MiB, 8188 MiB, 36, 33.53 W
2026/09/21 02:39:33.745, NVIDIA GeForce RTX 4060 Ti, 36 %, 2777 MiB, 8188 MiB, 37, 32.24 W
2026/09/21 02:39:34.750, NVIDIA GeForce RTX 4060 Ti, 32 %, 2774 MiB, 8188 MiB, 37, 36.48 W
2026/09/21 02:39:35.755, NVIDIA GeForce RTX 4060 Ti, 47 %, 2763 MiB, 8188 MiB, 36, 36.61 W
2026/09/21 02:39:36.761, NVIDIA GeForce RTX 4060 Ti, 33 %, 2763 MiB, 8188 MiB, 38, 37.63 W
2026/09/21 02:39:37.767, NVIDIA GeForce RTX 4060 Ti, 22 %, 2779 MiB, 8188 MiB, 37, 32.82 W
2026/09/21 02:39:38.772, NVIDIA GeForce RTX 4060 Ti, 37 %, 2779 MiB, 8188 MiB, 36, 34.77 W
2026/09/21 02:39:39.779, NVIDIA GeForce RTX 4060 Ti, 38 %, 2776 MiB, 8188 MiB, 37, 35.35 W
2026/09/21 02:39:40.785, NVIDIA GeForce RTX 4060 Ti, 41 %, 2768 MiB, 8188 MiB, 37, 33.18 W
2026/09/21 02:39:41.790, NVIDIA GeForce RTX 4060 Ti, 39 %, 2768 MiB, 8188 MiB, 37, 32.96 W
2026/09/21 02:39:42.796, NVIDIA GeForce RTX 4060 Ti, 43 %, 2768 MiB, 8188 MiB, 37, 35.30 W
2026/09/21 02:39:43.822, NVIDIA GeForce RTX 4060 Ti, 29 %, 2768 MiB, 8188 MiB, 37, 31.48 W
2026/09/21 02:39:44.828, NVIDIA GeForce RTX 4060 Ti, 29 %, 2768 MiB, 8188 MiB, 37, 31.53 W
2026/09/21 02:39:45.835, NVIDIA GeForce RTX 4060 Ti, 36 %, 2768 MiB, 8188 MiB, 36, 27.68 W
2026/09/21 02:39:46.840, NVIDIA GeForce RTX 4060 Ti, 36 %, 2766 MiB, 8188 MiB, 36, 32.94 W
2026/09/21 02:39:47.847, NVIDIA GeForce RTX 4060 Ti, 28 %, 2764 MiB, 8188 MiB, 37, 35.15 W
2026/09/21 02:39:48.853, NVIDIA GeForce RTX 4060 Ti, 33 %, 2764 MiB, 8188 MiB, 37, 35.80 W
2026/09/21 02:39:49.860, NVIDIA GeForce RTX 4060 Ti, 40 %, 2764 MiB, 8188 MiB, 37, 36.27 W
2026/09/21 02:39:50.865, NVIDIA GeForce RTX 4060 Ti, 29 %, 2764 MiB, 8188 MiB, 38, 35.46 W
2026/09/21 02:39:51.874, NVIDIA GeForce RTX 4060 Ti, 31 %, 2764 MiB, 8188 MiB, 37, 34.59 W
2026/09/21 02:39:52.881, NVIDIA GeForce RTX 4060 Ti, 31 %, 2763 MiB, 8188 MiB, 38, 36.69 W
2026/09/21 02:39:53.889, NVIDIA GeForce RTX 4060 Ti, 30 %, 2764 MiB, 8188 MiB, 37, 34.76 W
2026/09/21 02:39:54.895, NVIDIA GeForce RTX 4060 Ti, 34 %, 2764 MiB, 8188 MiB, 38, 40.63 W
2026/09/21 02:39:55.900, NVIDIA GeForce RTX 4060 Ti, 34 %, 2764 MiB, 8188 MiB, 37, 38.99 W
2026/09/21 02:39:56.905, NVIDIA GeForce RTX 4060 Ti, 30 %, 2766 MiB, 8188 MiB, 38, 37.05 W
2026/09/21 02:39:57.911, NVIDIA GeForce RTX 4060 Ti, 41 %, 2766 MiB, 8188 MiB, 38, 36.69 W
2026/09/21 02:39:58.917, NVIDIA GeForce RTX 4060 Ti, 28 %, 2766 MiB, 8188 MiB, 38, 36.14 W
2026/09/21 02:39:59.923, NVIDIA GeForce RTX 4060 Ti, 36 %, 2766 MiB, 8188 MiB, 38, 37.45 W
2026/09/21 02:40:00.930, NVIDIA GeForce RTX 4060 Ti, 25 %, 2766 MiB, 8188 MiB, 38, 36.00 W
2026/09/21 02:40:01.937, NVIDIA GeForce RTX 4060 Ti, 49 %, 2766 MiB, 8188 MiB, 37, 36.99 W
2026/09/21 02:40:02.944, NVIDIA GeForce RTX 4060 Ti, 35 %, 2766 MiB, 8188 MiB, 38, 47.79 W
2026/09/21 02:40:03.950, NVIDIA GeForce RTX 4060 Ti, 25 %, 2817 MiB, 8188 MiB, 39, 48.20 W
2026/09/21 02:40:04.956, NVIDIA GeForce RTX 4060 Ti, 37 %, 2816 MiB, 8188 MiB, 38, 40.13 W
2026/09/21 02:40:05.963, NVIDIA GeForce RTX 4060 Ti, 18 %, 2790 MiB, 8188 MiB, 37, 32.99 W
2026/09/21 02:40:07.065, NVIDIA GeForce RTX 4060 Ti, 32 %, 2794 MiB, 8188 MiB, 37, 29.14 W
2026/09/21 02:40:08.071, NVIDIA GeForce RTX 4060 Ti, 23 %, 2791 MiB, 8188 MiB, 37, 29.97 W
2026/09/21 02:40:09.103, NVIDIA GeForce RTX 4060 Ti, 16 %, 2824 MiB, 8188 MiB, 38, 36.95 W
2026/09/21 02:40:10.108, NVIDIA GeForce RTX 4060 Ti, 35 %, 2824 MiB, 8188 MiB, 40, 50.33 W
2026/09/21 02:40:11.114, NVIDIA GeForce RTX 4060 Ti, 29 %, 3176 MiB, 8188 MiB, 40, 59.81 W
2026/09/21 02:40:12.120, NVIDIA GeForce RTX 4060 Ti, 27 %, 3176 MiB, 8188 MiB, 41, 56.33 W
2026/09/21 02:40:13.133, NVIDIA GeForce RTX 4060 Ti, 38 %, 3176 MiB, 8188 MiB, 41, 60.30 W
2026/09/21 02:40:14.139, NVIDIA GeForce RTX 4060 Ti, 36 %, 3176 MiB, 8188 MiB, 43, 69.91 W
2026/09/21 02:40:15.144, NVIDIA GeForce RTX 4060 Ti, 34 %, 3176 MiB, 8188 MiB, 43, 62.75 W
2026/09/21 02:40:16.150, NVIDIA GeForce RTX 4060 Ti, 41 %, 3176 MiB, 8188 MiB, 40, 54.61 W
2026/09/21 02:40:17.155, NVIDIA GeForce RTX 4060 Ti, 23 %, 3176 MiB, 8188 MiB, 40, 48.75 W
2026/09/21 02:40:18.167, NVIDIA GeForce RTX 4060 Ti, 3 %, 1358 MiB, 8188 MiB, 38, 37.70 W
2026/09/21 02:40:19.172, NVIDIA GeForce RTX 4060 Ti, 6 %, 1358 MiB, 8188 MiB, 37, 25.06 W
2026/09/21 02:40:20.183, NVIDIA GeForce RTX 4060 Ti, 54 %, 2032 MiB, 8188 MiB, 37, 18.50 W
2026/09/21 02:40:21.188, NVIDIA GeForce RTX 4060 Ti, 32 %, 2164 MiB, 8188 MiB, 38, 25.65 W
2026/09/21 02:40:22.194, NVIDIA GeForce RTX 4060 Ti, 31 %, 2164 MiB, 8188 MiB, 38, 27.68 W
2026/09/21 02:40:23.200, NVIDIA GeForce RTX 4060 Ti, 45 %, 2144 MiB, 8188 MiB, 38, 27.31 W
2026/09/21 02:40:24.205, NVIDIA GeForce RTX 4060 Ti, 31 %, 2123 MiB, 8188 MiB, 38, 31.43 W
2026/09/21 02:40:25.213, NVIDIA GeForce RTX 4060 Ti, 30 %, 2123 MiB, 8188 MiB, 38, 30.25 W
2026/09/21 02:40:26.218, NVIDIA GeForce RTX 4060 Ti, 39 %, 2119 MiB, 8188 MiB, 38, 30.05 W
2026/09/21 02:40:27.245, NVIDIA GeForce RTX 4060 Ti, 32 %, 2119 MiB, 8188 MiB, 38, 31.87 W
2026/09/21 02:40:28.250, NVIDIA GeForce RTX 4060 Ti, 36 %, 2114 MiB, 8188 MiB, 38, 29.38 W
2026/09/21 02:40:29.264, NVIDIA GeForce RTX 4060 Ti, 29 %, 2097 MiB, 8188 MiB, 40, 41.69 W
2026/09/21 02:40:30.269, NVIDIA GeForce RTX 4060 Ti, 16 %, 2159 MiB, 8188 MiB, 39, 43.27 W
2026/09/21 02:40:31.274, NVIDIA GeForce RTX 4060 Ti, 24 %, 2156 MiB, 8188 MiB, 40, 46.73 W
2026/09/21 02:40:32.279, NVIDIA GeForce RTX 4060 Ti, 28 %, 2158 MiB, 8188 MiB, 40, 42.36 W
2026/09/21 02:40:33.283, NVIDIA GeForce RTX 4060 Ti, 18 %, 2158 MiB, 8188 MiB, 38, 29.44 W
2026/09/21 02:40:34.288, NVIDIA GeForce RTX 4060 Ti, 24 %, 2159 MiB, 8188 MiB, 38, 26.64 W
2026/09/21 02:40:35.295, NVIDIA GeForce RTX 4060 Ti, 27 %, 2159 MiB, 8188 MiB, 38, 29.11 W
2026/09/21 02:40:36.300, NVIDIA GeForce RTX 4060 Ti, 39 %, 2159 MiB, 8188 MiB, 38, 28.32 W
2026/09/21 02:40:37.307, NVIDIA GeForce RTX 4060 Ti, 35 %, 2158 MiB, 8188 MiB, 38, 28.05 W
2026/09/21 02:40:38.316, NVIDIA GeForce RTX 4060 Ti, 29 %, 2158 MiB, 8188 MiB, 39, 28.75 W
2026/09/21 02:40:39.320, NVIDIA GeForce RTX 4060 Ti, 28 %, 2158 MiB, 8188 MiB, 38, 30.70 W
2026/09/21 02:40:40.325, NVIDIA GeForce RTX 4060 Ti, 31 %, 2158 MiB, 8188 MiB, 39, 30.85 W
2026/09/21 02:40:41.331, NVIDIA GeForce RTX 4060 Ti, 32 %, 2158 MiB, 8188 MiB, 39, 32.51 W
2026/09/21 02:40:42.336, NVIDIA GeForce RTX 4060 Ti, 32 %, 2158 MiB, 8188 MiB, 39, 32.60 W
2026/09/21 02:40:43.374, NVIDIA GeForce RTX 4060 Ti, 26 %, 2158 MiB, 8188 MiB, 38, 32.84 W
2026/09/21 02:40:44.379, NVIDIA GeForce RTX 4060 Ti, 28 %, 2158 MiB, 8188 MiB, 39, 32.46 W
2026/09/21 02:40:45.384, NVIDIA GeForce RTX 4060 Ti, 25 %, 2158 MiB, 8188 MiB, 38, 32.48 W
2026/09/21 02:40:46.390, NVIDIA GeForce RTX 4060 Ti, 28 %, 2159 MiB, 8188 MiB, 38, 29.72 W
2026/09/21 02:40:47.396, NVIDIA GeForce RTX 4060 Ti, 34 %, 2160 MiB, 8188 MiB, 39, 28.48 W
2026/09/21 02:40:48.401, NVIDIA GeForce RTX 4060 Ti, 44 %, 2160 MiB, 8188 MiB, 38, 27.88 W
2026/09/21 02:40:49.407, NVIDIA GeForce RTX 4060 Ti, 30 %, 2160 MiB, 8188 MiB, 39, 27.35 W
2026/09/21 02:40:50.412, NVIDIA GeForce RTX 4060 Ti, 37 %, 2160 MiB, 8188 MiB, 38, 27.74 W
2026/09/21 02:40:51.417, NVIDIA GeForce RTX 4060 Ti, 42 %, 2160 MiB, 8188 MiB, 38, 27.83 W
2026/09/21 02:40:52.424, NVIDIA GeForce RTX 4060 Ti, 40 %, 2159 MiB, 8188 MiB, 38, 29.11 W
2026/09/21 02:40:53.430, NVIDIA GeForce RTX 4060 Ti, 35 %, 2159 MiB, 8188 MiB, 39, 32.38 W
2026/09/21 02:40:54.436, NVIDIA GeForce RTX 4060 Ti, 23 %, 2159 MiB, 8188 MiB, 39, 33.51 W
2026/09/21 02:40:55.442, NVIDIA GeForce RTX 4060 Ti, 17 %, 2159 MiB, 8188 MiB, 39, 32.86 W
2026/09/21 02:40:56.447, NVIDIA GeForce RTX 4060 Ti, 37 %, 2159 MiB, 8188 MiB, 38, 29.20 W
2026/09/21 02:40:57.453, NVIDIA GeForce RTX 4060 Ti, 35 %, 2159 MiB, 8188 MiB, 39, 28.10 W
2026/09/21 02:40:58.459, NVIDIA GeForce RTX 4060 Ti, 38 %, 2159 MiB, 8188 MiB, 39, 28.17 W
2026/09/21 02:40:59.464, NVIDIA GeForce RTX 4060 Ti, 38 %, 2159 MiB, 8188 MiB, 38, 28.18 W
2026/09/21 02:41:00.472, NVIDIA GeForce RTX 4060 Ti, 41 %, 2159 MiB, 8188 MiB, 38, 26.70 W
2026/09/21 02:41:01.479, NVIDIA GeForce RTX 4060 Ti, 36 %, 2159 MiB, 8188 MiB, 39, 28.45 W
2026/09/21 02:41:02.484, NVIDIA GeForce RTX 4060 Ti, 26 %, 2159 MiB, 8188 MiB, 38, 27.38 W
2026/09/21 02:41:03.490, NVIDIA GeForce RTX 4060 Ti, 38 %, 2159 MiB, 8188 MiB, 39, 27.83 W
2026/09/21 02:41:04.495, NVIDIA GeForce RTX 4060 Ti, 36 %, 2159 MiB, 8188 MiB, 39, 33.44 W
2026/09/21 02:41:05.501, NVIDIA GeForce RTX 4060 Ti, 27 %, 2159 MiB, 8188 MiB, 39, 33.77 W
2026/09/21 02:41:06.518, NVIDIA GeForce RTX 4060 Ti, 31 %, 2159 MiB, 8188 MiB, 39, 28.59 W
2026/09/21 02:41:07.524, NVIDIA GeForce RTX 4060 Ti, 27 %, 2158 MiB, 8188 MiB, 38, 28.07 W
2026/09/21 02:41:08.531, NVIDIA GeForce RTX 4060 Ti, 29 %, 2158 MiB, 8188 MiB, 39, 27.86 W
2026/09/21 02:41:09.536, NVIDIA GeForce RTX 4060 Ti, 35 %, 2158 MiB, 8188 MiB, 39, 27.40 W
2026/09/21 02:41:10.542, NVIDIA GeForce RTX 4060 Ti, 37 %, 2158 MiB, 8188 MiB, 39, 28.57 W
2026/09/21 02:41:11.547, NVIDIA GeForce RTX 4060 Ti, 24 %, 2158 MiB, 8188 MiB, 39, 26.86 W
2026/09/21 02:41:12.552, NVIDIA GeForce RTX 4060 Ti, 33 %, 2158 MiB, 8188 MiB, 39, 27.24 W
2026/09/21 02:41:13.558, NVIDIA GeForce RTX 4060 Ti, 43 %, 2158 MiB, 8188 MiB, 39, 26.42 W
2026/09/21 02:41:14.563, NVIDIA GeForce RTX 4060 Ti, 34 %, 2158 MiB, 8188 MiB, 38, 26.14 W
2026/09/21 02:41:15.568, NVIDIA GeForce RTX 4060 Ti, 43 %, 2158 MiB, 8188 MiB, 40, 29.20 W
2026/09/21 02:41:16.574, NVIDIA GeForce RTX 4060 Ti, 29 %, 2158 MiB, 8188 MiB, 39, 32.27 W
2026/09/21 02:41:17.579, NVIDIA GeForce RTX 4060 Ti, 24 %, 2158 MiB, 8188 MiB, 39, 34.07 W
2026/09/21 02:41:18.587, NVIDIA GeForce RTX 4060 Ti, 38 %, 2158 MiB, 8188 MiB, 39, 32.80 W
2026/09/21 02:41:19.592, NVIDIA GeForce RTX 4060 Ti, 37 %, 2159 MiB, 8188 MiB, 39, 34.78 W
2026/09/21 02:41:20.598, NVIDIA GeForce RTX 4060 Ti, 32 %, 2158 MiB, 8188 MiB, 40, 34.27 W
2026/09/21 02:41:21.602, NVIDIA GeForce RTX 4060 Ti, 26 %, 2158 MiB, 8188 MiB, 39, 33.24 W
2026/09/21 02:41:22.607, NVIDIA GeForce RTX 4060 Ti, 24 %, 2158 MiB, 8188 MiB, 39, 33.55 W
2026/09/21 02:41:23.613, NVIDIA GeForce RTX 4060 Ti, 36 %, 2158 MiB, 8188 MiB, 39, 36.85 W
2026/09/21 02:41:24.620, NVIDIA GeForce RTX 4060 Ti, 34 %, 2158 MiB, 8188 MiB, 39, 34.17 W
2026/09/21 02:41:25.625, NVIDIA GeForce RTX 4060 Ti, 25 %, 2158 MiB, 8188 MiB, 39, 33.54 W
2026/09/21 02:41:26.630, NVIDIA GeForce RTX 4060 Ti, 55 %, 2158 MiB, 8188 MiB, 41, 34.94 W
2026/09/21 02:41:27.635, NVIDIA GeForce RTX 4060 Ti, 31 %, 2158 MiB, 8188 MiB, 40, 39.32 W
2026/09/21 02:41:28.640, NVIDIA GeForce RTX 4060 Ti, 39 %, 2158 MiB, 8188 MiB, 40, 39.31 W
2026/09/21 02:41:29.645, NVIDIA GeForce RTX 4060 Ti, 23 %, 2158 MiB, 8188 MiB, 39, 30.69 W
2026/09/21 02:41:30.650, NVIDIA GeForce RTX 4060 Ti, 25 %, 2158 MiB, 8188 MiB, 39, 27.77 W
2026/09/21 02:41:31.655, NVIDIA GeForce RTX 4060 Ti, 23 %, 2158 MiB, 8188 MiB, 39, 27.16 W
2026/09/21 02:41:32.662, NVIDIA GeForce RTX 4060 Ti, 41 %, 2158 MiB, 8188 MiB, 40, 33.20 W
2026/09/21 02:41:33.666, NVIDIA GeForce RTX 4060 Ti, 32 %, 2224 MiB, 8188 MiB, 40, 39.69 W
2026/09/21 02:41:34.672, NVIDIA GeForce RTX 4060 Ti, 31 %, 2224 MiB, 8188 MiB, 42, 39.60 W
2026/09/21 02:41:35.677, NVIDIA GeForce RTX 4060 Ti, 47 %, 2224 MiB, 8188 MiB, 41, 42.83 W
2026/09/21 02:41:36.683, NVIDIA GeForce RTX 4060 Ti, 18 %, 2224 MiB, 8188 MiB, 41, 46.76 W
2026/09/21 02:41:37.689, NVIDIA GeForce RTX 4060 Ti, 31 %, 2224 MiB, 8188 MiB, 40, 43.84 W
2026/09/21 02:41:38.695, NVIDIA GeForce RTX 4060 Ti, 23 %, 2224 MiB, 8188 MiB, 40, 37.21 W
2026/09/21 02:41:39.705, NVIDIA GeForce RTX 4060 Ti, 23 %, 2224 MiB, 8188 MiB, 39, 33.20 W
2026/09/21 02:41:40.711, NVIDIA GeForce RTX 4060 Ti, 18 %, 2224 MiB, 8188 MiB, 39, 31.98 W
2026/09/21 02:41:41.717, NVIDIA GeForce RTX 4060 Ti, 19 %, 2224 MiB, 8188 MiB, 39, 32.40 W
2026/09/21 02:41:42.722, NVIDIA GeForce RTX 4060 Ti, 35 %, 2224 MiB, 8188 MiB, 39, 29.34 W
2026/09/21 02:41:43.727, NVIDIA GeForce RTX 4060 Ti, 31 %, 2224 MiB, 8188 MiB, 40, 28.22 W
2026/09/21 02:41:44.733, NVIDIA GeForce RTX 4060 Ti, 36 %, 2224 MiB, 8188 MiB, 39, 29.22 W
2026/09/21 02:41:45.738, NVIDIA GeForce RTX 4060 Ti, 19 %, 2224 MiB, 8188 MiB, 39, 27.57 W
2026/09/21 02:41:46.743, NVIDIA GeForce RTX 4060 Ti, 28 %, 2224 MiB, 8188 MiB, 39, 27.01 W
2026/09/21 02:41:47.747, NVIDIA GeForce RTX 4060 Ti, 35 %, 2224 MiB, 8188 MiB, 40, 32.02 W
2026/09/21 02:41:48.754, NVIDIA GeForce RTX 4060 Ti, 35 %, 2224 MiB, 8188 MiB, 40, 34.70 W
2026/09/21 02:41:49.759, NVIDIA GeForce RTX 4060 Ti, 23 %, 2225 MiB, 8188 MiB, 40, 33.40 W
2026/09/21 02:41:50.764, NVIDIA GeForce RTX 4060 Ti, 33 %, 2227 MiB, 8188 MiB, 40, 30.52 W
2026/09/21 02:41:51.770, NVIDIA GeForce RTX 4060 Ti, 36 %, 2227 MiB, 8188 MiB, 40, 28.87 W
2026/09/21 02:41:52.777, NVIDIA GeForce RTX 4060 Ti, 39 %, 2227 MiB, 8188 MiB, 40, 29.27 W
2026/09/21 02:41:53.782, NVIDIA GeForce RTX 4060 Ti, 40 %, 2233 MiB, 8188 MiB, 40, 26.81 W
2026/09/21 02:41:54.788, NVIDIA GeForce RTX 4060 Ti, 32 %, 2233 MiB, 8188 MiB, 39, 28.30 W
2026/09/21 02:41:55.793, NVIDIA GeForce RTX 4060 Ti, 40 %, 2233 MiB, 8188 MiB, 40, 27.99 W
2026/09/21 02:41:56.798, NVIDIA GeForce RTX 4060 Ti, 32 %, 2233 MiB, 8188 MiB, 40, 28.68 W
2026/09/21 02:41:57.803, NVIDIA GeForce RTX 4060 Ti, 37 %, 2233 MiB, 8188 MiB, 40, 28.10 W
2026/09/21 02:41:58.808, NVIDIA GeForce RTX 4060 Ti, 35 %, 2229 MiB, 8188 MiB, 40, 32.17 W
2026/09/21 02:41:59.813, NVIDIA GeForce RTX 4060 Ti, 27 %, 2233 MiB, 8188 MiB, 40, 33.78 W
2026/09/21 02:42:00.819, NVIDIA GeForce RTX 4060 Ti, 22 %, 2234 MiB, 8188 MiB, 40, 32.97 W
2026/09/21 02:42:01.825, NVIDIA GeForce RTX 4060 Ti, 30 %, 2234 MiB, 8188 MiB, 40, 33.70 W
2026/09/21 02:42:02.833, NVIDIA GeForce RTX 4060 Ti, 40 %, 2227 MiB, 8188 MiB, 40, 29.52 W
2026/09/21 02:42:03.839, NVIDIA GeForce RTX 4060 Ti, 35 %, 2227 MiB, 8188 MiB, 40, 28.79 W
2026/09/21 02:42:04.844, NVIDIA GeForce RTX 4060 Ti, 30 %, 2227 MiB, 8188 MiB, 39, 28.51 W
2026/09/21 02:42:05.850, NVIDIA GeForce RTX 4060 Ti, 30 %, 2226 MiB, 8188 MiB, 39, 27.54 W
2026/09/21 02:42:06.856, NVIDIA GeForce RTX 4060 Ti, 28 %, 2221 MiB, 8188 MiB, 39, 27.01 W
2026/09/21 02:42:07.862, NVIDIA GeForce RTX 4060 Ti, 38 %, 2221 MiB, 8188 MiB, 39, 27.88 W
2026/09/21 02:42:08.867, NVIDIA GeForce RTX 4060 Ti, 34 %, 2226 MiB, 8188 MiB, 39, 28.33 W
2026/09/21 02:42:09.873, NVIDIA GeForce RTX 4060 Ti, 38 %, 2226 MiB, 8188 MiB, 40, 29.15 W
2026/09/21 02:42:10.880, NVIDIA GeForce RTX 4060 Ti, 26 %, 2221 MiB, 8188 MiB, 40, 30.43 W
2026/09/21 02:42:11.889, NVIDIA GeForce RTX 4060 Ti, 28 %, 2221 MiB, 8188 MiB, 40, 32.98 W
2026/09/21 02:42:12.895, NVIDIA GeForce RTX 4060 Ti, 24 %, 2225 MiB, 8188 MiB, 40, 30.51 W
2026/09/21 02:42:13.900, NVIDIA GeForce RTX 4060 Ti, 45 %, 2226 MiB, 8188 MiB, 39, 27.04 W
2026/09/21 02:42:14.905, NVIDIA GeForce RTX 4060 Ti, 31 %, 2226 MiB, 8188 MiB, 40, 28.24 W
2026/09/21 02:42:15.910, NVIDIA GeForce RTX 4060 Ti, 31 %, 2221 MiB, 8188 MiB, 39, 28.29 W
2026/09/21 02:42:16.915, NVIDIA GeForce RTX 4060 Ti, 25 %, 2225 MiB, 8188 MiB, 39, 27.54 W
2026/09/21 02:42:17.921, NVIDIA GeForce RTX 4060 Ti, 51 %, 2225 MiB, 8188 MiB, 39, 27.79 W
2026/09/21 02:42:18.927, NVIDIA GeForce RTX 4060 Ti, 25 %, 2225 MiB, 8188 MiB, 40, 28.97 W
2026/09/21 02:42:19.931, NVIDIA GeForce RTX 4060 Ti, 42 %, 2221 MiB, 8188 MiB, 39, 28.83 W
2026/09/21 02:42:20.936, NVIDIA GeForce RTX 4060 Ti, 30 %, 2225 MiB, 8188 MiB, 39, 27.59 W
2026/09/21 02:42:21.941, NVIDIA GeForce RTX 4060 Ti, 30 %, 2225 MiB, 8188 MiB, 40, 29.00 W
2026/09/21 02:42:22.947, NVIDIA GeForce RTX 4060 Ti, 41 %, 2221 MiB, 8188 MiB, 39, 29.39 W
2026/09/21 02:42:23.952, NVIDIA GeForce RTX 4060 Ti, 28 %, 2221 MiB, 8188 MiB, 40, 28.69 W
2026/09/21 02:42:24.958, NVIDIA GeForce RTX 4060 Ti, 28 %, 2225 MiB, 8188 MiB, 39, 30.99 W
2026/09/21 02:42:25.963, NVIDIA GeForce RTX 4060 Ti, 26 %, 2225 MiB, 8188 MiB, 40, 32.82 W
2026/09/21 02:42:26.969, NVIDIA GeForce RTX 4060 Ti, 35 %, 2221 MiB, 8188 MiB, 40, 29.36 W
2026/09/21 02:42:27.975, NVIDIA GeForce RTX 4060 Ti, 31 %, 2221 MiB, 8188 MiB, 40, 28.77 W
2026/09/21 02:42:28.980, NVIDIA GeForce RTX 4060 Ti, 26 %, 2225 MiB, 8188 MiB, 39, 26.60 W
2026/09/21 02:42:29.984, NVIDIA GeForce RTX 4060 Ti, 35 %, 2225 MiB, 8188 MiB, 39, 25.55 W
2026/09/21 02:42:30.989, NVIDIA GeForce RTX 4060 Ti, 36 %, 2225 MiB, 8188 MiB, 39, 27.20 W
2026/09/21 02:42:31.994, NVIDIA GeForce RTX 4060 Ti, 38 %, 2222 MiB, 8188 MiB, 40, 30.11 W
2026/09/21 02:42:32.999, NVIDIA GeForce RTX 4060 Ti, 38 %, 2227 MiB, 8188 MiB, 40, 30.20 W
2026/09/21 02:42:34.004, NVIDIA GeForce RTX 4060 Ti, 39 %, 2227 MiB, 8188 MiB, 40, 33.03 W
2026/09/21 02:42:35.013, NVIDIA GeForce RTX 4060 Ti, 24 %, 2227 MiB, 8188 MiB, 40, 31.23 W
2026/09/21 02:42:36.019, NVIDIA GeForce RTX 4060 Ti, 45 %, 2222 MiB, 8188 MiB, 40, 29.79 W
2026/09/21 02:42:37.026, NVIDIA GeForce RTX 4060 Ti, 34 %, 2227 MiB, 8188 MiB, 40, 34.42 W
2026/09/21 02:42:38.031, NVIDIA GeForce RTX 4060 Ti, 33 %, 2227 MiB, 8188 MiB, 40, 33.05 W
2026/09/21 02:42:39.036, NVIDIA GeForce RTX 4060 Ti, 27 %, 2227 MiB, 8188 MiB, 40, 29.87 W
2026/09/21 02:42:40.042, NVIDIA GeForce RTX 4060 Ti, 32 %, 2222 MiB, 8188 MiB, 41, 30.84 W
2026/09/21 02:42:41.047, NVIDIA GeForce RTX 4060 Ti, 35 %, 2226 MiB, 8188 MiB, 41, 37.09 W
2026/09/21 02:42:42.052, NVIDIA GeForce RTX 4060 Ti, 27 %, 2226 MiB, 8188 MiB, 40, 36.08 W
2026/09/21 02:42:43.058, NVIDIA GeForce RTX 4060 Ti, 33 %, 2222 MiB, 8188 MiB, 40, 33.56 W
2026/09/21 02:42:44.063, NVIDIA GeForce RTX 4060 Ti, 32 %, 2222 MiB, 8188 MiB, 40, 27.00 W
2026/09/21 02:42:45.069, NVIDIA GeForce RTX 4060 Ti, 25 %, 2226 MiB, 8188 MiB, 41, 34.01 W
2026/09/21 02:42:46.079, NVIDIA GeForce RTX 4060 Ti, 28 %, 2226 MiB, 8188 MiB, 41, 35.79 W
2026/09/21 02:42:47.083, NVIDIA GeForce RTX 4060 Ti, 34 %, 2226 MiB, 8188 MiB, 40, 33.78 W
2026/09/21 02:42:48.089, NVIDIA GeForce RTX 4060 Ti, 21 %, 2222 MiB, 8188 MiB, 40, 29.83 W
2026/09/21 02:42:49.096, NVIDIA GeForce RTX 4060 Ti, 24 %, 2226 MiB, 8188 MiB, 40, 32.31 W
2026/09/21 02:42:50.101, NVIDIA GeForce RTX 4060 Ti, 39 %, 2226 MiB, 8188 MiB, 41, 33.71 W
2026/09/21 02:42:51.105, NVIDIA GeForce RTX 4060 Ti, 32 %, 2226 MiB, 8188 MiB, 41, 37.08 W
2026/09/21 02:42:52.112, NVIDIA GeForce RTX 4060 Ti, 18 %, 2222 MiB, 8188 MiB, 40, 35.22 W
2026/09/21 02:42:53.116, NVIDIA GeForce RTX 4060 Ti, 28 %, 2226 MiB, 8188 MiB, 42, 43.64 W
2026/09/21 02:42:54.123, NVIDIA GeForce RTX 4060 Ti, 19 %, 2226 MiB, 8188 MiB, 42, 54.04 W
2026/09/21 02:42:55.129, NVIDIA GeForce RTX 4060 Ti, 31 %, 2222 MiB, 8188 MiB, 41, 46.91 W
2026/09/21 02:42:56.135, NVIDIA GeForce RTX 4060 Ti, 30 %, 2222 MiB, 8188 MiB, 41, 35.96 W
2026/09/21 02:42:57.140, NVIDIA GeForce RTX 4060 Ti, 22 %, 2228 MiB, 8188 MiB, 41, 35.51 W
2026/09/21 02:42:58.148, NVIDIA GeForce RTX 4060 Ti, 22 %, 2228 MiB, 8188 MiB, 40, 32.06 W
2026/09/21 02:42:59.154, NVIDIA GeForce RTX 4060 Ti, 42 %, 2228 MiB, 8188 MiB, 41, 28.70 W
2026/09/21 02:43:00.162, NVIDIA GeForce RTX 4060 Ti, 37 %, 2224 MiB, 8188 MiB, 40, 28.82 W
2026/09/21 02:43:01.166, NVIDIA GeForce RTX 4060 Ti, 23 %, 2228 MiB, 8188 MiB, 40, 28.55 W
2026/09/21 02:43:02.177, NVIDIA GeForce RTX 4060 Ti, 38 %, 2228 MiB, 8188 MiB, 41, 28.23 W
2026/09/21 02:43:03.183, NVIDIA GeForce RTX 4060 Ti, 34 %, 2231 MiB, 8188 MiB, 40, 27.95 W
2026/09/21 02:43:04.189, NVIDIA GeForce RTX 4060 Ti, 33 %, 2231 MiB, 8188 MiB, 40, 27.40 W
2026/09/21 02:43:05.194, NVIDIA GeForce RTX 4060 Ti, 29 %, 2231 MiB, 8188 MiB, 40, 28.73 W
2026/09/21 02:43:06.199, NVIDIA GeForce RTX 4060 Ti, 27 %, 2232 MiB, 8188 MiB, 40, 28.85 W
2026/09/21 02:43:07.203, NVIDIA GeForce RTX 4060 Ti, 39 %, 2233 MiB, 8188 MiB, 40, 29.69 W
2026/09/21 02:43:08.210, NVIDIA GeForce RTX 4060 Ti, 32 %, 2233 MiB, 8188 MiB, 40, 32.25 W
2026/09/21 02:43:09.216, NVIDIA GeForce RTX 4060 Ti, 22 %, 2233 MiB, 8188 MiB, 40, 31.70 W
2026/09/21 02:43:10.222, NVIDIA GeForce RTX 4060 Ti, 29 %, 2233 MiB, 8188 MiB, 40, 26.43 W
2026/09/21 02:43:11.227, NVIDIA GeForce RTX 4060 Ti, 34 %, 2231 MiB, 8188 MiB, 40, 27.93 W
2026/09/21 02:43:12.233, NVIDIA GeForce RTX 4060 Ti, 24 %, 2228 MiB, 8188 MiB, 40, 26.36 W
2026/09/21 02:43:13.238, NVIDIA GeForce RTX 4060 Ti, 39 %, 2228 MiB, 8188 MiB, 40, 28.71 W
2026/09/21 02:43:14.243, NVIDIA GeForce RTX 4060 Ti, 23 %, 2222 MiB, 8188 MiB, 40, 26.81 W
2026/09/21 02:43:15.248, NVIDIA GeForce RTX 4060 Ti, 28 %, 2222 MiB, 8188 MiB, 40, 27.19 W
2026/09/21 02:43:16.254, NVIDIA GeForce RTX 4060 Ti, 25 %, 2226 MiB, 8188 MiB, 40, 30.78 W
2026/09/21 02:43:17.260, NVIDIA GeForce RTX 4060 Ti, 39 %, 2226 MiB, 8188 MiB, 41, 34.81 W
2026/09/21 02:43:18.270, NVIDIA GeForce RTX 4060 Ti, 32 %, 2222 MiB, 8188 MiB, 40, 33.92 W
2026/09/21 02:43:19.275, NVIDIA GeForce RTX 4060 Ti, 23 %, 2222 MiB, 8188 MiB, 40, 33.70 W
2026/09/21 02:43:20.280, NVIDIA GeForce RTX 4060 Ti, 30 %, 2226 MiB, 8188 MiB, 41, 33.30 W
2026/09/21 02:43:21.288, NVIDIA GeForce RTX 4060 Ti, 20 %, 2226 MiB, 8188 MiB, 40, 30.14 W
2026/09/21 02:43:22.294, NVIDIA GeForce RTX 4060 Ti, 34 %, 2222 MiB, 8188 MiB, 40, 28.17 W
2026/09/21 02:43:23.300, NVIDIA GeForce RTX 4060 Ti, 25 %, 2222 MiB, 8188 MiB, 40, 28.08 W
2026/09/21 02:43:24.307, NVIDIA GeForce RTX 4060 Ti, 36 %, 2226 MiB, 8188 MiB, 40, 27.81 W
2026/09/21 02:43:25.312, NVIDIA GeForce RTX 4060 Ti, 36 %, 2226 MiB, 8188 MiB, 40, 26.99 W
2026/09/21 02:43:26.318, NVIDIA GeForce RTX 4060 Ti, 39 %, 2227 MiB, 8188 MiB, 40, 27.27 W
2026/09/21 02:43:27.323, NVIDIA GeForce RTX 4060 Ti, 43 %, 2227 MiB, 8188 MiB, 40, 28.12 W
2026/09/21 02:43:28.329, NVIDIA GeForce RTX 4060 Ti, 42 %, 2231 MiB, 8188 MiB, 40, 27.85 W
2026/09/21 02:43:29.334, NVIDIA GeForce RTX 4060 Ti, 30 %, 2231 MiB, 8188 MiB, 40, 31.25 W
2026/09/21 02:43:30.340, NVIDIA GeForce RTX 4060 Ti, 37 %, 2227 MiB, 8188 MiB, 40, 33.28 W
2026/09/21 02:43:31.344, NVIDIA GeForce RTX 4060 Ti, 28 %, 2227 MiB, 8188 MiB, 40, 30.42 W
2026/09/21 02:43:32.351, NVIDIA GeForce RTX 4060 Ti, 26 %, 2229 MiB, 8188 MiB, 40, 28.51 W
2026/09/21 02:43:33.356, NVIDIA GeForce RTX 4060 Ti, 31 %, 2227 MiB, 8188 MiB, 41, 28.21 W
2026/09/21 02:43:34.362, NVIDIA GeForce RTX 4060 Ti, 34 %, 2223 MiB, 8188 MiB, 40, 27.97 W
2026/09/21 02:43:35.367, NVIDIA GeForce RTX 4060 Ti, 29 %, 2223 MiB, 8188 MiB, 41, 27.37 W
2026/09/21 02:43:36.372, NVIDIA GeForce RTX 4060 Ti, 36 %, 2226 MiB, 8188 MiB, 40, 28.38 W
2026/09/21 02:43:37.377, NVIDIA GeForce RTX 4060 Ti, 29 %, 2226 MiB, 8188 MiB, 41, 29.20 W
2026/09/21 02:43:38.382, NVIDIA GeForce RTX 4060 Ti, 26 %, 2222 MiB, 8188 MiB, 41, 29.17 W
2026/09/21 02:43:39.388, NVIDIA GeForce RTX 4060 Ti, 35 %, 2227 MiB, 8188 MiB, 41, 28.66 W
2026/09/21 02:43:40.393, NVIDIA GeForce RTX 4060 Ti, 35 %, 2227 MiB, 8188 MiB, 41, 29.21 W
2026/09/21 02:43:41.399, NVIDIA GeForce RTX 4060 Ti, 35 %, 2227 MiB, 8188 MiB, 41, 29.37 W
2026/09/21 02:43:42.405, NVIDIA GeForce RTX 4060 Ti, 23 %, 2223 MiB, 8188 MiB, 41, 29.94 W
2026/09/21 02:43:43.410, NVIDIA GeForce RTX 4060 Ti, 40 %, 2223 MiB, 8188 MiB, 40, 33.46 W
2026/09/21 02:43:44.417, NVIDIA GeForce RTX 4060 Ti, 37 %, 2227 MiB, 8188 MiB, 41, 31.91 W
2026/09/21 02:43:45.422, NVIDIA GeForce RTX 4060 Ti, 38 %, 2227 MiB, 8188 MiB, 40, 28.60 W
2026/09/21 02:43:46.433, NVIDIA GeForce RTX 4060 Ti, 34 %, 2223 MiB, 8188 MiB, 41, 29.53 W
2026/09/21 02:43:47.438, NVIDIA GeForce RTX 4060 Ti, 26 %, 2223 MiB, 8188 MiB, 40, 27.68 W
2026/09/21 02:43:48.444, NVIDIA GeForce RTX 4060 Ti, 38 %, 2227 MiB, 8188 MiB, 40, 26.91 W
2026/09/21 02:43:49.450, NVIDIA GeForce RTX 4060 Ti, 38 %, 2227 MiB, 8188 MiB, 40, 26.62 W
2026/09/21 02:43:50.458, NVIDIA GeForce RTX 4060 Ti, 20 %, 2222 MiB, 8188 MiB, 40, 27.19 W
2026/09/21 02:43:51.463, NVIDIA GeForce RTX 4060 Ti, 40 %, 2222 MiB, 8188 MiB, 40, 28.77 W
2026/09/21 02:43:52.468, NVIDIA GeForce RTX 4060 Ti, 25 %, 2226 MiB, 8188 MiB, 41, 31.80 W
2026/09/21 02:43:53.474, NVIDIA GeForce RTX 4060 Ti, 28 %, 2226 MiB, 8188 MiB, 41, 35.08 W
2026/09/21 02:43:54.479, NVIDIA GeForce RTX 4060 Ti, 28 %, 2222 MiB, 8188 MiB, 41, 34.11 W
2026/09/21 02:43:55.484, NVIDIA GeForce RTX 4060 Ti, 19 %, 2222 MiB, 8188 MiB, 41, 33.48 W
2026/09/21 02:43:56.490, NVIDIA GeForce RTX 4060 Ti, 46 %, 2226 MiB, 8188 MiB, 41, 31.85 W
2026/09/21 02:43:57.495, NVIDIA GeForce RTX 4060 Ti, 26 %, 2226 MiB, 8188 MiB, 41, 32.78 W
2026/09/21 02:43:58.500, NVIDIA GeForce RTX 4060 Ti, 22 %, 2222 MiB, 8188 MiB, 41, 32.87 W
2026/09/21 02:43:59.505, NVIDIA GeForce RTX 4060 Ti, 41 %, 2222 MiB, 8188 MiB, 41, 36.49 W
2026/09/21 02:44:00.511, NVIDIA GeForce RTX 4060 Ti, 22 %, 2226 MiB, 8188 MiB, 42, 36.32 W
2026/09/21 02:44:01.517, NVIDIA GeForce RTX 4060 Ti, 21 %, 2226 MiB, 8188 MiB, 41, 36.89 W
2026/09/21 02:44:02.524, NVIDIA GeForce RTX 4060 Ti, 47 %, 2222 MiB, 8188 MiB, 41, 32.10 W
2026/09/21 02:44:03.529, NVIDIA GeForce RTX 4060 Ti, 33 %, 2222 MiB, 8188 MiB, 41, 35.78 W
2026/09/21 02:44:04.535, NVIDIA GeForce RTX 4060 Ti, 27 %, 2226 MiB, 8188 MiB, 41, 38.34 W
2026/09/21 02:44:05.541, NVIDIA GeForce RTX 4060 Ti, 20 %, 2226 MiB, 8188 MiB, 41, 31.60 W
2026/09/21 02:44:06.546, NVIDIA GeForce RTX 4060 Ti, 25 %, 2222 MiB, 8188 MiB, 41, 29.36 W
2026/09/21 02:44:07.550, NVIDIA GeForce RTX 4060 Ti, 30 %, 2222 MiB, 8188 MiB, 41, 31.90 W
2026/09/21 02:44:08.555, NVIDIA GeForce RTX 4060 Ti, 40 %, 2227 MiB, 8188 MiB, 41, 31.29 W
2026/09/21 02:44:09.564, NVIDIA GeForce RTX 4060 Ti, 30 %, 2227 MiB, 8188 MiB, 41, 34.68 W
2026/09/21 02:44:10.570, NVIDIA GeForce RTX 4060 Ti, 26 %, 2228 MiB, 8188 MiB, 41, 35.31 W
2026/09/21 02:44:11.575, NVIDIA GeForce RTX 4060 Ti, 28 %, 2228 MiB, 8188 MiB, 41, 37.14 W
2026/09/21 02:44:12.581, NVIDIA GeForce RTX 4060 Ti, 31 %, 2228 MiB, 8188 MiB, 42, 39.18 W
2026/09/21 02:44:13.587, NVIDIA GeForce RTX 4060 Ti, 22 %, 2228 MiB, 8188 MiB, 41, 38.06 W
2026/09/21 02:44:14.593, NVIDIA GeForce RTX 4060 Ti, 43 %, 2224 MiB, 8188 MiB, 42, 38.36 W
2026/09/21 02:44:15.599, NVIDIA GeForce RTX 4060 Ti, 35 %, 2224 MiB, 8188 MiB, 41, 37.08 W
2026/09/21 02:44:16.605, NVIDIA GeForce RTX 4060 Ti, 0 %, 2228 MiB, 8188 MiB, 40, 22.37 W
2026/09/21 02:44:17.621, NVIDIA GeForce RTX 4060 Ti, 44 %, 2525 MiB, 8188 MiB, 39, 18.35 W
2026/09/21 02:44:18.630, NVIDIA GeForce RTX 4060 Ti, 42 %, 2707 MiB, 8188 MiB, 41, 26.82 W
2026/09/21 02:44:19.635, NVIDIA GeForce RTX 4060 Ti, 39 %, 2706 MiB, 8188 MiB, 41, 26.76 W
2026/09/21 02:44:20.640, NVIDIA GeForce RTX 4060 Ti, 28 %, 2934 MiB, 8188 MiB, 41, 30.74 W
2026/09/21 02:44:21.648, NVIDIA GeForce RTX 4060 Ti, 37 %, 3057 MiB, 8188 MiB, 41, 35.56 W
2026/09/21 02:44:22.653, NVIDIA GeForce RTX 4060 Ti, 41 %, 3058 MiB, 8188 MiB, 41, 33.18 W
2026/09/21 02:44:23.657, NVIDIA GeForce RTX 4060 Ti, 23 %, 3062 MiB, 8188 MiB, 41, 33.96 W
2026/09/21 02:44:24.664, NVIDIA GeForce RTX 4060 Ti, 31 %, 3062 MiB, 8188 MiB, 41, 30.83 W
2026/09/21 02:44:25.669, NVIDIA GeForce RTX 4060 Ti, 30 %, 3057 MiB, 8188 MiB, 42, 34.95 W
2026/09/21 02:44:26.674, NVIDIA GeForce RTX 4060 Ti, 24 %, 3057 MiB, 8188 MiB, 41, 34.87 W
2026/09/21 02:44:27.679, NVIDIA GeForce RTX 4060 Ti, 28 %, 3062 MiB, 8188 MiB, 41, 35.10 W
2026/09/21 02:44:28.684, NVIDIA GeForce RTX 4060 Ti, 42 %, 3222 MiB, 8188 MiB, 41, 35.52 W
2026/09/21 02:44:29.690, NVIDIA GeForce RTX 4060 Ti, 24 %, 3217 MiB, 8188 MiB, 42, 36.58 W
2026/09/21 02:44:30.696, NVIDIA GeForce RTX 4060 Ti, 24 %, 3218 MiB, 8188 MiB, 41, 33.08 W
2026/09/21 02:44:31.702, NVIDIA GeForce RTX 4060 Ti, 35 %, 3222 MiB, 8188 MiB, 41, 32.99 W
2026/09/21 02:44:32.708, NVIDIA GeForce RTX 4060 Ti, 35 %, 3222 MiB, 8188 MiB, 41, 29.71 W
2026/09/21 02:44:33.713, NVIDIA GeForce RTX 4060 Ti, 31 %, 3218 MiB, 8188 MiB, 40, 27.72 W
2026/09/21 02:44:34.718, NVIDIA GeForce RTX 4060 Ti, 38 %, 3218 MiB, 8188 MiB, 40, 27.17 W
2026/09/21 02:44:35.723, NVIDIA GeForce RTX 4060 Ti, 42 %, 3222 MiB, 8188 MiB, 40, 28.72 W
2026/09/21 02:44:36.728, NVIDIA GeForce RTX 4060 Ti, 21 %, 3222 MiB, 8188 MiB, 41, 30.86 W
2026/09/21 02:44:37.734, NVIDIA GeForce RTX 4060 Ti, 41 %, 3218 MiB, 8188 MiB, 41, 35.06 W
2026/09/21 02:44:38.739, NVIDIA GeForce RTX 4060 Ti, 28 %, 3218 MiB, 8188 MiB, 41, 32.99 W
2026/09/21 02:44:39.745, NVIDIA GeForce RTX 4060 Ti, 34 %, 3222 MiB, 8188 MiB, 41, 32.18 W
2026/09/21 02:44:40.750, NVIDIA GeForce RTX 4060 Ti, 41 %, 3222 MiB, 8188 MiB, 41, 34.35 W
2026/09/21 02:44:41.757, NVIDIA GeForce RTX 4060 Ti, 21 %, 3218 MiB, 8188 MiB, 42, 35.94 W
2026/09/21 02:44:42.762, NVIDIA GeForce RTX 4060 Ti, 31 %, 3223 MiB, 8188 MiB, 43, 34.33 W
2026/09/21 02:44:43.767, NVIDIA GeForce RTX 4060 Ti, 26 %, 3223 MiB, 8188 MiB, 42, 34.70 W
2026/09/21 02:44:44.773, NVIDIA GeForce RTX 4060 Ti, 24 %, 3223 MiB, 8188 MiB, 41, 34.18 W
2026/09/21 02:44:45.778, NVIDIA GeForce RTX 4060 Ti, 40 %, 3223 MiB, 8188 MiB, 42, 36.96 W
2026/09/21 02:44:46.784, NVIDIA GeForce RTX 4060 Ti, 27 %, 3219 MiB, 8188 MiB, 41, 35.30 W
2026/09/21 02:44:47.790, NVIDIA GeForce RTX 4060 Ti, 26 %, 3223 MiB, 8188 MiB, 41, 33.45 W
2026/09/21 02:44:48.797, NVIDIA GeForce RTX 4060 Ti, 23 %, 3223 MiB, 8188 MiB, 41, 30.38 W
2026/09/21 02:44:49.802, NVIDIA GeForce RTX 4060 Ti, 21 %, 3219 MiB, 8188 MiB, 42, 35.22 W
2026/09/21 02:44:50.808, NVIDIA GeForce RTX 4060 Ti, 20 %, 3219 MiB, 8188 MiB, 41, 33.12 W
2026/09/21 02:44:51.814, NVIDIA GeForce RTX 4060 Ti, 32 %, 3223 MiB, 8188 MiB, 41, 29.89 W
2026/09/21 02:44:52.819, NVIDIA GeForce RTX 4060 Ti, 23 %, 3223 MiB, 8188 MiB, 41, 32.34 W
2026/09/21 02:44:53.824, NVIDIA GeForce RTX 4060 Ti, 17 %, 3219 MiB, 8188 MiB, 41, 30.10 W
2026/09/21 02:44:54.830, NVIDIA GeForce RTX 4060 Ti, 42 %, 3219 MiB, 8188 MiB, 41, 36.27 W
2026/09/21 02:44:55.843, NVIDIA GeForce RTX 4060 Ti, 19 %, 3222 MiB, 8188 MiB, 41, 34.84 W
2026/09/21 02:44:56.847, NVIDIA GeForce RTX 4060 Ti, 35 %, 3222 MiB, 8188 MiB, 42, 37.21 W
2026/09/21 02:44:57.853, NVIDIA GeForce RTX 4060 Ti, 23 %, 3218 MiB, 8188 MiB, 41, 34.75 W
2026/09/21 02:44:58.858, NVIDIA GeForce RTX 4060 Ti, 23 %, 3218 MiB, 8188 MiB, 41, 33.39 W
2026/09/21 02:44:59.864, NVIDIA GeForce RTX 4060 Ti, 26 %, 3222 MiB, 8188 MiB, 43, 34.53 W
2026/09/21 02:45:00.870, NVIDIA GeForce RTX 4060 Ti, 25 %, 3222 MiB, 8188 MiB, 41, 34.21 W
2026/09/21 02:45:01.875, NVIDIA GeForce RTX 4060 Ti, 27 %, 3218 MiB, 8188 MiB, 42, 35.70 W
2026/09/21 02:45:02.881, NVIDIA GeForce RTX 4060 Ti, 22 %, 3218 MiB, 8188 MiB, 41, 32.26 W
2026/09/21 02:45:03.887, NVIDIA GeForce RTX 4060 Ti, 34 %, 3223 MiB, 8188 MiB, 41, 31.43 W
2026/09/21 02:45:04.893, NVIDIA GeForce RTX 4060 Ti, 25 %, 3223 MiB, 8188 MiB, 42, 34.32 W
2026/09/21 02:45:05.899, NVIDIA GeForce RTX 4060 Ti, 27 %, 3223 MiB, 8188 MiB, 41, 33.44 W
2026/09/21 02:45:06.905, NVIDIA GeForce RTX 4060 Ti, 24 %, 3219 MiB, 8188 MiB, 41, 31.05 W
2026/09/21 02:45:07.911, NVIDIA GeForce RTX 4060 Ti, 30 %, 3223 MiB, 8188 MiB, 42, 28.31 W
2026/09/21 02:45:08.917, NVIDIA GeForce RTX 4060 Ti, 34 %, 3223 MiB, 8188 MiB, 42, 35.71 W
2026/09/21 02:45:09.923, NVIDIA GeForce RTX 4060 Ti, 40 %, 3218 MiB, 8188 MiB, 42, 36.12 W
2026/09/21 02:45:10.932, NVIDIA GeForce RTX 4060 Ti, 25 %, 3218 MiB, 8188 MiB, 41, 37.12 W
2026/09/21 02:45:11.938, NVIDIA GeForce RTX 4060 Ti, 27 %, 3224 MiB, 8188 MiB, 42, 37.16 W
2026/09/21 02:45:12.943, NVIDIA GeForce RTX 4060 Ti, 37 %, 3225 MiB, 8188 MiB, 42, 35.07 W
2026/09/21 02:45:13.949, NVIDIA GeForce RTX 4060 Ti, 39 %, 3230 MiB, 8188 MiB, 41, 31.92 W
2026/09/21 02:45:14.955, NVIDIA GeForce RTX 4060 Ti, 31 %, 3230 MiB, 8188 MiB, 41, 29.23 W
2026/09/21 02:45:15.961, NVIDIA GeForce RTX 4060 Ti, 40 %, 3230 MiB, 8188 MiB, 41, 29.52 W
2026/09/21 02:45:16.968, NVIDIA GeForce RTX 4060 Ti, 32 %, 3224 MiB, 8188 MiB, 42, 34.88 W
2026/09/21 02:45:17.974, NVIDIA GeForce RTX 4060 Ti, 35 %, 3229 MiB, 8188 MiB, 42, 35.63 W
2026/09/21 02:45:18.980, NVIDIA GeForce RTX 4060 Ti, 18 %, 3229 MiB, 8188 MiB, 41, 31.71 W
2026/09/21 02:45:19.986, NVIDIA GeForce RTX 4060 Ti, 20 %, 3230 MiB, 8188 MiB, 41, 31.79 W
2026/09/21 02:45:20.993, NVIDIA GeForce RTX 4060 Ti, 31 %, 3230 MiB, 8188 MiB, 42, 30.11 W
2026/09/21 02:45:21.999, NVIDIA GeForce RTX 4060 Ti, 31 %, 3224 MiB, 8188 MiB, 42, 37.06 W
2026/09/21 02:45:23.005, NVIDIA GeForce RTX 4060 Ti, 21 %, 3224 MiB, 8188 MiB, 43, 34.83 W
2026/09/21 02:45:24.011, NVIDIA GeForce RTX 4060 Ti, 22 %, 3228 MiB, 8188 MiB, 43, 35.98 W
2026/09/21 02:45:25.017, NVIDIA GeForce RTX 4060 Ti, 31 %, 3227 MiB, 8188 MiB, 41, 33.49 W
2026/09/21 02:45:26.034, NVIDIA GeForce RTX 4060 Ti, 27 %, 3227 MiB, 8188 MiB, 42, 35.57 W
2026/09/21 02:45:27.044, NVIDIA GeForce RTX 4060 Ti, 34 %, 3227 MiB, 8188 MiB, 42, 36.94 W
2026/09/21 02:45:28.049, NVIDIA GeForce RTX 4060 Ti, 22 %, 3223 MiB, 8188 MiB, 41, 35.83 W
2026/09/21 02:45:29.054, NVIDIA GeForce RTX 4060 Ti, 31 %, 3224 MiB, 8188 MiB, 43, 34.92 W
2026/09/21 02:45:30.058, NVIDIA GeForce RTX 4060 Ti, 36 %, 3224 MiB, 8188 MiB, 42, 36.34 W
2026/09/21 02:45:31.063, NVIDIA GeForce RTX 4060 Ti, 31 %, 3219 MiB, 8188 MiB, 43, 40.17 W
2026/09/21 02:45:32.068, NVIDIA GeForce RTX 4060 Ti, 39 %, 3219 MiB, 8188 MiB, 44, 41.76 W
2026/09/21 02:45:33.075, NVIDIA GeForce RTX 4060 Ti, 24 %, 3223 MiB, 8188 MiB, 42, 39.33 W
2026/09/21 02:45:34.082, NVIDIA GeForce RTX 4060 Ti, 29 %, 3224 MiB, 8188 MiB, 42, 34.45 W
2026/09/21 02:45:35.087, NVIDIA GeForce RTX 4060 Ti, 19 %, 3219 MiB, 8188 MiB, 44, 39.72 W
2026/09/21 02:45:36.093, NVIDIA GeForce RTX 4060 Ti, 33 %, 3219 MiB, 8188 MiB, 46, 55.01 W
2026/09/21 02:45:37.099, NVIDIA GeForce RTX 4060 Ti, 33 %, 3223 MiB, 8188 MiB, 43, 51.91 W
2026/09/21 02:45:38.104, NVIDIA GeForce RTX 4060 Ti, 23 %, 3223 MiB, 8188 MiB, 42, 37.60 W
2026/09/21 02:45:39.108, NVIDIA GeForce RTX 4060 Ti, 22 %, 3219 MiB, 8188 MiB, 42, 31.77 W
2026/09/21 02:45:40.114, NVIDIA GeForce RTX 4060 Ti, 22 %, 3219 MiB, 8188 MiB, 42, 34.28 W
2026/09/21 02:45:41.118, NVIDIA GeForce RTX 4060 Ti, 54 %, 3223 MiB, 8188 MiB, 42, 31.80 W
2026/09/21 02:45:42.123, NVIDIA GeForce RTX 4060 Ti, 25 %, 3223 MiB, 8188 MiB, 42, 34.17 W
2026/09/21 02:45:43.130, NVIDIA GeForce RTX 4060 Ti, 35 %, 3571 MiB, 8188 MiB, 42, 40.18 W
2026/09/21 02:45:44.136, NVIDIA GeForce RTX 4060 Ti, 28 %, 3571 MiB, 8188 MiB, 44, 39.12 W
2026/09/21 02:45:45.142, NVIDIA GeForce RTX 4060 Ti, 31 %, 3575 MiB, 8188 MiB, 45, 43.62 W
2026/09/21 02:45:46.148, NVIDIA GeForce RTX 4060 Ti, 40 %, 3575 MiB, 8188 MiB, 46, 65.28 W
2026/09/21 02:45:47.153, NVIDIA GeForce RTX 4060 Ti, 20 %, 3570 MiB, 8188 MiB, 44, 60.19 W
2026/09/21 02:45:48.158, NVIDIA GeForce RTX 4060 Ti, 35 %, 3570 MiB, 8188 MiB, 43, 43.67 W
2026/09/21 02:45:49.164, NVIDIA GeForce RTX 4060 Ti, 33 %, 3574 MiB, 8188 MiB, 44, 40.77 W
2026/09/21 02:45:50.170, NVIDIA GeForce RTX 4060 Ti, 25 %, 3574 MiB, 8188 MiB, 42, 40.72 W
2026/09/21 02:45:51.176, NVIDIA GeForce RTX 4060 Ti, 0 %, 1314 MiB, 8188 MiB, 41, 28.50 W
2026/09/21 02:45:52.182, NVIDIA GeForce RTX 4060 Ti, 31 %, 2028 MiB, 8188 MiB, 41, 20.38 W
2026/09/21 02:45:53.187, NVIDIA GeForce RTX 4060 Ti, 26 %, 2082 MiB, 8188 MiB, 41, 26.87 W
2026/09/21 02:45:54.193, NVIDIA GeForce RTX 4060 Ti, 39 %, 2124 MiB, 8188 MiB, 41, 25.64 W
2026/09/21 02:45:55.199, NVIDIA GeForce RTX 4060 Ti, 29 %, 2216 MiB, 8188 MiB, 41, 28.41 W
2026/09/21 02:45:56.208, NVIDIA GeForce RTX 4060 Ti, 28 %, 2216 MiB, 8188 MiB, 42, 28.27 W
2026/09/21 02:45:57.220, NVIDIA GeForce RTX 4060 Ti, 33 %, 2221 MiB, 8188 MiB, 42, 27.39 W
2026/09/21 02:45:58.228, NVIDIA GeForce RTX 4060 Ti, 35 %, 2221 MiB, 8188 MiB, 42, 27.31 W
2026/09/21 02:45:59.234, NVIDIA GeForce RTX 4060 Ti, 40 %, 2217 MiB, 8188 MiB, 42, 28.27 W
2026/09/21 02:46:00.239, NVIDIA GeForce RTX 4060 Ti, 35 %, 2217 MiB, 8188 MiB, 41, 29.19 W
2026/09/21 02:46:01.244, NVIDIA GeForce RTX 4060 Ti, 36 %, 2221 MiB, 8188 MiB, 42, 32.59 W
2026/09/21 02:46:02.250, NVIDIA GeForce RTX 4060 Ti, 33 %, 2283 MiB, 8188 MiB, 42, 33.42 W
2026/09/21 02:46:03.256, NVIDIA GeForce RTX 4060 Ti, 35 %, 2279 MiB, 8188 MiB, 42, 30.95 W
2026/09/21 02:46:04.262, NVIDIA GeForce RTX 4060 Ti, 24 %, 2285 MiB, 8188 MiB, 41, 28.66 W
2026/09/21 02:46:05.268, NVIDIA GeForce RTX 4060 Ti, 25 %, 2285 MiB, 8188 MiB, 41, 28.53 W
2026/09/21 02:46:06.273, NVIDIA GeForce RTX 4060 Ti, 39 %, 2281 MiB, 8188 MiB, 42, 27.72 W
2026/09/21 02:46:07.278, NVIDIA GeForce RTX 4060 Ti, 34 %, 2281 MiB, 8188 MiB, 41, 27.81 W
2026/09/21 02:46:08.284, NVIDIA GeForce RTX 4060 Ti, 24 %, 2285 MiB, 8188 MiB, 42, 27.82 W
2026/09/21 02:46:09.289, NVIDIA GeForce RTX 4060 Ti, 32 %, 2285 MiB, 8188 MiB, 42, 28.21 W
2026/09/21 02:46:10.294, NVIDIA GeForce RTX 4060 Ti, 40 %, 2281 MiB, 8188 MiB, 42, 26.65 W
2026/09/21 02:46:11.300, NVIDIA GeForce RTX 4060 Ti, 27 %, 2281 MiB, 8188 MiB, 41, 26.62 W
2026/09/21 02:46:12.307, NVIDIA GeForce RTX 4060 Ti, 31 %, 2285 MiB, 8188 MiB, 41, 29.49 W
2026/09/21 02:46:13.312, NVIDIA GeForce RTX 4060 Ti, 30 %, 2285 MiB, 8188 MiB, 42, 31.15 W
2026/09/21 02:46:14.318, NVIDIA GeForce RTX 4060 Ti, 27 %, 2281 MiB, 8188 MiB, 42, 33.20 W
2026/09/21 02:46:15.325, NVIDIA GeForce RTX 4060 Ti, 31 %, 2281 MiB, 8188 MiB, 42, 30.31 W
2026/09/21 02:46:16.331, NVIDIA GeForce RTX 4060 Ti, 33 %, 2285 MiB, 8188 MiB, 42, 29.72 W
2026/09/21 02:46:17.337, NVIDIA GeForce RTX 4060 Ti, 35 %, 2285 MiB, 8188 MiB, 42, 30.14 W
2026/09/21 02:46:18.341, NVIDIA GeForce RTX 4060 Ti, 26 %, 2281 MiB, 8188 MiB, 42, 28.00 W
2026/09/21 02:46:19.347, NVIDIA GeForce RTX 4060 Ti, 39 %, 2281 MiB, 8188 MiB, 42, 28.45 W
2026/09/21 02:46:20.351, NVIDIA GeForce RTX 4060 Ti, 27 %, 2285 MiB, 8188 MiB, 41, 27.36 W
2026/09/21 02:46:21.362, NVIDIA GeForce RTX 4060 Ti, 41 %, 2285 MiB, 8188 MiB, 41, 27.50 W
2026/09/21 02:46:22.369, NVIDIA GeForce RTX 4060 Ti, 20 %, 2280 MiB, 8188 MiB, 42, 29.40 W
2026/09/21 02:46:23.375, NVIDIA GeForce RTX 4060 Ti, 36 %, 2280 MiB, 8188 MiB, 42, 30.40 W
2026/09/21 02:46:24.379, NVIDIA GeForce RTX 4060 Ti, 31 %, 2284 MiB, 8188 MiB, 42, 30.56 W
2026/09/21 02:46:25.389, NVIDIA GeForce RTX 4060 Ti, 39 %, 2284 MiB, 8188 MiB, 41, 28.98 W
2026/09/21 02:46:26.394, NVIDIA GeForce RTX 4060 Ti, 31 %, 2286 MiB, 8188 MiB, 42, 32.14 W
2026/09/21 02:46:27.400, NVIDIA GeForce RTX 4060 Ti, 22 %, 2287 MiB, 8188 MiB, 42, 32.11 W
2026/09/21 02:46:28.415, NVIDIA GeForce RTX 4060 Ti, 29 %, 2287 MiB, 8188 MiB, 41, 28.18 W
2026/09/21 02:46:29.420, NVIDIA GeForce RTX 4060 Ti, 32 %, 2287 MiB, 8188 MiB, 41, 27.89 W
2026/09/21 02:46:30.427, NVIDIA GeForce RTX 4060 Ti, 30 %, 2283 MiB, 8188 MiB, 42, 28.31 W
2026/09/21 02:46:31.432, NVIDIA GeForce RTX 4060 Ti, 31 %, 2283 MiB, 8188 MiB, 42, 27.80 W
2026/09/21 02:46:32.437, NVIDIA GeForce RTX 4060 Ti, 48 %, 2286 MiB, 8188 MiB, 41, 28.14 W
2026/09/21 02:46:33.442, NVIDIA GeForce RTX 4060 Ti, 27 %, 2286 MiB, 8188 MiB, 42, 33.44 W
2026/09/21 02:46:34.448, NVIDIA GeForce RTX 4060 Ti, 23 %, 2280 MiB, 8188 MiB, 42, 31.36 W
2026/09/21 02:46:35.454, NVIDIA GeForce RTX 4060 Ti, 46 %, 2280 MiB, 8188 MiB, 41, 25.92 W
2026/09/21 02:46:36.461, NVIDIA GeForce RTX 4060 Ti, 30 %, 2284 MiB, 8188 MiB, 42, 29.78 W
2026/09/21 02:46:37.465, NVIDIA GeForce RTX 4060 Ti, 38 %, 2284 MiB, 8188 MiB, 43, 28.42 W
2026/09/21 02:46:38.472, NVIDIA GeForce RTX 4060 Ti, 37 %, 2280 MiB, 8188 MiB, 41, 30.38 W
2026/09/21 02:46:39.483, NVIDIA GeForce RTX 4060 Ti, 29 %, 2280 MiB, 8188 MiB, 42, 31.34 W
2026/09/21 02:46:40.493, NVIDIA GeForce RTX 4060 Ti, 25 %, 2284 MiB, 8188 MiB, 42, 31.86 W
2026/09/21 02:46:41.498, NVIDIA GeForce RTX 4060 Ti, 39 %, 2284 MiB, 8188 MiB, 41, 28.87 W
2026/09/21 02:46:42.505, NVIDIA GeForce RTX 4060 Ti, 27 %, 2280 MiB, 8188 MiB, 41, 26.92 W
2026/09/21 02:46:43.512, NVIDIA GeForce RTX 4060 Ti, 40 %, 2280 MiB, 8188 MiB, 42, 29.14 W
2026/09/21 02:46:44.517, NVIDIA GeForce RTX 4060 Ti, 35 %, 2284 MiB, 8188 MiB, 42, 28.56 W
2026/09/21 02:46:45.523, NVIDIA GeForce RTX 4060 Ti, 25 %, 2284 MiB, 8188 MiB, 41, 28.11 W
2026/09/21 02:46:46.529, NVIDIA GeForce RTX 4060 Ti, 31 %, 2280 MiB, 8188 MiB, 41, 27.45 W
2026/09/21 02:46:47.535, NVIDIA GeForce RTX 4060 Ti, 46 %, 2280 MiB, 8188 MiB, 41, 28.65 W
2026/09/21 02:46:48.543, NVIDIA GeForce RTX 4060 Ti, 32 %, 2285 MiB, 8188 MiB, 41, 29.18 W
2026/09/21 02:46:49.547, NVIDIA GeForce RTX 4060 Ti, 34 %, 2285 MiB, 8188 MiB, 42, 29.72 W
2026/09/21 02:46:50.553, NVIDIA GeForce RTX 4060 Ti, 32 %, 2285 MiB, 8188 MiB, 42, 28.52 W
2026/09/21 02:46:51.561, NVIDIA GeForce RTX 4060 Ti, 35 %, 2281 MiB, 8188 MiB, 42, 32.80 W
2026/09/21 02:46:52.568, NVIDIA GeForce RTX 4060 Ti, 29 %, 2285 MiB, 8188 MiB, 42, 32.47 W
2026/09/21 02:46:53.573, NVIDIA GeForce RTX 4060 Ti, 34 %, 2285 MiB, 8188 MiB, 41, 34.12 W
2026/09/21 02:46:54.578, NVIDIA GeForce RTX 4060 Ti, 29 %, 2281 MiB, 8188 MiB, 42, 33.36 W
2026/09/21 02:46:55.584, NVIDIA GeForce RTX 4060 Ti, 36 %, 2281 MiB, 8188 MiB, 41, 29.46 W
2026/09/21 02:46:56.591, NVIDIA GeForce RTX 4060 Ti, 34 %, 2285 MiB, 8188 MiB, 43, 33.91 W
2026/09/21 02:46:57.597, NVIDIA GeForce RTX 4060 Ti, 34 %, 2285 MiB, 8188 MiB, 42, 35.63 W
2026/09/21 02:46:58.603, NVIDIA GeForce RTX 4060 Ti, 27 %, 2281 MiB, 8188 MiB, 42, 32.70 W
2026/09/21 02:46:59.608, NVIDIA GeForce RTX 4060 Ti, 28 %, 2281 MiB, 8188 MiB, 43, 39.73 W
2026/09/21 02:47:00.613, NVIDIA GeForce RTX 4060 Ti, 28 %, 2286 MiB, 8188 MiB, 43, 40.76 W
2026/09/21 02:47:01.619, NVIDIA GeForce RTX 4060 Ti, 23 %, 2286 MiB, 8188 MiB, 42, 34.36 W
2026/09/21 02:47:02.625, NVIDIA GeForce RTX 4060 Ti, 26 %, 2286 MiB, 8188 MiB, 41, 28.60 W
2026/09/21 02:47:03.632, NVIDIA GeForce RTX 4060 Ti, 31 %, 2282 MiB, 8188 MiB, 41, 28.19 W
2026/09/21 02:47:04.637, NVIDIA GeForce RTX 4060 Ti, 32 %, 2286 MiB, 8188 MiB, 42, 30.74 W
2026/09/21 02:47:05.642, NVIDIA GeForce RTX 4060 Ti, 29 %, 2352 MiB, 8188 MiB, 42, 36.62 W
2026/09/21 02:47:06.648, NVIDIA GeForce RTX 4060 Ti, 20 %, 2347 MiB, 8188 MiB, 42, 35.24 W
2026/09/21 02:47:07.653, NVIDIA GeForce RTX 4060 Ti, 20 %, 2347 MiB, 8188 MiB, 43, 40.48 W
2026/09/21 02:47:08.658, NVIDIA GeForce RTX 4060 Ti, 16 %, 2351 MiB, 8188 MiB, 43, 45.83 W
2026/09/21 02:47:09.667, NVIDIA GeForce RTX 4060 Ti, 22 %, 2351 MiB, 8188 MiB, 43, 40.69 W
2026/09/21 02:47:10.674, NVIDIA GeForce RTX 4060 Ti, 42 %, 2347 MiB, 8188 MiB, 43, 35.30 W
2026/09/21 02:47:11.679, NVIDIA GeForce RTX 4060 Ti, 34 %, 2347 MiB, 8188 MiB, 42, 37.36 W
2026/09/21 02:47:12.688, NVIDIA GeForce RTX 4060 Ti, 24 %, 2351 MiB, 8188 MiB, 42, 30.26 W
2026/09/21 02:47:13.693, NVIDIA GeForce RTX 4060 Ti, 23 %, 2351 MiB, 8188 MiB, 41, 27.59 W
2026/09/21 02:47:14.698, NVIDIA GeForce RTX 4060 Ti, 25 %, 2347 MiB, 8188 MiB, 42, 30.23 W
2026/09/21 02:47:15.703, NVIDIA GeForce RTX 4060 Ti, 29 %, 2347 MiB, 8188 MiB, 42, 32.86 W
2026/09/21 02:47:16.709, NVIDIA GeForce RTX 4060 Ti, 39 %, 2351 MiB, 8188 MiB, 42, 31.14 W
2026/09/21 02:47:17.714, NVIDIA GeForce RTX 4060 Ti, 33 %, 2351 MiB, 8188 MiB, 41, 27.36 W
2026/09/21 02:47:18.719, NVIDIA GeForce RTX 4060 Ti, 30 %, 2347 MiB, 8188 MiB, 42, 29.24 W
2026/09/21 02:47:19.731, NVIDIA GeForce RTX 4060 Ti, 35 %, 2347 MiB, 8188 MiB, 42, 28.26 W
2026/09/21 02:47:20.736, NVIDIA GeForce RTX 4060 Ti, 33 %, 2351 MiB, 8188 MiB, 41, 30.27 W
2026/09/21 02:47:21.741, NVIDIA GeForce RTX 4060 Ti, 38 %, 2351 MiB, 8188 MiB, 42, 31.38 W
2026/09/21 02:47:22.746, NVIDIA GeForce RTX 4060 Ti, 33 %, 2347 MiB, 8188 MiB, 42, 32.31 W
2026/09/21 02:47:23.752, NVIDIA GeForce RTX 4060 Ti, 32 %, 2349 MiB, 8188 MiB, 42, 30.46 W
2026/09/21 02:47:24.756, NVIDIA GeForce RTX 4060 Ti, 38 %, 2353 MiB, 8188 MiB, 42, 28.50 W
2026/09/21 02:47:25.761, NVIDIA GeForce RTX 4060 Ti, 23 %, 2353 MiB, 8188 MiB, 41, 26.41 W
2026/09/21 02:47:26.767, NVIDIA GeForce RTX 4060 Ti, 30 %, 2349 MiB, 8188 MiB, 41, 26.37 W
2026/09/21 02:47:27.772, NVIDIA GeForce RTX 4060 Ti, 35 %, 2349 MiB, 8188 MiB, 42, 28.41 W
2026/09/21 02:47:28.779, NVIDIA GeForce RTX 4060 Ti, 29 %, 2354 MiB, 8188 MiB, 42, 28.73 W
2026/09/21 02:47:29.787, NVIDIA GeForce RTX 4060 Ti, 21 %, 2356 MiB, 8188 MiB, 41, 27.87 W
2026/09/21 02:47:30.796, NVIDIA GeForce RTX 4060 Ti, 29 %, 2360 MiB, 8188 MiB, 42, 27.70 W
2026/09/21 02:47:31.802, NVIDIA GeForce RTX 4060 Ti, 43 %, 2360 MiB, 8188 MiB, 41, 28.99 W
2026/09/21 02:47:32.808, NVIDIA GeForce RTX 4060 Ti, 36 %, 2360 MiB, 8188 MiB, 42, 30.56 W
2026/09/21 02:47:33.814, NVIDIA GeForce RTX 4060 Ti, 35 %, 2354 MiB, 8188 MiB, 42, 30.13 W
2026/09/21 02:47:34.819, NVIDIA GeForce RTX 4060 Ti, 39 %, 2359 MiB, 8188 MiB, 41, 29.78 W
2026/09/21 02:47:35.825, NVIDIA GeForce RTX 4060 Ti, 29 %, 2355 MiB, 8188 MiB, 42, 31.50 W
2026/09/21 02:47:36.830, NVIDIA GeForce RTX 4060 Ti, 26 %, 2355 MiB, 8188 MiB, 41, 31.76 W
2026/09/21 02:47:37.836, NVIDIA GeForce RTX 4060 Ti, 37 %, 2355 MiB, 8188 MiB, 42, 29.89 W
2026/09/21 02:47:38.842, NVIDIA GeForce RTX 4060 Ti, 32 %, 2354 MiB, 8188 MiB, 42, 28.37 W
2026/09/21 02:47:39.848, NVIDIA GeForce RTX 4060 Ti, 28 %, 2354 MiB, 8188 MiB, 42, 31.47 W
2026/09/21 02:47:40.853, NVIDIA GeForce RTX 4060 Ti, 24 %, 2350 MiB, 8188 MiB, 41, 31.27 W
2026/09/21 02:47:41.859, NVIDIA GeForce RTX 4060 Ti, 31 %, 2350 MiB, 8188 MiB, 41, 28.38 W
2026/09/21 02:47:42.866, NVIDIA GeForce RTX 4060 Ti, 26 %, 2354 MiB, 8188 MiB, 41, 26.56 W
2026/09/21 02:47:43.870, NVIDIA GeForce RTX 4060 Ti, 28 %, 2354 MiB, 8188 MiB, 42, 27.48 W
2026/09/21 02:47:44.879, NVIDIA GeForce RTX 4060 Ti, 35 %, 2350 MiB, 8188 MiB, 42, 30.49 W
2026/09/21 02:47:45.885, NVIDIA GeForce RTX 4060 Ti, 35 %, 2354 MiB, 8188 MiB, 42, 29.07 W
2026/09/21 02:47:46.891, NVIDIA GeForce RTX 4060 Ti, 37 %, 2354 MiB, 8188 MiB, 41, 28.81 W
2026/09/21 02:47:47.897, NVIDIA GeForce RTX 4060 Ti, 28 %, 2354 MiB, 8188 MiB, 41, 28.12 W
2026/09/21 02:47:48.903, NVIDIA GeForce RTX 4060 Ti, 32 %, 2354 MiB, 8188 MiB, 41, 28.51 W
2026/09/21 02:47:49.912, NVIDIA GeForce RTX 4060 Ti, 38 %, 2349 MiB, 8188 MiB, 41, 27.82 W
2026/09/21 02:47:50.918, NVIDIA GeForce RTX 4060 Ti, 32 %, 2354 MiB, 8188 MiB, 41, 29.14 W
2026/09/21 02:47:51.924, NVIDIA GeForce RTX 4060 Ti, 22 %, 2354 MiB, 8188 MiB, 41, 28.34 W
2026/09/21 02:47:52.932, NVIDIA GeForce RTX 4060 Ti, 34 %, 2349 MiB, 8188 MiB, 42, 29.78 W
2026/09/21 02:47:53.937, NVIDIA GeForce RTX 4060 Ti, 25 %, 2349 MiB, 8188 MiB, 41, 27.72 W
2026/09/21 02:47:54.943, NVIDIA GeForce RTX 4060 Ti, 32 %, 2354 MiB, 8188 MiB, 41, 27.31 W
2026/09/21 02:47:55.948, NVIDIA GeForce RTX 4060 Ti, 45 %, 2354 MiB, 8188 MiB, 41, 27.64 W
2026/09/21 02:47:56.954, NVIDIA GeForce RTX 4060 Ti, 20 %, 2354 MiB, 8188 MiB, 43, 30.01 W
2026/09/21 02:47:57.959, NVIDIA GeForce RTX 4060 Ti, 35 %, 2350 MiB, 8188 MiB, 42, 33.64 W
2026/09/21 02:47:58.968, NVIDIA GeForce RTX 4060 Ti, 31 %, 2354 MiB, 8188 MiB, 42, 30.85 W
2026/09/21 02:47:59.983, NVIDIA GeForce RTX 4060 Ti, 38 %, 2354 MiB, 8188 MiB, 42, 28.07 W
2026/09/21 02:48:00.988, NVIDIA GeForce RTX 4060 Ti, 35 %, 2349 MiB, 8188 MiB, 41, 28.25 W
2026/09/21 02:48:01.993, NVIDIA GeForce RTX 4060 Ti, 48 %, 2349 MiB, 8188 MiB, 41, 27.13 W
2026/09/21 02:48:02.997, NVIDIA GeForce RTX 4060 Ti, 28 %, 2355 MiB, 8188 MiB, 41, 26.28 W
2026/09/21 02:48:04.008, NVIDIA GeForce RTX 4060 Ti, 47 %, 2355 MiB, 8188 MiB, 41, 28.87 W
2026/09/21 02:48:05.014, NVIDIA GeForce RTX 4060 Ti, 27 %, 2349 MiB, 8188 MiB, 42, 31.38 W
2026/09/21 02:48:06.020, NVIDIA GeForce RTX 4060 Ti, 34 %, 2349 MiB, 8188 MiB, 42, 32.98 W
2026/09/21 02:48:07.026, NVIDIA GeForce RTX 4060 Ti, 26 %, 2354 MiB, 8188 MiB, 41, 29.52 W
2026/09/21 02:48:08.031, NVIDIA GeForce RTX 4060 Ti, 31 %, 2354 MiB, 8188 MiB, 41, 27.94 W
2026/09/21 02:48:09.037, NVIDIA GeForce RTX 4060 Ti, 31 %, 2349 MiB, 8188 MiB, 41, 28.95 W
2026/09/21 02:48:10.043, NVIDIA GeForce RTX 4060 Ti, 35 %, 2349 MiB, 8188 MiB, 42, 30.26 W
2026/09/21 02:48:11.049, NVIDIA GeForce RTX 4060 Ti, 43 %, 2354 MiB, 8188 MiB, 42, 29.78 W
2026/09/21 02:48:12.054, NVIDIA GeForce RTX 4060 Ti, 33 %, 2354 MiB, 8188 MiB, 43, 34.48 W
2026/09/21 02:48:13.060, NVIDIA GeForce RTX 4060 Ti, 31 %, 2349 MiB, 8188 MiB, 42, 32.73 W
2026/09/21 02:48:14.068, NVIDIA GeForce RTX 4060 Ti, 29 %, 2349 MiB, 8188 MiB, 41, 32.29 W
2026/09/21 02:48:15.074, NVIDIA GeForce RTX 4060 Ti, 32 %, 2353 MiB, 8188 MiB, 41, 31.98 W
2026/09/21 02:48:16.079, NVIDIA GeForce RTX 4060 Ti, 29 %, 2353 MiB, 8188 MiB, 42, 34.44 W
2026/09/21 02:48:17.085, NVIDIA GeForce RTX 4060 Ti, 30 %, 2353 MiB, 8188 MiB, 42, 35.25 W
2026/09/21 02:48:18.091, NVIDIA GeForce RTX 4060 Ti, 30 %, 2349 MiB, 8188 MiB, 42, 33.35 W
2026/09/21 02:48:19.099, NVIDIA GeForce RTX 4060 Ti, 38 %, 2353 MiB, 8188 MiB, 42, 31.53 W
2026/09/21 02:48:20.104, NVIDIA GeForce RTX 4060 Ti, 17 %, 2353 MiB, 8188 MiB, 42, 33.94 W
2026/09/21 02:48:21.109, NVIDIA GeForce RTX 4060 Ti, 30 %, 2349 MiB, 8188 MiB, 42, 35.26 W
2026/09/21 02:48:22.114, NVIDIA GeForce RTX 4060 Ti, 28 %, 2349 MiB, 8188 MiB, 42, 35.02 W
2026/09/21 02:48:23.121, NVIDIA GeForce RTX 4060 Ti, 30 %, 2353 MiB, 8188 MiB, 42, 28.46 W
2026/09/21 02:48:24.126, NVIDIA GeForce RTX 4060 Ti, 23 %, 2353 MiB, 8188 MiB, 41, 28.48 W
2026/09/21 02:48:25.131, NVIDIA GeForce RTX 4060 Ti, 43 %, 2350 MiB, 8188 MiB, 42, 31.94 W
2026/09/21 02:48:26.136, NVIDIA GeForce RTX 4060 Ti, 52 %, 2350 MiB, 8188 MiB, 44, 40.02 W
2026/09/21 02:48:27.142, NVIDIA GeForce RTX 4060 Ti, 32 %, 2354 MiB, 8188 MiB, 43, 44.17 W
2026/09/21 02:48:28.147, NVIDIA GeForce RTX 4060 Ti, 31 %, 2354 MiB, 8188 MiB, 43, 43.84 W
2026/09/21 02:48:29.154, NVIDIA GeForce RTX 4060 Ti, 31 %, 2354 MiB, 8188 MiB, 45, 50.26 W
2026/09/21 02:48:30.159, NVIDIA GeForce RTX 4060 Ti, 22 %, 2350 MiB, 8188 MiB, 44, 53.82 W
2026/09/21 02:48:31.167, NVIDIA GeForce RTX 4060 Ti, 29 %, 2354 MiB, 8188 MiB, 43, 41.15 W
2026/09/21 02:48:32.172, NVIDIA GeForce RTX 4060 Ti, 19 %, 2355 MiB, 8188 MiB, 42, 35.03 W
2026/09/21 02:48:33.178, NVIDIA GeForce RTX 4060 Ti, 18 %, 2358 MiB, 8188 MiB, 42, 30.42 W
2026/09/21 02:48:34.183, NVIDIA GeForce RTX 4060 Ti, 47 %, 2359 MiB, 8188 MiB, 42, 27.80 W
2026/09/21 02:48:35.190, NVIDIA GeForce RTX 4060 Ti, 38 %, 2358 MiB, 8188 MiB, 42, 30.24 W
2026/09/21 02:48:36.196, NVIDIA GeForce RTX 4060 Ti, 28 %, 2359 MiB, 8188 MiB, 41, 27.62 W
2026/09/21 02:48:37.201, NVIDIA GeForce RTX 4060 Ti, 34 %, 2360 MiB, 8188 MiB, 42, 29.70 W
2026/09/21 02:48:38.207, NVIDIA GeForce RTX 4060 Ti, 25 %, 2360 MiB, 8188 MiB, 42, 27.94 W
2026/09/21 02:48:39.212, NVIDIA GeForce RTX 4060 Ti, 20 %, 2360 MiB, 8188 MiB, 41, 28.85 W
2026/09/21 02:48:40.219, NVIDIA GeForce RTX 4060 Ti, 54 %, 2360 MiB, 8188 MiB, 42, 28.45 W
2026/09/21 02:48:41.225, NVIDIA GeForce RTX 4060 Ti, 30 %, 2354 MiB, 8188 MiB, 42, 33.85 W
2026/09/21 02:48:42.230, NVIDIA GeForce RTX 4060 Ti, 31 %, 2354 MiB, 8188 MiB, 43, 34.48 W
2026/09/21 02:48:43.236, NVIDIA GeForce RTX 4060 Ti, 30 %, 2356 MiB, 8188 MiB, 42, 31.89 W
2026/09/21 02:48:44.241, NVIDIA GeForce RTX 4060 Ti, 20 %, 2356 MiB, 8188 MiB, 42, 31.79 W
2026/09/21 02:48:45.245, NVIDIA GeForce RTX 4060 Ti, 28 %, 2350 MiB, 8188 MiB, 42, 31.88 W
2026/09/21 02:48:46.251, NVIDIA GeForce RTX 4060 Ti, 29 %, 2354 MiB, 8188 MiB, 41, 26.92 W
2026/09/21 02:48:47.257, NVIDIA GeForce RTX 4060 Ti, 37 %, 2354 MiB, 8188 MiB, 41, 28.68 W
2026/09/21 02:48:48.264, NVIDIA GeForce RTX 4060 Ti, 32 %, 2350 MiB, 8188 MiB, 42, 28.26 W
2026/09/21 02:48:49.270, NVIDIA GeForce RTX 4060 Ti, 28 %, 2355 MiB, 8188 MiB, 41, 26.79 W
2026/09/21 02:48:50.276, NVIDIA GeForce RTX 4060 Ti, 33 %, 2355 MiB, 8188 MiB, 42, 27.59 W
2026/09/21 02:48:51.281, NVIDIA GeForce RTX 4060 Ti, 27 %, 2355 MiB, 8188 MiB, 41, 28.60 W
2026/09/21 02:48:52.286, NVIDIA GeForce RTX 4060 Ti, 42 %, 2355 MiB, 8188 MiB, 42, 29.78 W
2026/09/21 02:48:53.291, NVIDIA GeForce RTX 4060 Ti, 29 %, 2350 MiB, 8188 MiB, 42, 29.64 W
2026/09/21 02:48:54.297, NVIDIA GeForce RTX 4060 Ti, 26 %, 2354 MiB, 8188 MiB, 41, 31.76 W
2026/09/21 02:48:55.303, NVIDIA GeForce RTX 4060 Ti, 35 %, 2354 MiB, 8188 MiB, 42, 33.71 W
2026/09/21 02:48:56.308, NVIDIA GeForce RTX 4060 Ti, 28 %, 2350 MiB, 8188 MiB, 42, 28.74 W
2026/09/21 02:48:57.313, NVIDIA GeForce RTX 4060 Ti, 29 %, 2350 MiB, 8188 MiB, 41, 27.88 W
2026/09/21 02:48:58.318, NVIDIA GeForce RTX 4060 Ti, 32 %, 2354 MiB, 8188 MiB, 42, 27.82 W
2026/09/21 02:48:59.322, NVIDIA GeForce RTX 4060 Ti, 26 %, 2354 MiB, 8188 MiB, 42, 28.19 W
2026/09/21 02:49:00.328, NVIDIA GeForce RTX 4060 Ti, 27 %, 2350 MiB, 8188 MiB, 42, 27.20 W
2026/09/21 02:49:01.334, NVIDIA GeForce RTX 4060 Ti, 42 %, 2350 MiB, 8188 MiB, 42, 27.69 W
2026/09/21 02:49:02.340, NVIDIA GeForce RTX 4060 Ti, 31 %, 2354 MiB, 8188 MiB, 42, 27.61 W
2026/09/21 02:49:03.346, NVIDIA GeForce RTX 4060 Ti, 46 %, 2354 MiB, 8188 MiB, 42, 32.07 W
2026/09/21 02:49:04.352, NVIDIA GeForce RTX 4060 Ti, 30 %, 2350 MiB, 8188 MiB, 42, 33.93 W
2026/09/21 02:49:05.359, NVIDIA GeForce RTX 4060 Ti, 26 %, 2350 MiB, 8188 MiB, 43, 32.88 W
2026/09/21 02:49:06.364, NVIDIA GeForce RTX 4060 Ti, 39 %, 2354 MiB, 8188 MiB, 42, 27.80 W
2026/09/21 02:49:07.370, NVIDIA GeForce RTX 4060 Ti, 33 %, 2354 MiB, 8188 MiB, 42, 27.50 W
2026/09/21 02:49:08.376, NVIDIA GeForce RTX 4060 Ti, 38 %, 2350 MiB, 8188 MiB, 42, 27.72 W
2026/09/21 02:49:09.382, NVIDIA GeForce RTX 4060 Ti, 42 %, 2350 MiB, 8188 MiB, 42, 27.77 W
2026/09/21 02:49:10.388, NVIDIA GeForce RTX 4060 Ti, 36 %, 2355 MiB, 8188 MiB, 41, 28.21 W
2026/09/21 02:49:11.394, NVIDIA GeForce RTX 4060 Ti, 38 %, 2355 MiB, 8188 MiB, 42, 28.52 W
2026/09/21 02:49:12.400, NVIDIA GeForce RTX 4060 Ti, 33 %, 2355 MiB, 8188 MiB, 42, 29.73 W
2026/09/21 02:49:13.404, NVIDIA GeForce RTX 4060 Ti, 24 %, 2351 MiB, 8188 MiB, 41, 27.89 W
2026/09/21 02:49:14.411, NVIDIA GeForce RTX 4060 Ti, 30 %, 2355 MiB, 8188 MiB, 41, 27.16 W
2026/09/21 02:49:15.418, NVIDIA GeForce RTX 4060 Ti, 32 %, 2355 MiB, 8188 MiB, 42, 27.76 W
2026/09/21 02:49:16.424, NVIDIA GeForce RTX 4060 Ti, 45 %, 2350 MiB, 8188 MiB, 41, 29.46 W
2026/09/21 02:49:17.430, NVIDIA GeForce RTX 4060 Ti, 32 %, 2351 MiB, 8188 MiB, 42, 34.71 W
2026/09/21 02:49:18.435, NVIDIA GeForce RTX 4060 Ti, 28 %, 2355 MiB, 8188 MiB, 42, 33.31 W
2026/09/21 02:49:19.441, NVIDIA GeForce RTX 4060 Ti, 33 %, 2355 MiB, 8188 MiB, 42, 30.45 W
2026/09/21 02:49:20.447, NVIDIA GeForce RTX 4060 Ti, 27 %, 2351 MiB, 8188 MiB, 42, 27.17 W
2026/09/21 02:49:21.453, NVIDIA GeForce RTX 4060 Ti, 22 %, 2351 MiB, 8188 MiB, 42, 27.30 W
2026/09/21 02:49:22.458, NVIDIA GeForce RTX 4060 Ti, 27 %, 2355 MiB, 8188 MiB, 42, 27.34 W
2026/09/21 02:49:23.463, NVIDIA GeForce RTX 4060 Ti, 32 %, 2355 MiB, 8188 MiB, 42, 32.61 W
2026/09/21 02:49:24.469, NVIDIA GeForce RTX 4060 Ti, 34 %, 2350 MiB, 8188 MiB, 42, 31.21 W
2026/09/21 02:49:25.474, NVIDIA GeForce RTX 4060 Ti, 32 %, 2350 MiB, 8188 MiB, 42, 28.19 W
2026/09/21 02:49:26.479, NVIDIA GeForce RTX 4060 Ti, 42 %, 2354 MiB, 8188 MiB, 42, 27.55 W
2026/09/21 02:49:27.484, NVIDIA GeForce RTX 4060 Ti, 32 %, 2354 MiB, 8188 MiB, 41, 29.29 W
2026/09/21 02:49:28.489, NVIDIA GeForce RTX 4060 Ti, 47 %, 2350 MiB, 8188 MiB, 42, 29.62 W
2026/09/21 02:49:29.495, NVIDIA GeForce RTX 4060 Ti, 22 %, 2350 MiB, 8188 MiB, 42, 31.97 W
2026/09/21 02:49:30.501, NVIDIA GeForce RTX 4060 Ti, 37 %, 2354 MiB, 8188 MiB, 42, 32.80 W
2026/09/21 02:49:31.507, NVIDIA GeForce RTX 4060 Ti, 26 %, 2354 MiB, 8188 MiB, 42, 31.63 W
2026/09/21 02:49:32.516, NVIDIA GeForce RTX 4060 Ti, 31 %, 2350 MiB, 8188 MiB, 43, 34.11 W
2026/09/21 02:49:33.522, NVIDIA GeForce RTX 4060 Ti, 36 %, 2350 MiB, 8188 MiB, 42, 33.36 W
2026/09/21 02:49:34.528, NVIDIA GeForce RTX 4060 Ti, 34 %, 2354 MiB, 8188 MiB, 42, 31.85 W
2026/09/21 02:49:35.534, NVIDIA GeForce RTX 4060 Ti, 30 %, 2354 MiB, 8188 MiB, 42, 34.75 W
2026/09/21 02:49:36.540, NVIDIA GeForce RTX 4060 Ti, 20 %, 2349 MiB, 8188 MiB, 43, 33.58 W
2026/09/21 02:49:37.552, NVIDIA GeForce RTX 4060 Ti, 22 %, 2350 MiB, 8188 MiB, 41, 29.57 W
2026/09/21 02:49:38.558, NVIDIA GeForce RTX 4060 Ti, 70 %, 2354 MiB, 8188 MiB, 41, 28.88 W
2026/09/21 02:49:39.564, NVIDIA GeForce RTX 4060 Ti, 24 %, 2355 MiB, 8188 MiB, 42, 37.35 W
2026/09/21 02:49:40.572, NVIDIA GeForce RTX 4060 Ti, 34 %, 2357 MiB, 8188 MiB, 42, 39.75 W
2026/09/21 02:49:41.577, NVIDIA GeForce RTX 4060 Ti, 25 %, 2351 MiB, 8188 MiB, 42, 34.16 W
2026/09/21 02:49:42.583, NVIDIA GeForce RTX 4060 Ti, 37 %, 2356 MiB, 8188 MiB, 42, 31.02 W
2026/09/21 02:49:43.588, NVIDIA GeForce RTX 4060 Ti, 41 %, 2356 MiB, 8188 MiB, 42, 28.76 W
2026/09/21 02:49:44.594, NVIDIA GeForce RTX 4060 Ti, 43 %, 2352 MiB, 8188 MiB, 42, 34.61 W
2026/09/21 02:49:45.600, NVIDIA GeForce RTX 4060 Ti, 24 %, 2351 MiB, 8188 MiB, 42, 41.45 W
2026/09/21 02:49:46.606, NVIDIA GeForce RTX 4060 Ti, 34 %, 2355 MiB, 8188 MiB, 43, 42.35 W
2026/09/21 02:49:47.611, NVIDIA GeForce RTX 4060 Ti, 32 %, 2355 MiB, 8188 MiB, 46, 50.77 W
2026/09/21 02:49:48.616, NVIDIA GeForce RTX 4060 Ti, 21 %, 2350 MiB, 8188 MiB, 44, 53.44 W
2026/09/21 02:49:49.620, NVIDIA GeForce RTX 4060 Ti, 33 %, 2350 MiB, 8188 MiB, 43, 42.12 W
2026/09/21 02:49:50.625, NVIDIA GeForce RTX 4060 Ti, 29 %, 2354 MiB, 8188 MiB, 44, 40.71 W
2026/09/21 02:49:51.631, NVIDIA GeForce RTX 4060 Ti, 0 %, 2354 MiB, 8188 MiB, 42, 28.37 W
2026/09/21 02:49:52.637, NVIDIA GeForce RTX 4060 Ti, 45 %, 2652 MiB, 8188 MiB, 41, 21.85 W
2026/09/21 02:49:53.643, NVIDIA GeForce RTX 4060 Ti, 25 %, 2776 MiB, 8188 MiB, 41, 26.18 W
2026/09/21 02:49:54.648, NVIDIA GeForce RTX 4060 Ti, 31 %, 2780 MiB, 8188 MiB, 41, 29.38 W
2026/09/21 02:49:55.654, NVIDIA GeForce RTX 4060 Ti, 35 %, 2780 MiB, 8188 MiB, 42, 29.20 W
2026/09/21 02:49:56.660, NVIDIA GeForce RTX 4060 Ti, 24 %, 2776 MiB, 8188 MiB, 41, 28.91 W
2026/09/21 02:49:57.666, NVIDIA GeForce RTX 4060 Ti, 29 %, 2776 MiB, 8188 MiB, 42, 28.93 W
2026/09/21 02:49:58.671, NVIDIA GeForce RTX 4060 Ti, 37 %, 2780 MiB, 8188 MiB, 43, 33.28 W
2026/09/21 02:49:59.679, NVIDIA GeForce RTX 4060 Ti, 33 %, 2780 MiB, 8188 MiB, 42, 34.30 W
2026/09/21 02:50:00.685, NVIDIA GeForce RTX 4060 Ti, 47 %, 2776 MiB, 8188 MiB, 43, 35.32 W
2026/09/21 02:50:01.691, NVIDIA GeForce RTX 4060 Ti, 31 %, 2776 MiB, 8188 MiB, 42, 33.19 W
2026/09/21 02:50:02.698, NVIDIA GeForce RTX 4060 Ti, 39 %, 2780 MiB, 8188 MiB, 42, 34.18 W
2026/09/21 02:50:03.703, NVIDIA GeForce RTX 4060 Ti, 28 %, 2780 MiB, 8188 MiB, 42, 36.29 W
2026/09/21 02:50:04.709, NVIDIA GeForce RTX 4060 Ti, 24 %, 2936 MiB, 8188 MiB, 43, 39.79 W
2026/09/21 02:50:05.714, NVIDIA GeForce RTX 4060 Ti, 21 %, 2936 MiB, 8188 MiB, 43, 39.21 W
2026/09/21 02:50:06.719, NVIDIA GeForce RTX 4060 Ti, 24 %, 2940 MiB, 8188 MiB, 42, 34.81 W
2026/09/21 02:50:07.724, NVIDIA GeForce RTX 4060 Ti, 27 %, 2940 MiB, 8188 MiB, 42, 34.60 W
2026/09/21 02:50:08.729, NVIDIA GeForce RTX 4060 Ti, 31 %, 2936 MiB, 8188 MiB, 42, 33.22 W
2026/09/21 02:50:09.735, NVIDIA GeForce RTX 4060 Ti, 25 %, 2936 MiB, 8188 MiB, 41, 27.98 W
2026/09/21 02:50:10.741, NVIDIA GeForce RTX 4060 Ti, 38 %, 2940 MiB, 8188 MiB, 44, 32.91 W
2026/09/21 02:50:11.747, NVIDIA GeForce RTX 4060 Ti, 29 %, 2940 MiB, 8188 MiB, 42, 35.00 W
2026/09/21 02:50:12.754, NVIDIA GeForce RTX 4060 Ti, 27 %, 2941 MiB, 8188 MiB, 42, 32.11 W
2026/09/21 02:50:13.759, NVIDIA GeForce RTX 4060 Ti, 33 %, 2941 MiB, 8188 MiB, 42, 28.78 W
2026/09/21 02:50:14.764, NVIDIA GeForce RTX 4060 Ti, 35 %, 2941 MiB, 8188 MiB, 42, 30.09 W
2026/09/21 02:50:15.769, NVIDIA GeForce RTX 4060 Ti, 34 %, 2941 MiB, 8188 MiB, 42, 29.32 W
2026/09/21 02:50:16.775, NVIDIA GeForce RTX 4060 Ti, 32 %, 2937 MiB, 8188 MiB, 43, 34.85 W
2026/09/21 02:50:17.780, NVIDIA GeForce RTX 4060 Ti, 43 %, 2937 MiB, 8188 MiB, 43, 36.16 W
2026/09/21 02:50:18.785, NVIDIA GeForce RTX 4060 Ti, 24 %, 2941 MiB, 8188 MiB, 43, 39.60 W
2026/09/21 02:50:19.790, NVIDIA GeForce RTX 4060 Ti, 31 %, 2941 MiB, 8188 MiB, 43, 38.87 W
2026/09/21 02:50:20.796, NVIDIA GeForce RTX 4060 Ti, 24 %, 2937 MiB, 8188 MiB, 42, 35.87 W
2026/09/21 02:50:21.801, NVIDIA GeForce RTX 4060 Ti, 43 %, 2937 MiB, 8188 MiB, 43, 32.18 W
2026/09/21 02:50:22.806, NVIDIA GeForce RTX 4060 Ti, 33 %, 2941 MiB, 8188 MiB, 43, 32.58 W
2026/09/21 02:50:23.811, NVIDIA GeForce RTX 4060 Ti, 46 %, 2941 MiB, 8188 MiB, 42, 33.63 W
2026/09/21 02:50:24.816, NVIDIA GeForce RTX 4060 Ti, 33 %, 2936 MiB, 8188 MiB, 42, 32.61 W
2026/09/21 02:50:25.825, NVIDIA GeForce RTX 4060 Ti, 42 %, 2936 MiB, 8188 MiB, 43, 34.14 W
2026/09/21 02:50:26.830, NVIDIA GeForce RTX 4060 Ti, 25 %, 2940 MiB, 8188 MiB, 43, 34.75 W
2026/09/21 02:50:27.835, NVIDIA GeForce RTX 4060 Ti, 23 %, 2940 MiB, 8188 MiB, 42, 32.85 W
2026/09/21 02:50:28.840, NVIDIA GeForce RTX 4060 Ti, 20 %, 2936 MiB, 8188 MiB, 43, 33.60 W
2026/09/21 02:50:29.845, NVIDIA GeForce RTX 4060 Ti, 38 %, 2936 MiB, 8188 MiB, 43, 35.88 W
2026/09/21 02:50:30.851, NVIDIA GeForce RTX 4060 Ti, 29 %, 2940 MiB, 8188 MiB, 42, 35.08 W
2026/09/21 02:50:31.856, NVIDIA GeForce RTX 4060 Ti, 41 %, 2940 MiB, 8188 MiB, 44, 39.08 W
2026/09/21 02:50:32.862, NVIDIA GeForce RTX 4060 Ti, 30 %, 2936 MiB, 8188 MiB, 43, 35.87 W
2026/09/21 02:50:33.868, NVIDIA GeForce RTX 4060 Ti, 34 %, 2936 MiB, 8188 MiB, 43, 37.36 W
2026/09/21 02:50:34.874, NVIDIA GeForce RTX 4060 Ti, 28 %, 2940 MiB, 8188 MiB, 42, 32.90 W
2026/09/21 02:50:35.879, NVIDIA GeForce RTX 4060 Ti, 19 %, 2940 MiB, 8188 MiB, 42, 33.31 W
2026/09/21 02:50:36.884, NVIDIA GeForce RTX 4060 Ti, 36 %, 2936 MiB, 8188 MiB, 43, 34.21 W
2026/09/21 02:50:37.898, NVIDIA GeForce RTX 4060 Ti, 24 %, 2936 MiB, 8188 MiB, 42, 28.34 W
2026/09/21 02:50:38.904, NVIDIA GeForce RTX 4060 Ti, 40 %, 2940 MiB, 8188 MiB, 42, 28.92 W
2026/09/21 02:50:39.908, NVIDIA GeForce RTX 4060 Ti, 41 %, 2940 MiB, 8188 MiB, 42, 29.72 W
2026/09/21 02:50:40.913, NVIDIA GeForce RTX 4060 Ti, 33 %, 2936 MiB, 8188 MiB, 43, 28.26 W
2026/09/21 02:50:41.918, NVIDIA GeForce RTX 4060 Ti, 38 %, 2941 MiB, 8188 MiB, 41, 28.44 W
2026/09/21 02:50:42.924, NVIDIA GeForce RTX 4060 Ti, 34 %, 2941 MiB, 8188 MiB, 42, 28.58 W
2026/09/21 02:50:43.929, NVIDIA GeForce RTX 4060 Ti, 38 %, 2947 MiB, 8188 MiB, 43, 34.99 W
2026/09/21 02:50:44.935, NVIDIA GeForce RTX 4060 Ti, 21 %, 2947 MiB, 8188 MiB, 42, 36.89 W
2026/09/21 02:50:45.940, NVIDIA GeForce RTX 4060 Ti, 28 %, 2947 MiB, 8188 MiB, 43, 40.06 W
2026/09/21 02:50:46.946, NVIDIA GeForce RTX 4060 Ti, 31 %, 2941 MiB, 8188 MiB, 44, 38.53 W
2026/09/21 02:50:47.953, NVIDIA GeForce RTX 4060 Ti, 31 %, 2941 MiB, 8188 MiB, 43, 33.16 W
2026/09/21 02:50:48.959, NVIDIA GeForce RTX 4060 Ti, 33 %, 2943 MiB, 8188 MiB, 43, 32.14 W
2026/09/21 02:50:49.965, NVIDIA GeForce RTX 4060 Ti, 22 %, 2943 MiB, 8188 MiB, 43, 34.48 W
2026/09/21 02:50:50.969, NVIDIA GeForce RTX 4060 Ti, 31 %, 2936 MiB, 8188 MiB, 42, 31.96 W
2026/09/21 02:50:51.974, NVIDIA GeForce RTX 4060 Ti, 33 %, 2936 MiB, 8188 MiB, 42, 29.53 W
2026/09/21 02:50:52.979, NVIDIA GeForce RTX 4060 Ti, 28 %, 2941 MiB, 8188 MiB, 43, 33.30 W
2026/09/21 02:50:53.983, NVIDIA GeForce RTX 4060 Ti, 27 %, 2941 MiB, 8188 MiB, 43, 33.19 W
2026/09/21 02:50:54.988, NVIDIA GeForce RTX 4060 Ti, 44 %, 2941 MiB, 8188 MiB, 42, 30.32 W
2026/09/21 02:50:55.994, NVIDIA GeForce RTX 4060 Ti, 35 %, 2936 MiB, 8188 MiB, 43, 34.09 W
2026/09/21 02:50:57.004, NVIDIA GeForce RTX 4060 Ti, 36 %, 2941 MiB, 8188 MiB, 43, 36.88 W
2026/09/21 02:50:58.011, NVIDIA GeForce RTX 4060 Ti, 47 %, 2941 MiB, 8188 MiB, 43, 36.29 W
2026/09/21 02:50:59.016, NVIDIA GeForce RTX 4060 Ti, 20 %, 2936 MiB, 8188 MiB, 44, 39.37 W
2026/09/21 02:51:00.024, NVIDIA GeForce RTX 4060 Ti, 28 %, 2936 MiB, 8188 MiB, 43, 34.31 W
2026/09/21 02:51:01.029, NVIDIA GeForce RTX 4060 Ti, 28 %, 2941 MiB, 8188 MiB, 42, 34.19 W
2026/09/21 02:51:02.035, NVIDIA GeForce RTX 4060 Ti, 25 %, 2941 MiB, 8188 MiB, 43, 36.61 W
2026/09/21 02:51:03.039, NVIDIA GeForce RTX 4060 Ti, 40 %, 2941 MiB, 8188 MiB, 43, 38.02 W
2026/09/21 02:51:04.045, NVIDIA GeForce RTX 4060 Ti, 27 %, 2936 MiB, 8188 MiB, 42, 35.02 W
2026/09/21 02:51:05.051, NVIDIA GeForce RTX 4060 Ti, 25 %, 2941 MiB, 8188 MiB, 43, 35.78 W
2026/09/21 02:51:06.058, NVIDIA GeForce RTX 4060 Ti, 27 %, 2941 MiB, 8188 MiB, 44, 37.76 W
2026/09/21 02:51:07.063, NVIDIA GeForce RTX 4060 Ti, 22 %, 2936 MiB, 8188 MiB, 43, 42.11 W
2026/09/21 02:51:08.068, NVIDIA GeForce RTX 4060 Ti, 37 %, 2936 MiB, 8188 MiB, 43, 41.31 W
2026/09/21 02:51:09.075, NVIDIA GeForce RTX 4060 Ti, 22 %, 2941 MiB, 8188 MiB, 43, 36.62 W
2026/09/21 02:51:10.080, NVIDIA GeForce RTX 4060 Ti, 45 %, 2941 MiB, 8188 MiB, 44, 40.02 W
2026/09/21 02:51:11.085, NVIDIA GeForce RTX 4060 Ti, 34 %, 2936 MiB, 8188 MiB, 44, 41.77 W
2026/09/21 02:51:12.091, NVIDIA GeForce RTX 4060 Ti, 38 %, 2936 MiB, 8188 MiB, 44, 41.58 W
2026/09/21 02:51:13.097, NVIDIA GeForce RTX 4060 Ti, 22 %, 2941 MiB, 8188 MiB, 43, 37.48 W
2026/09/21 02:51:14.103, NVIDIA GeForce RTX 4060 Ti, 31 %, 2941 MiB, 8188 MiB, 43, 33.93 W
2026/09/21 02:51:15.110, NVIDIA GeForce RTX 4060 Ti, 24 %, 2941 MiB, 8188 MiB, 43, 33.03 W
2026/09/21 02:51:16.118, NVIDIA GeForce RTX 4060 Ti, 29 %, 2936 MiB, 8188 MiB, 43, 33.79 W
2026/09/21 02:51:17.125, NVIDIA GeForce RTX 4060 Ti, 30 %, 3108 MiB, 8188 MiB, 43, 38.77 W
2026/09/21 02:51:18.130, NVIDIA GeForce RTX 4060 Ti, 25 %, 3295 MiB, 8188 MiB, 45, 60.02 W
2026/09/21 02:51:19.140, NVIDIA GeForce RTX 4060 Ti, 17 %, 3295 MiB, 8188 MiB, 44, 55.35 W
2026/09/21 02:51:20.146, NVIDIA GeForce RTX 4060 Ti, 40 %, 3289 MiB, 8188 MiB, 51, 63.78 W
2026/09/21 02:51:21.152, NVIDIA GeForce RTX 4060 Ti, 38 %, 3294 MiB, 8188 MiB, 47, 75.38 W
2026/09/21 02:51:22.157, NVIDIA GeForce RTX 4060 Ti, 22 %, 3294 MiB, 8188 MiB, 46, 61.68 W
2026/09/21 02:51:23.162, NVIDIA GeForce RTX 4060 Ti, 28 %, 3288 MiB, 8188 MiB, 44, 51.94 W
2026/09/21 02:51:24.167, NVIDIA GeForce RTX 4060 Ti, 27 %, 3288 MiB, 8188 MiB, 44, 43.14 W
2026/09/21 02:51:25.172, NVIDIA GeForce RTX 4060 Ti, 0 %, 1319 MiB, 8188 MiB, 42, 32.59 W
2026/09/21 02:51:26.184, NVIDIA GeForce RTX 4060 Ti, 56 %, 1976 MiB, 8188 MiB, 42, 23.19 W
2026/09/21 02:51:27.190, NVIDIA GeForce RTX 4060 Ti, 36 %, 2064 MiB, 8188 MiB, 44, 26.79 W
2026/09/21 02:51:28.196, NVIDIA GeForce RTX 4060 Ti, 32 %, 2058 MiB, 8188 MiB, 42, 27.12 W
2026/09/21 02:51:29.201, NVIDIA GeForce RTX 4060 Ti, 39 %, 2063 MiB, 8188 MiB, 43, 28.51 W
2026/09/21 02:51:30.206, NVIDIA GeForce RTX 4060 Ti, 35 %, 2063 MiB, 8188 MiB, 43, 27.39 W
2026/09/21 02:51:31.212, NVIDIA GeForce RTX 4060 Ti, 35 %, 2058 MiB, 8188 MiB, 43, 30.14 W
2026/09/21 02:51:32.217, NVIDIA GeForce RTX 4060 Ti, 35 %, 2058 MiB, 8188 MiB, 43, 31.81 W
2026/09/21 02:51:33.223, NVIDIA GeForce RTX 4060 Ti, 20 %, 2063 MiB, 8188 MiB, 42, 29.48 W
2026/09/21 02:51:34.231, NVIDIA GeForce RTX 4060 Ti, 31 %, 2063 MiB, 8188 MiB, 42, 27.12 W
2026/09/21 02:51:35.236, NVIDIA GeForce RTX 4060 Ti, 32 %, 2058 MiB, 8188 MiB, 43, 29.14 W
2026/09/21 02:51:36.242, NVIDIA GeForce RTX 4060 Ti, 48 %, 2120 MiB, 8188 MiB, 42, 28.82 W
2026/09/21 02:51:37.246, NVIDIA GeForce RTX 4060 Ti, 22 %, 2125 MiB, 8188 MiB, 42, 28.70 W
2026/09/21 02:51:38.252, NVIDIA GeForce RTX 4060 Ti, 28 %, 2127 MiB, 8188 MiB, 42, 28.29 W
2026/09/21 02:51:39.257, NVIDIA GeForce RTX 4060 Ti, 31 %, 2122 MiB, 8188 MiB, 42, 28.13 W
2026/09/21 02:51:40.263, NVIDIA GeForce RTX 4060 Ti, 24 %, 2127 MiB, 8188 MiB, 43, 30.86 W
2026/09/21 02:51:41.267, NVIDIA GeForce RTX 4060 Ti, 31 %, 2127 MiB, 8188 MiB, 43, 31.13 W
2026/09/21 02:51:42.274, NVIDIA GeForce RTX 4060 Ti, 37 %, 2127 MiB, 8188 MiB, 42, 30.28 W
2026/09/21 02:51:43.284, NVIDIA GeForce RTX 4060 Ti, 29 %, 2127 MiB, 8188 MiB, 42, 27.72 W
2026/09/21 02:51:44.289, NVIDIA GeForce RTX 4060 Ti, 23 %, 2127 MiB, 8188 MiB, 42, 25.81 W
2026/09/21 02:51:45.295, NVIDIA GeForce RTX 4060 Ti, 34 %, 2128 MiB, 8188 MiB, 43, 27.77 W
2026/09/21 02:51:46.304, NVIDIA GeForce RTX 4060 Ti, 40 %, 2131 MiB, 8188 MiB, 42, 27.74 W
2026/09/21 02:51:47.310, NVIDIA GeForce RTX 4060 Ti, 28 %, 2127 MiB, 8188 MiB, 43, 32.97 W
2026/09/21 02:51:48.315, NVIDIA GeForce RTX 4060 Ti, 28 %, 2131 MiB, 8188 MiB, 43, 33.19 W
2026/09/21 02:51:49.321, NVIDIA GeForce RTX 4060 Ti, 22 %, 2131 MiB, 8188 MiB, 43, 28.73 W
2026/09/21 02:51:50.326, NVIDIA GeForce RTX 4060 Ti, 23 %, 2127 MiB, 8188 MiB, 42, 28.64 W
2026/09/21 02:51:51.331, NVIDIA GeForce RTX 4060 Ti, 28 %, 2123 MiB, 8188 MiB, 43, 28.19 W
2026/09/21 02:51:52.342, NVIDIA GeForce RTX 4060 Ti, 38 %, 2127 MiB, 8188 MiB, 43, 28.35 W
2026/09/21 02:51:53.347, NVIDIA GeForce RTX 4060 Ti, 30 %, 2127 MiB, 8188 MiB, 42, 27.31 W
2026/09/21 02:51:54.352, NVIDIA GeForce RTX 4060 Ti, 36 %, 2123 MiB, 8188 MiB, 42, 27.59 W
2026/09/21 02:51:55.358, NVIDIA GeForce RTX 4060 Ti, 26 %, 2123 MiB, 8188 MiB, 43, 26.23 W
2026/09/21 02:51:56.363, NVIDIA GeForce RTX 4060 Ti, 26 %, 2127 MiB, 8188 MiB, 42, 27.44 W
2026/09/21 02:51:57.368, NVIDIA GeForce RTX 4060 Ti, 32 %, 2127 MiB, 8188 MiB, 42, 27.95 W
2026/09/21 02:51:58.374, NVIDIA GeForce RTX 4060 Ti, 43 %, 2123 MiB, 8188 MiB, 42, 28.36 W
2026/09/21 02:51:59.381, NVIDIA GeForce RTX 4060 Ti, 26 %, 2123 MiB, 8188 MiB, 43, 31.61 W
2026/09/21 02:52:00.398, NVIDIA GeForce RTX 4060 Ti, 37 %, 2127 MiB, 8188 MiB, 43, 33.32 W
2026/09/21 02:52:01.402, NVIDIA GeForce RTX 4060 Ti, 32 %, 2127 MiB, 8188 MiB, 42, 32.55 W
2026/09/21 02:52:02.409, NVIDIA GeForce RTX 4060 Ti, 38 %, 2122 MiB, 8188 MiB, 43, 30.91 W
2026/09/21 02:52:03.415, NVIDIA GeForce RTX 4060 Ti, 33 %, 2122 MiB, 8188 MiB, 42, 27.37 W
2026/09/21 02:52:04.419, NVIDIA GeForce RTX 4060 Ti, 43 %, 2126 MiB, 8188 MiB, 42, 28.21 W
2026/09/21 02:52:05.426, NVIDIA GeForce RTX 4060 Ti, 31 %, 2126 MiB, 8188 MiB, 42, 26.55 W
2026/09/21 02:52:06.431, NVIDIA GeForce RTX 4060 Ti, 29 %, 2122 MiB, 8188 MiB, 42, 27.08 W
2026/09/21 02:52:07.435, NVIDIA GeForce RTX 4060 Ti, 25 %, 2122 MiB, 8188 MiB, 42, 27.32 W
2026/09/21 02:52:08.445, NVIDIA GeForce RTX 4060 Ti, 33 %, 2126 MiB, 8188 MiB, 42, 27.52 W
2026/09/21 02:52:09.449, NVIDIA GeForce RTX 4060 Ti, 34 %, 2126 MiB, 8188 MiB, 42, 29.16 W
2026/09/21 02:52:10.455, NVIDIA GeForce RTX 4060 Ti, 37 %, 2122 MiB, 8188 MiB, 42, 29.54 W
2026/09/21 02:52:11.459, NVIDIA GeForce RTX 4060 Ti, 28 %, 2122 MiB, 8188 MiB, 44, 34.33 W
2026/09/21 02:52:12.464, NVIDIA GeForce RTX 4060 Ti, 25 %, 2126 MiB, 8188 MiB, 42, 32.45 W
2026/09/21 02:52:13.470, NVIDIA GeForce RTX 4060 Ti, 45 %, 2126 MiB, 8188 MiB, 43, 31.40 W
2026/09/21 02:52:14.476, NVIDIA GeForce RTX 4060 Ti, 23 %, 2122 MiB, 8188 MiB, 42, 27.24 W
2026/09/21 02:52:15.481, NVIDIA GeForce RTX 4060 Ti, 35 %, 2122 MiB, 8188 MiB, 43, 29.08 W
2026/09/21 02:52:16.487, NVIDIA GeForce RTX 4060 Ti, 24 %, 2126 MiB, 8188 MiB, 42, 27.44 W
2026/09/21 02:52:17.500, NVIDIA GeForce RTX 4060 Ti, 33 %, 2126 MiB, 8188 MiB, 42, 26.47 W
2026/09/21 02:52:18.507, NVIDIA GeForce RTX 4060 Ti, 36 %, 2127 MiB, 8188 MiB, 42, 28.58 W
2026/09/21 02:52:19.514, NVIDIA GeForce RTX 4060 Ti, 45 %, 2127 MiB, 8188 MiB, 42, 28.82 W
2026/09/21 02:52:20.521, NVIDIA GeForce RTX 4060 Ti, 31 %, 2127 MiB, 8188 MiB, 42, 29.03 W
2026/09/21 02:52:21.526, NVIDIA GeForce RTX 4060 Ti, 32 %, 2127 MiB, 8188 MiB, 42, 30.68 W
2026/09/21 02:52:22.531, NVIDIA GeForce RTX 4060 Ti, 34 %, 2123 MiB, 8188 MiB, 43, 33.21 W
2026/09/21 02:52:23.536, NVIDIA GeForce RTX 4060 Ti, 33 %, 2123 MiB, 8188 MiB, 43, 33.38 W
2026/09/21 02:52:24.541, NVIDIA GeForce RTX 4060 Ti, 41 %, 2127 MiB, 8188 MiB, 42, 32.93 W
2026/09/21 02:52:25.547, NVIDIA GeForce RTX 4060 Ti, 36 %, 2127 MiB, 8188 MiB, 43, 34.79 W
2026/09/21 02:52:26.551, NVIDIA GeForce RTX 4060 Ti, 33 %, 2123 MiB, 8188 MiB, 43, 34.52 W
2026/09/21 02:52:27.560, NVIDIA GeForce RTX 4060 Ti, 34 %, 2123 MiB, 8188 MiB, 42, 29.92 W
2026/09/21 02:52:28.566, NVIDIA GeForce RTX 4060 Ti, 24 %, 2126 MiB, 8188 MiB, 42, 29.67 W
2026/09/21 02:52:29.571, NVIDIA GeForce RTX 4060 Ti, 32 %, 2127 MiB, 8188 MiB, 43, 35.06 W
2026/09/21 02:52:30.629, NVIDIA GeForce RTX 4060 Ti, 30 %, 2123 MiB, 8188 MiB, 43, 34.57 W
2026/09/21 02:52:31.636, NVIDIA GeForce RTX 4060 Ti, 38 %, 2123 MiB, 8188 MiB, 43, 34.96 W
2026/09/21 02:52:32.643, NVIDIA GeForce RTX 4060 Ti, 30 %, 2127 MiB, 8188 MiB, 43, 28.58 W
2026/09/21 02:52:33.648, NVIDIA GeForce RTX 4060 Ti, 27 %, 2127 MiB, 8188 MiB, 43, 36.90 W
2026/09/21 02:52:34.653, NVIDIA GeForce RTX 4060 Ti, 24 %, 2123 MiB, 8188 MiB, 43, 39.61 W
2026/09/21 02:52:35.659, NVIDIA GeForce RTX 4060 Ti, 23 %, 2123 MiB, 8188 MiB, 42, 33.20 W
2026/09/21 02:52:36.664, NVIDIA GeForce RTX 4060 Ti, 24 %, 2127 MiB, 8188 MiB, 42, 26.82 W
2026/09/21 02:52:37.670, NVIDIA GeForce RTX 4060 Ti, 29 %, 2127 MiB, 8188 MiB, 42, 27.80 W
2026/09/21 02:52:38.675, NVIDIA GeForce RTX 4060 Ti, 38 %, 2122 MiB, 8188 MiB, 43, 31.96 W
2026/09/21 02:52:39.680, NVIDIA GeForce RTX 4060 Ti, 27 %, 2188 MiB, 8188 MiB, 43, 35.88 W
2026/09/21 02:52:40.687, NVIDIA GeForce RTX 4060 Ti, 23 %, 2192 MiB, 8188 MiB, 43, 34.88 W
2026/09/21 02:52:41.692, NVIDIA GeForce RTX 4060 Ti, 37 %, 2192 MiB, 8188 MiB, 44, 40.54 W
2026/09/21 02:52:42.699, NVIDIA GeForce RTX 4060 Ti, 27 %, 2188 MiB, 8188 MiB, 44, 44.28 W
2026/09/21 02:52:43.703, NVIDIA GeForce RTX 4060 Ti, 23 %, 2188 MiB, 8188 MiB, 43, 40.23 W
2026/09/21 02:52:44.709, NVIDIA GeForce RTX 4060 Ti, 27 %, 2192 MiB, 8188 MiB, 43, 40.87 W
2026/09/21 02:52:45.715, NVIDIA GeForce RTX 4060 Ti, 22 %, 2192 MiB, 8188 MiB, 43, 39.07 W
2026/09/21 02:52:46.729, NVIDIA GeForce RTX 4060 Ti, 23 %, 2188 MiB, 8188 MiB, 42, 32.35 W
2026/09/21 02:52:47.735, NVIDIA GeForce RTX 4060 Ti, 32 %, 2193 MiB, 8188 MiB, 42, 29.87 W
2026/09/21 02:52:48.741, NVIDIA GeForce RTX 4060 Ti, 27 %, 2193 MiB, 8188 MiB, 42, 27.96 W
2026/09/21 02:52:49.747, NVIDIA GeForce RTX 4060 Ti, 30 %, 2193 MiB, 8188 MiB, 43, 28.12 W
2026/09/21 02:52:50.752, NVIDIA GeForce RTX 4060 Ti, 33 %, 2193 MiB, 8188 MiB, 43, 29.27 W
2026/09/21 02:52:51.757, NVIDIA GeForce RTX 4060 Ti, 40 %, 2189 MiB, 8188 MiB, 42, 27.55 W
2026/09/21 02:52:52.763, NVIDIA GeForce RTX 4060 Ti, 19 %, 2193 MiB, 8188 MiB, 42, 27.96 W
2026/09/21 02:52:53.768, NVIDIA GeForce RTX 4060 Ti, 45 %, 2193 MiB, 8188 MiB, 42, 27.50 W
2026/09/21 02:52:54.772, NVIDIA GeForce RTX 4060 Ti, 33 %, 2189 MiB, 8188 MiB, 42, 31.40 W
2026/09/21 02:52:55.778, NVIDIA GeForce RTX 4060 Ti, 34 %, 2189 MiB, 8188 MiB, 43, 32.35 W
2026/09/21 02:52:56.782, NVIDIA GeForce RTX 4060 Ti, 39 %, 2193 MiB, 8188 MiB, 42, 30.94 W
2026/09/21 02:52:57.789, NVIDIA GeForce RTX 4060 Ti, 31 %, 2195 MiB, 8188 MiB, 42, 29.25 W
2026/09/21 02:52:58.794, NVIDIA GeForce RTX 4060 Ti, 34 %, 2190 MiB, 8188 MiB, 43, 29.32 W
2026/09/21 02:52:59.800, NVIDIA GeForce RTX 4060 Ti, 21 %, 2190 MiB, 8188 MiB, 42, 31.73 W
2026/09/21 02:53:00.805, NVIDIA GeForce RTX 4060 Ti, 33 %, 2194 MiB, 8188 MiB, 43, 32.80 W
2026/09/21 02:53:01.812, NVIDIA GeForce RTX 4060 Ti, 27 %, 2194 MiB, 8188 MiB, 42, 32.73 W
2026/09/21 02:53:02.817, NVIDIA GeForce RTX 4060 Ti, 29 %, 2190 MiB, 8188 MiB, 42, 30.44 W
2026/09/21 02:53:03.823, NVIDIA GeForce RTX 4060 Ti, 37 %, 2190 MiB, 8188 MiB, 43, 27.49 W
2026/09/21 02:53:04.830, NVIDIA GeForce RTX 4060 Ti, 40 %, 2194 MiB, 8188 MiB, 42, 27.70 W
2026/09/21 02:53:05.835, NVIDIA GeForce RTX 4060 Ti, 36 %, 2194 MiB, 8188 MiB, 42, 28.07 W
2026/09/21 02:53:06.841, NVIDIA GeForce RTX 4060 Ti, 23 %, 2190 MiB, 8188 MiB, 42, 27.99 W
2026/09/21 02:53:07.847, NVIDIA GeForce RTX 4060 Ti, 31 %, 2190 MiB, 8188 MiB, 43, 29.41 W
2026/09/21 02:53:08.853, NVIDIA GeForce RTX 4060 Ti, 32 %, 2194 MiB, 8188 MiB, 42, 27.56 W
2026/09/21 02:53:09.858, NVIDIA GeForce RTX 4060 Ti, 37 %, 2194 MiB, 8188 MiB, 42, 29.27 W
2026/09/21 02:53:10.863, NVIDIA GeForce RTX 4060 Ti, 41 %, 2190 MiB, 8188 MiB, 42, 29.38 W
2026/09/21 02:53:11.869, NVIDIA GeForce RTX 4060 Ti, 31 %, 2190 MiB, 8188 MiB, 42, 27.95 W
2026/09/21 02:53:12.878, NVIDIA GeForce RTX 4060 Ti, 25 %, 2194 MiB, 8188 MiB, 42, 27.12 W
2026/09/21 02:53:13.883, NVIDIA GeForce RTX 4060 Ti, 42 %, 2194 MiB, 8188 MiB, 42, 27.96 W
2026/09/21 02:53:14.889, NVIDIA GeForce RTX 4060 Ti, 40 %, 2190 MiB, 8188 MiB, 42, 28.65 W
2026/09/21 02:53:15.897, NVIDIA GeForce RTX 4060 Ti, 31 %, 2190 MiB, 8188 MiB, 41, 26.64 W
2026/09/21 02:53:16.903, NVIDIA GeForce RTX 4060 Ti, 37 %, 2194 MiB, 8188 MiB, 42, 28.25 W
2026/09/21 02:53:17.909, NVIDIA GeForce RTX 4060 Ti, 35 %, 2194 MiB, 8188 MiB, 42, 30.85 W
2026/09/21 02:53:18.914, NVIDIA GeForce RTX 4060 Ti, 29 %, 2190 MiB, 8188 MiB, 42, 30.66 W
2026/09/21 02:53:19.920, NVIDIA GeForce RTX 4060 Ti, 25 %, 2190 MiB, 8188 MiB, 43, 31.23 W
2026/09/21 02:53:20.927, NVIDIA GeForce RTX 4060 Ti, 40 %, 2195 MiB, 8188 MiB, 42, 31.92 W
2026/09/21 02:53:21.936, NVIDIA GeForce RTX 4060 Ti, 22 %, 2195 MiB, 8188 MiB, 42, 31.83 W
2026/09/21 02:53:22.941, NVIDIA GeForce RTX 4060 Ti, 24 %, 2195 MiB, 8188 MiB, 42, 32.40 W
2026/09/21 02:53:23.947, NVIDIA GeForce RTX 4060 Ti, 28 %, 2191 MiB, 8188 MiB, 42, 31.29 W
2026/09/21 02:53:24.954, NVIDIA GeForce RTX 4060 Ti, 34 %, 2195 MiB, 8188 MiB, 42, 32.22 W
2026/09/21 02:53:25.960, NVIDIA GeForce RTX 4060 Ti, 34 %, 2200 MiB, 8188 MiB, 42, 29.11 W
2026/09/21 02:53:26.968, NVIDIA GeForce RTX 4060 Ti, 32 %, 2195 MiB, 8188 MiB, 42, 27.59 W
2026/09/21 02:53:27.973, NVIDIA GeForce RTX 4060 Ti, 19 %, 2195 MiB, 8188 MiB, 42, 28.54 W
2026/09/21 02:53:28.980, NVIDIA GeForce RTX 4060 Ti, 39 %, 2199 MiB, 8188 MiB, 42, 30.60 W
2026/09/21 02:53:29.987, NVIDIA GeForce RTX 4060 Ti, 29 %, 2199 MiB, 8188 MiB, 43, 30.77 W
2026/09/21 02:53:30.993, NVIDIA GeForce RTX 4060 Ti, 29 %, 2195 MiB, 8188 MiB, 42, 32.30 W
2026/09/21 02:53:31.999, NVIDIA GeForce RTX 4060 Ti, 33 %, 2193 MiB, 8188 MiB, 43, 33.43 W
2026/09/21 02:53:33.005, NVIDIA GeForce RTX 4060 Ti, 23 %, 2197 MiB, 8188 MiB, 42, 30.49 W
2026/09/21 02:53:34.011, NVIDIA GeForce RTX 4060 Ti, 42 %, 2196 MiB, 8188 MiB, 42, 29.62 W
2026/09/21 02:53:35.016, NVIDIA GeForce RTX 4060 Ti, 29 %, 2190 MiB, 8188 MiB, 42, 27.04 W
2026/09/21 02:53:36.021, NVIDIA GeForce RTX 4060 Ti, 38 %, 2190 MiB, 8188 MiB, 42, 26.99 W
2026/09/21 02:53:37.027, NVIDIA GeForce RTX 4060 Ti, 38 %, 2194 MiB, 8188 MiB, 42, 27.67 W
2026/09/21 02:53:38.033, NVIDIA GeForce RTX 4060 Ti, 42 %, 2194 MiB, 8188 MiB, 42, 27.64 W
2026/09/21 02:53:39.039, NVIDIA GeForce RTX 4060 Ti, 36 %, 2190 MiB, 8188 MiB, 42, 29.58 W
2026/09/21 02:53:40.046, NVIDIA GeForce RTX 4060 Ti, 31 %, 2190 MiB, 8188 MiB, 42, 27.49 W
2026/09/21 02:53:41.052, NVIDIA GeForce RTX 4060 Ti, 38 %, 2194 MiB, 8188 MiB, 42, 30.36 W
2026/09/21 02:53:42.059, NVIDIA GeForce RTX 4060 Ti, 32 %, 2194 MiB, 8188 MiB, 42, 30.01 W
2026/09/21 02:53:43.066, NVIDIA GeForce RTX 4060 Ti, 24 %, 2190 MiB, 8188 MiB, 42, 32.52 W
2026/09/21 02:53:44.072, NVIDIA GeForce RTX 4060 Ti, 38 %, 2190 MiB, 8188 MiB, 42, 34.61 W
2026/09/21 02:53:45.077, NVIDIA GeForce RTX 4060 Ti, 37 %, 2194 MiB, 8188 MiB, 42, 30.10 W
2026/09/21 02:53:46.083, NVIDIA GeForce RTX 4060 Ti, 20 %, 2194 MiB, 8188 MiB, 42, 28.11 W
2026/09/21 02:53:47.089, NVIDIA GeForce RTX 4060 Ti, 43 %, 2190 MiB, 8188 MiB, 43, 30.04 W
2026/09/21 02:53:48.095, NVIDIA GeForce RTX 4060 Ti, 40 %, 2190 MiB, 8188 MiB, 43, 34.80 W
2026/09/21 02:53:49.100, NVIDIA GeForce RTX 4060 Ti, 21 %, 2195 MiB, 8188 MiB, 42, 34.91 W
2026/09/21 02:53:50.106, NVIDIA GeForce RTX 4060 Ti, 27 %, 2195 MiB, 8188 MiB, 42, 33.67 W
2026/09/21 02:53:51.111, NVIDIA GeForce RTX 4060 Ti, 30 %, 2196 MiB, 8188 MiB, 42, 29.89 W
2026/09/21 02:53:52.116, NVIDIA GeForce RTX 4060 Ti, 22 %, 2196 MiB, 8188 MiB, 43, 33.29 W
2026/09/21 02:53:53.121, NVIDIA GeForce RTX 4060 Ti, 32 %, 2196 MiB, 8188 MiB, 44, 38.85 W
2026/09/21 02:53:54.127, NVIDIA GeForce RTX 4060 Ti, 32 %, 2201 MiB, 8188 MiB, 43, 38.01 W
2026/09/21 02:53:55.133, NVIDIA GeForce RTX 4060 Ti, 37 %, 2202 MiB, 8188 MiB, 43, 32.39 W
2026/09/21 02:53:56.139, NVIDIA GeForce RTX 4060 Ti, 36 %, 2202 MiB, 8188 MiB, 42, 30.13 W
2026/09/21 02:53:57.144, NVIDIA GeForce RTX 4060 Ti, 35 %, 2202 MiB, 8188 MiB, 42, 31.46 W
2026/09/21 02:53:58.151, NVIDIA GeForce RTX 4060 Ti, 37 %, 2198 MiB, 8188 MiB, 43, 36.76 W
2026/09/21 02:53:59.157, NVIDIA GeForce RTX 4060 Ti, 24 %, 2198 MiB, 8188 MiB, 43, 34.92 W
2026/09/21 02:54:00.161, NVIDIA GeForce RTX 4060 Ti, 33 %, 2196 MiB, 8188 MiB, 43, 40.04 W
2026/09/21 02:54:01.166, NVIDIA GeForce RTX 4060 Ti, 24 %, 2196 MiB, 8188 MiB, 44, 47.70 W
2026/09/21 02:54:02.171, NVIDIA GeForce RTX 4060 Ti, 22 %, 2191 MiB, 8188 MiB, 44, 43.68 W
2026/09/21 02:54:03.177, NVIDIA GeForce RTX 4060 Ti, 32 %, 2191 MiB, 8188 MiB, 43, 39.56 W
2026/09/21 02:54:04.182, NVIDIA GeForce RTX 4060 Ti, 25 %, 2194 MiB, 8188 MiB, 43, 35.06 W
2026/09/21 02:54:05.188, NVIDIA GeForce RTX 4060 Ti, 15 %, 2196 MiB, 8188 MiB, 42, 31.95 W
2026/09/21 02:54:06.194, NVIDIA GeForce RTX 4060 Ti, 36 %, 2192 MiB, 8188 MiB, 42, 29.74 W
2026/09/21 02:54:07.200, NVIDIA GeForce RTX 4060 Ti, 38 %, 2192 MiB, 8188 MiB, 42, 27.39 W
2026/09/21 02:54:08.210, NVIDIA GeForce RTX 4060 Ti, 29 %, 2196 MiB, 8188 MiB, 42, 26.73 W
2026/09/21 02:54:09.215, NVIDIA GeForce RTX 4060 Ti, 30 %, 2196 MiB, 8188 MiB, 42, 28.84 W
2026/09/21 02:54:10.221, NVIDIA GeForce RTX 4060 Ti, 32 %, 2192 MiB, 8188 MiB, 42, 29.11 W
2026/09/21 02:54:11.227, NVIDIA GeForce RTX 4060 Ti, 34 %, 2192 MiB, 8188 MiB, 42, 28.29 W
2026/09/21 02:54:12.235, NVIDIA GeForce RTX 4060 Ti, 40 %, 2196 MiB, 8188 MiB, 43, 28.36 W
2026/09/21 02:54:13.241, NVIDIA GeForce RTX 4060 Ti, 39 %, 2196 MiB, 8188 MiB, 43, 28.54 W
2026/09/21 02:54:14.247, NVIDIA GeForce RTX 4060 Ti, 48 %, 2192 MiB, 8188 MiB, 42, 29.45 W
2026/09/21 02:54:15.263, NVIDIA GeForce RTX 4060 Ti, 24 %, 2192 MiB, 8188 MiB, 42, 33.12 W
2026/09/21 02:54:16.268, NVIDIA GeForce RTX 4060 Ti, 37 %, 2196 MiB, 8188 MiB, 43, 31.61 W
2026/09/21 02:54:17.274, NVIDIA GeForce RTX 4060 Ti, 33 %, 2196 MiB, 8188 MiB, 42, 28.09 W
2026/09/21 02:54:18.279, NVIDIA GeForce RTX 4060 Ti, 26 %, 2192 MiB, 8188 MiB, 42, 30.46 W
2026/09/21 02:54:19.285, NVIDIA GeForce RTX 4060 Ti, 33 %, 2192 MiB, 8188 MiB, 42, 31.06 W
2026/09/21 02:54:20.291, NVIDIA GeForce RTX 4060 Ti, 39 %, 2196 MiB, 8188 MiB, 43, 31.31 W
2026/09/21 02:54:21.296, NVIDIA GeForce RTX 4060 Ti, 32 %, 2196 MiB, 8188 MiB, 42, 28.38 W
2026/09/21 02:54:22.301, NVIDIA GeForce RTX 4060 Ti, 27 %, 2192 MiB, 8188 MiB, 41, 27.26 W
2026/09/21 02:54:23.306, NVIDIA GeForce RTX 4060 Ti, 39 %, 2192 MiB, 8188 MiB, 42, 27.94 W
2026/09/21 02:54:24.312, NVIDIA GeForce RTX 4060 Ti, 36 %, 2196 MiB, 8188 MiB, 42, 27.37 W
2026/09/21 02:54:25.318, NVIDIA GeForce RTX 4060 Ti, 35 %, 2196 MiB, 8188 MiB, 42, 30.94 W
2026/09/21 02:54:26.324, NVIDIA GeForce RTX 4060 Ti, 33 %, 2192 MiB, 8188 MiB, 43, 31.59 W
2026/09/21 02:54:27.330, NVIDIA GeForce RTX 4060 Ti, 29 %, 2197 MiB, 8188 MiB, 42, 32.54 W
2026/09/21 02:54:28.335, NVIDIA GeForce RTX 4060 Ti, 25 %, 2198 MiB, 8188 MiB, 42, 30.76 W
2026/09/21 02:54:29.341, NVIDIA GeForce RTX 4060 Ti, 30 %, 2198 MiB, 8188 MiB, 42, 28.14 W
2026/09/21 02:54:30.347, NVIDIA GeForce RTX 4060 Ti, 24 %, 2194 MiB, 8188 MiB, 42, 27.46 W
2026/09/21 02:54:31.352, NVIDIA GeForce RTX 4060 Ti, 40 %, 2194 MiB, 8188 MiB, 42, 28.17 W
2026/09/21 02:54:32.357, NVIDIA GeForce RTX 4060 Ti, 27 %, 2198 MiB, 8188 MiB, 42, 27.38 W
2026/09/21 02:54:33.363, NVIDIA GeForce RTX 4060 Ti, 34 %, 2198 MiB, 8188 MiB, 42, 27.82 W
2026/09/21 02:54:34.370, NVIDIA GeForce RTX 4060 Ti, 28 %, 2193 MiB, 8188 MiB, 42, 27.40 W
2026/09/21 02:54:35.375, NVIDIA GeForce RTX 4060 Ti, 34 %, 2193 MiB, 8188 MiB, 41, 26.77 W
2026/09/21 02:54:36.380, NVIDIA GeForce RTX 4060 Ti, 32 %, 2197 MiB, 8188 MiB, 42, 28.61 W
2026/09/21 02:54:37.388, NVIDIA GeForce RTX 4060 Ti, 32 %, 2197 MiB, 8188 MiB, 42, 30.01 W
2026/09/21 02:54:38.393, NVIDIA GeForce RTX 4060 Ti, 30 %, 2193 MiB, 8188 MiB, 43, 32.85 W
2026/09/21 02:54:39.398, NVIDIA GeForce RTX 4060 Ti, 29 %, 2193 MiB, 8188 MiB, 42, 32.93 W
2026/09/21 02:54:40.405, NVIDIA GeForce RTX 4060 Ti, 43 %, 2197 MiB, 8188 MiB, 43, 32.69 W
2026/09/21 02:54:41.409, NVIDIA GeForce RTX 4060 Ti, 33 %, 2197 MiB, 8188 MiB, 43, 32.30 W
2026/09/21 02:54:42.415, NVIDIA GeForce RTX 4060 Ti, 33 %, 2193 MiB, 8188 MiB, 42, 31.76 W
2026/09/21 02:54:43.422, NVIDIA GeForce RTX 4060 Ti, 34 %, 2197 MiB, 8188 MiB, 42, 27.24 W
2026/09/21 02:54:44.428, NVIDIA GeForce RTX 4060 Ti, 21 %, 2197 MiB, 8188 MiB, 42, 27.70 W
2026/09/21 02:54:45.433, NVIDIA GeForce RTX 4060 Ti, 33 %, 2193 MiB, 8188 MiB, 42, 26.91 W
2026/09/21 02:54:46.439, NVIDIA GeForce RTX 4060 Ti, 42 %, 2193 MiB, 8188 MiB, 42, 28.60 W
2026/09/21 02:54:47.455, NVIDIA GeForce RTX 4060 Ti, 43 %, 2197 MiB, 8188 MiB, 42, 29.62 W
2026/09/21 02:54:48.461, NVIDIA GeForce RTX 4060 Ti, 35 %, 2197 MiB, 8188 MiB, 42, 30.41 W
2026/09/21 02:54:49.466, NVIDIA GeForce RTX 4060 Ti, 39 %, 2198 MiB, 8188 MiB, 43, 29.68 W
2026/09/21 02:54:50.471, NVIDIA GeForce RTX 4060 Ti, 32 %, 2193 MiB, 8188 MiB, 41, 27.94 W
2026/09/21 02:54:51.478, NVIDIA GeForce RTX 4060 Ti, 32 %, 2197 MiB, 8188 MiB, 42, 28.76 W
2026/09/21 02:54:52.483, NVIDIA GeForce RTX 4060 Ti, 34 %, 2197 MiB, 8188 MiB, 42, 28.83 W
2026/09/21 02:54:53.488, NVIDIA GeForce RTX 4060 Ti, 19 %, 2193 MiB, 8188 MiB, 43, 27.59 W
2026/09/21 02:54:54.496, NVIDIA GeForce RTX 4060 Ti, 25 %, 2193 MiB, 8188 MiB, 42, 25.83 W
2026/09/21 02:54:55.501, NVIDIA GeForce RTX 4060 Ti, 38 %, 2197 MiB, 8188 MiB, 42, 27.01 W
2026/09/21 02:54:56.506, NVIDIA GeForce RTX 4060 Ti, 41 %, 2198 MiB, 8188 MiB, 42, 28.77 W
2026/09/21 02:54:57.511, NVIDIA GeForce RTX 4060 Ti, 32 %, 2199 MiB, 8188 MiB, 42, 28.92 W
2026/09/21 02:54:58.520, NVIDIA GeForce RTX 4060 Ti, 32 %, 2205 MiB, 8188 MiB, 42, 28.64 W
2026/09/21 02:54:59.526, NVIDIA GeForce RTX 4060 Ti, 35 %, 2205 MiB, 8188 MiB, 43, 31.35 W
2026/09/21 02:55:00.532, NVIDIA GeForce RTX 4060 Ti, 41 %, 2203 MiB, 8188 MiB, 42, 32.92 W
2026/09/21 02:55:01.538, NVIDIA GeForce RTX 4060 Ti, 28 %, 2199 MiB, 8188 MiB, 42, 34.22 W
2026/09/21 02:55:02.544, NVIDIA GeForce RTX 4060 Ti, 19 %, 2204 MiB, 8188 MiB, 42, 32.04 W
2026/09/21 02:55:03.549, NVIDIA GeForce RTX 4060 Ti, 34 %, 2198 MiB, 8188 MiB, 43, 31.01 W
2026/09/21 02:55:04.554, NVIDIA GeForce RTX 4060 Ti, 35 %, 2192 MiB, 8188 MiB, 43, 32.69 W
2026/09/21 02:55:05.560, NVIDIA GeForce RTX 4060 Ti, 31 %, 2192 MiB, 8188 MiB, 42, 32.35 W
2026/09/21 02:55:06.565, NVIDIA GeForce RTX 4060 Ti, 26 %, 2197 MiB, 8188 MiB, 42, 32.53 W
2026/09/21 02:55:07.570, NVIDIA GeForce RTX 4060 Ti, 28 %, 2197 MiB, 8188 MiB, 42, 35.33 W
2026/09/21 02:55:08.577, NVIDIA GeForce RTX 4060 Ti, 32 %, 2197 MiB, 8188 MiB, 44, 34.37 W
2026/09/21 02:55:09.582, NVIDIA GeForce RTX 4060 Ti, 36 %, 2191 MiB, 8188 MiB, 42, 32.81 W
2026/09/21 02:55:10.587, NVIDIA GeForce RTX 4060 Ti, 27 %, 2197 MiB, 8188 MiB, 42, 28.31 W
2026/09/21 02:55:11.593, NVIDIA GeForce RTX 4060 Ti, 17 %, 2197 MiB, 8188 MiB, 42, 33.08 W
2026/09/21 02:55:12.599, NVIDIA GeForce RTX 4060 Ti, 27 %, 2192 MiB, 8188 MiB, 42, 35.60 W
2026/09/21 02:55:13.608, NVIDIA GeForce RTX 4060 Ti, 32 %, 2192 MiB, 8188 MiB, 42, 33.60 W
2026/09/21 02:55:14.615, NVIDIA GeForce RTX 4060 Ti, 26 %, 2197 MiB, 8188 MiB, 43, 29.07 W
2026/09/21 02:55:15.620, NVIDIA GeForce RTX 4060 Ti, 30 %, 2197 MiB, 8188 MiB, 42, 32.45 W
2026/09/21 02:55:16.628, NVIDIA GeForce RTX 4060 Ti, 34 %, 2197 MiB, 8188 MiB, 42, 34.20 W
2026/09/21 02:55:17.636, NVIDIA GeForce RTX 4060 Ti, 29 %, 2192 MiB, 8188 MiB, 43, 38.84 W
2026/09/21 02:55:18.642, NVIDIA GeForce RTX 4060 Ti, 26 %, 2197 MiB, 8188 MiB, 43, 36.67 W
2026/09/21 02:55:19.647, NVIDIA GeForce RTX 4060 Ti, 26 %, 2197 MiB, 8188 MiB, 44, 43.60 W
2026/09/21 02:55:20.653, NVIDIA GeForce RTX 4060 Ti, 32 %, 2197 MiB, 8188 MiB, 44, 44.38 W
2026/09/21 02:55:21.660, NVIDIA GeForce RTX 4060 Ti, 22 %, 2192 MiB, 8188 MiB, 43, 37.78 W
2026/09/21 02:55:22.665, NVIDIA GeForce RTX 4060 Ti, 47 %, 2197 MiB, 8188 MiB, 44, 35.65 W
2026/09/21 02:55:23.671, NVIDIA GeForce RTX 4060 Ti, 0 %, 2197 MiB, 8188 MiB, 41, 30.78 W
2026/09/21 02:55:24.693, NVIDIA GeForce RTX 4060 Ti, 0 %, 2197 MiB, 8188 MiB, 41, 21.58 W
2026/09/21 02:55:25.699, NVIDIA GeForce RTX 4060 Ti, 51 %, 2596 MiB, 8188 MiB, 42, 22.54 W
2026/09/21 02:55:26.703, NVIDIA GeForce RTX 4060 Ti, 25 %, 2601 MiB, 8188 MiB, 42, 32.40 W
2026/09/21 02:55:27.709, NVIDIA GeForce RTX 4060 Ti, 32 %, 2709 MiB, 8188 MiB, 43, 33.47 W
2026/09/21 02:55:28.714, NVIDIA GeForce RTX 4060 Ti, 29 %, 2704 MiB, 8188 MiB, 42, 29.26 W
2026/09/21 02:55:29.720, NVIDIA GeForce RTX 4060 Ti, 25 %, 2832 MiB, 8188 MiB, 42, 27.86 W
2026/09/21 02:55:30.725, NVIDIA GeForce RTX 4060 Ti, 24 %, 2838 MiB, 8188 MiB, 43, 31.76 W
2026/09/21 02:55:31.731, NVIDIA GeForce RTX 4060 Ti, 28 %, 2838 MiB, 8188 MiB, 43, 36.58 W
2026/09/21 02:55:32.737, NVIDIA GeForce RTX 4060 Ti, 39 %, 2838 MiB, 8188 MiB, 43, 35.11 W
2026/09/21 02:55:33.744, NVIDIA GeForce RTX 4060 Ti, 35 %, 2833 MiB, 8188 MiB, 43, 30.79 W
2026/09/21 02:55:34.750, NVIDIA GeForce RTX 4060 Ti, 43 %, 2838 MiB, 8188 MiB, 43, 31.30 W
2026/09/21 02:55:35.754, NVIDIA GeForce RTX 4060 Ti, 31 %, 2838 MiB, 8188 MiB, 43, 34.71 W
2026/09/21 02:55:36.760, NVIDIA GeForce RTX 4060 Ti, 56 %, 2992 MiB, 8188 MiB, 44, 33.43 W
2026/09/21 02:55:37.768, NVIDIA GeForce RTX 4060 Ti, 26 %, 2992 MiB, 8188 MiB, 43, 36.54 W
2026/09/21 02:55:38.774, NVIDIA GeForce RTX 4060 Ti, 37 %, 2998 MiB, 8188 MiB, 42, 35.32 W
2026/09/21 02:55:39.779, NVIDIA GeForce RTX 4060 Ti, 29 %, 2998 MiB, 8188 MiB, 43, 33.72 W
2026/09/21 02:55:40.787, NVIDIA GeForce RTX 4060 Ti, 28 %, 2998 MiB, 8188 MiB, 42, 33.29 W
2026/09/21 02:55:41.795, NVIDIA GeForce RTX 4060 Ti, 26 %, 2992 MiB, 8188 MiB, 42, 31.49 W
2026/09/21 02:55:42.799, NVIDIA GeForce RTX 4060 Ti, 39 %, 2997 MiB, 8188 MiB, 42, 29.40 W
2026/09/21 02:55:43.805, NVIDIA GeForce RTX 4060 Ti, 47 %, 2998 MiB, 8188 MiB, 43, 31.89 W
2026/09/21 02:55:44.810, NVIDIA GeForce RTX 4060 Ti, 23 %, 2998 MiB, 8188 MiB, 42, 32.44 W
2026/09/21 02:55:45.815, NVIDIA GeForce RTX 4060 Ti, 22 %, 2992 MiB, 8188 MiB, 42, 31.58 W
2026/09/21 02:55:46.821, NVIDIA GeForce RTX 4060 Ti, 37 %, 2997 MiB, 8188 MiB, 42, 28.54 W
2026/09/21 02:55:47.828, NVIDIA GeForce RTX 4060 Ti, 32 %, 2997 MiB, 8188 MiB, 42, 33.32 W
2026/09/21 02:55:48.834, NVIDIA GeForce RTX 4060 Ti, 40 %, 2997 MiB, 8188 MiB, 43, 36.77 W
2026/09/21 02:55:49.840, NVIDIA GeForce RTX 4060 Ti, 31 %, 2992 MiB, 8188 MiB, 42, 36.92 W
2026/09/21 02:55:50.846, NVIDIA GeForce RTX 4060 Ti, 40 %, 2997 MiB, 8188 MiB, 43, 38.43 W
2026/09/21 02:55:51.851, NVIDIA GeForce RTX 4060 Ti, 33 %, 2997 MiB, 8188 MiB, 43, 35.10 W
2026/09/21 02:55:52.856, NVIDIA GeForce RTX 4060 Ti, 36 %, 2992 MiB, 8188 MiB, 42, 37.68 W
2026/09/21 02:55:53.864, NVIDIA GeForce RTX 4060 Ti, 36 %, 2992 MiB, 8188 MiB, 43, 36.29 W
2026/09/21 02:55:54.869, NVIDIA GeForce RTX 4060 Ti, 23 %, 2997 MiB, 8188 MiB, 43, 34.33 W
2026/09/21 02:55:55.874, NVIDIA GeForce RTX 4060 Ti, 30 %, 2997 MiB, 8188 MiB, 42, 32.21 W
2026/09/21 02:55:56.881, NVIDIA GeForce RTX 4060 Ti, 29 %, 2997 MiB, 8188 MiB, 42, 31.70 W
2026/09/21 02:55:57.886, NVIDIA GeForce RTX 4060 Ti, 37 %, 2992 MiB, 8188 MiB, 42, 29.04 W
2026/09/21 02:55:58.893, NVIDIA GeForce RTX 4060 Ti, 39 %, 2997 MiB, 8188 MiB, 42, 30.73 W
2026/09/21 02:55:59.899, NVIDIA GeForce RTX 4060 Ti, 36 %, 2998 MiB, 8188 MiB, 42, 29.62 W
2026/09/21 02:56:00.907, NVIDIA GeForce RTX 4060 Ti, 35 %, 3001 MiB, 8188 MiB, 43, 29.83 W
2026/09/21 02:56:01.912, NVIDIA GeForce RTX 4060 Ti, 47 %, 2995 MiB, 8188 MiB, 42, 31.23 W
2026/09/21 02:56:02.917, NVIDIA GeForce RTX 4060 Ti, 33 %, 2999 MiB, 8188 MiB, 43, 36.51 W
2026/09/21 02:56:03.923, NVIDIA GeForce RTX 4060 Ti, 51 %, 2999 MiB, 8188 MiB, 43, 37.69 W
2026/09/21 02:56:04.927, NVIDIA GeForce RTX 4060 Ti, 23 %, 2995 MiB, 8188 MiB, 42, 35.76 W
2026/09/21 02:56:05.933, NVIDIA GeForce RTX 4060 Ti, 30 %, 2992 MiB, 8188 MiB, 43, 38.17 W
2026/09/21 02:56:06.938, NVIDIA GeForce RTX 4060 Ti, 20 %, 2996 MiB, 8188 MiB, 42, 35.35 W
2026/09/21 02:56:07.944, NVIDIA GeForce RTX 4060 Ti, 15 %, 2996 MiB, 8188 MiB, 42, 34.19 W
2026/09/21 02:56:08.950, NVIDIA GeForce RTX 4060 Ti, 30 %, 2992 MiB, 8188 MiB, 42, 35.89 W
2026/09/21 02:56:09.961, NVIDIA GeForce RTX 4060 Ti, 36 %, 2992 MiB, 8188 MiB, 43, 34.58 W
2026/09/21 02:56:10.966, NVIDIA GeForce RTX 4060 Ti, 32 %, 2996 MiB, 8188 MiB, 42, 34.04 W
2026/09/21 02:56:11.976, NVIDIA GeForce RTX 4060 Ti, 19 %, 2996 MiB, 8188 MiB, 42, 33.94 W
2026/09/21 02:56:12.982, NVIDIA GeForce RTX 4060 Ti, 34 %, 2991 MiB, 8188 MiB, 42, 31.31 W
2026/09/21 02:56:13.986, NVIDIA GeForce RTX 4060 Ti, 23 %, 2991 MiB, 8188 MiB, 42, 28.73 W
2026/09/21 02:56:14.991, NVIDIA GeForce RTX 4060 Ti, 23 %, 2995 MiB, 8188 MiB, 44, 36.00 W
2026/09/21 02:56:15.996, NVIDIA GeForce RTX 4060 Ti, 34 %, 2995 MiB, 8188 MiB, 43, 39.43 W
2026/09/21 02:56:17.001, NVIDIA GeForce RTX 4060 Ti, 26 %, 2991 MiB, 8188 MiB, 43, 37.88 W
2026/09/21 02:56:18.007, NVIDIA GeForce RTX 4060 Ti, 23 %, 2991 MiB, 8188 MiB, 42, 33.60 W
2026/09/21 02:56:19.017, NVIDIA GeForce RTX 4060 Ti, 27 %, 2995 MiB, 8188 MiB, 42, 32.17 W
2026/09/21 02:56:20.023, NVIDIA GeForce RTX 4060 Ti, 38 %, 2995 MiB, 8188 MiB, 43, 32.76 W
2026/09/21 02:56:21.030, NVIDIA GeForce RTX 4060 Ti, 27 %, 2991 MiB, 8188 MiB, 42, 32.53 W
2026/09/21 02:56:22.035, NVIDIA GeForce RTX 4060 Ti, 32 %, 2991 MiB, 8188 MiB, 42, 28.13 W
2026/09/21 02:56:23.042, NVIDIA GeForce RTX 4060 Ti, 22 %, 2995 MiB, 8188 MiB, 43, 31.82 W
2026/09/21 02:56:24.048, NVIDIA GeForce RTX 4060 Ti, 32 %, 2995 MiB, 8188 MiB, 43, 34.99 W
2026/09/21 02:56:25.054, NVIDIA GeForce RTX 4060 Ti, 27 %, 2991 MiB, 8188 MiB, 42, 34.84 W
2026/09/21 02:56:26.061, NVIDIA GeForce RTX 4060 Ti, 33 %, 2991 MiB, 8188 MiB, 43, 34.23 W
2026/09/21 02:56:27.067, NVIDIA GeForce RTX 4060 Ti, 39 %, 2995 MiB, 8188 MiB, 43, 35.58 W
2026/09/21 02:56:28.076, NVIDIA GeForce RTX 4060 Ti, 32 %, 2995 MiB, 8188 MiB, 44, 36.65 W
2026/09/21 02:56:29.084, NVIDIA GeForce RTX 4060 Ti, 48 %, 2991 MiB, 8188 MiB, 43, 37.18 W
2026/09/21 02:56:30.090, NVIDIA GeForce RTX 4060 Ti, 30 %, 2991 MiB, 8188 MiB, 43, 40.98 W
2026/09/21 02:56:31.095, NVIDIA GeForce RTX 4060 Ti, 24 %, 2995 MiB, 8188 MiB, 43, 36.12 W
2026/09/21 02:56:32.102, NVIDIA GeForce RTX 4060 Ti, 31 %, 2995 MiB, 8188 MiB, 43, 36.66 W
2026/09/21 02:56:33.109, NVIDIA GeForce RTX 4060 Ti, 24 %, 2997 MiB, 8188 MiB, 43, 37.72 W
2026/09/21 02:56:34.113, NVIDIA GeForce RTX 4060 Ti, 33 %, 2997 MiB, 8188 MiB, 43, 39.97 W
2026/09/21 02:56:35.118, NVIDIA GeForce RTX 4060 Ti, 31 %, 2997 MiB, 8188 MiB, 43, 34.54 W
2026/09/21 02:56:36.124, NVIDIA GeForce RTX 4060 Ti, 28 %, 2997 MiB, 8188 MiB, 43, 36.84 W
2026/09/21 02:56:37.132, NVIDIA GeForce RTX 4060 Ti, 31 %, 2993 MiB, 8188 MiB, 44, 40.72 W
2026/09/21 02:56:38.137, NVIDIA GeForce RTX 4060 Ti, 20 %, 2993 MiB, 8188 MiB, 43, 42.08 W
2026/09/21 02:56:39.142, NVIDIA GeForce RTX 4060 Ti, 40 %, 2997 MiB, 8188 MiB, 44, 42.24 W
2026/09/21 02:56:40.148, NVIDIA GeForce RTX 4060 Ti, 26 %, 2997 MiB, 8188 MiB, 43, 35.28 W
2026/09/21 02:56:41.153, NVIDIA GeForce RTX 4060 Ti, 45 %, 2993 MiB, 8188 MiB, 45, 38.01 W
2026/09/21 02:56:42.158, NVIDIA GeForce RTX 4060 Ti, 33 %, 2993 MiB, 8188 MiB, 43, 37.11 W
2026/09/21 02:56:43.164, NVIDIA GeForce RTX 4060 Ti, 38 %, 2997 MiB, 8188 MiB, 44, 42.69 W
2026/09/21 02:56:44.169, NVIDIA GeForce RTX 4060 Ti, 23 %, 2997 MiB, 8188 MiB, 43, 40.00 W
2026/09/21 02:56:45.174, NVIDIA GeForce RTX 4060 Ti, 28 %, 2991 MiB, 8188 MiB, 43, 36.01 W
2026/09/21 02:56:46.180, NVIDIA GeForce RTX 4060 Ti, 20 %, 2991 MiB, 8188 MiB, 43, 34.03 W
2026/09/21 02:56:47.185, NVIDIA GeForce RTX 4060 Ti, 33 %, 2995 MiB, 8188 MiB, 43, 34.99 W
2026/09/21 02:56:48.190, NVIDIA GeForce RTX 4060 Ti, 46 %, 3161 MiB, 8188 MiB, 44, 39.70 W
2026/09/21 02:56:49.196, NVIDIA GeForce RTX 4060 Ti, 32 %, 3343 MiB, 8188 MiB, 47, 61.26 W
2026/09/21 02:56:50.201, NVIDIA GeForce RTX 4060 Ti, 32 %, 3343 MiB, 8188 MiB, 49, 60.94 W
2026/09/21 02:56:51.215, NVIDIA GeForce RTX 4060 Ti, 42 %, 3347 MiB, 8188 MiB, 44, 51.73 W
2026/09/21 02:56:52.221, NVIDIA GeForce RTX 4060 Ti, 24 %, 3347 MiB, 8188 MiB, 46, 58.50 W
2026/09/21 02:56:53.227, NVIDIA GeForce RTX 4060 Ti, 19 %, 3343 MiB, 8188 MiB, 45, 57.75 W
2026/09/21 02:56:54.232, NVIDIA GeForce RTX 4060 Ti, 39 %, 3347 MiB, 8188 MiB, 45, 45.83 W
2026/09/21 02:56:55.239, NVIDIA GeForce RTX 4060 Ti, 17 %, 3347 MiB, 8188 MiB, 44, 41.00 W
2026/09/21 02:56:56.244, NVIDIA GeForce RTX 4060 Ti, 0 %, 1313 MiB, 8188 MiB, 43, 33.53 W
2026/09/21 02:56:57.266, NVIDIA GeForce RTX 4060 Ti, 49 %, 2045 MiB, 8188 MiB, 42, 24.20 W
2026/09/21 02:56:58.272, NVIDIA GeForce RTX 4060 Ti, 20 %, 2051 MiB, 8188 MiB, 42, 27.51 W
2026/09/21 02:56:59.277, NVIDIA GeForce RTX 4060 Ti, 31 %, 2093 MiB, 8188 MiB, 43, 26.94 W
2026/09/21 02:57:00.283, NVIDIA GeForce RTX 4060 Ti, 40 %, 2089 MiB, 8188 MiB, 43, 27.61 W
2026/09/21 02:57:01.288, NVIDIA GeForce RTX 4060 Ti, 27 %, 2145 MiB, 8188 MiB, 43, 27.82 W
2026/09/21 02:57:02.295, NVIDIA GeForce RTX 4060 Ti, 31 %, 2145 MiB, 8188 MiB, 43, 32.08 W
2026/09/21 02:57:03.300, NVIDIA GeForce RTX 4060 Ti, 23 %, 2152 MiB, 8188 MiB, 43, 32.68 W
2026/09/21 02:57:04.304, NVIDIA GeForce RTX 4060 Ti, 42 %, 2152 MiB, 8188 MiB, 43, 29.06 W
2026/09/21 02:57:05.311, NVIDIA GeForce RTX 4060 Ti, 38 %, 2151 MiB, 8188 MiB, 43, 28.47 W
2026/09/21 02:57:06.317, NVIDIA GeForce RTX 4060 Ti, 39 %, 2151 MiB, 8188 MiB, 43, 30.03 W
2026/09/21 02:57:07.321, NVIDIA GeForce RTX 4060 Ti, 47 %, 2213 MiB, 8188 MiB, 44, 29.86 W
2026/09/21 02:57:08.327, NVIDIA GeForce RTX 4060 Ti, 29 %, 2206 MiB, 8188 MiB, 43, 32.94 W
2026/09/21 02:57:09.332, NVIDIA GeForce RTX 4060 Ti, 38 %, 2205 MiB, 8188 MiB, 42, 31.57 W
2026/09/21 02:57:10.338, NVIDIA GeForce RTX 4060 Ti, 28 %, 2209 MiB, 8188 MiB, 43, 28.29 W
2026/09/21 02:57:11.343, NVIDIA GeForce RTX 4060 Ti, 24 %, 2209 MiB, 8188 MiB, 43, 27.31 W
2026/09/21 02:57:12.348, NVIDIA GeForce RTX 4060 Ti, 33 %, 2205 MiB, 8188 MiB, 42, 26.22 W
2026/09/21 02:57:13.353, NVIDIA GeForce RTX 4060 Ti, 36 %, 2205 MiB, 8188 MiB, 43, 28.16 W
2026/09/21 02:57:14.359, NVIDIA GeForce RTX 4060 Ti, 37 %, 2209 MiB, 8188 MiB, 42, 27.51 W
2026/09/21 02:57:15.365, NVIDIA GeForce RTX 4060 Ti, 34 %, 2209 MiB, 8188 MiB, 42, 26.55 W
2026/09/21 02:57:16.370, NVIDIA GeForce RTX 4060 Ti, 42 %, 2205 MiB, 8188 MiB, 43, 29.46 W
2026/09/21 02:57:17.377, NVIDIA GeForce RTX 4060 Ti, 38 %, 2205 MiB, 8188 MiB, 42, 33.73 W
2026/09/21 02:57:18.382, NVIDIA GeForce RTX 4060 Ti, 28 %, 2209 MiB, 8188 MiB, 43, 33.63 W
2026/09/21 02:57:19.387, NVIDIA GeForce RTX 4060 Ti, 22 %, 2209 MiB, 8188 MiB, 43, 34.51 W
2026/09/21 02:57:20.393, NVIDIA GeForce RTX 4060 Ti, 29 %, 2205 MiB, 8188 MiB, 43, 33.15 W
2026/09/21 02:57:21.403, NVIDIA GeForce RTX 4060 Ti, 34 %, 2205 MiB, 8188 MiB, 43, 30.77 W
2026/09/21 02:57:22.409, NVIDIA GeForce RTX 4060 Ti, 27 %, 2209 MiB, 8188 MiB, 43, 28.97 W
2026/09/21 02:57:23.416, NVIDIA GeForce RTX 4060 Ti, 27 %, 2209 MiB, 8188 MiB, 43, 28.42 W
2026/09/21 02:57:24.421, NVIDIA GeForce RTX 4060 Ti, 28 %, 2205 MiB, 8188 MiB, 43, 27.38 W
2026/09/21 02:57:25.427, NVIDIA GeForce RTX 4060 Ti, 37 %, 2205 MiB, 8188 MiB, 42, 28.10 W
2026/09/21 02:57:26.433, NVIDIA GeForce RTX 4060 Ti, 25 %, 2209 MiB, 8188 MiB, 43, 28.28 W
2026/09/21 02:57:27.439, NVIDIA GeForce RTX 4060 Ti, 30 %, 2209 MiB, 8188 MiB, 42, 28.87 W
2026/09/21 02:57:28.444, NVIDIA GeForce RTX 4060 Ti, 42 %, 2205 MiB, 8188 MiB, 43, 28.14 W
2026/09/21 02:57:29.450, NVIDIA GeForce RTX 4060 Ti, 29 %, 2205 MiB, 8188 MiB, 43, 32.62 W
2026/09/21 02:57:30.456, NVIDIA GeForce RTX 4060 Ti, 27 %, 2209 MiB, 8188 MiB, 43, 35.20 W
2026/09/21 02:57:31.461, NVIDIA GeForce RTX 4060 Ti, 33 %, 2209 MiB, 8188 MiB, 43, 33.68 W
2026/09/21 02:57:32.466, NVIDIA GeForce RTX 4060 Ti, 28 %, 2205 MiB, 8188 MiB, 44, 33.26 W
2026/09/21 02:57:33.472, NVIDIA GeForce RTX 4060 Ti, 31 %, 2205 MiB, 8188 MiB, 42, 28.86 W
2026/09/21 02:57:34.477, NVIDIA GeForce RTX 4060 Ti, 32 %, 2209 MiB, 8188 MiB, 43, 27.57 W
2026/09/21 02:57:35.483, NVIDIA GeForce RTX 4060 Ti, 33 %, 2210 MiB, 8188 MiB, 42, 27.30 W
2026/09/21 02:57:36.488, NVIDIA GeForce RTX 4060 Ti, 32 %, 2210 MiB, 8188 MiB, 43, 27.94 W
2026/09/21 02:57:37.495, NVIDIA GeForce RTX 4060 Ti, 32 %, 2204 MiB, 8188 MiB, 42, 28.40 W
2026/09/21 02:57:38.501, NVIDIA GeForce RTX 4060 Ti, 29 %, 2209 MiB, 8188 MiB, 42, 28.56 W
2026/09/21 02:57:39.507, NVIDIA GeForce RTX 4060 Ti, 23 %, 2209 MiB, 8188 MiB, 43, 30.05 W
2026/09/21 02:57:40.515, NVIDIA GeForce RTX 4060 Ti, 29 %, 2205 MiB, 8188 MiB, 43, 34.87 W
2026/09/21 02:57:41.520, NVIDIA GeForce RTX 4060 Ti, 40 %, 2205 MiB, 8188 MiB, 43, 34.94 W
2026/09/21 02:57:42.526, NVIDIA GeForce RTX 4060 Ti, 32 %, 2209 MiB, 8188 MiB, 43, 30.09 W
2026/09/21 02:57:43.532, NVIDIA GeForce RTX 4060 Ti, 26 %, 2209 MiB, 8188 MiB, 42, 27.51 W
2026/09/21 02:57:44.537, NVIDIA GeForce RTX 4060 Ti, 30 %, 2205 MiB, 8188 MiB, 43, 28.68 W
2026/09/21 02:57:45.542, NVIDIA GeForce RTX 4060 Ti, 27 %, 2205 MiB, 8188 MiB, 42, 27.50 W
2026/09/21 02:57:46.548, NVIDIA GeForce RTX 4060 Ti, 47 %, 2209 MiB, 8188 MiB, 42, 27.98 W
2026/09/21 02:57:47.553, NVIDIA GeForce RTX 4060 Ti, 32 %, 2209 MiB, 8188 MiB, 43, 28.91 W
2026/09/21 02:57:48.559, NVIDIA GeForce RTX 4060 Ti, 29 %, 2204 MiB, 8188 MiB, 43, 29.17 W
2026/09/21 02:57:49.564, NVIDIA GeForce RTX 4060 Ti, 36 %, 2204 MiB, 8188 MiB, 42, 30.83 W
2026/09/21 02:57:50.570, NVIDIA GeForce RTX 4060 Ti, 26 %, 2209 MiB, 8188 MiB, 42, 30.48 W
2026/09/21 02:57:51.576, NVIDIA GeForce RTX 4060 Ti, 32 %, 2209 MiB, 8188 MiB, 43, 34.86 W
2026/09/21 02:57:52.582, NVIDIA GeForce RTX 4060 Ti, 26 %, 2204 MiB, 8188 MiB, 43, 35.13 W
2026/09/21 02:57:53.588, NVIDIA GeForce RTX 4060 Ti, 38 %, 2204 MiB, 8188 MiB, 43, 33.62 W
2026/09/21 02:57:54.593, NVIDIA GeForce RTX 4060 Ti, 36 %, 2209 MiB, 8188 MiB, 43, 33.28 W
2026/09/21 02:57:55.598, NVIDIA GeForce RTX 4060 Ti, 29 %, 2209 MiB, 8188 MiB, 43, 33.07 W
2026/09/21 02:57:56.605, NVIDIA GeForce RTX 4060 Ti, 25 %, 2204 MiB, 8188 MiB, 42, 28.44 W
2026/09/21 02:57:57.610, NVIDIA GeForce RTX 4060 Ti, 29 %, 2204 MiB, 8188 MiB, 42, 29.03 W
2026/09/21 02:57:58.617, NVIDIA GeForce RTX 4060 Ti, 32 %, 2209 MiB, 8188 MiB, 43, 30.70 W
2026/09/21 02:57:59.623, NVIDIA GeForce RTX 4060 Ti, 35 %, 2209 MiB, 8188 MiB, 43, 34.87 W
2026/09/21 02:58:00.629, NVIDIA GeForce RTX 4060 Ti, 23 %, 2204 MiB, 8188 MiB, 42, 32.70 W
2026/09/21 02:58:01.634, NVIDIA GeForce RTX 4060 Ti, 23 %, 2204 MiB, 8188 MiB, 42, 32.23 W
2026/09/21 02:58:02.639, NVIDIA GeForce RTX 4060 Ti, 22 %, 2209 MiB, 8188 MiB, 43, 34.22 W
2026/09/21 02:58:03.645, NVIDIA GeForce RTX 4060 Ti, 25 %, 2209 MiB, 8188 MiB, 43, 35.05 W
2026/09/21 02:58:04.651, NVIDIA GeForce RTX 4060 Ti, 29 %, 2210 MiB, 8188 MiB, 42, 34.94 W
2026/09/21 02:58:05.655, NVIDIA GeForce RTX 4060 Ti, 34 %, 2210 MiB, 8188 MiB, 42, 29.39 W
2026/09/21 02:58:06.660, NVIDIA GeForce RTX 4060 Ti, 23 %, 2210 MiB, 8188 MiB, 43, 30.76 W
2026/09/21 02:58:07.664, NVIDIA GeForce RTX 4060 Ti, 35 %, 2210 MiB, 8188 MiB, 43, 34.65 W
2026/09/21 02:58:08.671, NVIDIA GeForce RTX 4060 Ti, 34 %, 2272 MiB, 8188 MiB, 44, 38.42 W
2026/09/21 02:58:09.676, NVIDIA GeForce RTX 4060 Ti, 30 %, 2272 MiB, 8188 MiB, 44, 39.63 W
2026/09/21 02:58:10.682, NVIDIA GeForce RTX 4060 Ti, 32 %, 2276 MiB, 8188 MiB, 43, 43.75 W
2026/09/21 02:58:11.687, NVIDIA GeForce RTX 4060 Ti, 26 %, 2276 MiB, 8188 MiB, 44, 43.71 W
2026/09/21 02:58:12.693, NVIDIA GeForce RTX 4060 Ti, 27 %, 2271 MiB, 8188 MiB, 43, 38.44 W
2026/09/21 02:58:13.698, NVIDIA GeForce RTX 4060 Ti, 26 %, 2271 MiB, 8188 MiB, 43, 35.34 W
2026/09/21 02:58:14.704, NVIDIA GeForce RTX 4060 Ti, 20 %, 2276 MiB, 8188 MiB, 43, 37.13 W
2026/09/21 02:58:15.712, NVIDIA GeForce RTX 4060 Ti, 20 %, 2276 MiB, 8188 MiB, 43, 33.63 W
2026/09/21 02:58:16.717, NVIDIA GeForce RTX 4060 Ti, 31 %, 2270 MiB, 8188 MiB, 43, 28.28 W
2026/09/21 02:58:17.723, NVIDIA GeForce RTX 4060 Ti, 22 %, 2270 MiB, 8188 MiB, 42, 26.77 W
2026/09/21 02:58:18.728, NVIDIA GeForce RTX 4060 Ti, 49 %, 2275 MiB, 8188 MiB, 43, 29.07 W
2026/09/21 02:58:19.734, NVIDIA GeForce RTX 4060 Ti, 27 %, 2275 MiB, 8188 MiB, 43, 28.58 W
2026/09/21 02:58:20.738, NVIDIA GeForce RTX 4060 Ti, 33 %, 2270 MiB, 8188 MiB, 42, 28.08 W
2026/09/21 02:58:21.745, NVIDIA GeForce RTX 4060 Ti, 20 %, 2270 MiB, 8188 MiB, 42, 28.54 W
2026/09/21 02:58:22.751, NVIDIA GeForce RTX 4060 Ti, 39 %, 2275 MiB, 8188 MiB, 43, 29.37 W
2026/09/21 02:58:23.756, NVIDIA GeForce RTX 4060 Ti, 29 %, 2275 MiB, 8188 MiB, 42, 32.51 W
2026/09/21 02:58:24.763, NVIDIA GeForce RTX 4060 Ti, 25 %, 2270 MiB, 8188 MiB, 43, 33.70 W
2026/09/21 02:58:25.769, NVIDIA GeForce RTX 4060 Ti, 33 %, 2277 MiB, 8188 MiB, 43, 31.59 W
2026/09/21 02:58:26.782, NVIDIA GeForce RTX 4060 Ti, 41 %, 2282 MiB, 8188 MiB, 42, 28.53 W
2026/09/21 02:58:27.787, NVIDIA GeForce RTX 4060 Ti, 39 %, 2282 MiB, 8188 MiB, 42, 27.77 W
2026/09/21 02:58:28.793, NVIDIA GeForce RTX 4060 Ti, 41 %, 2277 MiB, 8188 MiB, 42, 28.49 W
2026/09/21 02:58:29.798, NVIDIA GeForce RTX 4060 Ti, 37 %, 2277 MiB, 8188 MiB, 43, 28.69 W
2026/09/21 02:58:30.803, NVIDIA GeForce RTX 4060 Ti, 31 %, 2282 MiB, 8188 MiB, 42, 28.36 W
2026/09/21 02:58:31.809, NVIDIA GeForce RTX 4060 Ti, 28 %, 2279 MiB, 8188 MiB, 42, 26.22 W
2026/09/21 02:58:32.814, NVIDIA GeForce RTX 4060 Ti, 26 %, 2274 MiB, 8188 MiB, 42, 26.15 W
2026/09/21 02:58:33.818, NVIDIA GeForce RTX 4060 Ti, 26 %, 2274 MiB, 8188 MiB, 43, 32.24 W
2026/09/21 02:58:34.823, NVIDIA GeForce RTX 4060 Ti, 36 %, 2278 MiB, 8188 MiB, 43, 36.19 W
2026/09/21 02:58:35.829, NVIDIA GeForce RTX 4060 Ti, 29 %, 2277 MiB, 8188 MiB, 43, 35.04 W
2026/09/21 02:58:36.834, NVIDIA GeForce RTX 4060 Ti, 30 %, 2273 MiB, 8188 MiB, 43, 34.43 W
2026/09/21 02:58:37.839, NVIDIA GeForce RTX 4060 Ti, 33 %, 2278 MiB, 8188 MiB, 43, 32.83 W
2026/09/21 02:58:38.845, NVIDIA GeForce RTX 4060 Ti, 25 %, 2279 MiB, 8188 MiB, 42, 29.15 W
2026/09/21 02:58:39.851, NVIDIA GeForce RTX 4060 Ti, 36 %, 2279 MiB, 8188 MiB, 43, 29.30 W
2026/09/21 02:58:40.856, NVIDIA GeForce RTX 4060 Ti, 39 %, 2279 MiB, 8188 MiB, 43, 27.78 W
2026/09/21 02:58:41.862, NVIDIA GeForce RTX 4060 Ti, 29 %, 2274 MiB, 8188 MiB, 42, 26.43 W
2026/09/21 02:58:42.867, NVIDIA GeForce RTX 4060 Ti, 41 %, 2278 MiB, 8188 MiB, 43, 28.55 W
2026/09/21 02:58:43.878, NVIDIA GeForce RTX 4060 Ti, 34 %, 2278 MiB, 8188 MiB, 42, 27.69 W
2026/09/21 02:58:44.884, NVIDIA GeForce RTX 4060 Ti, 29 %, 2274 MiB, 8188 MiB, 42, 28.67 W
2026/09/21 02:58:45.890, NVIDIA GeForce RTX 4060 Ti, 35 %, 2274 MiB, 8188 MiB, 44, 32.38 W
2026/09/21 02:58:46.897, NVIDIA GeForce RTX 4060 Ti, 33 %, 2278 MiB, 8188 MiB, 43, 32.16 W
2026/09/21 02:58:47.902, NVIDIA GeForce RTX 4060 Ti, 38 %, 2278 MiB, 8188 MiB, 42, 31.17 W
2026/09/21 02:58:48.908, NVIDIA GeForce RTX 4060 Ti, 31 %, 2273 MiB, 8188 MiB, 43, 28.96 W
2026/09/21 02:58:49.913, NVIDIA GeForce RTX 4060 Ti, 26 %, 2273 MiB, 8188 MiB, 42, 31.85 W
2026/09/21 02:58:50.918, NVIDIA GeForce RTX 4060 Ti, 26 %, 2278 MiB, 8188 MiB, 42, 32.62 W
2026/09/21 02:58:51.927, NVIDIA GeForce RTX 4060 Ti, 27 %, 2278 MiB, 8188 MiB, 42, 28.77 W
2026/09/21 02:58:52.932, NVIDIA GeForce RTX 4060 Ti, 34 %, 2273 MiB, 8188 MiB, 42, 27.76 W
2026/09/21 02:58:53.942, NVIDIA GeForce RTX 4060 Ti, 38 %, 2273 MiB, 8188 MiB, 42, 28.68 W
2026/09/21 02:58:54.949, NVIDIA GeForce RTX 4060 Ti, 33 %, 2277 MiB, 8188 MiB, 42, 27.94 W
2026/09/21 02:58:55.954, NVIDIA GeForce RTX 4060 Ti, 39 %, 2277 MiB, 8188 MiB, 42, 28.65 W
2026/09/21 02:58:56.959, NVIDIA GeForce RTX 4060 Ti, 40 %, 2273 MiB, 8188 MiB, 43, 31.87 W
2026/09/21 02:58:57.971, NVIDIA GeForce RTX 4060 Ti, 30 %, 2273 MiB, 8188 MiB, 43, 33.66 W
2026/09/21 02:58:58.980, NVIDIA GeForce RTX 4060 Ti, 32 %, 2277 MiB, 8188 MiB, 43, 34.65 W
2026/09/21 02:58:59.985, NVIDIA GeForce RTX 4060 Ti, 24 %, 2277 MiB, 8188 MiB, 42, 31.98 W
2026/09/21 02:59:00.991, NVIDIA GeForce RTX 4060 Ti, 39 %, 2272 MiB, 8188 MiB, 43, 28.95 W
2026/09/21 02:59:01.995, NVIDIA GeForce RTX 4060 Ti, 28 %, 2272 MiB, 8188 MiB, 42, 27.81 W
2026/09/21 02:59:03.001, NVIDIA GeForce RTX 4060 Ti, 44 %, 2277 MiB, 8188 MiB, 42, 27.42 W
2026/09/21 02:59:04.008, NVIDIA GeForce RTX 4060 Ti, 39 %, 2277 MiB, 8188 MiB, 42, 28.89 W
2026/09/21 02:59:05.013, NVIDIA GeForce RTX 4060 Ti, 36 %, 2272 MiB, 8188 MiB, 42, 29.06 W
2026/09/21 02:59:06.018, NVIDIA GeForce RTX 4060 Ti, 40 %, 2272 MiB, 8188 MiB, 43, 30.16 W
2026/09/21 02:59:07.024, NVIDIA GeForce RTX 4060 Ti, 33 %, 2278 MiB, 8188 MiB, 42, 29.17 W
2026/09/21 02:59:08.028, NVIDIA GeForce RTX 4060 Ti, 41 %, 2281 MiB, 8188 MiB, 42, 28.84 W
2026/09/21 02:59:09.034, NVIDIA GeForce RTX 4060 Ti, 35 %, 2281 MiB, 8188 MiB, 42, 29.44 W
2026/09/21 02:59:10.040, NVIDIA GeForce RTX 4060 Ti, 26 %, 2276 MiB, 8188 MiB, 42, 32.16 W
2026/09/21 02:59:11.045, NVIDIA GeForce RTX 4060 Ti, 30 %, 2280 MiB, 8188 MiB, 42, 32.69 W
2026/09/21 02:59:12.050, NVIDIA GeForce RTX 4060 Ti, 28 %, 2280 MiB, 8188 MiB, 43, 33.21 W
2026/09/21 02:59:13.055, NVIDIA GeForce RTX 4060 Ti, 28 %, 2273 MiB, 8188 MiB, 42, 33.29 W
2026/09/21 02:59:14.062, NVIDIA GeForce RTX 4060 Ti, 41 %, 2273 MiB, 8188 MiB, 42, 29.80 W
2026/09/21 02:59:15.067, NVIDIA GeForce RTX 4060 Ti, 35 %, 2277 MiB, 8188 MiB, 42, 30.37 W
2026/09/21 02:59:16.077, NVIDIA GeForce RTX 4060 Ti, 28 %, 2277 MiB, 8188 MiB, 43, 36.90 W
2026/09/21 02:59:17.081, NVIDIA GeForce RTX 4060 Ti, 27 %, 2271 MiB, 8188 MiB, 43, 35.05 W
2026/09/21 02:59:18.088, NVIDIA GeForce RTX 4060 Ti, 27 %, 2271 MiB, 8188 MiB, 43, 31.64 W
2026/09/21 02:59:19.094, NVIDIA GeForce RTX 4060 Ti, 28 %, 2275 MiB, 8188 MiB, 42, 32.35 W
2026/09/21 02:59:20.099, NVIDIA GeForce RTX 4060 Ti, 29 %, 2275 MiB, 8188 MiB, 43, 35.28 W
2026/09/21 02:59:21.105, NVIDIA GeForce RTX 4060 Ti, 32 %, 2271 MiB, 8188 MiB, 43, 36.96 W
2026/09/21 02:59:22.110, NVIDIA GeForce RTX 4060 Ti, 25 %, 2271 MiB, 8188 MiB, 42, 31.20 W
2026/09/21 02:59:23.118, NVIDIA GeForce RTX 4060 Ti, 27 %, 2275 MiB, 8188 MiB, 42, 28.84 W
2026/09/21 02:59:24.123, NVIDIA GeForce RTX 4060 Ti, 35 %, 2275 MiB, 8188 MiB, 42, 31.36 W
2026/09/21 02:59:25.132, NVIDIA GeForce RTX 4060 Ti, 38 %, 2271 MiB, 8188 MiB, 43, 35.87 W
2026/09/21 02:59:26.136, NVIDIA GeForce RTX 4060 Ti, 22 %, 2271 MiB, 8188 MiB, 43, 39.37 W
2026/09/21 02:59:27.144, NVIDIA GeForce RTX 4060 Ti, 31 %, 2275 MiB, 8188 MiB, 43, 39.73 W
2026/09/21 02:59:28.148, NVIDIA GeForce RTX 4060 Ti, 33 %, 2275 MiB, 8188 MiB, 44, 45.16 W
2026/09/21 02:59:29.157, NVIDIA GeForce RTX 4060 Ti, 19 %, 2271 MiB, 8188 MiB, 44, 41.59 W
2026/09/21 02:59:30.163, NVIDIA GeForce RTX 4060 Ti, 30 %, 2271 MiB, 8188 MiB, 44, 41.46 W
2026/09/21 02:59:31.168, NVIDIA GeForce RTX 4060 Ti, 36 %, 2275 MiB, 8188 MiB, 44, 40.90 W
2026/09/21 02:59:32.175, NVIDIA GeForce RTX 4060 Ti, 22 %, 2275 MiB, 8188 MiB, 42, 32.71 W
2026/09/21 02:59:33.181, NVIDIA GeForce RTX 4060 Ti, 34 %, 2271 MiB, 8188 MiB, 43, 28.98 W
2026/09/21 02:59:34.187, NVIDIA GeForce RTX 4060 Ti, 36 %, 2271 MiB, 8188 MiB, 42, 27.65 W
2026/09/21 02:59:35.193, NVIDIA GeForce RTX 4060 Ti, 41 %, 2277 MiB, 8188 MiB, 42, 26.69 W
2026/09/21 02:59:36.198, NVIDIA GeForce RTX 4060 Ti, 39 %, 2277 MiB, 8188 MiB, 43, 29.20 W
2026/09/21 02:59:37.203, NVIDIA GeForce RTX 4060 Ti, 25 %, 2273 MiB, 8188 MiB, 42, 32.25 W
2026/09/21 02:59:38.209, NVIDIA GeForce RTX 4060 Ti, 30 %, 2273 MiB, 8188 MiB, 43, 32.72 W
2026/09/21 02:59:39.215, NVIDIA GeForce RTX 4060 Ti, 39 %, 2277 MiB, 8188 MiB, 42, 28.67 W
2026/09/21 02:59:40.220, NVIDIA GeForce RTX 4060 Ti, 30 %, 2279 MiB, 8188 MiB, 43, 32.77 W
2026/09/21 02:59:41.226, NVIDIA GeForce RTX 4060 Ti, 37 %, 2279 MiB, 8188 MiB, 43, 34.76 W
2026/09/21 02:59:42.232, NVIDIA GeForce RTX 4060 Ti, 33 %, 2278 MiB, 8188 MiB, 42, 30.49 W
2026/09/21 02:59:43.240, NVIDIA GeForce RTX 4060 Ti, 37 %, 2278 MiB, 8188 MiB, 42, 27.83 W
2026/09/21 02:59:44.244, NVIDIA GeForce RTX 4060 Ti, 45 %, 2274 MiB, 8188 MiB, 43, 29.20 W
2026/09/21 02:59:45.249, NVIDIA GeForce RTX 4060 Ti, 36 %, 2274 MiB, 8188 MiB, 43, 27.89 W
2026/09/21 02:59:46.255, NVIDIA GeForce RTX 4060 Ti, 30 %, 2278 MiB, 8188 MiB, 42, 28.63 W
2026/09/21 02:59:47.260, NVIDIA GeForce RTX 4060 Ti, 27 %, 2278 MiB, 8188 MiB, 42, 26.12 W
2026/09/21 02:59:48.265, NVIDIA GeForce RTX 4060 Ti, 31 %, 2273 MiB, 8188 MiB, 42, 27.00 W
2026/09/21 02:59:49.270, NVIDIA GeForce RTX 4060 Ti, 27 %, 2274 MiB, 8188 MiB, 42, 27.76 W
2026/09/21 02:59:50.277, NVIDIA GeForce RTX 4060 Ti, 29 %, 2278 MiB, 8188 MiB, 42, 33.29 W
2026/09/21 02:59:51.283, NVIDIA GeForce RTX 4060 Ti, 40 %, 2278 MiB, 8188 MiB, 43, 34.38 W
2026/09/21 02:59:52.289, NVIDIA GeForce RTX 4060 Ti, 47 %, 2273 MiB, 8188 MiB, 43, 32.39 W
2026/09/21 02:59:53.294, NVIDIA GeForce RTX 4060 Ti, 29 %, 2273 MiB, 8188 MiB, 43, 32.90 W
2026/09/21 02:59:54.298, NVIDIA GeForce RTX 4060 Ti, 24 %, 2277 MiB, 8188 MiB, 42, 31.82 W
2026/09/21 02:59:55.303, NVIDIA GeForce RTX 4060 Ti, 36 %, 2277 MiB, 8188 MiB, 42, 29.65 W
2026/09/21 02:59:56.308, NVIDIA GeForce RTX 4060 Ti, 26 %, 2273 MiB, 8188 MiB, 42, 27.35 W
2026/09/21 02:59:57.313, NVIDIA GeForce RTX 4060 Ti, 33 %, 2278 MiB, 8188 MiB, 42, 27.19 W
2026/09/21 02:59:58.319, NVIDIA GeForce RTX 4060 Ti, 33 %, 2278 MiB, 8188 MiB, 42, 28.59 W
2026/09/21 02:59:59.324, NVIDIA GeForce RTX 4060 Ti, 32 %, 2278 MiB, 8188 MiB, 42, 28.22 W
2026/09/21 03:00:00.331, NVIDIA GeForce RTX 4060 Ti, 35 %, 2278 MiB, 8188 MiB, 42, 28.94 W
2026/09/21 03:00:01.337, NVIDIA GeForce RTX 4060 Ti, 46 %, 2274 MiB, 8188 MiB, 42, 28.82 W
2026/09/21 03:00:02.351, NVIDIA GeForce RTX 4060 Ti, 34 %, 2278 MiB, 8188 MiB, 43, 33.77 W
2026/09/21 03:00:03.356, NVIDIA GeForce RTX 4060 Ti, 37 %, 2278 MiB, 8188 MiB, 42, 34.61 W
2026/09/21 03:00:04.362, NVIDIA GeForce RTX 4060 Ti, 34 %, 2278 MiB, 8188 MiB, 42, 31.05 W
2026/09/21 03:00:05.368, NVIDIA GeForce RTX 4060 Ti, 42 %, 2274 MiB, 8188 MiB, 43, 29.35 W
2026/09/21 03:00:06.373, NVIDIA GeForce RTX 4060 Ti, 30 %, 2278 MiB, 8188 MiB, 43, 29.88 W
2026/09/21 03:00:07.379, NVIDIA GeForce RTX 4060 Ti, 29 %, 2278 MiB, 8188 MiB, 43, 30.83 W
2026/09/21 03:00:08.384, NVIDIA GeForce RTX 4060 Ti, 36 %, 2273 MiB, 8188 MiB, 43, 32.87 W
2026/09/21 03:00:09.393, NVIDIA GeForce RTX 4060 Ti, 26 %, 2279 MiB, 8188 MiB, 42, 29.65 W
2026/09/21 03:00:10.397, NVIDIA GeForce RTX 4060 Ti, 33 %, 2281 MiB, 8188 MiB, 42, 28.69 W
2026/09/21 03:00:11.403, NVIDIA GeForce RTX 4060 Ti, 37 %, 2281 MiB, 8188 MiB, 42, 28.95 W
2026/09/21 03:00:12.408, NVIDIA GeForce RTX 4060 Ti, 31 %, 2285 MiB, 8188 MiB, 42, 29.03 W
2026/09/21 03:00:13.414, NVIDIA GeForce RTX 4060 Ti, 25 %, 2286 MiB, 8188 MiB, 42, 33.85 W
2026/09/21 03:00:14.420, NVIDIA GeForce RTX 4060 Ti, 31 %, 2287 MiB, 8188 MiB, 43, 33.02 W
2026/09/21 03:00:15.426, NVIDIA GeForce RTX 4060 Ti, 31 %, 2287 MiB, 8188 MiB, 42, 28.65 W
2026/09/21 03:00:16.431, NVIDIA GeForce RTX 4060 Ti, 26 %, 2287 MiB, 8188 MiB, 42, 27.80 W
2026/09/21 03:00:17.437, NVIDIA GeForce RTX 4060 Ti, 37 %, 2285 MiB, 8188 MiB, 42, 29.29 W
2026/09/21 03:00:18.442, NVIDIA GeForce RTX 4060 Ti, 33 %, 2278 MiB, 8188 MiB, 42, 27.24 W
2026/09/21 03:00:19.448, NVIDIA GeForce RTX 4060 Ti, 49 %, 2281 MiB, 8188 MiB, 42, 26.94 W
2026/09/21 03:00:20.453, NVIDIA GeForce RTX 4060 Ti, 27 %, 2282 MiB, 8188 MiB, 42, 28.38 W
2026/09/21 03:00:21.458, NVIDIA GeForce RTX 4060 Ti, 40 %, 2275 MiB, 8188 MiB, 42, 29.31 W
2026/09/21 03:00:22.463, NVIDIA GeForce RTX 4060 Ti, 38 %, 2275 MiB, 8188 MiB, 42, 30.19 W
2026/09/21 03:00:23.468, NVIDIA GeForce RTX 4060 Ti, 26 %, 2280 MiB, 8188 MiB, 43, 32.47 W
2026/09/21 03:00:24.474, NVIDIA GeForce RTX 4060 Ti, 36 %, 2280 MiB, 8188 MiB, 42, 33.85 W
2026/09/21 03:00:25.479, NVIDIA GeForce RTX 4060 Ti, 44 %, 2275 MiB, 8188 MiB, 42, 30.46 W
2026/09/21 03:00:26.483, NVIDIA GeForce RTX 4060 Ti, 28 %, 2275 MiB, 8188 MiB, 42, 31.89 W
2026/09/21 03:00:27.488, NVIDIA GeForce RTX 4060 Ti, 31 %, 2279 MiB, 8188 MiB, 43, 33.41 W
2026/09/21 03:00:28.493, NVIDIA GeForce RTX 4060 Ti, 29 %, 2280 MiB, 8188 MiB, 42, 33.98 W
2026/09/21 03:00:29.498, NVIDIA GeForce RTX 4060 Ti, 24 %, 2280 MiB, 8188 MiB, 43, 34.01 W
2026/09/21 03:00:30.502, NVIDIA GeForce RTX 4060 Ti, 43 %, 2276 MiB, 8188 MiB, 42, 30.28 W
2026/09/21 03:00:31.507, NVIDIA GeForce RTX 4060 Ti, 36 %, 2280 MiB, 8188 MiB, 42, 34.80 W
2026/09/21 03:00:32.512, NVIDIA GeForce RTX 4060 Ti, 30 %, 2280 MiB, 8188 MiB, 43, 36.63 W
2026/09/21 03:00:33.517, NVIDIA GeForce RTX 4060 Ti, 23 %, 2276 MiB, 8188 MiB, 42, 34.20 W
2026/09/21 03:00:34.522, NVIDIA GeForce RTX 4060 Ti, 23 %, 2276 MiB, 8188 MiB, 42, 30.27 W
2026/09/21 03:00:35.527, NVIDIA GeForce RTX 4060 Ti, 31 %, 2280 MiB, 8188 MiB, 43, 31.42 W
2026/09/21 03:00:36.534, NVIDIA GeForce RTX 4060 Ti, 23 %, 2280 MiB, 8188 MiB, 43, 35.15 W
2026/09/21 03:00:37.538, NVIDIA GeForce RTX 4060 Ti, 36 %, 2275 MiB, 8188 MiB, 43, 36.50 W
2026/09/21 03:00:38.544, NVIDIA GeForce RTX 4060 Ti, 49 %, 2275 MiB, 8188 MiB, 42, 32.96 W
2026/09/21 03:00:39.548, NVIDIA GeForce RTX 4060 Ti, 26 %, 2279 MiB, 8188 MiB, 43, 33.18 W
2026/09/21 03:00:40.555, NVIDIA GeForce RTX 4060 Ti, 28 %, 2280 MiB, 8188 MiB, 43, 33.33 W
2026/09/21 03:00:41.561, NVIDIA GeForce RTX 4060 Ti, 32 %, 2275 MiB, 8188 MiB, 42, 35.05 W
2026/09/21 03:00:42.566, NVIDIA GeForce RTX 4060 Ti, 27 %, 2275 MiB, 8188 MiB, 43, 35.79 W
2026/09/21 03:00:43.572, NVIDIA GeForce RTX 4060 Ti, 39 %, 2279 MiB, 8188 MiB, 43, 37.87 W
2026/09/21 03:00:44.578, NVIDIA GeForce RTX 4060 Ti, 43 %, 2280 MiB, 8188 MiB, 43, 43.51 W
2026/09/21 03:00:45.584, NVIDIA GeForce RTX 4060 Ti, 29 %, 2275 MiB, 8188 MiB, 43, 44.27 W
2026/09/21 03:00:46.588, NVIDIA GeForce RTX 4060 Ti, 36 %, 2280 MiB, 8188 MiB, 43, 40.50 W
2026/09/21 03:00:47.595, NVIDIA GeForce RTX 4060 Ti, 35 %, 2280 MiB, 8188 MiB, 44, 38.43 W
2026/09/21 03:00:48.600, NVIDIA GeForce RTX 4060 Ti, 0 %, 2281 MiB, 8188 MiB, 42, 25.06 W
2026/09/21 03:00:49.621, NVIDIA GeForce RTX 4060 Ti, 59 %, 2573 MiB, 8188 MiB, 41, 20.03 W
2026/09/21 03:00:50.627, NVIDIA GeForce RTX 4060 Ti, 17 %, 2675 MiB, 8188 MiB, 43, 30.51 W
2026/09/21 03:00:51.632, NVIDIA GeForce RTX 4060 Ti, 27 %, 2679 MiB, 8188 MiB, 42, 34.09 W
2026/09/21 03:00:52.636, NVIDIA GeForce RTX 4060 Ti, 25 %, 2892 MiB, 8188 MiB, 43, 34.42 W
2026/09/21 03:00:53.641, NVIDIA GeForce RTX 4060 Ti, 34 %, 2887 MiB, 8188 MiB, 42, 30.76 W
2026/09/21 03:00:54.646, NVIDIA GeForce RTX 4060 Ti, 48 %, 2887 MiB, 8188 MiB, 42, 29.66 W
2026/09/21 03:00:55.652, NVIDIA GeForce RTX 4060 Ti, 32 %, 2891 MiB, 8188 MiB, 43, 33.73 W
2026/09/21 03:00:56.658, NVIDIA GeForce RTX 4060 Ti, 39 %, 3019 MiB, 8188 MiB, 43, 33.63 W
2026/09/21 03:00:57.664, NVIDIA GeForce RTX 4060 Ti, 26 %, 3015 MiB, 8188 MiB, 42, 28.82 W
2026/09/21 03:00:58.669, NVIDIA GeForce RTX 4060 Ti, 19 %, 3019 MiB, 8188 MiB, 43, 31.45 W
2026/09/21 03:00:59.676, NVIDIA GeForce RTX 4060 Ti, 31 %, 3020 MiB, 8188 MiB, 43, 36.07 W
2026/09/21 03:01:00.682, NVIDIA GeForce RTX 4060 Ti, 46 %, 3179 MiB, 8188 MiB, 43, 35.92 W
2026/09/21 03:01:01.688, NVIDIA GeForce RTX 4060 Ti, 36 %, 3175 MiB, 8188 MiB, 43, 36.47 W
2026/09/21 03:01:02.693, NVIDIA GeForce RTX 4060 Ti, 29 %, 3179 MiB, 8188 MiB, 43, 35.65 W
2026/09/21 03:01:03.697, NVIDIA GeForce RTX 4060 Ti, 30 %, 3180 MiB, 8188 MiB, 43, 36.37 W
2026/09/21 03:01:04.702, NVIDIA GeForce RTX 4060 Ti, 37 %, 3179 MiB, 8188 MiB, 43, 36.39 W
2026/09/21 03:01:05.708, NVIDIA GeForce RTX 4060 Ti, 27 %, 3175 MiB, 8188 MiB, 43, 32.56 W
2026/09/21 03:01:06.716, NVIDIA GeForce RTX 4060 Ti, 29 %, 3179 MiB, 8188 MiB, 42, 30.96 W
2026/09/21 03:01:07.723, NVIDIA GeForce RTX 4060 Ti, 17 %, 3180 MiB, 8188 MiB, 42, 33.11 W
2026/09/21 03:01:08.728, NVIDIA GeForce RTX 4060 Ti, 26 %, 3178 MiB, 8188 MiB, 42, 31.24 W
2026/09/21 03:01:09.733, NVIDIA GeForce RTX 4060 Ti, 22 %, 3175 MiB, 8188 MiB, 42, 31.91 W
2026/09/21 03:01:10.738, NVIDIA GeForce RTX 4060 Ti, 38 %, 3179 MiB, 8188 MiB, 43, 32.68 W
2026/09/21 03:01:11.744, NVIDIA GeForce RTX 4060 Ti, 45 %, 3180 MiB, 8188 MiB, 42, 33.59 W
2026/09/21 03:01:12.749, NVIDIA GeForce RTX 4060 Ti, 31 %, 3179 MiB, 8188 MiB, 43, 37.38 W
2026/09/21 03:01:13.755, NVIDIA GeForce RTX 4060 Ti, 34 %, 3175 MiB, 8188 MiB, 45, 37.72 W
2026/09/21 03:01:14.762, NVIDIA GeForce RTX 4060 Ti, 21 %, 3179 MiB, 8188 MiB, 43, 36.59 W
2026/09/21 03:01:15.767, NVIDIA GeForce RTX 4060 Ti, 38 %, 3181 MiB, 8188 MiB, 43, 33.31 W
2026/09/21 03:01:16.771, NVIDIA GeForce RTX 4060 Ti, 25 %, 3179 MiB, 8188 MiB, 42, 29.65 W
2026/09/21 03:01:17.777, NVIDIA GeForce RTX 4060 Ti, 33 %, 3176 MiB, 8188 MiB, 44, 34.99 W
2026/09/21 03:01:18.781, NVIDIA GeForce RTX 4060 Ti, 36 %, 3180 MiB, 8188 MiB, 43, 35.63 W
2026/09/21 03:01:19.785, NVIDIA GeForce RTX 4060 Ti, 23 %, 3180 MiB, 8188 MiB, 42, 36.65 W
2026/09/21 03:01:20.790, NVIDIA GeForce RTX 4060 Ti, 26 %, 3186 MiB, 8188 MiB, 42, 30.36 W
2026/09/21 03:01:21.797, NVIDIA GeForce RTX 4060 Ti, 30 %, 3186 MiB, 8188 MiB, 42, 29.82 W
2026/09/21 03:01:22.802, NVIDIA GeForce RTX 4060 Ti, 17 %, 3180 MiB, 8188 MiB, 42, 33.29 W
2026/09/21 03:01:23.808, NVIDIA GeForce RTX 4060 Ti, 24 %, 3180 MiB, 8188 MiB, 43, 34.92 W
2026/09/21 03:01:24.814, NVIDIA GeForce RTX 4060 Ti, 15 %, 3185 MiB, 8188 MiB, 43, 33.87 W
2026/09/21 03:01:25.819, NVIDIA GeForce RTX 4060 Ti, 33 %, 3181 MiB, 8188 MiB, 44, 37.49 W
2026/09/21 03:01:26.825, NVIDIA GeForce RTX 4060 Ti, 45 %, 3175 MiB, 8188 MiB, 43, 37.51 W
2026/09/21 03:01:27.830, NVIDIA GeForce RTX 4060 Ti, 22 %, 3176 MiB, 8188 MiB, 43, 37.12 W
2026/09/21 03:01:28.837, NVIDIA GeForce RTX 4060 Ti, 38 %, 3180 MiB, 8188 MiB, 43, 36.56 W
2026/09/21 03:01:29.843, NVIDIA GeForce RTX 4060 Ti, 34 %, 3180 MiB, 8188 MiB, 43, 35.84 W
2026/09/21 03:01:30.847, NVIDIA GeForce RTX 4060 Ti, 32 %, 3176 MiB, 8188 MiB, 43, 35.35 W
2026/09/21 03:01:31.856, NVIDIA GeForce RTX 4060 Ti, 29 %, 3176 MiB, 8188 MiB, 44, 33.08 W
2026/09/21 03:01:32.861, NVIDIA GeForce RTX 4060 Ti, 33 %, 3180 MiB, 8188 MiB, 42, 33.87 W
2026/09/21 03:01:33.866, NVIDIA GeForce RTX 4060 Ti, 34 %, 3180 MiB, 8188 MiB, 42, 29.05 W
2026/09/21 03:01:34.871, NVIDIA GeForce RTX 4060 Ti, 27 %, 3175 MiB, 8188 MiB, 42, 28.38 W
2026/09/21 03:01:35.879, NVIDIA GeForce RTX 4060 Ti, 35 %, 3175 MiB, 8188 MiB, 43, 32.39 W
2026/09/21 03:01:36.885, NVIDIA GeForce RTX 4060 Ti, 32 %, 3180 MiB, 8188 MiB, 43, 34.63 W
2026/09/21 03:01:37.891, NVIDIA GeForce RTX 4060 Ti, 34 %, 3180 MiB, 8188 MiB, 43, 28.25 W
2026/09/21 03:01:38.896, NVIDIA GeForce RTX 4060 Ti, 33 %, 3175 MiB, 8188 MiB, 42, 32.35 W
2026/09/21 03:01:39.901, NVIDIA GeForce RTX 4060 Ti, 30 %, 3175 MiB, 8188 MiB, 43, 36.16 W
2026/09/21 03:01:40.908, NVIDIA GeForce RTX 4060 Ti, 30 %, 3180 MiB, 8188 MiB, 43, 36.03 W
2026/09/21 03:01:41.919, NVIDIA GeForce RTX 4060 Ti, 27 %, 3180 MiB, 8188 MiB, 42, 30.75 W
2026/09/21 03:01:42.924, NVIDIA GeForce RTX 4060 Ti, 44 %, 3175 MiB, 8188 MiB, 42, 30.47 W
2026/09/21 03:01:43.929, NVIDIA GeForce RTX 4060 Ti, 26 %, 3175 MiB, 8188 MiB, 42, 30.70 W
2026/09/21 03:01:44.934, NVIDIA GeForce RTX 4060 Ti, 39 %, 3179 MiB, 8188 MiB, 43, 31.53 W
2026/09/21 03:01:45.940, NVIDIA GeForce RTX 4060 Ti, 43 %, 3179 MiB, 8188 MiB, 42, 29.99 W
2026/09/21 03:01:46.945, NVIDIA GeForce RTX 4060 Ti, 36 %, 3175 MiB, 8188 MiB, 43, 33.63 W
2026/09/21 03:01:47.950, NVIDIA GeForce RTX 4060 Ti, 37 %, 3175 MiB, 8188 MiB, 42, 32.65 W
2026/09/21 03:01:48.955, NVIDIA GeForce RTX 4060 Ti, 28 %, 3179 MiB, 8188 MiB, 42, 31.66 W
2026/09/21 03:01:49.961, NVIDIA GeForce RTX 4060 Ti, 28 %, 3179 MiB, 8188 MiB, 44, 34.31 W
2026/09/21 03:01:50.966, NVIDIA GeForce RTX 4060 Ti, 38 %, 3175 MiB, 8188 MiB, 43, 35.37 W
2026/09/21 03:01:51.972, NVIDIA GeForce RTX 4060 Ti, 35 %, 3175 MiB, 8188 MiB, 43, 33.97 W
2026/09/21 03:01:52.977, NVIDIA GeForce RTX 4060 Ti, 36 %, 3179 MiB, 8188 MiB, 43, 35.60 W
2026/09/21 03:01:53.981, NVIDIA GeForce RTX 4060 Ti, 35 %, 3181 MiB, 8188 MiB, 46, 35.52 W
2026/09/21 03:01:54.987, NVIDIA GeForce RTX 4060 Ti, 30 %, 3174 MiB, 8188 MiB, 43, 36.64 W
2026/09/21 03:01:55.995, NVIDIA GeForce RTX 4060 Ti, 30 %, 3175 MiB, 8188 MiB, 42, 34.97 W
2026/09/21 03:01:57.000, NVIDIA GeForce RTX 4060 Ti, 28 %, 3180 MiB, 8188 MiB, 43, 37.36 W
2026/09/21 03:01:58.006, NVIDIA GeForce RTX 4060 Ti, 24 %, 3180 MiB, 8188 MiB, 44, 37.25 W
2026/09/21 03:01:59.011, NVIDIA GeForce RTX 4060 Ti, 21 %, 3175 MiB, 8188 MiB, 43, 37.89 W
2026/09/21 03:02:00.014, NVIDIA GeForce RTX 4060 Ti, 38 %, 3175 MiB, 8188 MiB, 43, 36.62 W
2026/09/21 03:02:01.019, NVIDIA GeForce RTX 4060 Ti, 37 %, 3180 MiB, 8188 MiB, 43, 38.23 W
2026/09/21 03:02:02.025, NVIDIA GeForce RTX 4060 Ti, 36 %, 3180 MiB, 8188 MiB, 44, 47.28 W
2026/09/21 03:02:03.031, NVIDIA GeForce RTX 4060 Ti, 30 %, 3175 MiB, 8188 MiB, 44, 43.45 W
2026/09/21 03:02:04.035, NVIDIA GeForce RTX 4060 Ti, 28 %, 3174 MiB, 8188 MiB, 43, 37.24 W
2026/09/21 03:02:05.041, NVIDIA GeForce RTX 4060 Ti, 20 %, 3179 MiB, 8188 MiB, 44, 33.76 W
2026/09/21 03:02:06.049, NVIDIA GeForce RTX 4060 Ti, 24 %, 3179 MiB, 8188 MiB, 44, 41.77 W
2026/09/21 03:02:07.055, NVIDIA GeForce RTX 4060 Ti, 20 %, 3175 MiB, 8188 MiB, 45, 43.81 W
2026/09/21 03:02:08.062, NVIDIA GeForce RTX 4060 Ti, 40 %, 3175 MiB, 8188 MiB, 44, 38.45 W
2026/09/21 03:02:09.067, NVIDIA GeForce RTX 4060 Ti, 25 %, 3179 MiB, 8188 MiB, 43, 35.16 W
2026/09/21 03:02:10.076, NVIDIA GeForce RTX 4060 Ti, 22 %, 3179 MiB, 8188 MiB, 43, 33.43 W
2026/09/21 03:02:11.081, NVIDIA GeForce RTX 4060 Ti, 29 %, 3175 MiB, 8188 MiB, 43, 33.67 W
2026/09/21 03:02:12.086, NVIDIA GeForce RTX 4060 Ti, 44 %, 3175 MiB, 8188 MiB, 43, 36.97 W
2026/09/21 03:02:13.092, NVIDIA GeForce RTX 4060 Ti, 34 %, 3531 MiB, 8188 MiB, 47, 51.21 W
2026/09/21 03:02:14.096, NVIDIA GeForce RTX 4060 Ti, 22 %, 3531 MiB, 8188 MiB, 47, 59.41 W
2026/09/21 03:02:15.100, NVIDIA GeForce RTX 4060 Ti, 37 %, 3527 MiB, 8188 MiB, 50, 65.90 W
2026/09/21 03:02:16.107, NVIDIA GeForce RTX 4060 Ti, 45 %, 3527 MiB, 8188 MiB, 49, 73.33 W
2026/09/21 03:02:17.112, NVIDIA GeForce RTX 4060 Ti, 29 %, 3531 MiB, 8188 MiB, 46, 65.00 W
2026/09/21 03:02:18.119, NVIDIA GeForce RTX 4060 Ti, 33 %, 3531 MiB, 8188 MiB, 45, 54.99 W
2026/09/21 03:02:19.125, NVIDIA GeForce RTX 4060 Ti, 38 %, 3527 MiB, 8188 MiB, 44, 43.56 W
2026/09/21 03:02:20.130, NVIDIA GeForce RTX 4060 Ti, 1 %, 1315 MiB, 8188 MiB, 42, 30.77 W
2026/09/21 03:02:21.150, NVIDIA GeForce RTX 4060 Ti, 44 %, 1887 MiB, 8188 MiB, 42, 21.89 W
2026/09/21 03:02:22.155, NVIDIA GeForce RTX 4060 Ti, 22 %, 2086 MiB, 8188 MiB, 42, 25.21 W
2026/09/21 03:02:23.160, NVIDIA GeForce RTX 4060 Ti, 23 %, 2086 MiB, 8188 MiB, 43, 26.58 W
2026/09/21 03:02:24.165, NVIDIA GeForce RTX 4060 Ti, 32 %, 2132 MiB, 8188 MiB, 43, 28.62 W
2026/09/21 03:02:25.170, NVIDIA GeForce RTX 4060 Ti, 36 %, 2132 MiB, 8188 MiB, 43, 28.29 W
2026/09/21 03:02:26.176, NVIDIA GeForce RTX 4060 Ti, 35 %, 2131 MiB, 8188 MiB, 43, 28.18 W
2026/09/21 03:02:27.181, NVIDIA GeForce RTX 4060 Ti, 33 %, 2177 MiB, 8188 MiB, 43, 27.91 W
2026/09/21 03:02:28.186, NVIDIA GeForce RTX 4060 Ti, 32 %, 2177 MiB, 8188 MiB, 43, 27.59 W
2026/09/21 03:02:29.191, NVIDIA GeForce RTX 4060 Ti, 39 %, 2177 MiB, 8188 MiB, 43, 27.24 W
2026/09/21 03:02:30.200, NVIDIA GeForce RTX 4060 Ti, 33 %, 2177 MiB, 8188 MiB, 43, 29.87 W
2026/09/21 03:02:31.204, NVIDIA GeForce RTX 4060 Ti, 30 %, 2234 MiB, 8188 MiB, 43, 31.78 W
2026/09/21 03:02:32.210, NVIDIA GeForce RTX 4060 Ti, 27 %, 2234 MiB, 8188 MiB, 43, 33.07 W
2026/09/21 03:02:33.215, NVIDIA GeForce RTX 4060 Ti, 31 %, 2240 MiB, 8188 MiB, 43, 33.05 W
2026/09/21 03:02:34.220, NVIDIA GeForce RTX 4060 Ti, 31 %, 2240 MiB, 8188 MiB, 43, 29.08 W
2026/09/21 03:02:35.225, NVIDIA GeForce RTX 4060 Ti, 33 %, 2236 MiB, 8188 MiB, 43, 27.83 W
2026/09/21 03:02:36.231, NVIDIA GeForce RTX 4060 Ti, 37 %, 2236 MiB, 8188 MiB, 42, 27.82 W
2026/09/21 03:02:37.237, NVIDIA GeForce RTX 4060 Ti, 28 %, 2240 MiB, 8188 MiB, 43, 28.39 W
2026/09/21 03:02:38.243, NVIDIA GeForce RTX 4060 Ti, 23 %, 2240 MiB, 8188 MiB, 42, 26.34 W
2026/09/21 03:02:39.248, NVIDIA GeForce RTX 4060 Ti, 37 %, 2236 MiB, 8188 MiB, 42, 27.99 W
2026/09/21 03:02:40.254, NVIDIA GeForce RTX 4060 Ti, 40 %, 2236 MiB, 8188 MiB, 43, 27.50 W
2026/09/21 03:02:41.259, NVIDIA GeForce RTX 4060 Ti, 29 %, 2240 MiB, 8188 MiB, 43, 29.03 W
2026/09/21 03:02:42.265, NVIDIA GeForce RTX 4060 Ti, 35 %, 2240 MiB, 8188 MiB, 43, 33.44 W
2026/09/21 03:02:43.270, NVIDIA GeForce RTX 4060 Ti, 37 %, 2236 MiB, 8188 MiB, 44, 33.67 W
2026/09/21 03:02:44.277, NVIDIA GeForce RTX 4060 Ti, 26 %, 2236 MiB, 8188 MiB, 43, 29.42 W
2026/09/21 03:02:45.282, NVIDIA GeForce RTX 4060 Ti, 28 %, 2240 MiB, 8188 MiB, 43, 32.21 W
2026/09/21 03:02:46.288, NVIDIA GeForce RTX 4060 Ti, 31 %, 2240 MiB, 8188 MiB, 43, 31.87 W
2026/09/21 03:02:47.297, NVIDIA GeForce RTX 4060 Ti, 37 %, 2241 MiB, 8188 MiB, 43, 28.28 W
2026/09/21 03:02:48.303, NVIDIA GeForce RTX 4060 Ti, 32 %, 2241 MiB, 8188 MiB, 42, 27.16 W
2026/09/21 03:02:49.312, NVIDIA GeForce RTX 4060 Ti, 25 %, 2241 MiB, 8188 MiB, 43, 25.66 W
2026/09/21 03:02:50.317, NVIDIA GeForce RTX 4060 Ti, 33 %, 2241 MiB, 8188 MiB, 43, 28.00 W
2026/09/21 03:02:51.324, NVIDIA GeForce RTX 4060 Ti, 36 %, 2237 MiB, 8188 MiB, 43, 28.15 W
2026/09/21 03:02:52.330, NVIDIA GeForce RTX 4060 Ti, 28 %, 2237 MiB, 8188 MiB, 42, 27.33 W
2026/09/21 03:02:53.335, NVIDIA GeForce RTX 4060 Ti, 38 %, 2241 MiB, 8188 MiB, 43, 29.50 W
2026/09/21 03:02:54.341, NVIDIA GeForce RTX 4060 Ti, 34 %, 2240 MiB, 8188 MiB, 43, 29.10 W
2026/09/21 03:02:55.347, NVIDIA GeForce RTX 4060 Ti, 27 %, 2236 MiB, 8188 MiB, 43, 31.50 W
2026/09/21 03:02:56.352, NVIDIA GeForce RTX 4060 Ti, 34 %, 2242 MiB, 8188 MiB, 43, 32.78 W
2026/09/21 03:02:57.358, NVIDIA GeForce RTX 4060 Ti, 34 %, 2242 MiB, 8188 MiB, 43, 28.42 W
2026/09/21 03:02:58.363, NVIDIA GeForce RTX 4060 Ti, 29 %, 2242 MiB, 8188 MiB, 43, 32.31 W
2026/09/21 03:02:59.369, NVIDIA GeForce RTX 4060 Ti, 18 %, 2242 MiB, 8188 MiB, 43, 31.22 W
2026/09/21 03:03:00.374, NVIDIA GeForce RTX 4060 Ti, 33 %, 2238 MiB, 8188 MiB, 42, 28.06 W
2026/09/21 03:03:01.380, NVIDIA GeForce RTX 4060 Ti, 44 %, 2242 MiB, 8188 MiB, 42, 28.33 W
2026/09/21 03:03:02.385, NVIDIA GeForce RTX 4060 Ti, 35 %, 2241 MiB, 8188 MiB, 43, 29.37 W
2026/09/21 03:03:03.391, NVIDIA GeForce RTX 4060 Ti, 24 %, 2237 MiB, 8188 MiB, 42, 26.54 W
2026/09/21 03:03:04.396, NVIDIA GeForce RTX 4060 Ti, 46 %, 2237 MiB, 8188 MiB, 43, 28.83 W
2026/09/21 03:03:05.402, NVIDIA GeForce RTX 4060 Ti, 34 %, 2241 MiB, 8188 MiB, 42, 33.40 W
2026/09/21 03:03:06.408, NVIDIA GeForce RTX 4060 Ti, 31 %, 2241 MiB, 8188 MiB, 43, 32.49 W
2026/09/21 03:03:07.413, NVIDIA GeForce RTX 4060 Ti, 29 %, 2237 MiB, 8188 MiB, 43, 28.79 W
2026/09/21 03:03:08.417, NVIDIA GeForce RTX 4060 Ti, 27 %, 2237 MiB, 8188 MiB, 42, 27.34 W
2026/09/21 03:03:09.427, NVIDIA GeForce RTX 4060 Ti, 35 %, 2241 MiB, 8188 MiB, 42, 25.87 W
2026/09/21 03:03:10.432, NVIDIA GeForce RTX 4060 Ti, 35 %, 2241 MiB, 8188 MiB, 43, 28.33 W
2026/09/21 03:03:11.437, NVIDIA GeForce RTX 4060 Ti, 37 %, 2237 MiB, 8188 MiB, 43, 28.47 W
2026/09/21 03:03:12.444, NVIDIA GeForce RTX 4060 Ti, 39 %, 2237 MiB, 8188 MiB, 42, 28.07 W
2026/09/21 03:03:13.450, NVIDIA GeForce RTX 4060 Ti, 42 %, 2241 MiB, 8188 MiB, 43, 29.18 W
2026/09/21 03:03:14.454, NVIDIA GeForce RTX 4060 Ti, 27 %, 2241 MiB, 8188 MiB, 42, 27.55 W
2026/09/21 03:03:15.460, NVIDIA GeForce RTX 4060 Ti, 38 %, 2237 MiB, 8188 MiB, 42, 28.28 W
2026/09/21 03:03:16.466, NVIDIA GeForce RTX 4060 Ti, 41 %, 2237 MiB, 8188 MiB, 43, 32.49 W
2026/09/21 03:03:17.471, NVIDIA GeForce RTX 4060 Ti, 33 %, 2241 MiB, 8188 MiB, 43, 34.37 W
2026/09/21 03:03:18.477, NVIDIA GeForce RTX 4060 Ti, 36 %, 2241 MiB, 8188 MiB, 42, 33.01 W
2026/09/21 03:03:19.484, NVIDIA GeForce RTX 4060 Ti, 40 %, 2237 MiB, 8188 MiB, 43, 32.53 W
2026/09/21 03:03:20.490, NVIDIA GeForce RTX 4060 Ti, 25 %, 2237 MiB, 8188 MiB, 42, 29.19 W
2026/09/21 03:03:21.496, NVIDIA GeForce RTX 4060 Ti, 28 %, 2241 MiB, 8188 MiB, 43, 32.21 W
2026/09/21 03:03:22.501, NVIDIA GeForce RTX 4060 Ti, 43 %, 2241 MiB, 8188 MiB, 43, 33.66 W
2026/09/21 03:03:23.506, NVIDIA GeForce RTX 4060 Ti, 26 %, 2236 MiB, 8188 MiB, 43, 32.69 W
2026/09/21 03:03:24.511, NVIDIA GeForce RTX 4060 Ti, 21 %, 2242 MiB, 8188 MiB, 44, 33.99 W
2026/09/21 03:03:25.518, NVIDIA GeForce RTX 4060 Ti, 26 %, 2247 MiB, 8188 MiB, 44, 33.08 W
2026/09/21 03:03:26.523, NVIDIA GeForce RTX 4060 Ti, 26 %, 2247 MiB, 8188 MiB, 43, 32.22 W
2026/09/21 03:03:27.528, NVIDIA GeForce RTX 4060 Ti, 65 %, 2242 MiB, 8188 MiB, 43, 29.92 W
2026/09/21 03:03:28.535, NVIDIA GeForce RTX 4060 Ti, 34 %, 2242 MiB, 8188 MiB, 44, 38.56 W
2026/09/21 03:03:29.540, NVIDIA GeForce RTX 4060 Ti, 24 %, 2246 MiB, 8188 MiB, 44, 38.93 W
2026/09/21 03:03:30.546, NVIDIA GeForce RTX 4060 Ti, 25 %, 2246 MiB, 8188 MiB, 43, 31.30 W
2026/09/21 03:03:31.551, NVIDIA GeForce RTX 4060 Ti, 46 %, 2242 MiB, 8188 MiB, 42, 28.99 W
2026/09/21 03:03:32.556, NVIDIA GeForce RTX 4060 Ti, 41 %, 2240 MiB, 8188 MiB, 43, 32.15 W
2026/09/21 03:03:33.560, NVIDIA GeForce RTX 4060 Ti, 44 %, 2243 MiB, 8188 MiB, 43, 35.63 W
2026/09/21 03:03:34.565, NVIDIA GeForce RTX 4060 Ti, 31 %, 2309 MiB, 8188 MiB, 44, 40.88 W
2026/09/21 03:03:35.570, NVIDIA GeForce RTX 4060 Ti, 36 %, 2305 MiB, 8188 MiB, 44, 39.36 W
2026/09/21 03:03:36.576, NVIDIA GeForce RTX 4060 Ti, 32 %, 2305 MiB, 8188 MiB, 44, 46.10 W
2026/09/21 03:03:37.581, NVIDIA GeForce RTX 4060 Ti, 29 %, 2307 MiB, 8188 MiB, 45, 49.79 W
2026/09/21 03:03:38.587, NVIDIA GeForce RTX 4060 Ti, 38 %, 2307 MiB, 8188 MiB, 44, 43.95 W
2026/09/21 03:03:39.593, NVIDIA GeForce RTX 4060 Ti, 26 %, 2307 MiB, 8188 MiB, 43, 36.53 W
2026/09/21 03:03:40.598, NVIDIA GeForce RTX 4060 Ti, 25 %, 2307 MiB, 8188 MiB, 43, 30.90 W
2026/09/21 03:03:41.604, NVIDIA GeForce RTX 4060 Ti, 42 %, 2308 MiB, 8188 MiB, 43, 29.42 W
2026/09/21 03:03:42.610, NVIDIA GeForce RTX 4060 Ti, 26 %, 2308 MiB, 8188 MiB, 42, 27.96 W
2026/09/21 03:03:43.616, NVIDIA GeForce RTX 4060 Ti, 34 %, 2303 MiB, 8188 MiB, 43, 28.21 W
2026/09/21 03:03:44.621, NVIDIA GeForce RTX 4060 Ti, 37 %, 2303 MiB, 8188 MiB, 42, 28.23 W
2026/09/21 03:03:45.627, NVIDIA GeForce RTX 4060 Ti, 34 %, 2307 MiB, 8188 MiB, 43, 26.95 W
2026/09/21 03:03:46.634, NVIDIA GeForce RTX 4060 Ti, 31 %, 2303 MiB, 8188 MiB, 43, 27.86 W
2026/09/21 03:03:47.640, NVIDIA GeForce RTX 4060 Ti, 41 %, 2303 MiB, 8188 MiB, 43, 28.22 W
2026/09/21 03:03:48.645, NVIDIA GeForce RTX 4060 Ti, 27 %, 2307 MiB, 8188 MiB, 43, 32.72 W
2026/09/21 03:03:49.652, NVIDIA GeForce RTX 4060 Ti, 36 %, 2307 MiB, 8188 MiB, 43, 33.69 W
2026/09/21 03:03:50.657, NVIDIA GeForce RTX 4060 Ti, 38 %, 2302 MiB, 8188 MiB, 43, 29.70 W
2026/09/21 03:03:51.663, NVIDIA GeForce RTX 4060 Ti, 24 %, 2304 MiB, 8188 MiB, 43, 32.08 W
2026/09/21 03:03:52.672, NVIDIA GeForce RTX 4060 Ti, 30 %, 2308 MiB, 8188 MiB, 42, 32.35 W
2026/09/21 03:03:53.683, NVIDIA GeForce RTX 4060 Ti, 27 %, 2308 MiB, 8188 MiB, 42, 27.70 W
2026/09/21 03:03:54.689, NVIDIA GeForce RTX 4060 Ti, 37 %, 2304 MiB, 8188 MiB, 43, 28.22 W
2026/09/21 03:03:55.695, NVIDIA GeForce RTX 4060 Ti, 37 %, 2304 MiB, 8188 MiB, 42, 26.57 W
2026/09/21 03:03:56.701, NVIDIA GeForce RTX 4060 Ti, 38 %, 2308 MiB, 8188 MiB, 43, 27.47 W
2026/09/21 03:03:57.707, NVIDIA GeForce RTX 4060 Ti, 45 %, 2308 MiB, 8188 MiB, 42, 28.36 W
2026/09/21 03:03:58.712, NVIDIA GeForce RTX 4060 Ti, 34 %, 2310 MiB, 8188 MiB, 42, 26.86 W
2026/09/21 03:03:59.717, NVIDIA GeForce RTX 4060 Ti, 34 %, 2306 MiB, 8188 MiB, 43, 32.12 W
2026/09/21 03:04:00.722, NVIDIA GeForce RTX 4060 Ti, 37 %, 2310 MiB, 8188 MiB, 43, 34.35 W
2026/09/21 03:04:01.728, NVIDIA GeForce RTX 4060 Ti, 39 %, 2310 MiB, 8188 MiB, 43, 32.08 W
2026/09/21 03:04:02.735, NVIDIA GeForce RTX 4060 Ti, 26 %, 2305 MiB, 8188 MiB, 42, 28.23 W
2026/09/21 03:04:03.746, NVIDIA GeForce RTX 4060 Ti, 24 %, 2305 MiB, 8188 MiB, 42, 29.61 W
2026/09/21 03:04:04.751, NVIDIA GeForce RTX 4060 Ti, 39 %, 2310 MiB, 8188 MiB, 43, 32.90 W
2026/09/21 03:04:05.759, NVIDIA GeForce RTX 4060 Ti, 26 %, 2310 MiB, 8188 MiB, 42, 28.72 W
2026/09/21 03:04:06.768, NVIDIA GeForce RTX 4060 Ti, 28 %, 2305 MiB, 8188 MiB, 42, 26.53 W
2026/09/21 03:04:07.773, NVIDIA GeForce RTX 4060 Ti, 44 %, 2305 MiB, 8188 MiB, 42, 26.90 W
2026/09/21 03:04:08.778, NVIDIA GeForce RTX 4060 Ti, 44 %, 2309 MiB, 8188 MiB, 43, 27.74 W
2026/09/21 03:04:09.785, NVIDIA GeForce RTX 4060 Ti, 31 %, 2309 MiB, 8188 MiB, 43, 29.07 W
2026/09/21 03:04:10.792, NVIDIA GeForce RTX 4060 Ti, 43 %, 2305 MiB, 8188 MiB, 43, 31.68 W
2026/09/21 03:04:11.796, NVIDIA GeForce RTX 4060 Ti, 28 %, 2305 MiB, 8188 MiB, 42, 33.27 W
2026/09/21 03:04:12.801, NVIDIA GeForce RTX 4060 Ti, 22 %, 2309 MiB, 8188 MiB, 43, 34.69 W
2026/09/21 03:04:13.807, NVIDIA GeForce RTX 4060 Ti, 36 %, 2309 MiB, 8188 MiB, 43, 31.91 W
2026/09/21 03:04:14.816, NVIDIA GeForce RTX 4060 Ti, 32 %, 2305 MiB, 8188 MiB, 43, 28.00 W
2026/09/21 03:04:15.835, NVIDIA GeForce RTX 4060 Ti, 32 %, 2305 MiB, 8188 MiB, 42, 28.26 W
2026/09/21 03:04:16.846, NVIDIA GeForce RTX 4060 Ti, 39 %, 2309 MiB, 8188 MiB, 42, 27.23 W
2026/09/21 03:04:17.852, NVIDIA GeForce RTX 4060 Ti, 33 %, 2309 MiB, 8188 MiB, 42, 27.38 W
2026/09/21 03:04:18.858, NVIDIA GeForce RTX 4060 Ti, 36 %, 2305 MiB, 8188 MiB, 42, 28.70 W
2026/09/21 03:04:19.864, NVIDIA GeForce RTX 4060 Ti, 31 %, 2305 MiB, 8188 MiB, 43, 29.11 W
2026/09/21 03:04:20.871, NVIDIA GeForce RTX 4060 Ti, 27 %, 2309 MiB, 8188 MiB, 42, 26.91 W
2026/09/21 03:04:21.877, NVIDIA GeForce RTX 4060 Ti, 41 %, 2309 MiB, 8188 MiB, 42, 27.81 W
2026/09/21 03:04:22.883, NVIDIA GeForce RTX 4060 Ti, 30 %, 2305 MiB, 8188 MiB, 42, 28.77 W
2026/09/21 03:04:23.887, NVIDIA GeForce RTX 4060 Ti, 36 %, 2305 MiB, 8188 MiB, 43, 31.37 W
2026/09/21 03:04:24.893, NVIDIA GeForce RTX 4060 Ti, 30 %, 2309 MiB, 8188 MiB, 43, 32.58 W
2026/09/21 03:04:25.901, NVIDIA GeForce RTX 4060 Ti, 24 %, 2309 MiB, 8188 MiB, 42, 29.47 W
2026/09/21 03:04:26.908, NVIDIA GeForce RTX 4060 Ti, 30 %, 2305 MiB, 8188 MiB, 42, 25.12 W
2026/09/21 03:04:27.913, NVIDIA GeForce RTX 4060 Ti, 49 %, 2310 MiB, 8188 MiB, 42, 27.37 W
2026/09/21 03:04:28.919, NVIDIA GeForce RTX 4060 Ti, 30 %, 2310 MiB, 8188 MiB, 43, 28.43 W
2026/09/21 03:04:29.925, NVIDIA GeForce RTX 4060 Ti, 39 %, 2310 MiB, 8188 MiB, 42, 27.81 W
2026/09/21 03:04:30.930, NVIDIA GeForce RTX 4060 Ti, 38 %, 2312 MiB, 8188 MiB, 42, 29.69 W
2026/09/21 03:04:31.936, NVIDIA GeForce RTX 4060 Ti, 34 %, 2308 MiB, 8188 MiB, 43, 29.16 W
2026/09/21 03:04:32.941, NVIDIA GeForce RTX 4060 Ti, 26 %, 2313 MiB, 8188 MiB, 42, 27.64 W
2026/09/21 03:04:33.947, NVIDIA GeForce RTX 4060 Ti, 35 %, 2317 MiB, 8188 MiB, 43, 31.65 W
2026/09/21 03:04:34.956, NVIDIA GeForce RTX 4060 Ti, 28 %, 2317 MiB, 8188 MiB, 44, 33.12 W
2026/09/21 03:04:35.965, NVIDIA GeForce RTX 4060 Ti, 30 %, 2317 MiB, 8188 MiB, 42, 30.33 W
2026/09/21 03:04:36.971, NVIDIA GeForce RTX 4060 Ti, 37 %, 2317 MiB, 8188 MiB, 43, 29.23 W
2026/09/21 03:04:37.978, NVIDIA GeForce RTX 4060 Ti, 38 %, 2312 MiB, 8188 MiB, 42, 30.15 W
2026/09/21 03:04:38.983, NVIDIA GeForce RTX 4060 Ti, 26 %, 2308 MiB, 8188 MiB, 43, 30.05 W
2026/09/21 03:04:39.989, NVIDIA GeForce RTX 4060 Ti, 34 %, 2311 MiB, 8188 MiB, 42, 28.25 W
2026/09/21 03:04:40.994, NVIDIA GeForce RTX 4060 Ti, 20 %, 2311 MiB, 8188 MiB, 42, 30.91 W
2026/09/21 03:04:42.001, NVIDIA GeForce RTX 4060 Ti, 28 %, 2305 MiB, 8188 MiB, 43, 35.23 W
2026/09/21 03:04:43.007, NVIDIA GeForce RTX 4060 Ti, 30 %, 2309 MiB, 8188 MiB, 42, 33.93 W
2026/09/21 03:04:44.013, NVIDIA GeForce RTX 4060 Ti, 30 %, 2309 MiB, 8188 MiB, 43, 33.73 W
2026/09/21 03:04:45.018, NVIDIA GeForce RTX 4060 Ti, 24 %, 2304 MiB, 8188 MiB, 43, 30.43 W
2026/09/21 03:04:46.023, NVIDIA GeForce RTX 4060 Ti, 21 %, 2305 MiB, 8188 MiB, 42, 33.62 W
2026/09/21 03:04:47.029, NVIDIA GeForce RTX 4060 Ti, 20 %, 2309 MiB, 8188 MiB, 43, 33.24 W
2026/09/21 03:04:48.034, NVIDIA GeForce RTX 4060 Ti, 31 %, 2309 MiB, 8188 MiB, 43, 32.23 W
2026/09/21 03:04:49.040, NVIDIA GeForce RTX 4060 Ti, 44 %, 2304 MiB, 8188 MiB, 43, 28.63 W
2026/09/21 03:04:50.045, NVIDIA GeForce RTX 4060 Ti, 22 %, 2304 MiB, 8188 MiB, 43, 31.85 W
2026/09/21 03:04:51.096, NVIDIA GeForce RTX 4060 Ti, 46 %, 2309 MiB, 8188 MiB, 42, 31.11 W
2026/09/21 03:04:52.103, NVIDIA GeForce RTX 4060 Ti, 26 %, 2309 MiB, 8188 MiB, 43, 38.63 W
2026/09/21 03:04:53.108, NVIDIA GeForce RTX 4060 Ti, 25 %, 2304 MiB, 8188 MiB, 44, 38.37 W
2026/09/21 03:04:54.113, NVIDIA GeForce RTX 4060 Ti, 32 %, 2305 MiB, 8188 MiB, 44, 42.98 W
2026/09/21 03:04:55.119, NVIDIA GeForce RTX 4060 Ti, 19 %, 2309 MiB, 8188 MiB, 46, 54.71 W
2026/09/21 03:04:56.124, NVIDIA GeForce RTX 4060 Ti, 25 %, 2309 MiB, 8188 MiB, 46, 57.05 W
2026/09/21 03:04:57.129, NVIDIA GeForce RTX 4060 Ti, 26 %, 2304 MiB, 8188 MiB, 43, 37.54 W
2026/09/21 03:04:58.134, NVIDIA GeForce RTX 4060 Ti, 26 %, 2304 MiB, 8188 MiB, 43, 33.56 W
2026/09/21 03:04:59.139, NVIDIA GeForce RTX 4060 Ti, 30 %, 2309 MiB, 8188 MiB, 42, 28.26 W
2026/09/21 03:05:00.147, NVIDIA GeForce RTX 4060 Ti, 24 %, 2309 MiB, 8188 MiB, 42, 27.51 W
2026/09/21 03:05:01.152, NVIDIA GeForce RTX 4060 Ti, 40 %, 2305 MiB, 8188 MiB, 42, 26.80 W
2026/09/21 03:05:02.157, NVIDIA GeForce RTX 4060 Ti, 37 %, 2305 MiB, 8188 MiB, 42, 27.20 W
2026/09/21 03:05:03.164, NVIDIA GeForce RTX 4060 Ti, 45 %, 2309 MiB, 8188 MiB, 43, 27.61 W
2026/09/21 03:05:04.170, NVIDIA GeForce RTX 4060 Ti, 21 %, 2311 MiB, 8188 MiB, 42, 27.36 W
2026/09/21 03:05:05.176, NVIDIA GeForce RTX 4060 Ti, 23 %, 2306 MiB, 8188 MiB, 42, 27.19 W
2026/09/21 03:05:06.181, NVIDIA GeForce RTX 4060 Ti, 24 %, 2307 MiB, 8188 MiB, 43, 26.65 W
2026/09/21 03:05:07.188, NVIDIA GeForce RTX 4060 Ti, 32 %, 2312 MiB, 8188 MiB, 43, 31.72 W
2026/09/21 03:05:08.193, NVIDIA GeForce RTX 4060 Ti, 27 %, 2312 MiB, 8188 MiB, 43, 33.23 W
2026/09/21 03:05:09.199, NVIDIA GeForce RTX 4060 Ti, 32 %, 2312 MiB, 8188 MiB, 43, 32.90 W
2026/09/21 03:05:10.204, NVIDIA GeForce RTX 4060 Ti, 32 %, 2308 MiB, 8188 MiB, 43, 33.41 W
2026/09/21 03:05:11.210, NVIDIA GeForce RTX 4060 Ti, 29 %, 2312 MiB, 8188 MiB, 43, 30.66 W
2026/09/21 03:05:12.215, NVIDIA GeForce RTX 4060 Ti, 38 %, 2312 MiB, 8188 MiB, 42, 27.30 W
2026/09/21 03:05:13.221, NVIDIA GeForce RTX 4060 Ti, 43 %, 2307 MiB, 8188 MiB, 42, 27.15 W
2026/09/21 03:05:14.226, NVIDIA GeForce RTX 4060 Ti, 25 %, 2308 MiB, 8188 MiB, 42, 26.50 W
2026/09/21 03:05:15.232, NVIDIA GeForce RTX 4060 Ti, 23 %, 2312 MiB, 8188 MiB, 42, 26.19 W
2026/09/21 03:05:16.236, NVIDIA GeForce RTX 4060 Ti, 34 %, 2312 MiB, 8188 MiB, 42, 27.62 W
2026/09/21 03:05:17.250, NVIDIA GeForce RTX 4060 Ti, 29 %, 2307 MiB, 8188 MiB, 42, 27.33 W
2026/09/21 03:05:18.254, NVIDIA GeForce RTX 4060 Ti, 36 %, 2307 MiB, 8188 MiB, 43, 28.73 W
2026/09/21 03:05:19.259, NVIDIA GeForce RTX 4060 Ti, 29 %, 2311 MiB, 8188 MiB, 42, 30.97 W
2026/09/21 03:05:20.265, NVIDIA GeForce RTX 4060 Ti, 34 %, 2311 MiB, 8188 MiB, 42, 33.32 W
2026/09/21 03:05:21.269, NVIDIA GeForce RTX 4060 Ti, 42 %, 2307 MiB, 8188 MiB, 43, 33.43 W
2026/09/21 03:05:22.274, NVIDIA GeForce RTX 4060 Ti, 30 %, 2307 MiB, 8188 MiB, 43, 32.19 W
2026/09/21 03:05:23.280, NVIDIA GeForce RTX 4060 Ti, 36 %, 2311 MiB, 8188 MiB, 42, 34.03 W
2026/09/21 03:05:24.284, NVIDIA GeForce RTX 4060 Ti, 28 %, 2311 MiB, 8188 MiB, 42, 29.41 W
2026/09/21 03:05:25.290, NVIDIA GeForce RTX 4060 Ti, 29 %, 2307 MiB, 8188 MiB, 42, 27.39 W
2026/09/21 03:05:26.294, NVIDIA GeForce RTX 4060 Ti, 31 %, 2307 MiB, 8188 MiB, 42, 26.94 W
2026/09/21 03:05:27.300, NVIDIA GeForce RTX 4060 Ti, 28 %, 2311 MiB, 8188 MiB, 42, 26.85 W
2026/09/21 03:05:28.308, NVIDIA GeForce RTX 4060 Ti, 29 %, 2311 MiB, 8188 MiB, 42, 27.97 W
2026/09/21 03:05:29.314, NVIDIA GeForce RTX 4060 Ti, 38 %, 2307 MiB, 8188 MiB, 42, 28.46 W
2026/09/21 03:05:30.319, NVIDIA GeForce RTX 4060 Ti, 30 %, 2307 MiB, 8188 MiB, 43, 31.19 W
2026/09/21 03:05:31.324, NVIDIA GeForce RTX 4060 Ti, 36 %, 2311 MiB, 8188 MiB, 43, 33.35 W
2026/09/21 03:05:32.329, NVIDIA GeForce RTX 4060 Ti, 37 %, 2311 MiB, 8188 MiB, 42, 30.60 W
2026/09/21 03:05:33.334, NVIDIA GeForce RTX 4060 Ti, 26 %, 2307 MiB, 8188 MiB, 42, 30.19 W
2026/09/21 03:05:34.339, NVIDIA GeForce RTX 4060 Ti, 26 %, 2307 MiB, 8188 MiB, 42, 30.12 W
2026/09/21 03:05:35.344, NVIDIA GeForce RTX 4060 Ti, 20 %, 2311 MiB, 8188 MiB, 42, 30.89 W
2026/09/21 03:05:36.350, NVIDIA GeForce RTX 4060 Ti, 30 %, 2312 MiB, 8188 MiB, 42, 30.28 W
2026/09/21 03:05:37.355, NVIDIA GeForce RTX 4060 Ti, 31 %, 2307 MiB, 8188 MiB, 42, 28.56 W
2026/09/21 03:05:38.362, NVIDIA GeForce RTX 4060 Ti, 34 %, 2314 MiB, 8188 MiB, 43, 27.99 W
2026/09/21 03:05:39.366, NVIDIA GeForce RTX 4060 Ti, 30 %, 2314 MiB, 8188 MiB, 42, 28.25 W
2026/09/21 03:05:40.376, NVIDIA GeForce RTX 4060 Ti, 34 %, 2314 MiB, 8188 MiB, 42, 27.34 W
2026/09/21 03:05:41.382, NVIDIA GeForce RTX 4060 Ti, 26 %, 2314 MiB, 8188 MiB, 42, 33.65 W
2026/09/21 03:05:42.392, NVIDIA GeForce RTX 4060 Ti, 37 %, 2310 MiB, 8188 MiB, 43, 34.36 W
2026/09/21 03:05:43.398, NVIDIA GeForce RTX 4060 Ti, 24 %, 2311 MiB, 8188 MiB, 42, 31.47 W
2026/09/21 03:05:44.405, NVIDIA GeForce RTX 4060 Ti, 26 %, 2312 MiB, 8188 MiB, 42, 28.59 W
2026/09/21 03:05:45.411, NVIDIA GeForce RTX 4060 Ti, 37 %, 2308 MiB, 8188 MiB, 42, 26.52 W
2026/09/21 03:05:46.417, NVIDIA GeForce RTX 4060 Ti, 33 %, 2308 MiB, 8188 MiB, 42, 27.65 W
2026/09/21 03:05:47.423, NVIDIA GeForce RTX 4060 Ti, 35 %, 2312 MiB, 8188 MiB, 43, 27.67 W
2026/09/21 03:05:48.429, NVIDIA GeForce RTX 4060 Ti, 44 %, 2312 MiB, 8188 MiB, 42, 27.12 W
2026/09/21 03:05:49.440, NVIDIA GeForce RTX 4060 Ti, 41 %, 2307 MiB, 8188 MiB, 42, 27.72 W
2026/09/21 03:05:50.448, NVIDIA GeForce RTX 4060 Ti, 36 %, 2307 MiB, 8188 MiB, 42, 28.73 W
2026/09/21 03:05:51.454, NVIDIA GeForce RTX 4060 Ti, 37 %, 2311 MiB, 8188 MiB, 42, 28.20 W
2026/09/21 03:05:52.460, NVIDIA GeForce RTX 4060 Ti, 36 %, 2311 MiB, 8188 MiB, 42, 32.91 W
2026/09/21 03:05:53.466, NVIDIA GeForce RTX 4060 Ti, 31 %, 2307 MiB, 8188 MiB, 42, 33.40 W
2026/09/21 03:05:54.471, NVIDIA GeForce RTX 4060 Ti, 34 %, 2307 MiB, 8188 MiB, 43, 30.08 W
2026/09/21 03:05:55.476, NVIDIA GeForce RTX 4060 Ti, 41 %, 2312 MiB, 8188 MiB, 42, 28.51 W
2026/09/21 03:05:56.482, NVIDIA GeForce RTX 4060 Ti, 34 %, 2312 MiB, 8188 MiB, 43, 30.42 W
2026/09/21 03:05:57.487, NVIDIA GeForce RTX 4060 Ti, 27 %, 2312 MiB, 8188 MiB, 42, 32.24 W
2026/09/21 03:05:58.493, NVIDIA GeForce RTX 4060 Ti, 34 %, 2307 MiB, 8188 MiB, 42, 32.15 W
2026/09/21 03:05:59.498, NVIDIA GeForce RTX 4060 Ti, 36 %, 2311 MiB, 8188 MiB, 42, 32.26 W
2026/09/21 03:06:00.503, NVIDIA GeForce RTX 4060 Ti, 33 %, 2311 MiB, 8188 MiB, 42, 35.15 W
2026/09/21 03:06:01.509, NVIDIA GeForce RTX 4060 Ti, 26 %, 2307 MiB, 8188 MiB, 42, 33.96 W
2026/09/21 03:06:02.514, NVIDIA GeForce RTX 4060 Ti, 24 %, 2307 MiB, 8188 MiB, 43, 33.27 W
2026/09/21 03:06:03.519, NVIDIA GeForce RTX 4060 Ti, 51 %, 2311 MiB, 8188 MiB, 43, 34.47 W
2026/09/21 03:06:04.526, NVIDIA GeForce RTX 4060 Ti, 31 %, 2311 MiB, 8188 MiB, 43, 35.09 W
2026/09/21 03:06:05.530, NVIDIA GeForce RTX 4060 Ti, 23 %, 2307 MiB, 8188 MiB, 43, 36.76 W
2026/09/21 03:06:06.535, NVIDIA GeForce RTX 4060 Ti, 24 %, 2307 MiB, 8188 MiB, 42, 31.68 W
2026/09/21 03:06:07.541, NVIDIA GeForce RTX 4060 Ti, 25 %, 2311 MiB, 8188 MiB, 42, 31.48 W
2026/09/21 03:06:08.546, NVIDIA GeForce RTX 4060 Ti, 28 %, 2311 MiB, 8188 MiB, 42, 31.69 W
2026/09/21 03:06:09.552, NVIDIA GeForce RTX 4060 Ti, 39 %, 2312 MiB, 8188 MiB, 43, 34.24 W
2026/09/21 03:06:10.560, NVIDIA GeForce RTX 4060 Ti, 24 %, 2312 MiB, 8188 MiB, 43, 36.61 W
2026/09/21 03:06:11.565, NVIDIA GeForce RTX 4060 Ti, 27 %, 2312 MiB, 8188 MiB, 43, 39.05 W
2026/09/21 03:06:12.570, NVIDIA GeForce RTX 4060 Ti, 43 %, 2312 MiB, 8188 MiB, 47, 52.01 W
2026/09/21 03:06:13.576, NVIDIA GeForce RTX 4060 Ti, 22 %, 2308 MiB, 8188 MiB, 45, 53.39 W
2026/09/21 03:06:14.583, NVIDIA GeForce RTX 4060 Ti, 29 %, 2308 MiB, 8188 MiB, 45, 46.77 W
2026/09/21 03:06:15.587, NVIDIA GeForce RTX 4060 Ti, 26 %, 2312 MiB, 8188 MiB, 45, 36.60 W
2026/09/21 03:06:16.592, NVIDIA GeForce RTX 4060 Ti, 0 %, 2312 MiB, 8188 MiB, 42, 24.11 W
2026/09/21 03:06:17.597, NVIDIA GeForce RTX 4060 Ti, 1 %, 1057 MiB, 8188 MiB, 41, 19.88 W
2026/09/21 03:06:18.607, NVIDIA GeForce RTX 4060 Ti, 1 %, 1057 MiB, 8188 MiB, 41, 14.07 W
2026/09/21 03:06:19.613, NVIDIA GeForce RTX 4060 Ti, 4 %, 1059 MiB, 8188 MiB, 41, 10.50 W
