timestamp, name, utilization.gpu [%], memory.used [MiB], memory.total [MiB], temperature.gpu, power.draw [W]
2026/09/23 18:04:06.095, NVIDIA GeForce RTX 4060 Ti, 5 %, 865 MiB, 8188 MiB, 35, 6.64 W
2026/09/23 18:04:07.106, NVIDIA GeForce RTX 4060 Ti, 7 %, 865 MiB, 8188 MiB, 35, 6.35 W
2026/09/23 18:04:08.112, NVIDIA GeForce RTX 4060 Ti, 4 %, 865 MiB, 8188 MiB, 35, 6.27 W
2026/09/23 18:04:09.120, NVIDIA GeForce RTX 4060 Ti, 7 %, 866 MiB, 8188 MiB, 35, 6.86 W
2026/09/23 18:04:10.126, NVIDIA GeForce RTX 4060 Ti, 7 %, 869 MiB, 8188 MiB, 35, 6.95 W
2026/09/23 18:04:11.133, NVIDIA GeForce RTX 4060 Ti, 4 %, 868 MiB, 8188 MiB, 35, 5.97 W
2026/09/23 18:04:12.139, NVIDIA GeForce RTX 4060 Ti, 4 %, 868 MiB, 8188 MiB, 35, 6.06 W
2026/09/23 18:04:13.144, NVIDIA GeForce RTX 4060 Ti, 4 %, 868 MiB, 8188 MiB, 35, 6.03 W
2026/09/23 18:04:14.149, NVIDIA GeForce RTX 4060 Ti, 4 %, 868 MiB, 8188 MiB, 35, 5.96 W
2026/09/23 18:04:15.154, NVIDIA GeForce RTX 4060 Ti, 4 %, 868 MiB, 8188 MiB, 35, 6.12 W
2026/09/23 18:04:16.159, NVIDIA GeForce RTX 4060 Ti, 4 %, 868 MiB, 8188 MiB, 35, 6.01 W
2026/09/23 18:04:17.165, NVIDIA GeForce RTX 4060 Ti, 4 %, 868 MiB, 8188 MiB, 35, 6.03 W
2026/09/23 18:04:18.171, NVIDIA GeForce RTX 4060 Ti, 4 %, 868 MiB, 8188 MiB, 35, 6.17 W
2026/09/23 18:04:19.177, NVIDIA GeForce RTX 4060 Ti, 4 %, 868 MiB, 8188 MiB, 35, 5.96 W
2026/09/23 18:04:20.182, NVIDIA GeForce RTX 4060 Ti, 4 %, 868 MiB, 8188 MiB, 35, 6.02 W
2026/09/23 18:04:21.188, NVIDIA GeForce RTX 4060 Ti, 4 %, 868 MiB, 8188 MiB, 35, 5.81 W
2026/09/23 18:04:22.194, NVIDIA GeForce RTX 4060 Ti, 4 %, 868 MiB, 8188 MiB, 35, 5.94 W
2026/09/23 18:04:23.199, NVIDIA GeForce RTX 4060 Ti, 2 %, 868 MiB, 8188 MiB, 35, 5.83 W
2026/09/23 18:04:24.205, NVIDIA GeForce RTX 4060 Ti, 3 %, 868 MiB, 8188 MiB, 35, 6.16 W
2026/09/23 18:04:25.210, NVIDIA GeForce RTX 4060 Ti, 4 %, 868 MiB, 8188 MiB, 35, 6.00 W
2026/09/23 18:04:26.215, NVIDIA GeForce RTX 4060 Ti, 4 %, 868 MiB, 8188 MiB, 35, 6.02 W
2026/09/23 18:04:27.221, NVIDIA GeForce RTX 4060 Ti, 4 %, 868 MiB, 8188 MiB, 35, 5.94 W
2026/09/23 18:04:28.227, NVIDIA GeForce RTX 4060 Ti, 4 %, 868 MiB, 8188 MiB, 35, 5.89 W
2026/09/23 18:04:29.232, NVIDIA GeForce RTX 4060 Ti, 4 %, 868 MiB, 8188 MiB, 35, 6.06 W
2026/09/23 18:04:30.237, NVIDIA GeForce RTX 4060 Ti, 1 %, 868 MiB, 8188 MiB, 35, 5.91 W
2026/09/23 18:04:31.242, NVIDIA GeForce RTX 4060 Ti, 4 %, 868 MiB, 8188 MiB, 35, 5.96 W
2026/09/23 18:04:32.247, NVIDIA GeForce RTX 4060 Ti, 4 %, 868 MiB, 8188 MiB, 35, 5.84 W
2026/09/23 18:04:33.252, NVIDIA GeForce RTX 4060 Ti, 4 %, 868 MiB, 8188 MiB, 35, 6.07 W
2026/09/23 18:04:34.258, NVIDIA GeForce RTX 4060 Ti, 4 %, 868 MiB, 8188 MiB, 35, 5.97 W
2026/09/23 18:04:35.263, NVIDIA GeForce RTX 4060 Ti, 4 %, 868 MiB, 8188 MiB, 35, 5.92 W
2026/09/23 18:04:36.268, NVIDIA GeForce RTX 4060 Ti, 4 %, 868 MiB, 8188 MiB, 35, 5.94 W
2026/09/23 18:04:37.276, NVIDIA GeForce RTX 4060 Ti, 0 %, 868 MiB, 8188 MiB, 35, 6.02 W
2026/09/23 18:04:38.281, NVIDIA GeForce RTX 4060 Ti, 0 %, 868 MiB, 8188 MiB, 35, 6.03 W
2026/09/23 18:04:39.287, NVIDIA GeForce RTX 4060 Ti, 0 %, 868 MiB, 8188 MiB, 35, 5.82 W
2026/09/23 18:04:40.292, NVIDIA GeForce RTX 4060 Ti, 0 %, 868 MiB, 8188 MiB, 35, 5.91 W
2026/09/23 18:04:41.298, NVIDIA GeForce RTX 4060 Ti, 0 %, 868 MiB, 8188 MiB, 35, 5.85 W
2026/09/23 18:04:42.302, NVIDIA GeForce RTX 4060 Ti, 0 %, 868 MiB, 8188 MiB, 35, 6.11 W
2026/09/23 18:04:43.308, NVIDIA GeForce RTX 4060 Ti, 0 %, 868 MiB, 8188 MiB, 35, 5.84 W
2026/09/23 18:04:44.313, NVIDIA GeForce RTX 4060 Ti, 0 %, 868 MiB, 8188 MiB, 35, 6.05 W
2026/09/23 18:04:45.318, NVIDIA GeForce RTX 4060 Ti, 3 %, 868 MiB, 8188 MiB, 35, 5.93 W
2026/09/23 18:04:46.324, NVIDIA GeForce RTX 4060 Ti, 3 %, 868 MiB, 8188 MiB, 35, 6.26 W
2026/09/23 18:04:47.330, NVIDIA GeForce RTX 4060 Ti, 0 %, 868 MiB, 8188 MiB, 35, 6.22 W
2026/09/23 18:04:48.336, NVIDIA GeForce RTX 4060 Ti, 0 %, 868 MiB, 8188 MiB, 35, 5.95 W
2026/09/23 18:04:49.342, NVIDIA GeForce RTX 4060 Ti, 0 %, 868 MiB, 8188 MiB, 35, 6.03 W
2026/09/23 18:04:50.347, NVIDIA GeForce RTX 4060 Ti, 0 %, 868 MiB, 8188 MiB, 35, 5.87 W
2026/09/23 18:04:51.352, NVIDIA GeForce RTX 4060 Ti, 0 %, 868 MiB, 8188 MiB, 35, 6.01 W
2026/09/23 18:04:52.358, NVIDIA GeForce RTX 4060 Ti, 0 %, 868 MiB, 8188 MiB, 35, 5.78 W
2026/09/23 18:04:53.363, NVIDIA GeForce RTX 4060 Ti, 0 %, 868 MiB, 8188 MiB, 35, 5.93 W
2026/09/23 18:04:54.368, NVIDIA GeForce RTX 4060 Ti, 0 %, 868 MiB, 8188 MiB, 35, 5.83 W
2026/09/23 18:04:55.373, NVIDIA GeForce RTX 4060 Ti, 0 %, 868 MiB, 8188 MiB, 35, 6.16 W
2026/09/23 18:04:56.378, NVIDIA GeForce RTX 4060 Ti, 0 %, 868 MiB, 8188 MiB, 35, 6.10 W
2026/09/23 18:04:57.383, NVIDIA GeForce RTX 4060 Ti, 0 %, 868 MiB, 8188 MiB, 35, 5.98 W
2026/09/23 18:04:58.388, NVIDIA GeForce RTX 4060 Ti, 0 %, 868 MiB, 8188 MiB, 35, 5.96 W
2026/09/23 18:04:59.394, NVIDIA GeForce RTX 4060 Ti, 0 %, 868 MiB, 8188 MiB, 35, 5.89 W
2026/09/23 18:05:00.399, NVIDIA GeForce RTX 4060 Ti, 0 %, 868 MiB, 8188 MiB, 35, 6.20 W
2026/09/23 18:05:01.404, NVIDIA GeForce RTX 4060 Ti, 0 %, 868 MiB, 8188 MiB, 35, 5.88 W
2026/09/23 18:05:02.410, NVIDIA GeForce RTX 4060 Ti, 0 %, 868 MiB, 8188 MiB, 35, 6.02 W
2026/09/23 18:05:03.415, NVIDIA GeForce RTX 4060 Ti, 0 %, 868 MiB, 8188 MiB, 35, 5.82 W
2026/09/23 18:05:04.420, NVIDIA GeForce RTX 4060 Ti, 1 %, 868 MiB, 8188 MiB, 35, 6.03 W
2026/09/23 18:05:05.426, NVIDIA GeForce RTX 4060 Ti, 0 %, 868 MiB, 8188 MiB, 35, 5.95 W
2026/09/23 18:05:06.431, NVIDIA GeForce RTX 4060 Ti, 0 %, 868 MiB, 8188 MiB, 35, 6.01 W
2026/09/23 18:05:07.437, NVIDIA GeForce RTX 4060 Ti, 0 %, 868 MiB, 8188 MiB, 35, 5.93 W
2026/09/23 18:05:08.443, NVIDIA GeForce RTX 4060 Ti, 0 %, 868 MiB, 8188 MiB, 35, 5.93 W
2026/09/23 18:05:09.449, NVIDIA GeForce RTX 4060 Ti, 0 %, 868 MiB, 8188 MiB, 35, 6.02 W
2026/09/23 18:05:10.455, NVIDIA GeForce RTX 4060 Ti, 3 %, 868 MiB, 8188 MiB, 35, 5.90 W
2026/09/23 18:05:11.460, NVIDIA GeForce RTX 4060 Ti, 3 %, 868 MiB, 8188 MiB, 35, 6.16 W
2026/09/23 18:05:12.465, NVIDIA GeForce RTX 4060 Ti, 0 %, 868 MiB, 8188 MiB, 35, 5.95 W
2026/09/23 18:05:13.471, NVIDIA GeForce RTX 4060 Ti, 5 %, 988 MiB, 8188 MiB, 35, 9.25 W
2026/09/23 18:05:14.480, NVIDIA GeForce RTX 4060 Ti, 0 %, 988 MiB, 8188 MiB, 36, 28.53 W
2026/09/23 18:05:15.487, NVIDIA GeForce RTX 4060 Ti, 0 %, 988 MiB, 8188 MiB, 36, 28.74 W
2026/09/23 18:05:16.491, NVIDIA GeForce RTX 4060 Ti, 0 %, 988 MiB, 8188 MiB, 36, 28.57 W
2026/09/23 18:05:17.499, NVIDIA GeForce RTX 4060 Ti, 0 %, 988 MiB, 8188 MiB, 36, 28.61 W
2026/09/23 18:05:18.506, NVIDIA GeForce RTX 4060 Ti, 19 %, 5208 MiB, 8188 MiB, 37, 32.68 W
2026/09/23 18:05:19.512, NVIDIA GeForce RTX 4060 Ti, 21 %, 5210 MiB, 8188 MiB, 37, 32.52 W
2026/09/23 18:05:20.519, NVIDIA GeForce RTX 4060 Ti, 17 %, 5210 MiB, 8188 MiB, 36, 24.40 W
2026/09/23 18:05:21.525, NVIDIA GeForce RTX 4060 Ti, 0 %, 5230 MiB, 8188 MiB, 36, 16.60 W
2026/09/23 18:05:22.530, NVIDIA GeForce RTX 4060 Ti, 0 %, 5230 MiB, 8188 MiB, 36, 17.86 W
2026/09/23 18:05:23.535, NVIDIA GeForce RTX 4060 Ti, 5 %, 5250 MiB, 8188 MiB, 35, 12.70 W
2026/09/23 18:05:24.542, NVIDIA GeForce RTX 4060 Ti, 0 %, 5250 MiB, 8188 MiB, 35, 6.84 W
2026/09/23 18:05:25.547, NVIDIA GeForce RTX 4060 Ti, 0 %, 5250 MiB, 8188 MiB, 35, 5.97 W
2026/09/23 18:05:26.553, NVIDIA GeForce RTX 4060 Ti, 0 %, 5250 MiB, 8188 MiB, 35, 6.01 W
2026/09/23 18:05:27.559, NVIDIA GeForce RTX 4060 Ti, 0 %, 5250 MiB, 8188 MiB, 35, 5.93 W
2026/09/23 18:05:28.565, NVIDIA GeForce RTX 4060 Ti, 0 %, 5266 MiB, 8188 MiB, 35, 6.40 W
2026/09/23 18:05:29.573, NVIDIA GeForce RTX 4060 Ti, 61 %, 5268 MiB, 8188 MiB, 40, 35.81 W
2026/09/23 18:05:30.578, NVIDIA GeForce RTX 4060 Ti, 73 %, 5268 MiB, 8188 MiB, 47, 91.00 W
2026/09/23 18:05:31.584, NVIDIA GeForce RTX 4060 Ti, 68 %, 5268 MiB, 8188 MiB, 47, 96.14 W
2026/09/23 18:05:32.591, NVIDIA GeForce RTX 4060 Ti, 48 %, 5268 MiB, 8188 MiB, 44, 94.22 W
2026/09/23 18:05:33.596, NVIDIA GeForce RTX 4060 Ti, 52 %, 5268 MiB, 8188 MiB, 47, 97.97 W
2026/09/23 18:05:34.601, NVIDIA GeForce RTX 4060 Ti, 59 %, 5268 MiB, 8188 MiB, 44, 95.97 W
2026/09/23 18:05:35.605, NVIDIA GeForce RTX 4060 Ti, 74 %, 5268 MiB, 8188 MiB, 46, 99.53 W
2026/09/23 18:05:36.612, NVIDIA GeForce RTX 4060 Ti, 77 %, 5268 MiB, 8188 MiB, 46, 101.83 W
2026/09/23 18:05:37.617, NVIDIA GeForce RTX 4060 Ti, 54 %, 5268 MiB, 8188 MiB, 45, 97.13 W
2026/09/23 18:05:38.624, NVIDIA GeForce RTX 4060 Ti, 63 %, 5268 MiB, 8188 MiB, 49, 94.96 W
2026/09/23 18:05:39.630, NVIDIA GeForce RTX 4060 Ti, 55 %, 5262 MiB, 8188 MiB, 47, 98.72 W
2026/09/23 18:05:40.636, NVIDIA GeForce RTX 4060 Ti, 57 %, 5262 MiB, 8188 MiB, 45, 98.27 W
2026/09/23 18:05:41.643, NVIDIA GeForce RTX 4060 Ti, 64 %, 5258 MiB, 8188 MiB, 50, 91.52 W
2026/09/23 18:05:42.649, NVIDIA GeForce RTX 4060 Ti, 53 %, 5258 MiB, 8188 MiB, 47, 99.25 W
2026/09/23 18:05:43.654, NVIDIA GeForce RTX 4060 Ti, 57 %, 5258 MiB, 8188 MiB, 49, 95.49 W
2026/09/23 18:05:44.663, NVIDIA GeForce RTX 4060 Ti, 60 %, 5258 MiB, 8188 MiB, 49, 99.72 W
2026/09/23 18:05:45.669, NVIDIA GeForce RTX 4060 Ti, 56 %, 5258 MiB, 8188 MiB, 51, 96.50 W
2026/09/23 18:05:46.674, NVIDIA GeForce RTX 4060 Ti, 75 %, 5258 MiB, 8188 MiB, 52, 103.83 W
2026/09/23 18:05:47.680, NVIDIA GeForce RTX 4060 Ti, 68 %, 5257 MiB, 8188 MiB, 51, 90.21 W
2026/09/23 18:05:48.686, NVIDIA GeForce RTX 4060 Ti, 72 %, 5258 MiB, 8188 MiB, 51, 105.63 W
2026/09/23 18:05:49.692, NVIDIA GeForce RTX 4060 Ti, 66 %, 5258 MiB, 8188 MiB, 51, 103.92 W
2026/09/23 18:05:50.698, NVIDIA GeForce RTX 4060 Ti, 68 %, 5258 MiB, 8188 MiB, 49, 101.07 W
2026/09/23 18:05:51.704, NVIDIA GeForce RTX 4060 Ti, 48 %, 5258 MiB, 8188 MiB, 46, 100.64 W
2026/09/23 18:05:52.710, NVIDIA GeForce RTX 4060 Ti, 57 %, 5256 MiB, 8188 MiB, 51, 106.79 W
2026/09/23 18:05:53.715, NVIDIA GeForce RTX 4060 Ti, 61 %, 5256 MiB, 8188 MiB, 50, 103.03 W
2026/09/23 18:05:54.721, NVIDIA GeForce RTX 4060 Ti, 74 %, 5255 MiB, 8188 MiB, 54, 109.28 W
2026/09/23 18:05:55.727, NVIDIA GeForce RTX 4060 Ti, 74 %, 5255 MiB, 8188 MiB, 53, 110.44 W
2026/09/23 18:05:56.733, NVIDIA GeForce RTX 4060 Ti, 56 %, 5255 MiB, 8188 MiB, 50, 104.31 W
2026/09/23 18:05:57.739, NVIDIA GeForce RTX 4060 Ti, 53 %, 5255 MiB, 8188 MiB, 50, 96.41 W
2026/09/23 18:05:58.744, NVIDIA GeForce RTX 4060 Ti, 67 %, 5255 MiB, 8188 MiB, 51, 101.57 W
2026/09/23 18:05:59.751, NVIDIA GeForce RTX 4060 Ti, 71 %, 5255 MiB, 8188 MiB, 51, 109.14 W
2026/09/23 18:06:00.757, NVIDIA GeForce RTX 4060 Ti, 50 %, 5255 MiB, 8188 MiB, 51, 102.75 W
2026/09/23 18:06:01.764, NVIDIA GeForce RTX 4060 Ti, 49 %, 5255 MiB, 8188 MiB, 50, 106.03 W
2026/09/23 18:06:02.769, NVIDIA GeForce RTX 4060 Ti, 54 %, 5255 MiB, 8188 MiB, 51, 107.92 W
2026/09/23 18:06:03.783, NVIDIA GeForce RTX 4060 Ti, 64 %, 5255 MiB, 8188 MiB, 53, 98.17 W
2026/09/23 18:06:04.792, NVIDIA GeForce RTX 4060 Ti, 68 %, 5255 MiB, 8188 MiB, 53, 108.35 W
2026/09/23 18:06:05.799, NVIDIA GeForce RTX 4060 Ti, 78 %, 5255 MiB, 8188 MiB, 51, 110.48 W
2026/09/23 18:06:06.805, NVIDIA GeForce RTX 4060 Ti, 82 %, 5256 MiB, 8188 MiB, 54, 114.72 W
2026/09/23 18:06:07.811, NVIDIA GeForce RTX 4060 Ti, 84 %, 5255 MiB, 8188 MiB, 51, 108.16 W
2026/09/23 18:06:08.818, NVIDIA GeForce RTX 4060 Ti, 67 %, 5255 MiB, 8188 MiB, 51, 109.31 W
2026/09/23 18:06:09.824, NVIDIA GeForce RTX 4060 Ti, 54 %, 5255 MiB, 8188 MiB, 53, 100.34 W
2026/09/23 18:06:10.828, NVIDIA GeForce RTX 4060 Ti, 71 %, 5255 MiB, 8188 MiB, 52, 110.23 W
2026/09/23 18:06:11.834, NVIDIA GeForce RTX 4060 Ti, 72 %, 5255 MiB, 8188 MiB, 54, 112.42 W
2026/09/23 18:06:12.839, NVIDIA GeForce RTX 4060 Ti, 66 %, 5254 MiB, 8188 MiB, 53, 105.48 W
2026/09/23 18:06:13.843, NVIDIA GeForce RTX 4060 Ti, 61 %, 5254 MiB, 8188 MiB, 52, 111.93 W
2026/09/23 18:06:14.850, NVIDIA GeForce RTX 4060 Ti, 65 %, 5254 MiB, 8188 MiB, 52, 107.43 W
2026/09/23 18:06:15.857, NVIDIA GeForce RTX 4060 Ti, 65 %, 5254 MiB, 8188 MiB, 53, 111.24 W
2026/09/23 18:06:16.863, NVIDIA GeForce RTX 4060 Ti, 87 %, 5254 MiB, 8188 MiB, 54, 118.04 W
2026/09/23 18:06:17.870, NVIDIA GeForce RTX 4060 Ti, 77 %, 5254 MiB, 8188 MiB, 53, 117.77 W
2026/09/23 18:06:18.875, NVIDIA GeForce RTX 4060 Ti, 74 %, 5254 MiB, 8188 MiB, 53, 105.75 W
2026/09/23 18:06:19.883, NVIDIA GeForce RTX 4060 Ti, 61 %, 5254 MiB, 8188 MiB, 55, 116.20 W
2026/09/23 18:06:20.889, NVIDIA GeForce RTX 4060 Ti, 56 %, 5264 MiB, 8188 MiB, 55, 109.64 W
2026/09/23 18:06:21.895, NVIDIA GeForce RTX 4060 Ti, 85 %, 5265 MiB, 8188 MiB, 51, 116.66 W
2026/09/23 18:06:22.901, NVIDIA GeForce RTX 4060 Ti, 42 %, 5265 MiB, 8188 MiB, 50, 93.74 W
2026/09/23 18:06:23.908, NVIDIA GeForce RTX 4060 Ti, 81 %, 5267 MiB, 8188 MiB, 55, 110.07 W
2026/09/23 18:06:24.912, NVIDIA GeForce RTX 4060 Ti, 87 %, 5266 MiB, 8188 MiB, 53, 100.58 W
2026/09/23 18:06:25.918, NVIDIA GeForce RTX 4060 Ti, 71 %, 5267 MiB, 8188 MiB, 52, 111.30 W
2026/09/23 18:06:26.924, NVIDIA GeForce RTX 4060 Ti, 77 %, 5267 MiB, 8188 MiB, 54, 112.85 W
2026/09/23 18:06:27.930, NVIDIA GeForce RTX 4060 Ti, 69 %, 5267 MiB, 8188 MiB, 53, 112.15 W
2026/09/23 18:06:28.934, NVIDIA GeForce RTX 4060 Ti, 60 %, 5267 MiB, 8188 MiB, 53, 110.66 W
2026/09/23 18:06:29.946, NVIDIA GeForce RTX 4060 Ti, 75 %, 5267 MiB, 8188 MiB, 52, 106.59 W
2026/09/23 18:06:30.950, NVIDIA GeForce RTX 4060 Ti, 92 %, 5267 MiB, 8188 MiB, 50, 107.29 W
2026/09/23 18:06:31.956, NVIDIA GeForce RTX 4060 Ti, 73 %, 5267 MiB, 8188 MiB, 55, 121.47 W
2026/09/23 18:06:32.962, NVIDIA GeForce RTX 4060 Ti, 83 %, 5267 MiB, 8188 MiB, 50, 110.34 W
2026/09/23 18:06:33.967, NVIDIA GeForce RTX 4060 Ti, 84 %, 5267 MiB, 8188 MiB, 49, 115.21 W
2026/09/23 18:06:34.974, NVIDIA GeForce RTX 4060 Ti, 64 %, 5267 MiB, 8188 MiB, 50, 106.95 W
2026/09/23 18:06:35.980, NVIDIA GeForce RTX 4060 Ti, 70 %, 5267 MiB, 8188 MiB, 52, 110.95 W
2026/09/23 18:06:36.986, NVIDIA GeForce RTX 4060 Ti, 74 %, 5267 MiB, 8188 MiB, 53, 119.05 W
2026/09/23 18:06:37.991, NVIDIA GeForce RTX 4060 Ti, 78 %, 5267 MiB, 8188 MiB, 53, 109.12 W
2026/09/23 18:06:38.997, NVIDIA GeForce RTX 4060 Ti, 71 %, 5267 MiB, 8188 MiB, 52, 110.10 W
2026/09/23 18:06:40.003, NVIDIA GeForce RTX 4060 Ti, 81 %, 5267 MiB, 8188 MiB, 55, 112.34 W
2026/09/23 18:06:41.009, NVIDIA GeForce RTX 4060 Ti, 80 %, 5266 MiB, 8188 MiB, 52, 98.94 W
2026/09/23 18:06:42.014, NVIDIA GeForce RTX 4060 Ti, 56 %, 5266 MiB, 8188 MiB, 56, 113.74 W
2026/09/23 18:06:43.021, NVIDIA GeForce RTX 4060 Ti, 86 %, 5265 MiB, 8188 MiB, 56, 122.86 W
2026/09/23 18:06:44.028, NVIDIA GeForce RTX 4060 Ti, 70 %, 5265 MiB, 8188 MiB, 54, 113.43 W
2026/09/23 18:06:45.033, NVIDIA GeForce RTX 4060 Ti, 72 %, 5265 MiB, 8188 MiB, 54, 99.86 W
2026/09/23 18:06:46.039, NVIDIA GeForce RTX 4060 Ti, 64 %, 5265 MiB, 8188 MiB, 52, 104.23 W
2026/09/23 18:06:47.044, NVIDIA GeForce RTX 4060 Ti, 79 %, 5265 MiB, 8188 MiB, 53, 103.23 W
2026/09/23 18:06:48.052, NVIDIA GeForce RTX 4060 Ti, 62 %, 5265 MiB, 8188 MiB, 52, 108.80 W
2026/09/23 18:06:49.071, NVIDIA GeForce RTX 4060 Ti, 59 %, 5265 MiB, 8188 MiB, 55, 109.19 W
2026/09/23 18:06:50.075, NVIDIA GeForce RTX 4060 Ti, 68 %, 5265 MiB, 8188 MiB, 50, 102.23 W
2026/09/23 18:06:51.085, NVIDIA GeForce RTX 4060 Ti, 78 %, 5265 MiB, 8188 MiB, 55, 120.61 W
2026/09/23 18:06:52.090, NVIDIA GeForce RTX 4060 Ti, 73 %, 5273 MiB, 8188 MiB, 54, 106.95 W
2026/09/23 18:06:53.095, NVIDIA GeForce RTX 4060 Ti, 73 %, 5273 MiB, 8188 MiB, 50, 107.40 W
2026/09/23 18:06:54.101, NVIDIA GeForce RTX 4060 Ti, 62 %, 5273 MiB, 8188 MiB, 52, 97.77 W
2026/09/23 18:06:55.106, NVIDIA GeForce RTX 4060 Ti, 55 %, 5273 MiB, 8188 MiB, 53, 92.90 W
2026/09/23 18:06:56.112, NVIDIA GeForce RTX 4060 Ti, 85 %, 5273 MiB, 8188 MiB, 51, 116.34 W
2026/09/23 18:06:57.120, NVIDIA GeForce RTX 4060 Ti, 67 %, 5273 MiB, 8188 MiB, 54, 114.74 W
2026/09/23 18:06:58.124, NVIDIA GeForce RTX 4060 Ti, 63 %, 5271 MiB, 8188 MiB, 53, 99.41 W
2026/09/23 18:06:59.131, NVIDIA GeForce RTX 4060 Ti, 81 %, 5271 MiB, 8188 MiB, 55, 119.98 W
2026/09/23 18:07:00.140, NVIDIA GeForce RTX 4060 Ti, 48 %, 5269 MiB, 8188 MiB, 52, 111.23 W
2026/09/23 18:07:01.147, NVIDIA GeForce RTX 4060 Ti, 85 %, 5269 MiB, 8188 MiB, 54, 116.60 W
2026/09/23 18:07:02.154, NVIDIA GeForce RTX 4060 Ti, 79 %, 5269 MiB, 8188 MiB, 55, 108.35 W
2026/09/23 18:07:03.160, NVIDIA GeForce RTX 4060 Ti, 59 %, 5269 MiB, 8188 MiB, 54, 108.67 W
2026/09/23 18:07:04.166, NVIDIA GeForce RTX 4060 Ti, 78 %, 5268 MiB, 8188 MiB, 56, 115.71 W
2026/09/23 18:07:05.173, NVIDIA GeForce RTX 4060 Ti, 67 %, 5268 MiB, 8188 MiB, 52, 110.83 W
2026/09/23 18:07:06.178, NVIDIA GeForce RTX 4060 Ti, 81 %, 5268 MiB, 8188 MiB, 54, 118.65 W
2026/09/23 18:07:07.184, NVIDIA GeForce RTX 4060 Ti, 92 %, 5268 MiB, 8188 MiB, 52, 118.13 W
2026/09/23 18:07:08.189, NVIDIA GeForce RTX 4060 Ti, 83 %, 5268 MiB, 8188 MiB, 53, 109.44 W
2026/09/23 18:07:09.195, NVIDIA GeForce RTX 4060 Ti, 87 %, 5267 MiB, 8188 MiB, 51, 108.98 W
2026/09/23 18:07:10.201, NVIDIA GeForce RTX 4060 Ti, 83 %, 5263 MiB, 8188 MiB, 55, 116.50 W
2026/09/23 18:07:11.207, NVIDIA GeForce RTX 4060 Ti, 87 %, 5263 MiB, 8188 MiB, 55, 118.99 W
2026/09/23 18:07:12.213, NVIDIA GeForce RTX 4060 Ti, 62 %, 5263 MiB, 8188 MiB, 53, 114.00 W
2026/09/23 18:07:13.219, NVIDIA GeForce RTX 4060 Ti, 71 %, 5263 MiB, 8188 MiB, 56, 116.16 W
2026/09/23 18:07:14.225, NVIDIA GeForce RTX 4060 Ti, 70 %, 5266 MiB, 8188 MiB, 54, 114.45 W
2026/09/23 18:07:15.230, NVIDIA GeForce RTX 4060 Ti, 90 %, 5266 MiB, 8188 MiB, 55, 122.15 W
2026/09/23 18:07:16.236, NVIDIA GeForce RTX 4060 Ti, 70 %, 5266 MiB, 8188 MiB, 53, 116.00 W
2026/09/23 18:07:17.242, NVIDIA GeForce RTX 4060 Ti, 85 %, 5266 MiB, 8188 MiB, 55, 113.43 W
2026/09/23 18:07:18.249, NVIDIA GeForce RTX 4060 Ti, 70 %, 5266 MiB, 8188 MiB, 54, 105.00 W
2026/09/23 18:07:19.254, NVIDIA GeForce RTX 4060 Ti, 66 %, 5266 MiB, 8188 MiB, 54, 111.84 W
2026/09/23 18:07:20.260, NVIDIA GeForce RTX 4060 Ti, 73 %, 5266 MiB, 8188 MiB, 54, 104.33 W
2026/09/23 18:07:21.266, NVIDIA GeForce RTX 4060 Ti, 94 %, 5266 MiB, 8188 MiB, 56, 116.49 W
2026/09/23 18:07:22.272, NVIDIA GeForce RTX 4060 Ti, 68 %, 5266 MiB, 8188 MiB, 50, 103.84 W
2026/09/23 18:07:23.278, NVIDIA GeForce RTX 4060 Ti, 54 %, 5266 MiB, 8188 MiB, 50, 110.20 W
2026/09/23 18:07:24.282, NVIDIA GeForce RTX 4060 Ti, 75 %, 5266 MiB, 8188 MiB, 54, 110.42 W
2026/09/23 18:07:25.288, NVIDIA GeForce RTX 4060 Ti, 78 %, 5266 MiB, 8188 MiB, 56, 113.18 W
2026/09/23 18:07:26.320, NVIDIA GeForce RTX 4060 Ti, 60 %, 5266 MiB, 8188 MiB, 50, 93.50 W
2026/09/23 18:07:27.324, NVIDIA GeForce RTX 4060 Ti, 78 %, 5266 MiB, 8188 MiB, 55, 112.28 W
2026/09/23 18:07:28.333, NVIDIA GeForce RTX 4060 Ti, 78 %, 5266 MiB, 8188 MiB, 53, 118.25 W
2026/09/23 18:07:29.339, NVIDIA GeForce RTX 4060 Ti, 87 %, 5266 MiB, 8188 MiB, 56, 116.71 W
2026/09/23 18:07:30.346, NVIDIA GeForce RTX 4060 Ti, 84 %, 5266 MiB, 8188 MiB, 54, 124.67 W
2026/09/23 18:07:31.352, NVIDIA GeForce RTX 4060 Ti, 59 %, 5266 MiB, 8188 MiB, 50, 119.40 W
2026/09/23 18:07:32.357, NVIDIA GeForce RTX 4060 Ti, 82 %, 5266 MiB, 8188 MiB, 55, 123.32 W
2026/09/23 18:07:33.364, NVIDIA GeForce RTX 4060 Ti, 78 %, 5266 MiB, 8188 MiB, 53, 125.76 W
2026/09/23 18:07:34.370, NVIDIA GeForce RTX 4060 Ti, 88 %, 5266 MiB, 8188 MiB, 54, 122.83 W
2026/09/23 18:07:35.376, NVIDIA GeForce RTX 4060 Ti, 83 %, 5261 MiB, 8188 MiB, 55, 117.99 W
2026/09/23 18:07:36.383, NVIDIA GeForce RTX 4060 Ti, 71 %, 5261 MiB, 8188 MiB, 51, 120.00 W
2026/09/23 18:07:37.390, NVIDIA GeForce RTX 4060 Ti, 84 %, 5261 MiB, 8188 MiB, 54, 121.10 W
2026/09/23 18:07:38.395, NVIDIA GeForce RTX 4060 Ti, 76 %, 5261 MiB, 8188 MiB, 55, 129.14 W
2026/09/23 18:07:39.401, NVIDIA GeForce RTX 4060 Ti, 76 %, 5261 MiB, 8188 MiB, 56, 123.33 W
2026/09/23 18:07:40.406, NVIDIA GeForce RTX 4060 Ti, 76 %, 5261 MiB, 8188 MiB, 56, 122.83 W
2026/09/23 18:07:41.411, NVIDIA GeForce RTX 4060 Ti, 63 %, 5262 MiB, 8188 MiB, 55, 122.60 W
2026/09/23 18:07:42.418, NVIDIA GeForce RTX 4060 Ti, 66 %, 5266 MiB, 8188 MiB, 56, 123.67 W
2026/09/23 18:07:43.458, NVIDIA GeForce RTX 4060 Ti, 91 %, 5266 MiB, 8188 MiB, 57, 127.98 W
2026/09/23 18:07:44.465, NVIDIA GeForce RTX 4060 Ti, 80 %, 5252 MiB, 8188 MiB, 55, 125.74 W
2026/09/23 18:07:45.471, NVIDIA GeForce RTX 4060 Ti, 84 %, 5252 MiB, 8188 MiB, 54, 116.33 W
2026/09/23 18:07:46.475, NVIDIA GeForce RTX 4060 Ti, 63 %, 5252 MiB, 8188 MiB, 57, 118.52 W
2026/09/23 18:07:47.482, NVIDIA GeForce RTX 4060 Ti, 81 %, 5264 MiB, 8188 MiB, 57, 124.69 W
2026/09/23 18:07:48.492, NVIDIA GeForce RTX 4060 Ti, 94 %, 5264 MiB, 8188 MiB, 55, 131.58 W
2026/09/23 18:07:49.497, NVIDIA GeForce RTX 4060 Ti, 95 %, 5264 MiB, 8188 MiB, 57, 132.06 W
2026/09/23 18:07:50.504, NVIDIA GeForce RTX 4060 Ti, 81 %, 5264 MiB, 8188 MiB, 54, 129.43 W
2026/09/23 18:07:51.509, NVIDIA GeForce RTX 4060 Ti, 78 %, 5264 MiB, 8188 MiB, 58, 129.34 W
2026/09/23 18:07:52.515, NVIDIA GeForce RTX 4060 Ti, 78 %, 5264 MiB, 8188 MiB, 57, 122.42 W
2026/09/23 18:07:53.521, NVIDIA GeForce RTX 4060 Ti, 90 %, 5262 MiB, 8188 MiB, 56, 131.89 W
2026/09/23 18:07:54.527, NVIDIA GeForce RTX 4060 Ti, 96 %, 5261 MiB, 8188 MiB, 57, 130.44 W
2026/09/23 18:07:55.533, NVIDIA GeForce RTX 4060 Ti, 86 %, 5261 MiB, 8188 MiB, 55, 119.57 W
2026/09/23 18:07:56.539, NVIDIA GeForce RTX 4060 Ti, 80 %, 5261 MiB, 8188 MiB, 56, 128.66 W
2026/09/23 18:07:57.545, NVIDIA GeForce RTX 4060 Ti, 83 %, 5261 MiB, 8188 MiB, 59, 132.75 W
2026/09/23 18:07:58.550, NVIDIA GeForce RTX 4060 Ti, 89 %, 5261 MiB, 8188 MiB, 57, 131.31 W
2026/09/23 18:07:59.555, NVIDIA GeForce RTX 4060 Ti, 96 %, 5261 MiB, 8188 MiB, 56, 130.70 W
2026/09/23 18:08:00.560, NVIDIA GeForce RTX 4060 Ti, 96 %, 5261 MiB, 8188 MiB, 57, 136.64 W
2026/09/23 18:08:01.568, NVIDIA GeForce RTX 4060 Ti, 96 %, 5261 MiB, 8188 MiB, 55, 135.28 W
2026/09/23 18:08:02.574, NVIDIA GeForce RTX 4060 Ti, 90 %, 5263 MiB, 8188 MiB, 54, 131.32 W
2026/09/23 18:08:03.581, NVIDIA GeForce RTX 4060 Ti, 97 %, 5263 MiB, 8188 MiB, 57, 134.80 W
2026/09/23 18:08:04.588, NVIDIA GeForce RTX 4060 Ti, 96 %, 5263 MiB, 8188 MiB, 58, 136.77 W
2026/09/23 18:08:05.595, NVIDIA GeForce RTX 4060 Ti, 86 %, 5263 MiB, 8188 MiB, 54, 126.64 W
2026/09/23 18:08:06.601, NVIDIA GeForce RTX 4060 Ti, 95 %, 5263 MiB, 8188 MiB, 58, 131.60 W
2026/09/23 18:08:07.608, NVIDIA GeForce RTX 4060 Ti, 91 %, 5263 MiB, 8188 MiB, 57, 133.06 W
2026/09/23 18:08:08.617, NVIDIA GeForce RTX 4060 Ti, 96 %, 5263 MiB, 8188 MiB, 58, 129.96 W
2026/09/23 18:08:09.624, NVIDIA GeForce RTX 4060 Ti, 97 %, 5263 MiB, 8188 MiB, 59, 133.68 W
2026/09/23 18:08:10.630, NVIDIA GeForce RTX 4060 Ti, 94 %, 5263 MiB, 8188 MiB, 57, 135.83 W
2026/09/23 18:08:11.635, NVIDIA GeForce RTX 4060 Ti, 96 %, 5263 MiB, 8188 MiB, 58, 136.89 W
2026/09/23 18:08:12.644, NVIDIA GeForce RTX 4060 Ti, 81 %, 5264 MiB, 8188 MiB, 58, 130.48 W
2026/09/23 18:08:13.650, NVIDIA GeForce RTX 4060 Ti, 96 %, 5263 MiB, 8188 MiB, 58, 133.10 W
2026/09/23 18:08:14.656, NVIDIA GeForce RTX 4060 Ti, 94 %, 5263 MiB, 8188 MiB, 59, 136.05 W
2026/09/23 18:08:15.662, NVIDIA GeForce RTX 4060 Ti, 88 %, 5262 MiB, 8188 MiB, 58, 135.44 W
2026/09/23 18:08:16.668, NVIDIA GeForce RTX 4060 Ti, 97 %, 5262 MiB, 8188 MiB, 58, 135.82 W
2026/09/23 18:08:17.675, NVIDIA GeForce RTX 4060 Ti, 96 %, 5262 MiB, 8188 MiB, 58, 128.98 W
2026/09/23 18:08:18.681, NVIDIA GeForce RTX 4060 Ti, 96 %, 5262 MiB, 8188 MiB, 58, 131.65 W
2026/09/23 18:08:19.686, NVIDIA GeForce RTX 4060 Ti, 96 %, 5262 MiB, 8188 MiB, 58, 131.29 W
2026/09/23 18:08:20.692, NVIDIA GeForce RTX 4060 Ti, 97 %, 5262 MiB, 8188 MiB, 59, 131.74 W
2026/09/23 18:08:21.700, NVIDIA GeForce RTX 4060 Ti, 88 %, 5262 MiB, 8188 MiB, 58, 128.71 W
2026/09/23 18:08:22.706, NVIDIA GeForce RTX 4060 Ti, 93 %, 5262 MiB, 8188 MiB, 59, 135.02 W
2026/09/23 18:08:23.711, NVIDIA GeForce RTX 4060 Ti, 97 %, 5260 MiB, 8188 MiB, 59, 135.85 W
2026/09/23 18:08:24.716, NVIDIA GeForce RTX 4060 Ti, 100 %, 5259 MiB, 8188 MiB, 59, 136.06 W
2026/09/23 18:08:25.720, NVIDIA GeForce RTX 4060 Ti, 96 %, 5259 MiB, 8188 MiB, 58, 132.58 W
2026/09/23 18:08:26.726, NVIDIA GeForce RTX 4060 Ti, 86 %, 5265 MiB, 8188 MiB, 59, 128.90 W
2026/09/23 18:08:27.731, NVIDIA GeForce RTX 4060 Ti, 96 %, 5269 MiB, 8188 MiB, 58, 132.07 W
2026/09/23 18:08:28.736, NVIDIA GeForce RTX 4060 Ti, 96 %, 5269 MiB, 8188 MiB, 57, 128.68 W
2026/09/23 18:08:29.742, NVIDIA GeForce RTX 4060 Ti, 90 %, 5262 MiB, 8188 MiB, 59, 132.41 W
2026/09/23 18:08:30.747, NVIDIA GeForce RTX 4060 Ti, 96 %, 5252 MiB, 8188 MiB, 57, 135.70 W
2026/09/23 18:08:31.756, NVIDIA GeForce RTX 4060 Ti, 96 %, 5264 MiB, 8188 MiB, 58, 133.55 W
2026/09/23 18:08:32.761, NVIDIA GeForce RTX 4060 Ti, 80 %, 5264 MiB, 8188 MiB, 57, 129.75 W
2026/09/23 18:08:33.769, NVIDIA GeForce RTX 4060 Ti, 83 %, 5264 MiB, 8188 MiB, 57, 130.79 W
2026/09/23 18:08:34.778, NVIDIA GeForce RTX 4060 Ti, 94 %, 5264 MiB, 8188 MiB, 59, 135.23 W
2026/09/23 18:08:35.785, NVIDIA GeForce RTX 4060 Ti, 96 %, 5264 MiB, 8188 MiB, 58, 134.98 W
2026/09/23 18:08:36.803, NVIDIA GeForce RTX 4060 Ti, 94 %, 5264 MiB, 8188 MiB, 59, 135.30 W
2026/09/23 18:08:37.810, NVIDIA GeForce RTX 4060 Ti, 96 %, 5264 MiB, 8188 MiB, 58, 133.64 W
2026/09/23 18:08:38.814, NVIDIA GeForce RTX 4060 Ti, 90 %, 5265 MiB, 8188 MiB, 58, 131.94 W
2026/09/23 18:08:39.821, NVIDIA GeForce RTX 4060 Ti, 91 %, 5263 MiB, 8188 MiB, 59, 137.75 W
2026/09/23 18:08:40.827, NVIDIA GeForce RTX 4060 Ti, 94 %, 5263 MiB, 8188 MiB, 58, 135.10 W
2026/09/23 18:08:41.833, NVIDIA GeForce RTX 4060 Ti, 96 %, 5262 MiB, 8188 MiB, 59, 135.71 W
2026/09/23 18:08:42.838, NVIDIA GeForce RTX 4060 Ti, 94 %, 5262 MiB, 8188 MiB, 59, 137.19 W
2026/09/23 18:08:43.845, NVIDIA GeForce RTX 4060 Ti, 96 %, 5262 MiB, 8188 MiB, 59, 133.66 W
2026/09/23 18:08:44.852, NVIDIA GeForce RTX 4060 Ti, 94 %, 5262 MiB, 8188 MiB, 58, 136.39 W
2026/09/23 18:08:45.859, NVIDIA GeForce RTX 4060 Ti, 96 %, 5262 MiB, 8188 MiB, 59, 136.38 W
2026/09/23 18:08:46.866, NVIDIA GeForce RTX 4060 Ti, 95 %, 5261 MiB, 8188 MiB, 57, 133.06 W
2026/09/23 18:08:47.873, NVIDIA GeForce RTX 4060 Ti, 96 %, 5261 MiB, 8188 MiB, 59, 136.71 W
2026/09/23 18:08:48.878, NVIDIA GeForce RTX 4060 Ti, 97 %, 5261 MiB, 8188 MiB, 60, 135.07 W
2026/09/23 18:08:49.883, NVIDIA GeForce RTX 4060 Ti, 96 %, 5261 MiB, 8188 MiB, 59, 135.48 W
2026/09/23 18:08:50.888, NVIDIA GeForce RTX 4060 Ti, 95 %, 5257 MiB, 8188 MiB, 58, 136.04 W
2026/09/23 18:08:51.893, NVIDIA GeForce RTX 4060 Ti, 96 %, 5257 MiB, 8188 MiB, 58, 137.60 W
2026/09/23 18:08:52.899, NVIDIA GeForce RTX 4060 Ti, 94 %, 5257 MiB, 8188 MiB, 59, 136.54 W
2026/09/23 18:08:53.904, NVIDIA GeForce RTX 4060 Ti, 97 %, 5257 MiB, 8188 MiB, 57, 135.22 W
2026/09/23 18:08:54.908, NVIDIA GeForce RTX 4060 Ti, 95 %, 5256 MiB, 8188 MiB, 59, 135.18 W
2026/09/23 18:08:55.916, NVIDIA GeForce RTX 4060 Ti, 92 %, 5256 MiB, 8188 MiB, 59, 134.27 W
2026/09/23 18:08:56.922, NVIDIA GeForce RTX 4060 Ti, 96 %, 5256 MiB, 8188 MiB, 59, 138.30 W
2026/09/23 18:08:57.928, NVIDIA GeForce RTX 4060 Ti, 94 %, 5255 MiB, 8188 MiB, 59, 136.06 W
2026/09/23 18:08:58.935, NVIDIA GeForce RTX 4060 Ti, 97 %, 5255 MiB, 8188 MiB, 58, 135.34 W
2026/09/23 18:08:59.941, NVIDIA GeForce RTX 4060 Ti, 97 %, 5255 MiB, 8188 MiB, 58, 138.25 W
2026/09/23 18:09:00.946, NVIDIA GeForce RTX 4060 Ti, 95 %, 5255 MiB, 8188 MiB, 59, 137.16 W
2026/09/23 18:09:01.952, NVIDIA GeForce RTX 4060 Ti, 93 %, 5255 MiB, 8188 MiB, 59, 136.05 W
2026/09/23 18:09:02.958, NVIDIA GeForce RTX 4060 Ti, 95 %, 5255 MiB, 8188 MiB, 59, 135.24 W
2026/09/23 18:09:03.963, NVIDIA GeForce RTX 4060 Ti, 95 %, 5255 MiB, 8188 MiB, 58, 136.72 W
2026/09/23 18:09:04.970, NVIDIA GeForce RTX 4060 Ti, 93 %, 5255 MiB, 8188 MiB, 59, 135.94 W
2026/09/23 18:09:05.978, NVIDIA GeForce RTX 4060 Ti, 97 %, 5255 MiB, 8188 MiB, 59, 136.92 W
2026/09/23 18:09:06.984, NVIDIA GeForce RTX 4060 Ti, 95 %, 5255 MiB, 8188 MiB, 59, 134.29 W
2026/09/23 18:09:07.989, NVIDIA GeForce RTX 4060 Ti, 96 %, 5255 MiB, 8188 MiB, 59, 133.90 W
2026/09/23 18:09:08.998, NVIDIA GeForce RTX 4060 Ti, 96 %, 5255 MiB, 8188 MiB, 59, 134.43 W
2026/09/23 18:09:10.003, NVIDIA GeForce RTX 4060 Ti, 93 %, 5255 MiB, 8188 MiB, 59, 135.55 W
2026/09/23 18:09:11.008, NVIDIA GeForce RTX 4060 Ti, 96 %, 5255 MiB, 8188 MiB, 59, 134.92 W
2026/09/23 18:09:12.013, NVIDIA GeForce RTX 4060 Ti, 100 %, 5255 MiB, 8188 MiB, 60, 137.25 W
2026/09/23 18:09:13.022, NVIDIA GeForce RTX 4060 Ti, 96 %, 5255 MiB, 8188 MiB, 59, 136.87 W
2026/09/23 18:09:14.048, NVIDIA GeForce RTX 4060 Ti, 95 %, 5255 MiB, 8188 MiB, 59, 135.57 W
2026/09/23 18:09:15.057, NVIDIA GeForce RTX 4060 Ti, 96 %, 5255 MiB, 8188 MiB, 59, 136.66 W
2026/09/23 18:09:16.062, NVIDIA GeForce RTX 4060 Ti, 96 %, 5255 MiB, 8188 MiB, 59, 134.63 W
2026/09/23 18:09:17.068, NVIDIA GeForce RTX 4060 Ti, 100 %, 5255 MiB, 8188 MiB, 59, 134.27 W
2026/09/23 18:09:18.073, NVIDIA GeForce RTX 4060 Ti, 97 %, 5262 MiB, 8188 MiB, 57, 134.50 W
2026/09/23 18:09:19.080, NVIDIA GeForce RTX 4060 Ti, 95 %, 5262 MiB, 8188 MiB, 59, 135.12 W
2026/09/23 18:09:20.085, NVIDIA GeForce RTX 4060 Ti, 96 %, 5262 MiB, 8188 MiB, 57, 133.75 W
2026/09/23 18:09:21.093, NVIDIA GeForce RTX 4060 Ti, 97 %, 5262 MiB, 8188 MiB, 59, 137.75 W
2026/09/23 18:09:22.099, NVIDIA GeForce RTX 4060 Ti, 93 %, 5262 MiB, 8188 MiB, 59, 136.12 W
2026/09/23 18:09:23.103, NVIDIA GeForce RTX 4060 Ti, 100 %, 5262 MiB, 8188 MiB, 57, 134.17 W
2026/09/23 18:09:24.109, NVIDIA GeForce RTX 4060 Ti, 95 %, 5262 MiB, 8188 MiB, 57, 132.13 W
2026/09/23 18:09:25.115, NVIDIA GeForce RTX 4060 Ti, 96 %, 5262 MiB, 8188 MiB, 58, 134.36 W
2026/09/23 18:09:26.121, NVIDIA GeForce RTX 4060 Ti, 96 %, 5262 MiB, 8188 MiB, 59, 137.22 W
2026/09/23 18:09:27.127, NVIDIA GeForce RTX 4060 Ti, 96 %, 5263 MiB, 8188 MiB, 58, 134.33 W
2026/09/23 18:09:28.133, NVIDIA GeForce RTX 4060 Ti, 96 %, 5263 MiB, 8188 MiB, 59, 134.20 W
2026/09/23 18:09:29.139, NVIDIA GeForce RTX 4060 Ti, 96 %, 5263 MiB, 8188 MiB, 59, 137.40 W
2026/09/23 18:09:30.144, NVIDIA GeForce RTX 4060 Ti, 100 %, 5263 MiB, 8188 MiB, 58, 134.72 W
2026/09/23 18:09:31.149, NVIDIA GeForce RTX 4060 Ti, 100 %, 5263 MiB, 8188 MiB, 57, 135.60 W
2026/09/23 18:09:32.155, NVIDIA GeForce RTX 4060 Ti, 96 %, 5263 MiB, 8188 MiB, 60, 135.77 W
2026/09/23 18:09:33.161, NVIDIA GeForce RTX 4060 Ti, 96 %, 5262 MiB, 8188 MiB, 58, 135.27 W
2026/09/23 18:09:34.168, NVIDIA GeForce RTX 4060 Ti, 97 %, 5262 MiB, 8188 MiB, 59, 135.00 W
2026/09/23 18:09:35.176, NVIDIA GeForce RTX 4060 Ti, 97 %, 5262 MiB, 8188 MiB, 59, 137.43 W
2026/09/23 18:09:36.183, NVIDIA GeForce RTX 4060 Ti, 100 %, 5258 MiB, 8188 MiB, 58, 134.68 W
2026/09/23 18:09:37.193, NVIDIA GeForce RTX 4060 Ti, 95 %, 5258 MiB, 8188 MiB, 59, 134.59 W
2026/09/23 18:09:38.199, NVIDIA GeForce RTX 4060 Ti, 97 %, 5257 MiB, 8188 MiB, 58, 138.76 W
2026/09/23 18:09:39.205, NVIDIA GeForce RTX 4060 Ti, 100 %, 5257 MiB, 8188 MiB, 59, 137.09 W
2026/09/23 18:09:40.211, NVIDIA GeForce RTX 4060 Ti, 96 %, 5257 MiB, 8188 MiB, 57, 134.51 W
2026/09/23 18:09:41.216, NVIDIA GeForce RTX 4060 Ti, 96 %, 5256 MiB, 8188 MiB, 59, 135.58 W
2026/09/23 18:09:42.221, NVIDIA GeForce RTX 4060 Ti, 96 %, 5256 MiB, 8188 MiB, 58, 133.82 W
2026/09/23 18:09:43.227, NVIDIA GeForce RTX 4060 Ti, 97 %, 5256 MiB, 8188 MiB, 59, 137.33 W
2026/09/23 18:09:44.234, NVIDIA GeForce RTX 4060 Ti, 96 %, 5256 MiB, 8188 MiB, 59, 134.92 W
2026/09/23 18:09:45.239, NVIDIA GeForce RTX 4060 Ti, 95 %, 5256 MiB, 8188 MiB, 60, 136.16 W
2026/09/23 18:09:46.245, NVIDIA GeForce RTX 4060 Ti, 94 %, 5256 MiB, 8188 MiB, 60, 137.99 W
2026/09/23 18:09:47.251, NVIDIA GeForce RTX 4060 Ti, 96 %, 5256 MiB, 8188 MiB, 59, 136.26 W
2026/09/23 18:09:48.258, NVIDIA GeForce RTX 4060 Ti, 100 %, 5256 MiB, 8188 MiB, 58, 135.87 W
2026/09/23 18:09:49.264, NVIDIA GeForce RTX 4060 Ti, 100 %, 5256 MiB, 8188 MiB, 58, 136.06 W
2026/09/23 18:09:50.271, NVIDIA GeForce RTX 4060 Ti, 100 %, 5256 MiB, 8188 MiB, 58, 136.53 W
2026/09/23 18:09:51.278, NVIDIA GeForce RTX 4060 Ti, 100 %, 5256 MiB, 8188 MiB, 58, 134.83 W
2026/09/23 18:09:52.285, NVIDIA GeForce RTX 4060 Ti, 96 %, 5256 MiB, 8188 MiB, 59, 134.39 W
2026/09/23 18:09:53.303, NVIDIA GeForce RTX 4060 Ti, 97 %, 5256 MiB, 8188 MiB, 59, 137.64 W
2026/09/23 18:09:54.308, NVIDIA GeForce RTX 4060 Ti, 95 %, 5256 MiB, 8188 MiB, 57, 134.27 W
2026/09/23 18:09:55.316, NVIDIA GeForce RTX 4060 Ti, 93 %, 5256 MiB, 8188 MiB, 59, 135.33 W
2026/09/23 18:09:56.321, NVIDIA GeForce RTX 4060 Ti, 95 %, 5264 MiB, 8188 MiB, 59, 136.17 W
2026/09/23 18:09:57.328, NVIDIA GeForce RTX 4060 Ti, 100 %, 5264 MiB, 8188 MiB, 59, 133.60 W
2026/09/23 18:09:58.334, NVIDIA GeForce RTX 4060 Ti, 95 %, 5264 MiB, 8188 MiB, 60, 136.53 W
2026/09/23 18:09:59.340, NVIDIA GeForce RTX 4060 Ti, 93 %, 5264 MiB, 8188 MiB, 59, 135.78 W
2026/09/23 18:10:00.347, NVIDIA GeForce RTX 4060 Ti, 96 %, 5264 MiB, 8188 MiB, 59, 133.52 W
2026/09/23 18:10:01.356, NVIDIA GeForce RTX 4060 Ti, 96 %, 5264 MiB, 8188 MiB, 59, 135.87 W
2026/09/23 18:10:02.361, NVIDIA GeForce RTX 4060 Ti, 100 %, 5264 MiB, 8188 MiB, 59, 130.68 W
2026/09/23 18:10:03.368, NVIDIA GeForce RTX 4060 Ti, 100 %, 5264 MiB, 8188 MiB, 58, 134.59 W
2026/09/23 18:10:04.373, NVIDIA GeForce RTX 4060 Ti, 96 %, 5264 MiB, 8188 MiB, 59, 137.62 W
2026/09/23 18:10:05.380, NVIDIA GeForce RTX 4060 Ti, 94 %, 5264 MiB, 8188 MiB, 58, 135.72 W
2026/09/23 18:10:06.384, NVIDIA GeForce RTX 4060 Ti, 97 %, 5264 MiB, 8188 MiB, 59, 136.69 W
2026/09/23 18:10:07.390, NVIDIA GeForce RTX 4060 Ti, 95 %, 5264 MiB, 8188 MiB, 59, 135.84 W
2026/09/23 18:10:08.395, NVIDIA GeForce RTX 4060 Ti, 94 %, 5263 MiB, 8188 MiB, 57, 135.91 W
2026/09/23 18:10:09.400, NVIDIA GeForce RTX 4060 Ti, 96 %, 5263 MiB, 8188 MiB, 59, 134.75 W
2026/09/23 18:10:10.405, NVIDIA GeForce RTX 4060 Ti, 96 %, 5259 MiB, 8188 MiB, 58, 134.50 W
2026/09/23 18:10:11.410, NVIDIA GeForce RTX 4060 Ti, 96 %, 5258 MiB, 8188 MiB, 60, 137.37 W
2026/09/23 18:10:12.417, NVIDIA GeForce RTX 4060 Ti, 97 %, 5257 MiB, 8188 MiB, 60, 135.89 W
2026/09/23 18:10:13.423, NVIDIA GeForce RTX 4060 Ti, 100 %, 5257 MiB, 8188 MiB, 59, 133.48 W
2026/09/23 18:10:14.428, NVIDIA GeForce RTX 4060 Ti, 100 %, 5257 MiB, 8188 MiB, 59, 133.87 W
2026/09/23 18:10:15.434, NVIDIA GeForce RTX 4060 Ti, 97 %, 5257 MiB, 8188 MiB, 59, 136.56 W
2026/09/23 18:10:16.440, NVIDIA GeForce RTX 4060 Ti, 96 %, 5257 MiB, 8188 MiB, 59, 137.60 W
2026/09/23 18:10:17.445, NVIDIA GeForce RTX 4060 Ti, 100 %, 5257 MiB, 8188 MiB, 59, 132.32 W
2026/09/23 18:10:18.451, NVIDIA GeForce RTX 4060 Ti, 94 %, 5257 MiB, 8188 MiB, 58, 134.55 W
2026/09/23 18:10:19.456, NVIDIA GeForce RTX 4060 Ti, 96 %, 5257 MiB, 8188 MiB, 59, 133.75 W
2026/09/23 18:10:20.462, NVIDIA GeForce RTX 4060 Ti, 97 %, 5257 MiB, 8188 MiB, 60, 137.30 W
2026/09/23 18:10:21.469, NVIDIA GeForce RTX 4060 Ti, 96 %, 5257 MiB, 8188 MiB, 58, 135.31 W
2026/09/23 18:10:22.474, NVIDIA GeForce RTX 4060 Ti, 97 %, 5257 MiB, 8188 MiB, 59, 135.39 W
2026/09/23 18:10:23.481, NVIDIA GeForce RTX 4060 Ti, 97 %, 5257 MiB, 8188 MiB, 58, 136.45 W
2026/09/23 18:10:24.486, NVIDIA GeForce RTX 4060 Ti, 96 %, 5257 MiB, 8188 MiB, 59, 136.37 W
2026/09/23 18:10:25.493, NVIDIA GeForce RTX 4060 Ti, 96 %, 5257 MiB, 8188 MiB, 59, 137.21 W
2026/09/23 18:10:26.501, NVIDIA GeForce RTX 4060 Ti, 100 %, 5257 MiB, 8188 MiB, 59, 132.83 W
2026/09/23 18:10:27.507, NVIDIA GeForce RTX 4060 Ti, 97 %, 5257 MiB, 8188 MiB, 60, 135.99 W
2026/09/23 18:10:28.512, NVIDIA GeForce RTX 4060 Ti, 100 %, 5257 MiB, 8188 MiB, 60, 135.79 W
2026/09/23 18:10:29.516, NVIDIA GeForce RTX 4060 Ti, 96 %, 5257 MiB, 8188 MiB, 60, 138.05 W
2026/09/23 18:10:30.523, NVIDIA GeForce RTX 4060 Ti, 100 %, 5257 MiB, 8188 MiB, 59, 135.97 W
2026/09/23 18:10:31.529, NVIDIA GeForce RTX 4060 Ti, 96 %, 5257 MiB, 8188 MiB, 57, 134.49 W
2026/09/23 18:10:32.534, NVIDIA GeForce RTX 4060 Ti, 97 %, 5257 MiB, 8188 MiB, 59, 136.14 W
2026/09/23 18:10:33.540, NVIDIA GeForce RTX 4060 Ti, 96 %, 5257 MiB, 8188 MiB, 59, 137.98 W
2026/09/23 18:10:34.545, NVIDIA GeForce RTX 4060 Ti, 100 %, 5257 MiB, 8188 MiB, 60, 136.08 W
2026/09/23 18:10:35.551, NVIDIA GeForce RTX 4060 Ti, 100 %, 5257 MiB, 8188 MiB, 59, 130.41 W
2026/09/23 18:10:36.557, NVIDIA GeForce RTX 4060 Ti, 96 %, 5257 MiB, 8188 MiB, 59, 136.22 W
2026/09/23 18:10:37.563, NVIDIA GeForce RTX 4060 Ti, 100 %, 5257 MiB, 8188 MiB, 58, 131.30 W
2026/09/23 18:10:38.570, NVIDIA GeForce RTX 4060 Ti, 100 %, 5257 MiB, 8188 MiB, 59, 133.29 W
2026/09/23 18:10:39.576, NVIDIA GeForce RTX 4060 Ti, 96 %, 5257 MiB, 8188 MiB, 59, 131.65 W
2026/09/23 18:10:40.582, NVIDIA GeForce RTX 4060 Ti, 97 %, 5257 MiB, 8188 MiB, 58, 135.14 W
2026/09/23 18:10:41.588, NVIDIA GeForce RTX 4060 Ti, 100 %, 5257 MiB, 8188 MiB, 60, 137.64 W
2026/09/23 18:10:42.595, NVIDIA GeForce RTX 4060 Ti, 96 %, 5257 MiB, 8188 MiB, 59, 131.78 W
2026/09/23 18:10:43.600, NVIDIA GeForce RTX 4060 Ti, 96 %, 5257 MiB, 8188 MiB, 59, 136.06 W
2026/09/23 18:10:44.606, NVIDIA GeForce RTX 4060 Ti, 97 %, 5257 MiB, 8188 MiB, 59, 137.93 W
2026/09/23 18:10:45.612, NVIDIA GeForce RTX 4060 Ti, 96 %, 5257 MiB, 8188 MiB, 58, 134.91 W
2026/09/23 18:10:46.616, NVIDIA GeForce RTX 4060 Ti, 100 %, 5257 MiB, 8188 MiB, 59, 135.54 W
2026/09/23 18:10:47.622, NVIDIA GeForce RTX 4060 Ti, 100 %, 5257 MiB, 8188 MiB, 59, 129.40 W
2026/09/23 18:10:48.628, NVIDIA GeForce RTX 4060 Ti, 95 %, 5257 MiB, 8188 MiB, 59, 135.16 W
2026/09/23 18:10:49.634, NVIDIA GeForce RTX 4060 Ti, 100 %, 5257 MiB, 8188 MiB, 59, 130.54 W
2026/09/23 18:10:50.640, NVIDIA GeForce RTX 4060 Ti, 97 %, 5257 MiB, 8188 MiB, 60, 136.36 W
2026/09/23 18:10:51.646, NVIDIA GeForce RTX 4060 Ti, 96 %, 5257 MiB, 8188 MiB, 57, 136.33 W
2026/09/23 18:10:52.652, NVIDIA GeForce RTX 4060 Ti, 97 %, 5257 MiB, 8188 MiB, 57, 134.07 W
2026/09/23 18:10:53.658, NVIDIA GeForce RTX 4060 Ti, 96 %, 5265 MiB, 8188 MiB, 59, 137.12 W
2026/09/23 18:10:54.666, NVIDIA GeForce RTX 4060 Ti, 96 %, 5265 MiB, 8188 MiB, 57, 135.20 W
2026/09/23 18:10:55.672, NVIDIA GeForce RTX 4060 Ti, 97 %, 5265 MiB, 8188 MiB, 60, 129.42 W
2026/09/23 18:10:56.677, NVIDIA GeForce RTX 4060 Ti, 97 %, 5265 MiB, 8188 MiB, 59, 135.31 W
2026/09/23 18:10:57.682, NVIDIA GeForce RTX 4060 Ti, 94 %, 5265 MiB, 8188 MiB, 60, 136.43 W
2026/09/23 18:10:58.689, NVIDIA GeForce RTX 4060 Ti, 100 %, 5265 MiB, 8188 MiB, 59, 135.84 W
2026/09/23 18:10:59.695, NVIDIA GeForce RTX 4060 Ti, 100 %, 5265 MiB, 8188 MiB, 58, 134.22 W
2026/09/23 18:11:00.700, NVIDIA GeForce RTX 4060 Ti, 96 %, 5265 MiB, 8188 MiB, 59, 136.02 W
2026/09/23 18:11:01.708, NVIDIA GeForce RTX 4060 Ti, 100 %, 5265 MiB, 8188 MiB, 57, 133.74 W
2026/09/23 18:11:02.713, NVIDIA GeForce RTX 4060 Ti, 100 %, 5305 MiB, 8188 MiB, 57, 121.46 W
2026/09/23 18:11:03.719, NVIDIA GeForce RTX 4060 Ti, 94 %, 5305 MiB, 8188 MiB, 59, 129.81 W
2026/09/23 18:11:04.725, NVIDIA GeForce RTX 4060 Ti, 97 %, 5304 MiB, 8188 MiB, 58, 128.71 W
2026/09/23 18:11:05.733, NVIDIA GeForce RTX 4060 Ti, 96 %, 5304 MiB, 8188 MiB, 59, 134.01 W
2026/09/23 18:11:06.739, NVIDIA GeForce RTX 4060 Ti, 96 %, 5304 MiB, 8188 MiB, 58, 132.26 W
2026/09/23 18:11:07.747, NVIDIA GeForce RTX 4060 Ti, 100 %, 5304 MiB, 8188 MiB, 57, 127.96 W
2026/09/23 18:11:08.751, NVIDIA GeForce RTX 4060 Ti, 96 %, 5304 MiB, 8188 MiB, 58, 135.62 W
2026/09/23 18:11:09.759, NVIDIA GeForce RTX 4060 Ti, 96 %, 5303 MiB, 8188 MiB, 58, 132.50 W
2026/09/23 18:11:10.765, NVIDIA GeForce RTX 4060 Ti, 96 %, 5299 MiB, 8188 MiB, 58, 134.01 W
2026/09/23 18:11:11.771, NVIDIA GeForce RTX 4060 Ti, 93 %, 5299 MiB, 8188 MiB, 56, 133.96 W
2026/09/23 18:11:12.776, NVIDIA GeForce RTX 4060 Ti, 100 %, 5299 MiB, 8188 MiB, 58, 129.78 W
2026/09/23 18:11:13.781, NVIDIA GeForce RTX 4060 Ti, 96 %, 5299 MiB, 8188 MiB, 59, 132.62 W
2026/09/23 18:11:14.786, NVIDIA GeForce RTX 4060 Ti, 100 %, 5298 MiB, 8188 MiB, 59, 133.44 W
2026/09/23 18:11:15.793, NVIDIA GeForce RTX 4060 Ti, 97 %, 5297 MiB, 8188 MiB, 59, 133.60 W
2026/09/23 18:11:16.799, NVIDIA GeForce RTX 4060 Ti, 97 %, 5297 MiB, 8188 MiB, 58, 131.47 W
2026/09/23 18:11:17.806, NVIDIA GeForce RTX 4060 Ti, 95 %, 5297 MiB, 8188 MiB, 58, 133.98 W
2026/09/23 18:11:18.813, NVIDIA GeForce RTX 4060 Ti, 97 %, 5297 MiB, 8188 MiB, 60, 136.24 W
2026/09/23 18:11:19.819, NVIDIA GeForce RTX 4060 Ti, 100 %, 5297 MiB, 8188 MiB, 58, 132.49 W
2026/09/23 18:11:20.825, NVIDIA GeForce RTX 4060 Ti, 96 %, 5297 MiB, 8188 MiB, 59, 131.53 W
2026/09/23 18:11:21.831, NVIDIA GeForce RTX 4060 Ti, 94 %, 5297 MiB, 8188 MiB, 58, 132.17 W
2026/09/23 18:11:22.839, NVIDIA GeForce RTX 4060 Ti, 93 %, 5297 MiB, 8188 MiB, 59, 134.52 W
2026/09/23 18:11:23.844, NVIDIA GeForce RTX 4060 Ti, 100 %, 5297 MiB, 8188 MiB, 59, 134.38 W
2026/09/23 18:11:24.850, NVIDIA GeForce RTX 4060 Ti, 95 %, 5297 MiB, 8188 MiB, 59, 133.67 W
2026/09/23 18:11:25.856, NVIDIA GeForce RTX 4060 Ti, 100 %, 5297 MiB, 8188 MiB, 58, 124.13 W
2026/09/23 18:11:26.860, NVIDIA GeForce RTX 4060 Ti, 100 %, 5297 MiB, 8188 MiB, 58, 133.26 W
2026/09/23 18:11:27.866, NVIDIA GeForce RTX 4060 Ti, 96 %, 5297 MiB, 8188 MiB, 59, 135.23 W
2026/09/23 18:11:28.872, NVIDIA GeForce RTX 4060 Ti, 100 %, 5297 MiB, 8188 MiB, 57, 130.33 W
2026/09/23 18:11:29.877, NVIDIA GeForce RTX 4060 Ti, 100 %, 5297 MiB, 8188 MiB, 58, 133.28 W
2026/09/23 18:11:30.883, NVIDIA GeForce RTX 4060 Ti, 100 %, 5297 MiB, 8188 MiB, 59, 135.75 W
2026/09/23 18:11:31.888, NVIDIA GeForce RTX 4060 Ti, 100 %, 5297 MiB, 8188 MiB, 59, 136.27 W
2026/09/23 18:11:32.894, NVIDIA GeForce RTX 4060 Ti, 96 %, 5305 MiB, 8188 MiB, 58, 134.05 W
2026/09/23 18:11:33.901, NVIDIA GeForce RTX 4060 Ti, 95 %, 5305 MiB, 8188 MiB, 59, 131.57 W
2026/09/23 18:11:34.907, NVIDIA GeForce RTX 4060 Ti, 96 %, 5305 MiB, 8188 MiB, 59, 135.29 W
2026/09/23 18:11:35.913, NVIDIA GeForce RTX 4060 Ti, 100 %, 5305 MiB, 8188 MiB, 59, 133.09 W
2026/09/23 18:11:36.919, NVIDIA GeForce RTX 4060 Ti, 97 %, 5305 MiB, 8188 MiB, 57, 127.31 W
2026/09/23 18:11:37.925, NVIDIA GeForce RTX 4060 Ti, 99 %, 5305 MiB, 8188 MiB, 58, 131.54 W
2026/09/23 18:11:38.931, NVIDIA GeForce RTX 4060 Ti, 97 %, 5305 MiB, 8188 MiB, 58, 130.72 W
2026/09/23 18:11:39.936, NVIDIA GeForce RTX 4060 Ti, 100 %, 5305 MiB, 8188 MiB, 58, 131.94 W
2026/09/23 18:11:40.943, NVIDIA GeForce RTX 4060 Ti, 96 %, 5305 MiB, 8188 MiB, 58, 133.61 W
2026/09/23 18:11:41.950, NVIDIA GeForce RTX 4060 Ti, 100 %, 5304 MiB, 8188 MiB, 58, 129.99 W
2026/09/23 18:11:42.956, NVIDIA GeForce RTX 4060 Ti, 94 %, 5303 MiB, 8188 MiB, 59, 132.61 W
2026/09/23 18:11:43.963, NVIDIA GeForce RTX 4060 Ti, 95 %, 5298 MiB, 8188 MiB, 59, 130.22 W
2026/09/23 18:11:44.969, NVIDIA GeForce RTX 4060 Ti, 100 %, 5298 MiB, 8188 MiB, 58, 131.96 W
2026/09/23 18:11:45.975, NVIDIA GeForce RTX 4060 Ti, 100 %, 5298 MiB, 8188 MiB, 58, 126.83 W
2026/09/23 18:11:46.980, NVIDIA GeForce RTX 4060 Ti, 100 %, 5298 MiB, 8188 MiB, 58, 131.72 W
2026/09/23 18:11:47.987, NVIDIA GeForce RTX 4060 Ti, 100 %, 5304 MiB, 8188 MiB, 57, 131.57 W
2026/09/23 18:11:48.997, NVIDIA GeForce RTX 4060 Ti, 97 %, 5304 MiB, 8188 MiB, 58, 130.14 W
2026/09/23 18:11:50.003, NVIDIA GeForce RTX 4060 Ti, 97 %, 5304 MiB, 8188 MiB, 59, 132.89 W
2026/09/23 18:11:51.009, NVIDIA GeForce RTX 4060 Ti, 100 %, 5304 MiB, 8188 MiB, 59, 132.29 W
2026/09/23 18:11:52.014, NVIDIA GeForce RTX 4060 Ti, 96 %, 5304 MiB, 8188 MiB, 59, 133.24 W
2026/09/23 18:11:53.021, NVIDIA GeForce RTX 4060 Ti, 100 %, 5304 MiB, 8188 MiB, 59, 134.02 W
2026/09/23 18:11:54.026, NVIDIA GeForce RTX 4060 Ti, 96 %, 5304 MiB, 8188 MiB, 58, 134.57 W
2026/09/23 18:11:55.032, NVIDIA GeForce RTX 4060 Ti, 96 %, 5304 MiB, 8188 MiB, 57, 128.39 W
2026/09/23 18:11:56.038, NVIDIA GeForce RTX 4060 Ti, 100 %, 5304 MiB, 8188 MiB, 58, 129.68 W
2026/09/23 18:11:57.043, NVIDIA GeForce RTX 4060 Ti, 100 %, 5304 MiB, 8188 MiB, 59, 132.10 W
2026/09/23 18:11:58.051, NVIDIA GeForce RTX 4060 Ti, 100 %, 5304 MiB, 8188 MiB, 57, 133.16 W
2026/09/23 18:11:59.057, NVIDIA GeForce RTX 4060 Ti, 96 %, 5304 MiB, 8188 MiB, 59, 131.09 W
2026/09/23 18:12:00.063, NVIDIA GeForce RTX 4060 Ti, 96 %, 5310 MiB, 8188 MiB, 57, 129.58 W
2026/09/23 18:12:01.068, NVIDIA GeForce RTX 4060 Ti, 100 %, 5311 MiB, 8188 MiB, 58, 128.18 W
2026/09/23 18:12:02.074, NVIDIA GeForce RTX 4060 Ti, 100 %, 5310 MiB, 8188 MiB, 59, 128.05 W
2026/09/23 18:12:03.083, NVIDIA GeForce RTX 4060 Ti, 100 %, 5310 MiB, 8188 MiB, 57, 131.03 W
2026/09/23 18:12:04.089, NVIDIA GeForce RTX 4060 Ti, 100 %, 5315 MiB, 8188 MiB, 57, 127.78 W
2026/09/23 18:12:05.093, NVIDIA GeForce RTX 4060 Ti, 96 %, 5316 MiB, 8188 MiB, 59, 128.65 W
2026/09/23 18:12:06.100, NVIDIA GeForce RTX 4060 Ti, 100 %, 5315 MiB, 8188 MiB, 57, 125.62 W
2026/09/23 18:12:07.106, NVIDIA GeForce RTX 4060 Ti, 100 %, 5315 MiB, 8188 MiB, 57, 125.15 W
2026/09/23 18:12:08.114, NVIDIA GeForce RTX 4060 Ti, 96 %, 5314 MiB, 8188 MiB, 57, 125.52 W
2026/09/23 18:12:09.122, NVIDIA GeForce RTX 4060 Ti, 97 %, 5310 MiB, 8188 MiB, 57, 126.96 W
2026/09/23 18:12:10.126, NVIDIA GeForce RTX 4060 Ti, 95 %, 5310 MiB, 8188 MiB, 59, 126.81 W
2026/09/23 18:12:11.133, NVIDIA GeForce RTX 4060 Ti, 100 %, 5318 MiB, 8188 MiB, 57, 126.14 W
2026/09/23 18:12:12.139, NVIDIA GeForce RTX 4060 Ti, 100 %, 5318 MiB, 8188 MiB, 59, 129.32 W
2026/09/23 18:12:13.143, NVIDIA GeForce RTX 4060 Ti, 100 %, 5318 MiB, 8188 MiB, 57, 128.32 W
2026/09/23 18:12:14.150, NVIDIA GeForce RTX 4060 Ti, 100 %, 5317 MiB, 8188 MiB, 59, 130.07 W
2026/09/23 18:12:15.157, NVIDIA GeForce RTX 4060 Ti, 96 %, 5316 MiB, 8188 MiB, 58, 129.30 W
2026/09/23 18:12:16.163, NVIDIA GeForce RTX 4060 Ti, 96 %, 5312 MiB, 8188 MiB, 56, 127.36 W
2026/09/23 18:12:17.168, NVIDIA GeForce RTX 4060 Ti, 96 %, 5310 MiB, 8188 MiB, 56, 127.68 W
2026/09/23 18:12:18.174, NVIDIA GeForce RTX 4060 Ti, 96 %, 5308 MiB, 8188 MiB, 57, 124.15 W
2026/09/23 18:12:19.179, NVIDIA GeForce RTX 4060 Ti, 96 %, 5308 MiB, 8188 MiB, 58, 124.22 W
2026/09/23 18:12:20.185, NVIDIA GeForce RTX 4060 Ti, 97 %, 5307 MiB, 8188 MiB, 57, 130.40 W
2026/09/23 18:12:21.191, NVIDIA GeForce RTX 4060 Ti, 95 %, 5303 MiB, 8188 MiB, 58, 127.78 W
2026/09/23 18:12:22.196, NVIDIA GeForce RTX 4060 Ti, 100 %, 5308 MiB, 8188 MiB, 58, 127.37 W
2026/09/23 18:12:23.233, NVIDIA GeForce RTX 4060 Ti, 100 %, 5313 MiB, 8188 MiB, 58, 127.63 W
2026/09/23 18:12:24.242, NVIDIA GeForce RTX 4060 Ti, 100 %, 5313 MiB, 8188 MiB, 57, 129.23 W
2026/09/23 18:12:25.248, NVIDIA GeForce RTX 4060 Ti, 96 %, 5313 MiB, 8188 MiB, 57, 125.36 W
2026/09/23 18:12:26.253, NVIDIA GeForce RTX 4060 Ti, 96 %, 5313 MiB, 8188 MiB, 57, 129.88 W
2026/09/23 18:12:27.279, NVIDIA GeForce RTX 4060 Ti, 100 %, 5313 MiB, 8188 MiB, 57, 129.96 W
2026/09/23 18:12:28.286, NVIDIA GeForce RTX 4060 Ti, 100 %, 5313 MiB, 8188 MiB, 57, 130.32 W
2026/09/23 18:12:29.292, NVIDIA GeForce RTX 4060 Ti, 96 %, 5313 MiB, 8188 MiB, 56, 126.07 W
2026/09/23 18:12:30.298, NVIDIA GeForce RTX 4060 Ti, 100 %, 5313 MiB, 8188 MiB, 58, 127.92 W
2026/09/23 18:12:31.303, NVIDIA GeForce RTX 4060 Ti, 100 %, 5313 MiB, 8188 MiB, 59, 129.88 W
2026/09/23 18:12:32.310, NVIDIA GeForce RTX 4060 Ti, 96 %, 5313 MiB, 8188 MiB, 59, 130.12 W
2026/09/23 18:12:33.315, NVIDIA GeForce RTX 4060 Ti, 100 %, 5313 MiB, 8188 MiB, 58, 129.79 W
2026/09/23 18:12:34.320, NVIDIA GeForce RTX 4060 Ti, 100 %, 5313 MiB, 8188 MiB, 57, 127.34 W
2026/09/23 18:12:35.325, NVIDIA GeForce RTX 4060 Ti, 100 %, 5313 MiB, 8188 MiB, 57, 124.56 W
2026/09/23 18:12:36.332, NVIDIA GeForce RTX 4060 Ti, 100 %, 5312 MiB, 8188 MiB, 56, 129.75 W
2026/09/23 18:12:37.338, NVIDIA GeForce RTX 4060 Ti, 100 %, 5312 MiB, 8188 MiB, 55, 125.78 W
2026/09/23 18:12:38.345, NVIDIA GeForce RTX 4060 Ti, 100 %, 5313 MiB, 8188 MiB, 57, 130.24 W
2026/09/23 18:12:39.352, NVIDIA GeForce RTX 4060 Ti, 100 %, 5313 MiB, 8188 MiB, 57, 128.79 W
2026/09/23 18:12:40.359, NVIDIA GeForce RTX 4060 Ti, 100 %, 5313 MiB, 8188 MiB, 57, 130.38 W
2026/09/23 18:12:41.366, NVIDIA GeForce RTX 4060 Ti, 100 %, 5313 MiB, 8188 MiB, 58, 124.04 W
2026/09/23 18:12:42.372, NVIDIA GeForce RTX 4060 Ti, 100 %, 5313 MiB, 8188 MiB, 57, 122.10 W
2026/09/23 18:12:43.380, NVIDIA GeForce RTX 4060 Ti, 96 %, 5313 MiB, 8188 MiB, 57, 125.56 W
2026/09/23 18:12:44.386, NVIDIA GeForce RTX 4060 Ti, 100 %, 5313 MiB, 8188 MiB, 57, 123.24 W
2026/09/23 18:12:45.391, NVIDIA GeForce RTX 4060 Ti, 100 %, 5313 MiB, 8188 MiB, 55, 123.56 W
2026/09/23 18:12:46.412, NVIDIA GeForce RTX 4060 Ti, 96 %, 5312 MiB, 8188 MiB, 58, 122.60 W
2026/09/23 18:12:47.417, NVIDIA GeForce RTX 4060 Ti, 100 %, 5312 MiB, 8188 MiB, 57, 123.81 W
2026/09/23 18:12:48.427, NVIDIA GeForce RTX 4060 Ti, 100 %, 5313 MiB, 8188 MiB, 57, 123.71 W
2026/09/23 18:12:49.432, NVIDIA GeForce RTX 4060 Ti, 95 %, 5313 MiB, 8188 MiB, 56, 121.73 W
2026/09/23 18:12:50.437, NVIDIA GeForce RTX 4060 Ti, 100 %, 5583 MiB, 8188 MiB, 56, 121.06 W
2026/09/23 18:12:51.443, NVIDIA GeForce RTX 4060 Ti, 95 %, 5583 MiB, 8188 MiB, 57, 120.88 W
2026/09/23 18:12:52.448, NVIDIA GeForce RTX 4060 Ti, 94 %, 5583 MiB, 8188 MiB, 57, 122.61 W
2026/09/23 18:12:53.453, NVIDIA GeForce RTX 4060 Ti, 99 %, 5583 MiB, 8188 MiB, 56, 122.92 W
2026/09/23 18:12:54.460, NVIDIA GeForce RTX 4060 Ti, 100 %, 5583 MiB, 8188 MiB, 56, 122.71 W
2026/09/23 18:12:55.475, NVIDIA GeForce RTX 4060 Ti, 100 %, 5582 MiB, 8188 MiB, 56, 122.70 W
2026/09/23 18:12:56.480, NVIDIA GeForce RTX 4060 Ti, 100 %, 5582 MiB, 8188 MiB, 56, 122.29 W
2026/09/23 18:12:57.488, NVIDIA GeForce RTX 4060 Ti, 100 %, 5582 MiB, 8188 MiB, 58, 122.29 W
2026/09/23 18:12:58.494, NVIDIA GeForce RTX 4060 Ti, 100 %, 5582 MiB, 8188 MiB, 55, 122.27 W
2026/09/23 18:12:59.500, NVIDIA GeForce RTX 4060 Ti, 100 %, 5583 MiB, 8188 MiB, 56, 122.60 W
2026/09/23 18:13:00.506, NVIDIA GeForce RTX 4060 Ti, 100 %, 5583 MiB, 8188 MiB, 55, 122.21 W
2026/09/23 18:13:01.513, NVIDIA GeForce RTX 4060 Ti, 100 %, 5583 MiB, 8188 MiB, 56, 122.41 W
2026/09/23 18:13:02.522, NVIDIA GeForce RTX 4060 Ti, 100 %, 5583 MiB, 8188 MiB, 58, 122.33 W
2026/09/23 18:13:03.529, NVIDIA GeForce RTX 4060 Ti, 95 %, 5583 MiB, 8188 MiB, 55, 121.94 W
2026/09/23 18:13:04.536, NVIDIA GeForce RTX 4060 Ti, 100 %, 5583 MiB, 8188 MiB, 57, 120.58 W
2026/09/23 18:13:05.542, NVIDIA GeForce RTX 4060 Ti, 46 %, 5583 MiB, 8188 MiB, 53, 93.59 W
2026/09/23 18:13:06.549, NVIDIA GeForce RTX 4060 Ti, 55 %, 5583 MiB, 8188 MiB, 52, 87.47 W
2026/09/23 18:13:07.554, NVIDIA GeForce RTX 4060 Ti, 69 %, 5583 MiB, 8188 MiB, 52, 93.97 W
2026/09/23 18:13:08.560, NVIDIA GeForce RTX 4060 Ti, 67 %, 5583 MiB, 8188 MiB, 54, 104.91 W
2026/09/23 18:13:09.568, NVIDIA GeForce RTX 4060 Ti, 71 %, 5583 MiB, 8188 MiB, 54, 108.56 W
2026/09/23 18:13:10.576, NVIDIA GeForce RTX 4060 Ti, 63 %, 5583 MiB, 8188 MiB, 55, 110.21 W
2026/09/23 18:13:11.581, NVIDIA GeForce RTX 4060 Ti, 60 %, 5583 MiB, 8188 MiB, 53, 101.47 W
2026/09/23 18:13:12.588, NVIDIA GeForce RTX 4060 Ti, 67 %, 5580 MiB, 8188 MiB, 52, 105.50 W
2026/09/23 18:13:13.595, NVIDIA GeForce RTX 4060 Ti, 64 %, 5580 MiB, 8188 MiB, 49, 90.48 W
2026/09/23 18:13:14.601, NVIDIA GeForce RTX 4060 Ti, 73 %, 5580 MiB, 8188 MiB, 53, 104.79 W
2026/09/23 18:13:15.635, NVIDIA GeForce RTX 4060 Ti, 76 %, 5580 MiB, 8188 MiB, 56, 102.75 W
2026/09/23 18:13:16.640, NVIDIA GeForce RTX 4060 Ti, 74 %, 5580 MiB, 8188 MiB, 55, 99.88 W
2026/09/23 18:13:17.645, NVIDIA GeForce RTX 4060 Ti, 59 %, 5585 MiB, 8188 MiB, 51, 102.27 W
2026/09/23 18:13:18.651, NVIDIA GeForce RTX 4060 Ti, 55 %, 5585 MiB, 8188 MiB, 51, 97.05 W
2026/09/23 18:13:19.657, NVIDIA GeForce RTX 4060 Ti, 66 %, 5600 MiB, 8188 MiB, 54, 84.50 W
2026/09/23 18:13:20.664, NVIDIA GeForce RTX 4060 Ti, 50 %, 5563 MiB, 8188 MiB, 49, 99.03 W
2026/09/23 18:13:21.672, NVIDIA GeForce RTX 4060 Ti, 64 %, 5563 MiB, 8188 MiB, 55, 103.72 W
2026/09/23 18:13:22.676, NVIDIA GeForce RTX 4060 Ti, 71 %, 5563 MiB, 8188 MiB, 54, 113.47 W
2026/09/23 18:13:23.682, NVIDIA GeForce RTX 4060 Ti, 65 %, 5563 MiB, 8188 MiB, 55, 104.54 W
2026/09/23 18:13:24.689, NVIDIA GeForce RTX 4060 Ti, 88 %, 5561 MiB, 8188 MiB, 56, 117.16 W
2026/09/23 18:13:25.695, NVIDIA GeForce RTX 4060 Ti, 79 %, 5560 MiB, 8188 MiB, 56, 109.78 W
2026/09/23 18:13:26.700, NVIDIA GeForce RTX 4060 Ti, 68 %, 5559 MiB, 8188 MiB, 53, 105.94 W
2026/09/23 18:13:27.706, NVIDIA GeForce RTX 4060 Ti, 59 %, 5559 MiB, 8188 MiB, 53, 101.60 W
2026/09/23 18:13:28.714, NVIDIA GeForce RTX 4060 Ti, 59 %, 5561 MiB, 8188 MiB, 52, 99.76 W
2026/09/23 18:13:29.721, NVIDIA GeForce RTX 4060 Ti, 23 %, 5561 MiB, 8188 MiB, 52, 90.52 W
2026/09/23 18:13:30.872, NVIDIA GeForce RTX 4060 Ti, 61 %, 5595 MiB, 8188 MiB, 50, 88.52 W
2026/09/23 18:13:31.877, NVIDIA GeForce RTX 4060 Ti, 90 %, 5609 MiB, 8188 MiB, 55, 104.18 W
2026/09/23 18:13:32.882, NVIDIA GeForce RTX 4060 Ti, 49 %, 5609 MiB, 8188 MiB, 52, 91.58 W
2026/09/23 18:13:33.889, NVIDIA GeForce RTX 4060 Ti, 88 %, 5609 MiB, 8188 MiB, 57, 116.64 W
2026/09/23 18:13:34.894, NVIDIA GeForce RTX 4060 Ti, 57 %, 5609 MiB, 8188 MiB, 51, 100.28 W
2026/09/23 18:13:35.900, NVIDIA GeForce RTX 4060 Ti, 40 %, 5609 MiB, 8188 MiB, 51, 101.32 W
2026/09/23 18:13:36.906, NVIDIA GeForce RTX 4060 Ti, 81 %, 5609 MiB, 8188 MiB, 50, 107.69 W
2026/09/23 18:13:37.916, NVIDIA GeForce RTX 4060 Ti, 65 %, 5609 MiB, 8188 MiB, 52, 111.99 W
2026/09/23 18:13:38.921, NVIDIA GeForce RTX 4060 Ti, 57 %, 5609 MiB, 8188 MiB, 56, 109.84 W
2026/09/23 18:13:39.926, NVIDIA GeForce RTX 4060 Ti, 86 %, 5609 MiB, 8188 MiB, 54, 118.00 W
2026/09/23 18:13:40.932, NVIDIA GeForce RTX 4060 Ti, 91 %, 5609 MiB, 8188 MiB, 51, 114.95 W
2026/09/23 18:13:41.937, NVIDIA GeForce RTX 4060 Ti, 60 %, 5612 MiB, 8188 MiB, 55, 110.40 W
2026/09/23 18:13:42.942, NVIDIA GeForce RTX 4060 Ti, 70 %, 5612 MiB, 8188 MiB, 50, 106.77 W
2026/09/23 18:13:43.949, NVIDIA GeForce RTX 4060 Ti, 71 %, 5612 MiB, 8188 MiB, 51, 105.80 W
2026/09/23 18:13:44.955, NVIDIA GeForce RTX 4060 Ti, 82 %, 5612 MiB, 8188 MiB, 56, 116.09 W
2026/09/23 18:13:45.961, NVIDIA GeForce RTX 4060 Ti, 57 %, 5612 MiB, 8188 MiB, 51, 106.04 W
2026/09/23 18:13:46.967, NVIDIA GeForce RTX 4060 Ti, 68 %, 5612 MiB, 8188 MiB, 52, 109.49 W
2026/09/23 18:13:47.976, NVIDIA GeForce RTX 4060 Ti, 86 %, 5612 MiB, 8188 MiB, 52, 101.75 W
2026/09/23 18:13:48.981, NVIDIA GeForce RTX 4060 Ti, 82 %, 5612 MiB, 8188 MiB, 51, 107.08 W
2026/09/23 18:13:49.997, NVIDIA GeForce RTX 4060 Ti, 75 %, 5612 MiB, 8188 MiB, 56, 111.62 W
2026/09/23 18:13:51.004, NVIDIA GeForce RTX 4060 Ti, 85 %, 5612 MiB, 8188 MiB, 53, 110.45 W
2026/09/23 18:13:52.009, NVIDIA GeForce RTX 4060 Ti, 62 %, 5612 MiB, 8188 MiB, 51, 111.04 W
2026/09/23 18:13:53.015, NVIDIA GeForce RTX 4060 Ti, 72 %, 5612 MiB, 8188 MiB, 52, 105.08 W
2026/09/23 18:13:54.023, NVIDIA GeForce RTX 4060 Ti, 80 %, 5612 MiB, 8188 MiB, 54, 112.91 W
2026/09/23 18:13:55.028, NVIDIA GeForce RTX 4060 Ti, 73 %, 5612 MiB, 8188 MiB, 56, 117.75 W
2026/09/23 18:13:56.033, NVIDIA GeForce RTX 4060 Ti, 57 %, 5612 MiB, 8188 MiB, 54, 112.44 W
2026/09/23 18:13:57.037, NVIDIA GeForce RTX 4060 Ti, 75 %, 5612 MiB, 8188 MiB, 57, 122.31 W
2026/09/23 18:13:58.044, NVIDIA GeForce RTX 4060 Ti, 79 %, 5612 MiB, 8188 MiB, 54, 119.23 W
2026/09/23 18:13:59.051, NVIDIA GeForce RTX 4060 Ti, 92 %, 5612 MiB, 8188 MiB, 57, 125.51 W
2026/09/23 18:14:00.057, NVIDIA GeForce RTX 4060 Ti, 91 %, 5612 MiB, 8188 MiB, 54, 125.67 W
2026/09/23 18:14:01.064, NVIDIA GeForce RTX 4060 Ti, 71 %, 5612 MiB, 8188 MiB, 55, 114.99 W
2026/09/23 18:14:02.070, NVIDIA GeForce RTX 4060 Ti, 82 %, 5604 MiB, 8188 MiB, 56, 117.64 W
2026/09/23 18:14:03.077, NVIDIA GeForce RTX 4060 Ti, 85 %, 5604 MiB, 8188 MiB, 53, 117.69 W
2026/09/23 18:14:04.085, NVIDIA GeForce RTX 4060 Ti, 87 %, 5601 MiB, 8188 MiB, 57, 119.23 W
2026/09/23 18:14:05.099, NVIDIA GeForce RTX 4060 Ti, 92 %, 5601 MiB, 8188 MiB, 56, 125.63 W
2026/09/23 18:14:06.106, NVIDIA GeForce RTX 4060 Ti, 86 %, 5601 MiB, 8188 MiB, 56, 119.13 W
2026/09/23 18:14:07.116, NVIDIA GeForce RTX 4060 Ti, 79 %, 5601 MiB, 8188 MiB, 55, 132.26 W
2026/09/23 18:14:08.121, NVIDIA GeForce RTX 4060 Ti, 89 %, 5600 MiB, 8188 MiB, 56, 113.74 W
2026/09/23 18:14:09.127, NVIDIA GeForce RTX 4060 Ti, 91 %, 5601 MiB, 8188 MiB, 58, 132.59 W
2026/09/23 18:14:10.131, NVIDIA GeForce RTX 4060 Ti, 93 %, 5601 MiB, 8188 MiB, 57, 131.83 W
2026/09/23 18:14:11.140, NVIDIA GeForce RTX 4060 Ti, 85 %, 5601 MiB, 8188 MiB, 58, 124.66 W
2026/09/23 18:14:12.145, NVIDIA GeForce RTX 4060 Ti, 91 %, 5599 MiB, 8188 MiB, 55, 129.04 W
2026/09/23 18:14:13.150, NVIDIA GeForce RTX 4060 Ti, 93 %, 5599 MiB, 8188 MiB, 56, 127.50 W
2026/09/23 18:14:14.156, NVIDIA GeForce RTX 4060 Ti, 85 %, 5599 MiB, 8188 MiB, 56, 131.11 W
2026/09/23 18:14:15.163, NVIDIA GeForce RTX 4060 Ti, 91 %, 5599 MiB, 8188 MiB, 57, 130.28 W
2026/09/23 18:14:16.170, NVIDIA GeForce RTX 4060 Ti, 92 %, 5599 MiB, 8188 MiB, 56, 127.21 W
2026/09/23 18:14:17.177, NVIDIA GeForce RTX 4060 Ti, 94 %, 5599 MiB, 8188 MiB, 56, 129.59 W
2026/09/23 18:14:18.183, NVIDIA GeForce RTX 4060 Ti, 83 %, 5599 MiB, 8188 MiB, 55, 125.06 W
2026/09/23 18:14:19.189, NVIDIA GeForce RTX 4060 Ti, 96 %, 5599 MiB, 8188 MiB, 57, 131.82 W
2026/09/23 18:14:20.196, NVIDIA GeForce RTX 4060 Ti, 90 %, 5598 MiB, 8188 MiB, 58, 129.63 W
2026/09/23 18:14:21.202, NVIDIA GeForce RTX 4060 Ti, 90 %, 5598 MiB, 8188 MiB, 57, 131.92 W
2026/09/23 18:14:22.207, NVIDIA GeForce RTX 4060 Ti, 96 %, 5595 MiB, 8188 MiB, 57, 131.60 W
2026/09/23 18:14:23.213, NVIDIA GeForce RTX 4060 Ti, 68 %, 5595 MiB, 8188 MiB, 57, 124.46 W
2026/09/23 18:14:24.220, NVIDIA GeForce RTX 4060 Ti, 96 %, 5595 MiB, 8188 MiB, 58, 131.07 W
2026/09/23 18:14:25.226, NVIDIA GeForce RTX 4060 Ti, 85 %, 5595 MiB, 8188 MiB, 55, 126.82 W
2026/09/23 18:14:26.231, NVIDIA GeForce RTX 4060 Ti, 96 %, 5595 MiB, 8188 MiB, 57, 130.67 W
2026/09/23 18:14:27.237, NVIDIA GeForce RTX 4060 Ti, 96 %, 5595 MiB, 8188 MiB, 58, 129.83 W
2026/09/23 18:14:28.244, NVIDIA GeForce RTX 4060 Ti, 96 %, 5595 MiB, 8188 MiB, 56, 130.76 W
2026/09/23 18:14:29.251, NVIDIA GeForce RTX 4060 Ti, 96 %, 5595 MiB, 8188 MiB, 58, 133.43 W
2026/09/23 18:14:30.258, NVIDIA GeForce RTX 4060 Ti, 91 %, 5595 MiB, 8188 MiB, 57, 131.46 W
2026/09/23 18:14:31.264, NVIDIA GeForce RTX 4060 Ti, 96 %, 5595 MiB, 8188 MiB, 58, 134.12 W
2026/09/23 18:14:32.269, NVIDIA GeForce RTX 4060 Ti, 96 %, 5595 MiB, 8188 MiB, 58, 135.26 W
2026/09/23 18:14:33.275, NVIDIA GeForce RTX 4060 Ti, 89 %, 5595 MiB, 8188 MiB, 58, 134.30 W
2026/09/23 18:14:34.289, NVIDIA GeForce RTX 4060 Ti, 96 %, 5595 MiB, 8188 MiB, 58, 133.50 W
2026/09/23 18:14:35.295, NVIDIA GeForce RTX 4060 Ti, 97 %, 5595 MiB, 8188 MiB, 58, 132.39 W
2026/09/23 18:14:36.301, NVIDIA GeForce RTX 4060 Ti, 93 %, 5595 MiB, 8188 MiB, 58, 133.95 W
2026/09/23 18:14:37.307, NVIDIA GeForce RTX 4060 Ti, 95 %, 5595 MiB, 8188 MiB, 59, 129.83 W
2026/09/23 18:14:38.313, NVIDIA GeForce RTX 4060 Ti, 97 %, 5595 MiB, 8188 MiB, 58, 135.92 W
2026/09/23 18:14:39.319, NVIDIA GeForce RTX 4060 Ti, 96 %, 5595 MiB, 8188 MiB, 58, 134.49 W
2026/09/23 18:14:40.325, NVIDIA GeForce RTX 4060 Ti, 92 %, 5595 MiB, 8188 MiB, 57, 131.96 W
2026/09/23 18:14:41.331, NVIDIA GeForce RTX 4060 Ti, 96 %, 5595 MiB, 8188 MiB, 58, 134.59 W
2026/09/23 18:14:42.335, NVIDIA GeForce RTX 4060 Ti, 96 %, 5595 MiB, 8188 MiB, 58, 134.62 W
2026/09/23 18:14:43.341, NVIDIA GeForce RTX 4060 Ti, 96 %, 5595 MiB, 8188 MiB, 57, 132.13 W
2026/09/23 18:14:44.350, NVIDIA GeForce RTX 4060 Ti, 96 %, 5595 MiB, 8188 MiB, 57, 131.00 W
2026/09/23 18:14:45.356, NVIDIA GeForce RTX 4060 Ti, 92 %, 5595 MiB, 8188 MiB, 58, 133.89 W
2026/09/23 18:14:46.361, NVIDIA GeForce RTX 4060 Ti, 95 %, 5595 MiB, 8188 MiB, 58, 133.68 W
2026/09/23 18:14:47.368, NVIDIA GeForce RTX 4060 Ti, 96 %, 5595 MiB, 8188 MiB, 59, 134.88 W
2026/09/23 18:14:48.374, NVIDIA GeForce RTX 4060 Ti, 93 %, 5595 MiB, 8188 MiB, 59, 133.81 W
2026/09/23 18:14:49.379, NVIDIA GeForce RTX 4060 Ti, 96 %, 5595 MiB, 8188 MiB, 57, 132.62 W
2026/09/23 18:14:50.388, NVIDIA GeForce RTX 4060 Ti, 96 %, 5595 MiB, 8188 MiB, 59, 133.57 W
2026/09/23 18:14:51.395, NVIDIA GeForce RTX 4060 Ti, 96 %, 5594 MiB, 8188 MiB, 57, 134.65 W
2026/09/23 18:14:52.401, NVIDIA GeForce RTX 4060 Ti, 95 %, 5594 MiB, 8188 MiB, 58, 133.25 W
2026/09/23 18:14:53.407, NVIDIA GeForce RTX 4060 Ti, 96 %, 5594 MiB, 8188 MiB, 59, 133.98 W
2026/09/23 18:14:54.413, NVIDIA GeForce RTX 4060 Ti, 100 %, 5594 MiB, 8188 MiB, 56, 131.67 W
2026/09/23 18:14:55.418, NVIDIA GeForce RTX 4060 Ti, 100 %, 5594 MiB, 8188 MiB, 59, 134.20 W
2026/09/23 18:14:56.424, NVIDIA GeForce RTX 4060 Ti, 97 %, 5594 MiB, 8188 MiB, 58, 134.58 W
2026/09/23 18:14:57.431, NVIDIA GeForce RTX 4060 Ti, 100 %, 5594 MiB, 8188 MiB, 57, 132.20 W
2026/09/23 18:14:58.436, NVIDIA GeForce RTX 4060 Ti, 96 %, 5594 MiB, 8188 MiB, 58, 133.54 W
2026/09/23 18:14:59.442, NVIDIA GeForce RTX 4060 Ti, 97 %, 5594 MiB, 8188 MiB, 58, 134.03 W
2026/09/23 18:15:00.450, NVIDIA GeForce RTX 4060 Ti, 96 %, 5594 MiB, 8188 MiB, 59, 135.77 W
2026/09/23 18:15:01.455, NVIDIA GeForce RTX 4060 Ti, 97 %, 5594 MiB, 8188 MiB, 59, 135.59 W
2026/09/23 18:15:02.466, NVIDIA GeForce RTX 4060 Ti, 93 %, 5594 MiB, 8188 MiB, 59, 134.86 W
2026/09/23 18:15:03.473, NVIDIA GeForce RTX 4060 Ti, 93 %, 5594 MiB, 8188 MiB, 59, 136.45 W
2026/09/23 18:15:04.480, NVIDIA GeForce RTX 4060 Ti, 96 %, 5594 MiB, 8188 MiB, 56, 128.49 W
2026/09/23 18:15:05.485, NVIDIA GeForce RTX 4060 Ti, 96 %, 5594 MiB, 8188 MiB, 59, 132.93 W
2026/09/23 18:15:06.490, NVIDIA GeForce RTX 4060 Ti, 94 %, 5594 MiB, 8188 MiB, 59, 133.82 W
2026/09/23 18:15:07.495, NVIDIA GeForce RTX 4060 Ti, 95 %, 5594 MiB, 8188 MiB, 59, 134.07 W
2026/09/23 18:15:08.502, NVIDIA GeForce RTX 4060 Ti, 96 %, 5594 MiB, 8188 MiB, 59, 135.48 W
2026/09/23 18:15:09.507, NVIDIA GeForce RTX 4060 Ti, 96 %, 5594 MiB, 8188 MiB, 58, 134.42 W
2026/09/23 18:15:10.512, NVIDIA GeForce RTX 4060 Ti, 93 %, 5594 MiB, 8188 MiB, 59, 132.45 W
2026/09/23 18:15:11.523, NVIDIA GeForce RTX 4060 Ti, 98 %, 5594 MiB, 8188 MiB, 59, 133.50 W
2026/09/23 18:15:12.529, NVIDIA GeForce RTX 4060 Ti, 100 %, 5590 MiB, 8188 MiB, 58, 130.14 W
2026/09/23 18:15:13.537, NVIDIA GeForce RTX 4060 Ti, 97 %, 5590 MiB, 8188 MiB, 56, 135.26 W
2026/09/23 18:15:14.544, NVIDIA GeForce RTX 4060 Ti, 100 %, 5590 MiB, 8188 MiB, 59, 132.84 W
2026/09/23 18:15:15.549, NVIDIA GeForce RTX 4060 Ti, 96 %, 5590 MiB, 8188 MiB, 57, 130.70 W
2026/09/23 18:15:16.554, NVIDIA GeForce RTX 4060 Ti, 97 %, 5590 MiB, 8188 MiB, 58, 132.35 W
2026/09/23 18:15:17.560, NVIDIA GeForce RTX 4060 Ti, 95 %, 5590 MiB, 8188 MiB, 58, 132.74 W
2026/09/23 18:15:18.565, NVIDIA GeForce RTX 4060 Ti, 97 %, 5590 MiB, 8188 MiB, 56, 130.37 W
2026/09/23 18:15:19.584, NVIDIA GeForce RTX 4060 Ti, 97 %, 5590 MiB, 8188 MiB, 58, 133.15 W
2026/09/23 18:15:20.590, NVIDIA GeForce RTX 4060 Ti, 96 %, 5590 MiB, 8188 MiB, 58, 132.70 W
2026/09/23 18:15:21.596, NVIDIA GeForce RTX 4060 Ti, 100 %, 5590 MiB, 8188 MiB, 59, 130.16 W
2026/09/23 18:15:22.602, NVIDIA GeForce RTX 4060 Ti, 95 %, 5590 MiB, 8188 MiB, 59, 134.06 W
2026/09/23 18:15:23.609, NVIDIA GeForce RTX 4060 Ti, 95 %, 5590 MiB, 8188 MiB, 59, 134.79 W
2026/09/23 18:15:24.616, NVIDIA GeForce RTX 4060 Ti, 96 %, 5590 MiB, 8188 MiB, 57, 135.96 W
2026/09/23 18:15:25.620, NVIDIA GeForce RTX 4060 Ti, 100 %, 5590 MiB, 8188 MiB, 57, 130.46 W
2026/09/23 18:15:26.624, NVIDIA GeForce RTX 4060 Ti, 97 %, 5590 MiB, 8188 MiB, 58, 132.52 W
2026/09/23 18:15:27.629, NVIDIA GeForce RTX 4060 Ti, 97 %, 5590 MiB, 8188 MiB, 58, 133.13 W
2026/09/23 18:15:28.634, NVIDIA GeForce RTX 4060 Ti, 96 %, 5590 MiB, 8188 MiB, 59, 134.33 W
2026/09/23 18:15:29.639, NVIDIA GeForce RTX 4060 Ti, 100 %, 5590 MiB, 8188 MiB, 59, 134.67 W
2026/09/23 18:15:30.647, NVIDIA GeForce RTX 4060 Ti, 100 %, 5590 MiB, 8188 MiB, 58, 130.07 W
2026/09/23 18:15:31.652, NVIDIA GeForce RTX 4060 Ti, 96 %, 5590 MiB, 8188 MiB, 59, 135.27 W
2026/09/23 18:15:32.658, NVIDIA GeForce RTX 4060 Ti, 96 %, 5590 MiB, 8188 MiB, 58, 134.62 W
2026/09/23 18:15:33.664, NVIDIA GeForce RTX 4060 Ti, 100 %, 5590 MiB, 8188 MiB, 58, 129.95 W
2026/09/23 18:15:34.673, NVIDIA GeForce RTX 4060 Ti, 97 %, 5590 MiB, 8188 MiB, 59, 127.09 W
2026/09/23 18:15:35.678, NVIDIA GeForce RTX 4060 Ti, 96 %, 5590 MiB, 8188 MiB, 59, 133.21 W
2026/09/23 18:15:36.684, NVIDIA GeForce RTX 4060 Ti, 96 %, 5590 MiB, 8188 MiB, 59, 129.60 W
2026/09/23 18:15:37.689, NVIDIA GeForce RTX 4060 Ti, 100 %, 5590 MiB, 8188 MiB, 58, 133.91 W
2026/09/23 18:15:38.695, NVIDIA GeForce RTX 4060 Ti, 97 %, 5590 MiB, 8188 MiB, 58, 127.91 W
2026/09/23 18:15:39.701, NVIDIA GeForce RTX 4060 Ti, 100 %, 5590 MiB, 8188 MiB, 58, 130.96 W
2026/09/23 18:15:40.706, NVIDIA GeForce RTX 4060 Ti, 97 %, 5590 MiB, 8188 MiB, 59, 134.11 W
2026/09/23 18:15:41.712, NVIDIA GeForce RTX 4060 Ti, 100 %, 5590 MiB, 8188 MiB, 59, 128.45 W
2026/09/23 18:15:42.718, NVIDIA GeForce RTX 4060 Ti, 96 %, 5590 MiB, 8188 MiB, 58, 128.82 W
2026/09/23 18:15:43.724, NVIDIA GeForce RTX 4060 Ti, 100 %, 5590 MiB, 8188 MiB, 58, 127.56 W
2026/09/23 18:15:44.732, NVIDIA GeForce RTX 4060 Ti, 100 %, 5590 MiB, 8188 MiB, 58, 131.78 W
2026/09/23 18:15:45.738, NVIDIA GeForce RTX 4060 Ti, 100 %, 5590 MiB, 8188 MiB, 59, 134.16 W
2026/09/23 18:15:46.743, NVIDIA GeForce RTX 4060 Ti, 97 %, 5590 MiB, 8188 MiB, 59, 132.53 W
2026/09/23 18:15:47.748, NVIDIA GeForce RTX 4060 Ti, 100 %, 5590 MiB, 8188 MiB, 58, 131.29 W
2026/09/23 18:15:48.756, NVIDIA GeForce RTX 4060 Ti, 100 %, 5590 MiB, 8188 MiB, 59, 130.10 W
2026/09/23 18:15:49.763, NVIDIA GeForce RTX 4060 Ti, 100 %, 5590 MiB, 8188 MiB, 59, 130.21 W
2026/09/23 18:15:50.772, NVIDIA GeForce RTX 4060 Ti, 100 %, 5590 MiB, 8188 MiB, 58, 133.64 W
2026/09/23 18:15:51.777, NVIDIA GeForce RTX 4060 Ti, 100 %, 5590 MiB, 8188 MiB, 57, 129.25 W
2026/09/23 18:15:52.783, NVIDIA GeForce RTX 4060 Ti, 95 %, 5590 MiB, 8188 MiB, 58, 129.95 W
2026/09/23 18:15:53.789, NVIDIA GeForce RTX 4060 Ti, 96 %, 5590 MiB, 8188 MiB, 56, 128.64 W
2026/09/23 18:15:54.796, NVIDIA GeForce RTX 4060 Ti, 100 %, 5590 MiB, 8188 MiB, 58, 128.64 W
2026/09/23 18:15:55.801, NVIDIA GeForce RTX 4060 Ti, 100 %, 5590 MiB, 8188 MiB, 57, 124.81 W
2026/09/23 18:15:56.823, NVIDIA GeForce RTX 4060 Ti, 100 %, 5590 MiB, 8188 MiB, 58, 130.24 W
2026/09/23 18:15:57.828, NVIDIA GeForce RTX 4060 Ti, 100 %, 5590 MiB, 8188 MiB, 59, 130.79 W
2026/09/23 18:15:58.834, NVIDIA GeForce RTX 4060 Ti, 96 %, 5590 MiB, 8188 MiB, 56, 131.11 W
2026/09/23 18:15:59.841, NVIDIA GeForce RTX 4060 Ti, 100 %, 5590 MiB, 8188 MiB, 58, 132.18 W
2026/09/23 18:16:00.846, NVIDIA GeForce RTX 4060 Ti, 96 %, 5589 MiB, 8188 MiB, 57, 130.00 W
2026/09/23 18:16:01.855, NVIDIA GeForce RTX 4060 Ti, 96 %, 5590 MiB, 8188 MiB, 59, 132.46 W
2026/09/23 18:16:02.864, NVIDIA GeForce RTX 4060 Ti, 97 %, 5590 MiB, 8188 MiB, 58, 131.96 W
2026/09/23 18:16:03.869, NVIDIA GeForce RTX 4060 Ti, 100 %, 5590 MiB, 8188 MiB, 58, 133.82 W
2026/09/23 18:16:04.876, NVIDIA GeForce RTX 4060 Ti, 96 %, 5590 MiB, 8188 MiB, 58, 129.39 W
2026/09/23 18:16:05.883, NVIDIA GeForce RTX 4060 Ti, 95 %, 5590 MiB, 8188 MiB, 58, 125.77 W
2026/09/23 18:16:06.888, NVIDIA GeForce RTX 4060 Ti, 97 %, 5590 MiB, 8188 MiB, 57, 127.67 W
2026/09/23 18:16:07.893, NVIDIA GeForce RTX 4060 Ti, 97 %, 5590 MiB, 8188 MiB, 59, 130.38 W
2026/09/23 18:16:08.899, NVIDIA GeForce RTX 4060 Ti, 100 %, 5590 MiB, 8188 MiB, 57, 125.19 W
2026/09/23 18:16:09.905, NVIDIA GeForce RTX 4060 Ti, 96 %, 5590 MiB, 8188 MiB, 58, 126.66 W
2026/09/23 18:16:10.911, NVIDIA GeForce RTX 4060 Ti, 96 %, 5590 MiB, 8188 MiB, 58, 126.80 W
2026/09/23 18:16:11.918, NVIDIA GeForce RTX 4060 Ti, 97 %, 5590 MiB, 8188 MiB, 57, 123.88 W
2026/09/23 18:16:12.924, NVIDIA GeForce RTX 4060 Ti, 100 %, 5590 MiB, 8188 MiB, 57, 123.51 W
2026/09/23 18:16:13.933, NVIDIA GeForce RTX 4060 Ti, 100 %, 5590 MiB, 8188 MiB, 57, 126.86 W
2026/09/23 18:16:14.938, NVIDIA GeForce RTX 4060 Ti, 100 %, 5590 MiB, 8188 MiB, 58, 125.09 W
2026/09/23 18:16:15.944, NVIDIA GeForce RTX 4060 Ti, 96 %, 5590 MiB, 8188 MiB, 57, 124.93 W
2026/09/23 18:16:16.950, NVIDIA GeForce RTX 4060 Ti, 100 %, 5590 MiB, 8188 MiB, 57, 125.73 W
2026/09/23 18:16:17.956, NVIDIA GeForce RTX 4060 Ti, 100 %, 5590 MiB, 8188 MiB, 56, 125.39 W
2026/09/23 18:16:18.961, NVIDIA GeForce RTX 4060 Ti, 96 %, 5590 MiB, 8188 MiB, 58, 125.14 W
2026/09/23 18:16:19.969, NVIDIA GeForce RTX 4060 Ti, 100 %, 5590 MiB, 8188 MiB, 57, 124.65 W
2026/09/23 18:16:20.974, NVIDIA GeForce RTX 4060 Ti, 96 %, 5589 MiB, 8188 MiB, 57, 126.62 W
2026/09/23 18:16:21.980, NVIDIA GeForce RTX 4060 Ti, 100 %, 5589 MiB, 8188 MiB, 56, 121.04 W
2026/09/23 18:16:22.986, NVIDIA GeForce RTX 4060 Ti, 100 %, 5589 MiB, 8188 MiB, 58, 124.15 W
2026/09/23 18:16:23.991, NVIDIA GeForce RTX 4060 Ti, 100 %, 5589 MiB, 8188 MiB, 55, 125.38 W
2026/09/23 18:16:24.996, NVIDIA GeForce RTX 4060 Ti, 100 %, 5589 MiB, 8188 MiB, 57, 121.70 W
2026/09/23 18:16:26.002, NVIDIA GeForce RTX 4060 Ti, 100 %, 5589 MiB, 8188 MiB, 57, 121.43 W
2026/09/23 18:16:27.008, NVIDIA GeForce RTX 4060 Ti, 96 %, 5589 MiB, 8188 MiB, 57, 121.12 W
2026/09/23 18:16:28.017, NVIDIA GeForce RTX 4060 Ti, 95 %, 5589 MiB, 8188 MiB, 56, 121.99 W
2026/09/23 18:16:29.022, NVIDIA GeForce RTX 4060 Ti, 100 %, 5589 MiB, 8188 MiB, 57, 121.54 W
2026/09/23 18:16:30.028, NVIDIA GeForce RTX 4060 Ti, 100 %, 5589 MiB, 8188 MiB, 57, 121.34 W
2026/09/23 18:16:31.033, NVIDIA GeForce RTX 4060 Ti, 100 %, 5589 MiB, 8188 MiB, 56, 121.33 W
2026/09/23 18:16:32.040, NVIDIA GeForce RTX 4060 Ti, 100 %, 5589 MiB, 8188 MiB, 56, 120.15 W
2026/09/23 18:16:33.048, NVIDIA GeForce RTX 4060 Ti, 100 %, 5589 MiB, 8188 MiB, 56, 120.37 W
2026/09/23 18:16:34.054, NVIDIA GeForce RTX 4060 Ti, 100 %, 5589 MiB, 8188 MiB, 56, 120.18 W
2026/09/23 18:16:35.060, NVIDIA GeForce RTX 4060 Ti, 100 %, 5590 MiB, 8188 MiB, 58, 119.90 W
2026/09/23 18:16:36.065, NVIDIA GeForce RTX 4060 Ti, 61 %, 5590 MiB, 8188 MiB, 58, 113.26 W
2026/09/23 18:16:37.076, NVIDIA GeForce RTX 4060 Ti, 64 %, 5590 MiB, 8188 MiB, 53, 99.86 W
2026/09/23 18:16:38.081, NVIDIA GeForce RTX 4060 Ti, 76 %, 5590 MiB, 8188 MiB, 54, 105.70 W
2026/09/23 18:16:39.086, NVIDIA GeForce RTX 4060 Ti, 59 %, 5590 MiB, 8188 MiB, 55, 107.66 W
2026/09/23 18:16:40.092, NVIDIA GeForce RTX 4060 Ti, 65 %, 5590 MiB, 8188 MiB, 51, 92.42 W
2026/09/23 18:16:41.101, NVIDIA GeForce RTX 4060 Ti, 44 %, 5590 MiB, 8188 MiB, 55, 95.55 W
2026/09/23 18:16:42.106, NVIDIA GeForce RTX 4060 Ti, 40 %, 5590 MiB, 8188 MiB, 50, 78.95 W
2026/09/23 18:16:43.109, NVIDIA GeForce RTX 4060 Ti, 52 %, 5590 MiB, 8188 MiB, 52, 93.05 W
2026/09/23 18:16:44.113, NVIDIA GeForce RTX 4060 Ti, 43 %, 5590 MiB, 8188 MiB, 54, 97.70 W
2026/09/23 18:16:45.121, NVIDIA GeForce RTX 4060 Ti, 64 %, 5590 MiB, 8188 MiB, 54, 82.05 W
2026/09/23 18:16:46.131, NVIDIA GeForce RTX 4060 Ti, 52 %, 5590 MiB, 8188 MiB, 53, 89.30 W
2026/09/23 18:16:47.137, NVIDIA GeForce RTX 4060 Ti, 49 %, 5590 MiB, 8188 MiB, 50, 91.85 W
2026/09/23 18:16:48.144, NVIDIA GeForce RTX 4060 Ti, 55 %, 5590 MiB, 8188 MiB, 53, 93.54 W
2026/09/23 18:16:49.151, NVIDIA GeForce RTX 4060 Ti, 66 %, 5590 MiB, 8188 MiB, 51, 91.92 W
2026/09/23 18:16:50.157, NVIDIA GeForce RTX 4060 Ti, 64 %, 5589 MiB, 8188 MiB, 54, 92.20 W
2026/09/23 18:16:51.163, NVIDIA GeForce RTX 4060 Ti, 57 %, 5589 MiB, 8188 MiB, 50, 94.29 W
2026/09/23 18:16:52.169, NVIDIA GeForce RTX 4060 Ti, 62 %, 5589 MiB, 8188 MiB, 52, 96.18 W
2026/09/23 18:16:53.174, NVIDIA GeForce RTX 4060 Ti, 62 %, 5589 MiB, 8188 MiB, 51, 95.88 W
2026/09/23 18:16:54.180, NVIDIA GeForce RTX 4060 Ti, 43 %, 5589 MiB, 8188 MiB, 51, 84.70 W
2026/09/23 18:16:55.187, NVIDIA GeForce RTX 4060 Ti, 39 %, 5589 MiB, 8188 MiB, 49, 91.58 W
2026/09/23 18:16:56.193, NVIDIA GeForce RTX 4060 Ti, 59 %, 5589 MiB, 8188 MiB, 51, 94.60 W
2026/09/23 18:16:57.199, NVIDIA GeForce RTX 4060 Ti, 64 %, 5589 MiB, 8188 MiB, 50, 80.55 W
2026/09/23 18:16:58.205, NVIDIA GeForce RTX 4060 Ti, 57 %, 5589 MiB, 8188 MiB, 51, 91.57 W
2026/09/23 18:16:59.211, NVIDIA GeForce RTX 4060 Ti, 48 %, 5589 MiB, 8188 MiB, 48, 92.58 W
2026/09/23 18:17:00.215, NVIDIA GeForce RTX 4060 Ti, 47 %, 5589 MiB, 8188 MiB, 49, 91.89 W
2026/09/23 18:17:01.223, NVIDIA GeForce RTX 4060 Ti, 42 %, 5589 MiB, 8188 MiB, 50, 89.35 W
2026/09/23 18:17:02.227, NVIDIA GeForce RTX 4060 Ti, 47 %, 5589 MiB, 8188 MiB, 51, 88.72 W
2026/09/23 18:17:03.234, NVIDIA GeForce RTX 4060 Ti, 46 %, 5589 MiB, 8188 MiB, 50, 83.53 W
2026/09/23 18:17:04.242, NVIDIA GeForce RTX 4060 Ti, 71 %, 5590 MiB, 8188 MiB, 51, 97.36 W
2026/09/23 18:17:05.247, NVIDIA GeForce RTX 4060 Ti, 64 %, 5590 MiB, 8188 MiB, 52, 101.31 W
2026/09/23 18:17:06.252, NVIDIA GeForce RTX 4060 Ti, 44 %, 5590 MiB, 8188 MiB, 50, 85.19 W
2026/09/23 18:17:07.258, NVIDIA GeForce RTX 4060 Ti, 50 %, 5590 MiB, 8188 MiB, 48, 84.79 W
2026/09/23 18:17:08.263, NVIDIA GeForce RTX 4060 Ti, 40 %, 5590 MiB, 8188 MiB, 50, 91.76 W
2026/09/23 18:17:09.270, NVIDIA GeForce RTX 4060 Ti, 43 %, 5590 MiB, 8188 MiB, 51, 96.07 W
2026/09/23 18:17:10.275, NVIDIA GeForce RTX 4060 Ti, 61 %, 5590 MiB, 8188 MiB, 51, 86.01 W
2026/09/23 18:17:11.281, NVIDIA GeForce RTX 4060 Ti, 60 %, 5590 MiB, 8188 MiB, 51, 92.35 W
2026/09/23 18:17:12.288, NVIDIA GeForce RTX 4060 Ti, 54 %, 5590 MiB, 8188 MiB, 53, 97.55 W
2026/09/23 18:17:13.293, NVIDIA GeForce RTX 4060 Ti, 54 %, 5589 MiB, 8188 MiB, 52, 87.17 W
2026/09/23 18:17:14.300, NVIDIA GeForce RTX 4060 Ti, 60 %, 5589 MiB, 8188 MiB, 55, 92.42 W
2026/09/23 18:17:15.306, NVIDIA GeForce RTX 4060 Ti, 64 %, 5589 MiB, 8188 MiB, 51, 99.92 W
2026/09/23 18:17:16.313, NVIDIA GeForce RTX 4060 Ti, 63 %, 5589 MiB, 8188 MiB, 50, 84.63 W
2026/09/23 18:17:17.319, NVIDIA GeForce RTX 4060 Ti, 47 %, 5589 MiB, 8188 MiB, 54, 92.71 W
2026/09/23 18:17:18.326, NVIDIA GeForce RTX 4060 Ti, 46 %, 5589 MiB, 8188 MiB, 48, 87.91 W
2026/09/23 18:17:19.332, NVIDIA GeForce RTX 4060 Ti, 45 %, 5589 MiB, 8188 MiB, 49, 95.78 W
2026/09/23 18:17:20.338, NVIDIA GeForce RTX 4060 Ti, 54 %, 5589 MiB, 8188 MiB, 50, 85.26 W
2026/09/23 18:17:21.343, NVIDIA GeForce RTX 4060 Ti, 80 %, 5589 MiB, 8188 MiB, 51, 95.05 W
2026/09/23 18:17:22.347, NVIDIA GeForce RTX 4060 Ti, 77 %, 5589 MiB, 8188 MiB, 52, 99.72 W
2026/09/23 18:17:23.353, NVIDIA GeForce RTX 4060 Ti, 72 %, 5589 MiB, 8188 MiB, 55, 101.70 W
2026/09/23 18:17:24.359, NVIDIA GeForce RTX 4060 Ti, 52 %, 5589 MiB, 8188 MiB, 49, 93.18 W
2026/09/23 18:17:25.364, NVIDIA GeForce RTX 4060 Ti, 81 %, 5589 MiB, 8188 MiB, 53, 106.82 W
2026/09/23 18:17:26.372, NVIDIA GeForce RTX 4060 Ti, 79 %, 5595 MiB, 8188 MiB, 50, 104.25 W
2026/09/23 18:17:27.379, NVIDIA GeForce RTX 4060 Ti, 63 %, 5594 MiB, 8188 MiB, 52, 92.89 W
2026/09/23 18:17:28.386, NVIDIA GeForce RTX 4060 Ti, 70 %, 5594 MiB, 8188 MiB, 53, 98.24 W
2026/09/23 18:17:29.393, NVIDIA GeForce RTX 4060 Ti, 74 %, 5585 MiB, 8188 MiB, 54, 101.43 W
2026/09/23 18:17:30.399, NVIDIA GeForce RTX 4060 Ti, 57 %, 5585 MiB, 8188 MiB, 49, 95.60 W
2026/09/23 18:17:31.406, NVIDIA GeForce RTX 4060 Ti, 60 %, 5585 MiB, 8188 MiB, 50, 100.43 W
2026/09/23 18:17:32.413, NVIDIA GeForce RTX 4060 Ti, 56 %, 5583 MiB, 8188 MiB, 51, 99.25 W
2026/09/23 18:17:33.419, NVIDIA GeForce RTX 4060 Ti, 76 %, 5583 MiB, 8188 MiB, 52, 99.62 W
2026/09/23 18:17:34.424, NVIDIA GeForce RTX 4060 Ti, 61 %, 5583 MiB, 8188 MiB, 50, 101.53 W
2026/09/23 18:17:35.431, NVIDIA GeForce RTX 4060 Ti, 77 %, 5583 MiB, 8188 MiB, 54, 115.00 W
2026/09/23 18:17:36.436, NVIDIA GeForce RTX 4060 Ti, 54 %, 5583 MiB, 8188 MiB, 51, 109.42 W
2026/09/23 18:17:37.441, NVIDIA GeForce RTX 4060 Ti, 93 %, 5583 MiB, 8188 MiB, 55, 111.45 W
2026/09/23 18:17:38.449, NVIDIA GeForce RTX 4060 Ti, 73 %, 5583 MiB, 8188 MiB, 56, 119.46 W
2026/09/23 18:17:39.454, NVIDIA GeForce RTX 4060 Ti, 57 %, 5583 MiB, 8188 MiB, 55, 109.49 W
2026/09/23 18:17:40.460, NVIDIA GeForce RTX 4060 Ti, 75 %, 5583 MiB, 8188 MiB, 56, 115.79 W
2026/09/23 18:17:41.466, NVIDIA GeForce RTX 4060 Ti, 81 %, 5588 MiB, 8188 MiB, 53, 112.26 W
2026/09/23 18:17:42.474, NVIDIA GeForce RTX 4060 Ti, 86 %, 5588 MiB, 8188 MiB, 52, 111.27 W
2026/09/23 18:17:43.480, NVIDIA GeForce RTX 4060 Ti, 94 %, 5588 MiB, 8188 MiB, 54, 131.03 W
2026/09/23 18:17:44.487, NVIDIA GeForce RTX 4060 Ti, 93 %, 5588 MiB, 8188 MiB, 56, 124.31 W
2026/09/23 18:17:45.492, NVIDIA GeForce RTX 4060 Ti, 87 %, 5588 MiB, 8188 MiB, 54, 125.71 W
2026/09/23 18:17:46.509, NVIDIA GeForce RTX 4060 Ti, 89 %, 5588 MiB, 8188 MiB, 54, 128.77 W
2026/09/23 18:17:47.517, NVIDIA GeForce RTX 4060 Ti, 96 %, 5588 MiB, 8188 MiB, 57, 119.06 W
2026/09/23 18:17:48.524, NVIDIA GeForce RTX 4060 Ti, 95 %, 5588 MiB, 8188 MiB, 54, 131.05 W
2026/09/23 18:17:49.532, NVIDIA GeForce RTX 4060 Ti, 92 %, 5588 MiB, 8188 MiB, 54, 121.49 W
2026/09/23 18:17:50.538, NVIDIA GeForce RTX 4060 Ti, 80 %, 5588 MiB, 8188 MiB, 56, 123.98 W
2026/09/23 18:17:51.544, NVIDIA GeForce RTX 4060 Ti, 91 %, 5588 MiB, 8188 MiB, 54, 132.58 W
2026/09/23 18:17:52.550, NVIDIA GeForce RTX 4060 Ti, 96 %, 5588 MiB, 8188 MiB, 54, 130.32 W
2026/09/23 18:17:53.555, NVIDIA GeForce RTX 4060 Ti, 83 %, 5588 MiB, 8188 MiB, 58, 128.92 W
2026/09/23 18:17:54.561, NVIDIA GeForce RTX 4060 Ti, 80 %, 5588 MiB, 8188 MiB, 57, 129.51 W
2026/09/23 18:17:55.567, NVIDIA GeForce RTX 4060 Ti, 91 %, 5588 MiB, 8188 MiB, 57, 132.92 W
2026/09/23 18:17:56.575, NVIDIA GeForce RTX 4060 Ti, 92 %, 5588 MiB, 8188 MiB, 57, 131.59 W
2026/09/23 18:17:57.580, NVIDIA GeForce RTX 4060 Ti, 97 %, 5588 MiB, 8188 MiB, 57, 129.35 W
2026/09/23 18:17:58.586, NVIDIA GeForce RTX 4060 Ti, 93 %, 5588 MiB, 8188 MiB, 58, 135.11 W
2026/09/23 18:17:59.592, NVIDIA GeForce RTX 4060 Ti, 82 %, 5588 MiB, 8188 MiB, 58, 131.34 W
2026/09/23 18:18:00.600, NVIDIA GeForce RTX 4060 Ti, 81 %, 5588 MiB, 8188 MiB, 56, 127.71 W
2026/09/23 18:18:01.605, NVIDIA GeForce RTX 4060 Ti, 96 %, 5588 MiB, 8188 MiB, 58, 134.77 W
2026/09/23 18:18:02.610, NVIDIA GeForce RTX 4060 Ti, 96 %, 5588 MiB, 8188 MiB, 57, 134.66 W
2026/09/23 18:18:03.615, NVIDIA GeForce RTX 4060 Ti, 96 %, 5588 MiB, 8188 MiB, 58, 136.40 W
2026/09/23 18:18:04.625, NVIDIA GeForce RTX 4060 Ti, 67 %, 5588 MiB, 8188 MiB, 58, 120.49 W
2026/09/23 18:18:05.632, NVIDIA GeForce RTX 4060 Ti, 86 %, 5588 MiB, 8188 MiB, 57, 129.82 W
2026/09/23 18:18:06.638, NVIDIA GeForce RTX 4060 Ti, 93 %, 5588 MiB, 8188 MiB, 59, 134.91 W
2026/09/23 18:18:07.643, NVIDIA GeForce RTX 4060 Ti, 96 %, 5588 MiB, 8188 MiB, 58, 136.39 W
2026/09/23 18:18:08.649, NVIDIA GeForce RTX 4060 Ti, 93 %, 5588 MiB, 8188 MiB, 58, 137.00 W
2026/09/23 18:18:09.655, NVIDIA GeForce RTX 4060 Ti, 97 %, 5588 MiB, 8188 MiB, 58, 136.66 W
2026/09/23 18:18:10.660, NVIDIA GeForce RTX 4060 Ti, 97 %, 5588 MiB, 8188 MiB, 59, 136.44 W
2026/09/23 18:18:11.666, NVIDIA GeForce RTX 4060 Ti, 1 %, 5256 MiB, 8188 MiB, 46, 97.68 W
2026/09/23 18:18:12.673, NVIDIA GeForce RTX 4060 Ti, 0 %, 5256 MiB, 8188 MiB, 44, 33.22 W
2026/09/23 18:18:13.696, NVIDIA GeForce RTX 4060 Ti, 0 %, 5256 MiB, 8188 MiB, 43, 26.45 W
2026/09/23 18:18:14.702, NVIDIA GeForce RTX 4060 Ti, 22 %, 5270 MiB, 8188 MiB, 42, 11.17 W
2026/09/23 18:18:15.709, NVIDIA GeForce RTX 4060 Ti, 0 %, 5298 MiB, 8188 MiB, 41, 10.11 W
2026/09/23 18:18:16.717, NVIDIA GeForce RTX 4060 Ti, 1 %, 5300 MiB, 8188 MiB, 41, 8.97 W
2026/09/23 18:18:17.722, NVIDIA GeForce RTX 4060 Ti, 36 %, 5305 MiB, 8188 MiB, 45, 51.56 W
2026/09/23 18:18:18.728, NVIDIA GeForce RTX 4060 Ti, 35 %, 5305 MiB, 8188 MiB, 46, 58.49 W
2026/09/23 18:18:19.734, NVIDIA GeForce RTX 4060 Ti, 39 %, 5305 MiB, 8188 MiB, 45, 52.10 W
2026/09/23 18:18:20.739, NVIDIA GeForce RTX 4060 Ti, 34 %, 5305 MiB, 8188 MiB, 46, 52.44 W
2026/09/23 18:18:21.745, NVIDIA GeForce RTX 4060 Ti, 35 %, 5305 MiB, 8188 MiB, 46, 64.66 W
2026/09/23 18:18:22.750, NVIDIA GeForce RTX 4060 Ti, 36 %, 5305 MiB, 8188 MiB, 48, 73.10 W
2026/09/23 18:18:23.755, NVIDIA GeForce RTX 4060 Ti, 40 %, 5305 MiB, 8188 MiB, 49, 72.85 W
2026/09/23 18:18:24.759, NVIDIA GeForce RTX 4060 Ti, 39 %, 5303 MiB, 8188 MiB, 47, 70.96 W
2026/09/23 18:18:25.765, NVIDIA GeForce RTX 4060 Ti, 35 %, 5302 MiB, 8188 MiB, 46, 65.19 W
2026/09/23 18:18:26.770, NVIDIA GeForce RTX 4060 Ti, 40 %, 5302 MiB, 8188 MiB, 47, 63.55 W
2026/09/23 18:18:27.776, NVIDIA GeForce RTX 4060 Ti, 37 %, 5303 MiB, 8188 MiB, 48, 71.06 W
2026/09/23 18:18:28.782, NVIDIA GeForce RTX 4060 Ti, 40 %, 5303 MiB, 8188 MiB, 48, 70.82 W
2026/09/23 18:18:29.787, NVIDIA GeForce RTX 4060 Ti, 33 %, 5303 MiB, 8188 MiB, 48, 67.91 W
2026/09/23 18:18:30.793, NVIDIA GeForce RTX 4060 Ti, 32 %, 5303 MiB, 8188 MiB, 47, 72.32 W
2026/09/23 18:18:31.797, NVIDIA GeForce RTX 4060 Ti, 37 %, 5302 MiB, 8188 MiB, 48, 75.03 W
2026/09/23 18:18:32.803, NVIDIA GeForce RTX 4060 Ti, 39 %, 5302 MiB, 8188 MiB, 48, 73.29 W
2026/09/23 18:18:33.821, NVIDIA GeForce RTX 4060 Ti, 31 %, 5302 MiB, 8188 MiB, 47, 70.31 W
2026/09/23 18:18:34.826, NVIDIA GeForce RTX 4060 Ti, 35 %, 5302 MiB, 8188 MiB, 47, 69.79 W
2026/09/23 18:18:35.831, NVIDIA GeForce RTX 4060 Ti, 41 %, 5302 MiB, 8188 MiB, 48, 75.02 W
2026/09/23 18:18:36.836, NVIDIA GeForce RTX 4060 Ti, 46 %, 5302 MiB, 8188 MiB, 48, 77.56 W
2026/09/23 18:18:37.842, NVIDIA GeForce RTX 4060 Ti, 46 %, 5302 MiB, 8188 MiB, 48, 78.72 W
2026/09/23 18:18:38.848, NVIDIA GeForce RTX 4060 Ti, 42 %, 5302 MiB, 8188 MiB, 46, 76.40 W
2026/09/23 18:18:39.854, NVIDIA GeForce RTX 4060 Ti, 43 %, 5302 MiB, 8188 MiB, 48, 77.35 W
2026/09/23 18:18:40.861, NVIDIA GeForce RTX 4060 Ti, 35 %, 5302 MiB, 8188 MiB, 46, 75.80 W
2026/09/23 18:18:41.867, NVIDIA GeForce RTX 4060 Ti, 38 %, 5302 MiB, 8188 MiB, 46, 77.49 W
2026/09/23 18:18:42.880, NVIDIA GeForce RTX 4060 Ti, 44 %, 5302 MiB, 8188 MiB, 47, 77.69 W
2026/09/23 18:18:43.888, NVIDIA GeForce RTX 4060 Ti, 43 %, 5302 MiB, 8188 MiB, 47, 78.50 W
2026/09/23 18:18:44.895, NVIDIA GeForce RTX 4060 Ti, 47 %, 5302 MiB, 8188 MiB, 48, 80.65 W
2026/09/23 18:18:45.900, NVIDIA GeForce RTX 4060 Ti, 43 %, 5302 MiB, 8188 MiB, 47, 80.63 W
2026/09/23 18:18:46.906, NVIDIA GeForce RTX 4060 Ti, 48 %, 5302 MiB, 8188 MiB, 47, 81.26 W
2026/09/23 18:18:47.913, NVIDIA GeForce RTX 4060 Ti, 52 %, 5302 MiB, 8188 MiB, 46, 85.27 W
2026/09/23 18:18:48.918, NVIDIA GeForce RTX 4060 Ti, 39 %, 5302 MiB, 8188 MiB, 49, 77.55 W
2026/09/23 18:18:49.923, NVIDIA GeForce RTX 4060 Ti, 41 %, 5302 MiB, 8188 MiB, 48, 78.07 W
2026/09/23 18:18:50.933, NVIDIA GeForce RTX 4060 Ti, 40 %, 5302 MiB, 8188 MiB, 49, 84.30 W
2026/09/23 18:18:51.959, NVIDIA GeForce RTX 4060 Ti, 38 %, 5302 MiB, 8188 MiB, 48, 79.81 W
2026/09/23 18:18:52.964, NVIDIA GeForce RTX 4060 Ti, 42 %, 5302 MiB, 8188 MiB, 46, 80.06 W
2026/09/23 18:18:53.969, NVIDIA GeForce RTX 4060 Ti, 56 %, 5302 MiB, 8188 MiB, 50, 90.55 W
2026/09/23 18:18:54.974, NVIDIA GeForce RTX 4060 Ti, 55 %, 5302 MiB, 8188 MiB, 50, 90.60 W
2026/09/23 18:18:55.980, NVIDIA GeForce RTX 4060 Ti, 50 %, 5302 MiB, 8188 MiB, 50, 90.49 W
2026/09/23 18:18:56.988, NVIDIA GeForce RTX 4060 Ti, 44 %, 5302 MiB, 8188 MiB, 50, 90.20 W
2026/09/23 18:18:57.992, NVIDIA GeForce RTX 4060 Ti, 48 %, 5302 MiB, 8188 MiB, 50, 91.19 W
2026/09/23 18:18:58.998, NVIDIA GeForce RTX 4060 Ti, 53 %, 5304 MiB, 8188 MiB, 47, 92.42 W
2026/09/23 18:19:00.006, NVIDIA GeForce RTX 4060 Ti, 52 %, 5304 MiB, 8188 MiB, 49, 94.89 W
2026/09/23 18:19:01.013, NVIDIA GeForce RTX 4060 Ti, 45 %, 5304 MiB, 8188 MiB, 50, 93.62 W
2026/09/23 18:19:02.019, NVIDIA GeForce RTX 4060 Ti, 67 %, 5305 MiB, 8188 MiB, 52, 97.48 W
2026/09/23 18:19:03.029, NVIDIA GeForce RTX 4060 Ti, 65 %, 5305 MiB, 8188 MiB, 50, 99.45 W
2026/09/23 18:19:04.035, NVIDIA GeForce RTX 4060 Ti, 58 %, 5305 MiB, 8188 MiB, 50, 97.56 W
2026/09/23 18:19:05.042, NVIDIA GeForce RTX 4060 Ti, 64 %, 5305 MiB, 8188 MiB, 50, 96.76 W
2026/09/23 18:19:06.050, NVIDIA GeForce RTX 4060 Ti, 72 %, 5305 MiB, 8188 MiB, 53, 104.79 W
2026/09/23 18:19:07.055, NVIDIA GeForce RTX 4060 Ti, 66 %, 5305 MiB, 8188 MiB, 51, 105.92 W
2026/09/23 18:19:08.063, NVIDIA GeForce RTX 4060 Ti, 73 %, 5305 MiB, 8188 MiB, 53, 110.36 W
2026/09/23 18:19:09.068, NVIDIA GeForce RTX 4060 Ti, 73 %, 5305 MiB, 8188 MiB, 54, 109.87 W
2026/09/23 18:19:10.074, NVIDIA GeForce RTX 4060 Ti, 71 %, 5305 MiB, 8188 MiB, 53, 107.29 W
2026/09/23 18:19:11.080, NVIDIA GeForce RTX 4060 Ti, 64 %, 5304 MiB, 8188 MiB, 54, 110.56 W
2026/09/23 18:19:12.086, NVIDIA GeForce RTX 4060 Ti, 78 %, 5304 MiB, 8188 MiB, 51, 110.04 W
2026/09/23 18:19:13.091, NVIDIA GeForce RTX 4060 Ti, 80 %, 5304 MiB, 8188 MiB, 53, 115.97 W
2026/09/23 18:19:14.096, NVIDIA GeForce RTX 4060 Ti, 84 %, 5304 MiB, 8188 MiB, 53, 121.00 W
2026/09/23 18:19:15.105, NVIDIA GeForce RTX 4060 Ti, 79 %, 5304 MiB, 8188 MiB, 56, 116.58 W
2026/09/23 18:19:16.110, NVIDIA GeForce RTX 4060 Ti, 83 %, 5304 MiB, 8188 MiB, 55, 117.60 W
2026/09/23 18:19:17.117, NVIDIA GeForce RTX 4060 Ti, 82 %, 5304 MiB, 8188 MiB, 56, 116.53 W
2026/09/23 18:19:18.122, NVIDIA GeForce RTX 4060 Ti, 75 %, 5304 MiB, 8188 MiB, 56, 118.96 W
2026/09/23 18:19:19.128, NVIDIA GeForce RTX 4060 Ti, 78 %, 5304 MiB, 8188 MiB, 56, 123.78 W
2026/09/23 18:19:20.134, NVIDIA GeForce RTX 4060 Ti, 71 %, 5304 MiB, 8188 MiB, 54, 122.33 W
2026/09/23 18:19:21.140, NVIDIA GeForce RTX 4060 Ti, 71 %, 5304 MiB, 8188 MiB, 52, 121.29 W
2026/09/23 18:19:22.146, NVIDIA GeForce RTX 4060 Ti, 85 %, 5304 MiB, 8188 MiB, 57, 123.62 W
2026/09/23 18:19:23.152, NVIDIA GeForce RTX 4060 Ti, 89 %, 5304 MiB, 8188 MiB, 56, 126.33 W
2026/09/23 18:19:24.160, NVIDIA GeForce RTX 4060 Ti, 74 %, 5304 MiB, 8188 MiB, 57, 123.76 W
2026/09/23 18:19:25.166, NVIDIA GeForce RTX 4060 Ti, 75 %, 5304 MiB, 8188 MiB, 57, 122.07 W
2026/09/23 18:19:26.173, NVIDIA GeForce RTX 4060 Ti, 82 %, 5304 MiB, 8188 MiB, 57, 124.90 W
2026/09/23 18:19:27.179, NVIDIA GeForce RTX 4060 Ti, 73 %, 5304 MiB, 8188 MiB, 57, 124.53 W
2026/09/23 18:19:28.196, NVIDIA GeForce RTX 4060 Ti, 79 %, 5304 MiB, 8188 MiB, 57, 125.94 W
2026/09/23 18:19:29.202, NVIDIA GeForce RTX 4060 Ti, 87 %, 5304 MiB, 8188 MiB, 53, 129.80 W
2026/09/23 18:19:30.208, NVIDIA GeForce RTX 4060 Ti, 85 %, 5304 MiB, 8188 MiB, 58, 128.11 W
2026/09/23 18:19:31.215, NVIDIA GeForce RTX 4060 Ti, 81 %, 5304 MiB, 8188 MiB, 58, 127.47 W
2026/09/23 18:19:32.250, NVIDIA GeForce RTX 4060 Ti, 90 %, 5304 MiB, 8188 MiB, 56, 126.05 W
2026/09/23 18:19:33.258, NVIDIA GeForce RTX 4060 Ti, 83 %, 5304 MiB, 8188 MiB, 56, 129.36 W
2026/09/23 18:19:34.264, NVIDIA GeForce RTX 4060 Ti, 77 %, 5304 MiB, 8188 MiB, 54, 128.33 W
2026/09/23 18:19:35.270, NVIDIA GeForce RTX 4060 Ti, 86 %, 5304 MiB, 8188 MiB, 58, 129.67 W
2026/09/23 18:19:36.275, NVIDIA GeForce RTX 4060 Ti, 91 %, 5304 MiB, 8188 MiB, 58, 128.42 W
2026/09/23 18:19:37.281, NVIDIA GeForce RTX 4060 Ti, 91 %, 5304 MiB, 8188 MiB, 58, 129.66 W
2026/09/23 18:19:38.287, NVIDIA GeForce RTX 4060 Ti, 91 %, 5304 MiB, 8188 MiB, 58, 130.58 W
2026/09/23 18:19:39.293, NVIDIA GeForce RTX 4060 Ti, 87 %, 5304 MiB, 8188 MiB, 56, 133.11 W
2026/09/23 18:19:40.300, NVIDIA GeForce RTX 4060 Ti, 91 %, 5304 MiB, 8188 MiB, 59, 133.11 W
2026/09/23 18:19:41.306, NVIDIA GeForce RTX 4060 Ti, 91 %, 5304 MiB, 8188 MiB, 58, 131.80 W
2026/09/23 18:19:42.314, NVIDIA GeForce RTX 4060 Ti, 85 %, 5304 MiB, 8188 MiB, 58, 132.55 W
2026/09/23 18:19:43.322, NVIDIA GeForce RTX 4060 Ti, 91 %, 5304 MiB, 8188 MiB, 57, 133.18 W
2026/09/23 18:19:44.328, NVIDIA GeForce RTX 4060 Ti, 88 %, 5304 MiB, 8188 MiB, 59, 132.52 W
2026/09/23 18:19:45.333, NVIDIA GeForce RTX 4060 Ti, 91 %, 5304 MiB, 8188 MiB, 59, 133.99 W
2026/09/23 18:19:46.340, NVIDIA GeForce RTX 4060 Ti, 90 %, 5304 MiB, 8188 MiB, 59, 133.58 W
2026/09/23 18:19:47.346, NVIDIA GeForce RTX 4060 Ti, 89 %, 5304 MiB, 8188 MiB, 59, 134.44 W
2026/09/23 18:19:48.353, NVIDIA GeForce RTX 4060 Ti, 92 %, 5304 MiB, 8188 MiB, 58, 133.56 W
2026/09/23 18:19:49.358, NVIDIA GeForce RTX 4060 Ti, 91 %, 5304 MiB, 8188 MiB, 59, 133.41 W
2026/09/23 18:19:50.363, NVIDIA GeForce RTX 4060 Ti, 89 %, 5304 MiB, 8188 MiB, 58, 133.50 W
2026/09/23 18:19:51.370, NVIDIA GeForce RTX 4060 Ti, 93 %, 5304 MiB, 8188 MiB, 59, 134.70 W
2026/09/23 18:19:52.376, NVIDIA GeForce RTX 4060 Ti, 89 %, 5304 MiB, 8188 MiB, 59, 133.92 W
2026/09/23 18:19:53.382, NVIDIA GeForce RTX 4060 Ti, 92 %, 5304 MiB, 8188 MiB, 59, 132.08 W
2026/09/23 18:19:54.389, NVIDIA GeForce RTX 4060 Ti, 91 %, 5304 MiB, 8188 MiB, 59, 134.79 W
2026/09/23 18:19:55.394, NVIDIA GeForce RTX 4060 Ti, 90 %, 5304 MiB, 8188 MiB, 59, 135.15 W
2026/09/23 18:19:56.401, NVIDIA GeForce RTX 4060 Ti, 95 %, 5304 MiB, 8188 MiB, 59, 135.71 W
2026/09/23 18:19:57.406, NVIDIA GeForce RTX 4060 Ti, 89 %, 5304 MiB, 8188 MiB, 58, 133.04 W
2026/09/23 18:19:58.416, NVIDIA GeForce RTX 4060 Ti, 87 %, 5304 MiB, 8188 MiB, 59, 133.51 W
2026/09/23 18:19:59.421, NVIDIA GeForce RTX 4060 Ti, 94 %, 5304 MiB, 8188 MiB, 59, 133.80 W
2026/09/23 18:20:00.427, NVIDIA GeForce RTX 4060 Ti, 95 %, 5304 MiB, 8188 MiB, 59, 132.93 W
2026/09/23 18:20:01.433, NVIDIA GeForce RTX 4060 Ti, 94 %, 5304 MiB, 8188 MiB, 59, 132.49 W
2026/09/23 18:20:02.439, NVIDIA GeForce RTX 4060 Ti, 93 %, 5304 MiB, 8188 MiB, 59, 132.82 W
2026/09/23 18:20:03.445, NVIDIA GeForce RTX 4060 Ti, 94 %, 5304 MiB, 8188 MiB, 58, 133.41 W
2026/09/23 18:20:04.450, NVIDIA GeForce RTX 4060 Ti, 94 %, 5304 MiB, 8188 MiB, 59, 132.45 W
2026/09/23 18:20:05.455, NVIDIA GeForce RTX 4060 Ti, 88 %, 5304 MiB, 8188 MiB, 59, 132.18 W
2026/09/23 18:20:06.461, NVIDIA GeForce RTX 4060 Ti, 94 %, 5304 MiB, 8188 MiB, 58, 132.14 W
2026/09/23 18:20:07.468, NVIDIA GeForce RTX 4060 Ti, 89 %, 5304 MiB, 8188 MiB, 59, 132.61 W
2026/09/23 18:20:08.473, NVIDIA GeForce RTX 4060 Ti, 89 %, 5304 MiB, 8188 MiB, 59, 132.50 W
2026/09/23 18:20:09.496, NVIDIA GeForce RTX 4060 Ti, 88 %, 5304 MiB, 8188 MiB, 59, 133.39 W
2026/09/23 18:20:10.507, NVIDIA GeForce RTX 4060 Ti, 94 %, 5304 MiB, 8188 MiB, 59, 132.42 W
2026/09/23 18:20:11.513, NVIDIA GeForce RTX 4060 Ti, 94 %, 5304 MiB, 8188 MiB, 58, 130.39 W
2026/09/23 18:20:12.519, NVIDIA GeForce RTX 4060 Ti, 94 %, 5304 MiB, 8188 MiB, 55, 130.92 W
2026/09/23 18:20:13.525, NVIDIA GeForce RTX 4060 Ti, 93 %, 5304 MiB, 8188 MiB, 56, 130.12 W
2026/09/23 18:20:14.529, NVIDIA GeForce RTX 4060 Ti, 86 %, 5304 MiB, 8188 MiB, 58, 129.66 W
2026/09/23 18:20:15.536, NVIDIA GeForce RTX 4060 Ti, 93 %, 5304 MiB, 8188 MiB, 59, 131.41 W
2026/09/23 18:20:16.542, NVIDIA GeForce RTX 4060 Ti, 90 %, 5304 MiB, 8188 MiB, 59, 131.47 W
2026/09/23 18:20:17.548, NVIDIA GeForce RTX 4060 Ti, 93 %, 5304 MiB, 8188 MiB, 59, 132.02 W
2026/09/23 18:20:18.553, NVIDIA GeForce RTX 4060 Ti, 93 %, 5304 MiB, 8188 MiB, 57, 130.45 W
2026/09/23 18:20:19.558, NVIDIA GeForce RTX 4060 Ti, 92 %, 5304 MiB, 8188 MiB, 59, 130.56 W
2026/09/23 18:20:20.563, NVIDIA GeForce RTX 4060 Ti, 94 %, 5304 MiB, 8188 MiB, 56, 130.97 W
2026/09/23 18:20:21.571, NVIDIA GeForce RTX 4060 Ti, 93 %, 5304 MiB, 8188 MiB, 58, 130.84 W
2026/09/23 18:20:22.580, NVIDIA GeForce RTX 4060 Ti, 93 %, 5304 MiB, 8188 MiB, 59, 130.63 W
2026/09/23 18:20:23.588, NVIDIA GeForce RTX 4060 Ti, 94 %, 5304 MiB, 8188 MiB, 58, 130.68 W
2026/09/23 18:20:24.594, NVIDIA GeForce RTX 4060 Ti, 94 %, 5304 MiB, 8188 MiB, 59, 130.95 W
2026/09/23 18:20:25.600, NVIDIA GeForce RTX 4060 Ti, 93 %, 5304 MiB, 8188 MiB, 58, 130.53 W
2026/09/23 18:20:26.606, NVIDIA GeForce RTX 4060 Ti, 93 %, 5304 MiB, 8188 MiB, 59, 130.19 W
2026/09/23 18:20:27.611, NVIDIA GeForce RTX 4060 Ti, 92 %, 5304 MiB, 8188 MiB, 58, 128.42 W
2026/09/23 18:20:28.616, NVIDIA GeForce RTX 4060 Ti, 100 %, 5304 MiB, 8188 MiB, 54, 129.58 W
2026/09/23 18:20:29.624, NVIDIA GeForce RTX 4060 Ti, 93 %, 5304 MiB, 8188 MiB, 58, 129.66 W
2026/09/23 18:20:30.630, NVIDIA GeForce RTX 4060 Ti, 100 %, 5304 MiB, 8188 MiB, 58, 130.56 W
2026/09/23 18:20:31.637, NVIDIA GeForce RTX 4060 Ti, 100 %, 5304 MiB, 8188 MiB, 57, 129.45 W
2026/09/23 18:20:32.642, NVIDIA GeForce RTX 4060 Ti, 92 %, 5304 MiB, 8188 MiB, 57, 128.56 W
2026/09/23 18:20:33.647, NVIDIA GeForce RTX 4060 Ti, 93 %, 5304 MiB, 8188 MiB, 58, 128.91 W
2026/09/23 18:20:34.654, NVIDIA GeForce RTX 4060 Ti, 93 %, 5304 MiB, 8188 MiB, 58, 129.16 W
2026/09/23 18:20:35.660, NVIDIA GeForce RTX 4060 Ti, 91 %, 5304 MiB, 8188 MiB, 58, 128.33 W
2026/09/23 18:20:36.668, NVIDIA GeForce RTX 4060 Ti, 100 %, 5304 MiB, 8188 MiB, 58, 129.48 W
2026/09/23 18:20:37.674, NVIDIA GeForce RTX 4060 Ti, 95 %, 5304 MiB, 8188 MiB, 58, 129.43 W
2026/09/23 18:20:38.681, NVIDIA GeForce RTX 4060 Ti, 91 %, 5304 MiB, 8188 MiB, 57, 128.71 W
2026/09/23 18:20:39.687, NVIDIA GeForce RTX 4060 Ti, 98 %, 5304 MiB, 8188 MiB, 58, 129.74 W
2026/09/23 18:20:40.694, NVIDIA GeForce RTX 4060 Ti, 100 %, 5304 MiB, 8188 MiB, 55, 128.16 W
2026/09/23 18:20:41.700, NVIDIA GeForce RTX 4060 Ti, 90 %, 5304 MiB, 8188 MiB, 58, 128.08 W
2026/09/23 18:20:42.706, NVIDIA GeForce RTX 4060 Ti, 98 %, 5304 MiB, 8188 MiB, 58, 129.62 W
2026/09/23 18:20:43.712, NVIDIA GeForce RTX 4060 Ti, 100 %, 5304 MiB, 8188 MiB, 58, 129.90 W
2026/09/23 18:20:44.719, NVIDIA GeForce RTX 4060 Ti, 100 %, 5304 MiB, 8188 MiB, 58, 129.89 W
2026/09/23 18:20:45.725, NVIDIA GeForce RTX 4060 Ti, 100 %, 5304 MiB, 8188 MiB, 58, 128.94 W
2026/09/23 18:20:46.732, NVIDIA GeForce RTX 4060 Ti, 100 %, 5304 MiB, 8188 MiB, 58, 127.79 W
2026/09/23 18:20:47.739, NVIDIA GeForce RTX 4060 Ti, 100 %, 5304 MiB, 8188 MiB, 58, 132.38 W
2026/09/23 18:20:48.745, NVIDIA GeForce RTX 4060 Ti, 88 %, 5304 MiB, 8188 MiB, 57, 129.68 W
2026/09/23 18:20:49.753, NVIDIA GeForce RTX 4060 Ti, 100 %, 5304 MiB, 8188 MiB, 58, 131.87 W
2026/09/23 18:20:50.758, NVIDIA GeForce RTX 4060 Ti, 100 %, 5304 MiB, 8188 MiB, 58, 134.07 W
2026/09/23 18:20:51.779, NVIDIA GeForce RTX 4060 Ti, 88 %, 5304 MiB, 8188 MiB, 55, 131.94 W
2026/09/23 18:20:52.785, NVIDIA GeForce RTX 4060 Ti, 17 %, 5304 MiB, 8188 MiB, 48, 106.50 W
2026/09/23 18:20:53.792, NVIDIA GeForce RTX 4060 Ti, 0 %, 5256 MiB, 8188 MiB, 45, 34.23 W
2026/09/23 18:20:54.797, NVIDIA GeForce RTX 4060 Ti, 0 %, 5256 MiB, 8188 MiB, 43, 28.20 W
2026/09/23 18:20:55.804, NVIDIA GeForce RTX 4060 Ti, 0 %, 5256 MiB, 8188 MiB, 42, 17.81 W
2026/09/23 18:20:56.830, NVIDIA GeForce RTX 4060 Ti, 0 %, 5256 MiB, 8188 MiB, 42, 17.54 W
2026/09/23 18:20:57.840, NVIDIA GeForce RTX 4060 Ti, 0 %, 5266 MiB, 8188 MiB, 42, 15.20 W
2026/09/23 18:20:58.844, NVIDIA GeForce RTX 4060 Ti, 28 %, 5288 MiB, 8188 MiB, 42, 17.23 W
2026/09/23 18:20:59.849, NVIDIA GeForce RTX 4060 Ti, 18 %, 5288 MiB, 8188 MiB, 45, 45.30 W
2026/09/23 18:21:00.856, NVIDIA GeForce RTX 4060 Ti, 31 %, 5288 MiB, 8188 MiB, 43, 41.14 W
2026/09/23 18:21:01.862, NVIDIA GeForce RTX 4060 Ti, 30 %, 5288 MiB, 8188 MiB, 43, 32.75 W
2026/09/23 18:21:02.868, NVIDIA GeForce RTX 4060 Ti, 35 %, 5288 MiB, 8188 MiB, 43, 29.38 W
2026/09/23 18:21:03.873, NVIDIA GeForce RTX 4060 Ti, 36 %, 5288 MiB, 8188 MiB, 42, 29.84 W
2026/09/23 18:21:04.878, NVIDIA GeForce RTX 4060 Ti, 35 %, 5288 MiB, 8188 MiB, 42, 28.86 W
2026/09/23 18:21:05.882, NVIDIA GeForce RTX 4060 Ti, 36 %, 5288 MiB, 8188 MiB, 42, 27.98 W
2026/09/23 18:21:06.888, NVIDIA GeForce RTX 4060 Ti, 27 %, 5288 MiB, 8188 MiB, 41, 28.33 W
2026/09/23 18:21:07.894, NVIDIA GeForce RTX 4060 Ti, 29 %, 5288 MiB, 8188 MiB, 41, 28.91 W
2026/09/23 18:21:08.898, NVIDIA GeForce RTX 4060 Ti, 32 %, 5288 MiB, 8188 MiB, 42, 31.47 W
2026/09/23 18:21:09.904, NVIDIA GeForce RTX 4060 Ti, 33 %, 5288 MiB, 8188 MiB, 42, 32.80 W
2026/09/23 18:21:10.918, NVIDIA GeForce RTX 4060 Ti, 37 %, 5288 MiB, 8188 MiB, 41, 29.91 W
2026/09/23 18:21:11.925, NVIDIA GeForce RTX 4060 Ti, 35 %, 5288 MiB, 8188 MiB, 41, 28.37 W
2026/09/23 18:21:12.932, NVIDIA GeForce RTX 4060 Ti, 43 %, 5288 MiB, 8188 MiB, 41, 29.22 W
2026/09/23 18:21:13.936, NVIDIA GeForce RTX 4060 Ti, 27 %, 5288 MiB, 8188 MiB, 41, 32.10 W
2026/09/23 18:21:14.943, NVIDIA GeForce RTX 4060 Ti, 30 %, 5288 MiB, 8188 MiB, 41, 34.10 W
2026/09/23 18:21:15.948, NVIDIA GeForce RTX 4060 Ti, 42 %, 5288 MiB, 8188 MiB, 41, 31.74 W
2026/09/23 18:21:16.955, NVIDIA GeForce RTX 4060 Ti, 36 %, 5288 MiB, 8188 MiB, 41, 33.66 W
2026/09/23 18:21:17.963, NVIDIA GeForce RTX 4060 Ti, 38 %, 5288 MiB, 8188 MiB, 41, 34.20 W
2026/09/23 18:21:18.969, NVIDIA GeForce RTX 4060 Ti, 34 %, 5288 MiB, 8188 MiB, 41, 33.47 W
2026/09/23 18:21:19.975, NVIDIA GeForce RTX 4060 Ti, 37 %, 5289 MiB, 8188 MiB, 41, 33.90 W
2026/09/23 18:21:20.982, NVIDIA GeForce RTX 4060 Ti, 40 %, 5289 MiB, 8188 MiB, 41, 32.70 W
2026/09/23 18:21:21.987, NVIDIA GeForce RTX 4060 Ti, 40 %, 5289 MiB, 8188 MiB, 41, 34.69 W
2026/09/23 18:21:22.991, NVIDIA GeForce RTX 4060 Ti, 29 %, 5289 MiB, 8188 MiB, 41, 33.59 W
2026/09/23 18:21:23.997, NVIDIA GeForce RTX 4060 Ti, 42 %, 5289 MiB, 8188 MiB, 41, 32.85 W
2026/09/23 18:21:25.002, NVIDIA GeForce RTX 4060 Ti, 38 %, 5289 MiB, 8188 MiB, 41, 34.09 W
2026/09/23 18:21:26.008, NVIDIA GeForce RTX 4060 Ti, 29 %, 5289 MiB, 8188 MiB, 41, 33.75 W
2026/09/23 18:21:27.013, NVIDIA GeForce RTX 4060 Ti, 37 %, 5289 MiB, 8188 MiB, 42, 32.39 W
2026/09/23 18:21:28.022, NVIDIA GeForce RTX 4060 Ti, 41 %, 5289 MiB, 8188 MiB, 42, 35.46 W
2026/09/23 18:21:29.028, NVIDIA GeForce RTX 4060 Ti, 32 %, 5289 MiB, 8188 MiB, 41, 33.90 W
2026/09/23 18:21:30.034, NVIDIA GeForce RTX 4060 Ti, 40 %, 5289 MiB, 8188 MiB, 41, 35.37 W
2026/09/23 18:21:31.040, NVIDIA GeForce RTX 4060 Ti, 41 %, 5289 MiB, 8188 MiB, 41, 34.99 W
2026/09/23 18:21:32.046, NVIDIA GeForce RTX 4060 Ti, 38 %, 5289 MiB, 8188 MiB, 42, 37.53 W
2026/09/23 18:21:33.052, NVIDIA GeForce RTX 4060 Ti, 30 %, 5289 MiB, 8188 MiB, 42, 36.38 W
2026/09/23 18:21:34.060, NVIDIA GeForce RTX 4060 Ti, 28 %, 5288 MiB, 8188 MiB, 41, 35.76 W
2026/09/23 18:21:35.066, NVIDIA GeForce RTX 4060 Ti, 34 %, 5288 MiB, 8188 MiB, 42, 37.92 W
2026/09/23 18:21:36.076, NVIDIA GeForce RTX 4060 Ti, 38 %, 5288 MiB, 8188 MiB, 43, 38.50 W
2026/09/23 18:21:37.082, NVIDIA GeForce RTX 4060 Ti, 39 %, 5288 MiB, 8188 MiB, 43, 38.82 W
2026/09/23 18:21:38.089, NVIDIA GeForce RTX 4060 Ti, 43 %, 5288 MiB, 8188 MiB, 42, 38.22 W
2026/09/23 18:21:39.095, NVIDIA GeForce RTX 4060 Ti, 36 %, 5288 MiB, 8188 MiB, 42, 37.82 W
2026/09/23 18:21:40.102, NVIDIA GeForce RTX 4060 Ti, 41 %, 5288 MiB, 8188 MiB, 43, 41.75 W
2026/09/23 18:21:41.108, NVIDIA GeForce RTX 4060 Ti, 29 %, 5288 MiB, 8188 MiB, 43, 41.58 W
2026/09/23 18:21:42.115, NVIDIA GeForce RTX 4060 Ti, 38 %, 5288 MiB, 8188 MiB, 43, 40.92 W
2026/09/23 18:21:43.121, NVIDIA GeForce RTX 4060 Ti, 43 %, 5290 MiB, 8188 MiB, 43, 38.85 W
2026/09/23 18:21:44.128, NVIDIA GeForce RTX 4060 Ti, 34 %, 5290 MiB, 8188 MiB, 43, 42.17 W
2026/09/23 18:21:45.134, NVIDIA GeForce RTX 4060 Ti, 39 %, 5289 MiB, 8188 MiB, 43, 46.48 W
2026/09/23 18:21:46.139, NVIDIA GeForce RTX 4060 Ti, 41 %, 5288 MiB, 8188 MiB, 44, 47.16 W
2026/09/23 18:21:47.149, NVIDIA GeForce RTX 4060 Ti, 32 %, 5288 MiB, 8188 MiB, 43, 49.01 W
2026/09/23 18:21:48.156, NVIDIA GeForce RTX 4060 Ti, 47 %, 5289 MiB, 8188 MiB, 45, 48.96 W
2026/09/23 18:21:49.161, NVIDIA GeForce RTX 4060 Ti, 29 %, 5289 MiB, 8188 MiB, 46, 63.88 W
2026/09/23 18:21:50.166, NVIDIA GeForce RTX 4060 Ti, 37 %, 5288 MiB, 8188 MiB, 46, 62.95 W
2026/09/23 18:21:51.174, NVIDIA GeForce RTX 4060 Ti, 33 %, 5287 MiB, 8188 MiB, 45, 55.05 W
2026/09/23 18:21:52.179, NVIDIA GeForce RTX 4060 Ti, 33 %, 5287 MiB, 8188 MiB, 46, 60.52 W
2026/09/23 18:21:53.186, NVIDIA GeForce RTX 4060 Ti, 37 %, 5287 MiB, 8188 MiB, 47, 64.86 W
2026/09/23 18:21:54.190, NVIDIA GeForce RTX 4060 Ti, 35 %, 5287 MiB, 8188 MiB, 47, 69.66 W
2026/09/23 18:21:55.198, NVIDIA GeForce RTX 4060 Ti, 24 %, 5287 MiB, 8188 MiB, 47, 63.96 W
2026/09/23 18:21:56.206, NVIDIA GeForce RTX 4060 Ti, 44 %, 5287 MiB, 8188 MiB, 48, 71.71 W
2026/09/23 18:21:57.212, NVIDIA GeForce RTX 4060 Ti, 35 %, 5287 MiB, 8188 MiB, 47, 71.91 W
2026/09/23 18:21:58.217, NVIDIA GeForce RTX 4060 Ti, 42 %, 5287 MiB, 8188 MiB, 47, 71.94 W
2026/09/23 18:21:59.223, NVIDIA GeForce RTX 4060 Ti, 44 %, 5287 MiB, 8188 MiB, 47, 73.53 W
2026/09/23 18:22:00.229, NVIDIA GeForce RTX 4060 Ti, 47 %, 5287 MiB, 8188 MiB, 50, 76.96 W
2026/09/23 18:22:01.234, NVIDIA GeForce RTX 4060 Ti, 36 %, 5287 MiB, 8188 MiB, 47, 73.11 W
2026/09/23 18:22:02.241, NVIDIA GeForce RTX 4060 Ti, 39 %, 5287 MiB, 8188 MiB, 49, 78.86 W
2026/09/23 18:22:03.248, NVIDIA GeForce RTX 4060 Ti, 41 %, 5287 MiB, 8188 MiB, 50, 80.49 W
2026/09/23 18:22:04.252, NVIDIA GeForce RTX 4060 Ti, 47 %, 5287 MiB, 8188 MiB, 51, 81.85 W
2026/09/23 18:22:05.260, NVIDIA GeForce RTX 4060 Ti, 40 %, 5283 MiB, 8188 MiB, 50, 81.19 W
2026/09/23 18:22:06.267, NVIDIA GeForce RTX 4060 Ti, 43 %, 5283 MiB, 8188 MiB, 49, 81.50 W
2026/09/23 18:22:07.272, NVIDIA GeForce RTX 4060 Ti, 41 %, 5283 MiB, 8188 MiB, 49, 80.39 W
2026/09/23 18:22:08.277, NVIDIA GeForce RTX 4060 Ti, 60 %, 5283 MiB, 8188 MiB, 53, 89.44 W
2026/09/23 18:22:09.284, NVIDIA GeForce RTX 4060 Ti, 53 %, 5283 MiB, 8188 MiB, 52, 91.11 W
2026/09/23 18:22:10.290, NVIDIA GeForce RTX 4060 Ti, 40 %, 5283 MiB, 8188 MiB, 51, 94.39 W
2026/09/23 18:22:11.296, NVIDIA GeForce RTX 4060 Ti, 44 %, 5283 MiB, 8188 MiB, 50, 93.70 W
2026/09/23 18:22:12.302, NVIDIA GeForce RTX 4060 Ti, 55 %, 5287 MiB, 8188 MiB, 51, 92.15 W
2026/09/23 18:22:13.308, NVIDIA GeForce RTX 4060 Ti, 64 %, 5287 MiB, 8188 MiB, 54, 94.27 W
2026/09/23 18:22:14.313, NVIDIA GeForce RTX 4060 Ti, 70 %, 5287 MiB, 8188 MiB, 54, 100.88 W
2026/09/23 18:22:15.319, NVIDIA GeForce RTX 4060 Ti, 64 %, 5287 MiB, 8188 MiB, 53, 101.65 W
2026/09/23 18:22:16.326, NVIDIA GeForce RTX 4060 Ti, 74 %, 5287 MiB, 8188 MiB, 57, 108.05 W
2026/09/23 18:22:17.331, NVIDIA GeForce RTX 4060 Ti, 58 %, 5283 MiB, 8188 MiB, 53, 104.44 W
2026/09/23 18:22:18.339, NVIDIA GeForce RTX 4060 Ti, 68 %, 5283 MiB, 8188 MiB, 57, 108.79 W
2026/09/23 18:22:19.344, NVIDIA GeForce RTX 4060 Ti, 66 %, 5283 MiB, 8188 MiB, 56, 112.83 W
2026/09/23 18:22:20.349, NVIDIA GeForce RTX 4060 Ti, 56 %, 5283 MiB, 8188 MiB, 58, 111.65 W
2026/09/23 18:22:21.355, NVIDIA GeForce RTX 4060 Ti, 71 %, 5283 MiB, 8188 MiB, 57, 114.92 W
2026/09/23 18:22:22.362, NVIDIA GeForce RTX 4060 Ti, 78 %, 5283 MiB, 8188 MiB, 55, 114.95 W
2026/09/23 18:22:23.369, NVIDIA GeForce RTX 4060 Ti, 68 %, 5283 MiB, 8188 MiB, 55, 115.40 W
2026/09/23 18:22:24.399, NVIDIA GeForce RTX 4060 Ti, 85 %, 5283 MiB, 8188 MiB, 58, 109.63 W
2026/09/23 18:22:25.407, NVIDIA GeForce RTX 4060 Ti, 86 %, 5283 MiB, 8188 MiB, 58, 120.86 W
2026/09/23 18:22:26.413, NVIDIA GeForce RTX 4060 Ti, 88 %, 5283 MiB, 8188 MiB, 57, 119.26 W
2026/09/23 18:22:27.419, NVIDIA GeForce RTX 4060 Ti, 88 %, 5283 MiB, 8188 MiB, 58, 120.31 W
2026/09/23 18:22:28.425, NVIDIA GeForce RTX 4060 Ti, 87 %, 5283 MiB, 8188 MiB, 58, 119.38 W
2026/09/23 18:22:29.432, NVIDIA GeForce RTX 4060 Ti, 84 %, 5283 MiB, 8188 MiB, 57, 118.20 W
2026/09/23 18:22:30.439, NVIDIA GeForce RTX 4060 Ti, 81 %, 5283 MiB, 8188 MiB, 56, 119.18 W
2026/09/23 18:22:31.445, NVIDIA GeForce RTX 4060 Ti, 86 %, 5283 MiB, 8188 MiB, 57, 118.12 W
2026/09/23 18:22:32.452, NVIDIA GeForce RTX 4060 Ti, 88 %, 5283 MiB, 8188 MiB, 58, 119.65 W
2026/09/23 18:22:33.459, NVIDIA GeForce RTX 4060 Ti, 87 %, 5283 MiB, 8188 MiB, 58, 117.94 W
2026/09/23 18:22:34.464, NVIDIA GeForce RTX 4060 Ti, 87 %, 5283 MiB, 8188 MiB, 56, 113.76 W
2026/09/23 18:22:35.471, NVIDIA GeForce RTX 4060 Ti, 88 %, 5283 MiB, 8188 MiB, 57, 118.69 W
2026/09/23 18:22:36.476, NVIDIA GeForce RTX 4060 Ti, 88 %, 5283 MiB, 8188 MiB, 57, 117.64 W
2026/09/23 18:22:37.481, NVIDIA GeForce RTX 4060 Ti, 89 %, 5283 MiB, 8188 MiB, 54, 118.21 W
2026/09/23 18:22:38.487, NVIDIA GeForce RTX 4060 Ti, 88 %, 5283 MiB, 8188 MiB, 56, 118.41 W
2026/09/23 18:22:39.494, NVIDIA GeForce RTX 4060 Ti, 88 %, 5283 MiB, 8188 MiB, 57, 118.40 W
2026/09/23 18:22:40.500, NVIDIA GeForce RTX 4060 Ti, 89 %, 5283 MiB, 8188 MiB, 57, 116.33 W
2026/09/23 18:22:41.505, NVIDIA GeForce RTX 4060 Ti, 87 %, 5283 MiB, 8188 MiB, 56, 116.89 W
2026/09/23 18:22:42.516, NVIDIA GeForce RTX 4060 Ti, 86 %, 5283 MiB, 8188 MiB, 57, 116.64 W
2026/09/23 18:22:43.521, NVIDIA GeForce RTX 4060 Ti, 88 %, 5283 MiB, 8188 MiB, 56, 114.82 W
2026/09/23 18:22:44.531, NVIDIA GeForce RTX 4060 Ti, 94 %, 5283 MiB, 8188 MiB, 54, 115.32 W
2026/09/23 18:22:45.537, NVIDIA GeForce RTX 4060 Ti, 92 %, 5283 MiB, 8188 MiB, 56, 114.20 W
2026/09/23 18:22:46.543, NVIDIA GeForce RTX 4060 Ti, 93 %, 5283 MiB, 8188 MiB, 56, 113.41 W
2026/09/23 18:22:47.550, NVIDIA GeForce RTX 4060 Ti, 93 %, 5283 MiB, 8188 MiB, 55, 112.51 W
2026/09/23 18:22:48.556, NVIDIA GeForce RTX 4060 Ti, 92 %, 5283 MiB, 8188 MiB, 55, 111.49 W
2026/09/23 18:22:49.562, NVIDIA GeForce RTX 4060 Ti, 92 %, 5283 MiB, 8188 MiB, 55, 111.74 W
2026/09/23 18:22:50.568, NVIDIA GeForce RTX 4060 Ti, 90 %, 5283 MiB, 8188 MiB, 55, 110.53 W
2026/09/23 18:22:51.573, NVIDIA GeForce RTX 4060 Ti, 92 %, 5283 MiB, 8188 MiB, 55, 110.56 W
2026/09/23 18:22:52.579, NVIDIA GeForce RTX 4060 Ti, 100 %, 5283 MiB, 8188 MiB, 54, 111.40 W
2026/09/23 18:22:53.586, NVIDIA GeForce RTX 4060 Ti, 90 %, 5283 MiB, 8188 MiB, 52, 110.09 W
2026/09/23 18:22:54.592, NVIDIA GeForce RTX 4060 Ti, 88 %, 5283 MiB, 8188 MiB, 55, 110.33 W
2026/09/23 18:22:55.598, NVIDIA GeForce RTX 4060 Ti, 89 %, 5283 MiB, 8188 MiB, 55, 111.09 W
2026/09/23 18:22:56.603, NVIDIA GeForce RTX 4060 Ti, 10 %, 5251 MiB, 8188 MiB, 47, 68.78 W
2026/09/23 18:22:57.611, NVIDIA GeForce RTX 4060 Ti, 0 %, 5251 MiB, 8188 MiB, 45, 33.44 W
2026/09/23 18:22:58.617, NVIDIA GeForce RTX 4060 Ti, 0 %, 5251 MiB, 8188 MiB, 43, 21.51 W
2026/09/23 18:22:59.623, NVIDIA GeForce RTX 4060 Ti, 5 %, 5257 MiB, 8188 MiB, 43, 17.85 W
2026/09/23 18:23:00.632, NVIDIA GeForce RTX 4060 Ti, 0 %, 5295 MiB, 8188 MiB, 42, 18.54 W
2026/09/23 18:23:01.636, NVIDIA GeForce RTX 4060 Ti, 0 %, 5295 MiB, 8188 MiB, 42, 12.76 W
2026/09/23 18:23:02.641, NVIDIA GeForce RTX 4060 Ti, 100 %, 5297 MiB, 8188 MiB, 41, 17.93 W
2026/09/23 18:23:03.648, NVIDIA GeForce RTX 4060 Ti, 78 %, 5297 MiB, 8188 MiB, 58, 118.17 W
2026/09/23 18:23:04.653, NVIDIA GeForce RTX 4060 Ti, 86 %, 5297 MiB, 8188 MiB, 59, 133.15 W
2026/09/23 18:23:05.660, NVIDIA GeForce RTX 4060 Ti, 77 %, 5297 MiB, 8188 MiB, 55, 131.71 W
2026/09/23 18:23:06.665, NVIDIA GeForce RTX 4060 Ti, 86 %, 5297 MiB, 8188 MiB, 59, 132.90 W
2026/09/23 18:23:07.671, NVIDIA GeForce RTX 4060 Ti, 89 %, 5297 MiB, 8188 MiB, 59, 136.33 W
2026/09/23 18:23:08.678, NVIDIA GeForce RTX 4060 Ti, 83 %, 5297 MiB, 8188 MiB, 56, 134.76 W
2026/09/23 18:23:09.687, NVIDIA GeForce RTX 4060 Ti, 89 %, 5297 MiB, 8188 MiB, 59, 136.05 W
2026/09/23 18:23:10.693, NVIDIA GeForce RTX 4060 Ti, 90 %, 5297 MiB, 8188 MiB, 59, 133.68 W
2026/09/23 18:23:11.700, NVIDIA GeForce RTX 4060 Ti, 90 %, 5297 MiB, 8188 MiB, 60, 138.69 W
2026/09/23 18:23:12.706, NVIDIA GeForce RTX 4060 Ti, 85 %, 5301 MiB, 8188 MiB, 55, 135.91 W
2026/09/23 18:23:13.713, NVIDIA GeForce RTX 4060 Ti, 73 %, 5301 MiB, 8188 MiB, 60, 136.82 W
2026/09/23 18:23:14.723, NVIDIA GeForce RTX 4060 Ti, 88 %, 5301 MiB, 8188 MiB, 58, 137.35 W
2026/09/23 18:23:15.730, NVIDIA GeForce RTX 4060 Ti, 86 %, 5301 MiB, 8188 MiB, 59, 139.62 W
2026/09/23 18:23:16.736, NVIDIA GeForce RTX 4060 Ti, 89 %, 5301 MiB, 8188 MiB, 58, 141.91 W
2026/09/23 18:23:17.743, NVIDIA GeForce RTX 4060 Ti, 82 %, 5302 MiB, 8188 MiB, 59, 138.78 W
2026/09/23 18:23:18.748, NVIDIA GeForce RTX 4060 Ti, 84 %, 5302 MiB, 8188 MiB, 60, 138.39 W
2026/09/23 18:23:19.755, NVIDIA GeForce RTX 4060 Ti, 83 %, 5302 MiB, 8188 MiB, 60, 139.28 W
2026/09/23 18:23:20.761, NVIDIA GeForce RTX 4060 Ti, 90 %, 5302 MiB, 8188 MiB, 61, 141.41 W
2026/09/23 18:23:21.768, NVIDIA GeForce RTX 4060 Ti, 90 %, 5309 MiB, 8188 MiB, 60, 139.18 W
2026/09/23 18:23:22.774, NVIDIA GeForce RTX 4060 Ti, 86 %, 5309 MiB, 8188 MiB, 60, 139.19 W
2026/09/23 18:23:23.780, NVIDIA GeForce RTX 4060 Ti, 86 %, 5306 MiB, 8188 MiB, 59, 136.84 W
2026/09/23 18:23:24.786, NVIDIA GeForce RTX 4060 Ti, 88 %, 5305 MiB, 8188 MiB, 60, 138.29 W
2026/09/23 18:23:25.796, NVIDIA GeForce RTX 4060 Ti, 86 %, 5304 MiB, 8188 MiB, 57, 135.16 W
2026/09/23 18:23:26.802, NVIDIA GeForce RTX 4060 Ti, 90 %, 5305 MiB, 8188 MiB, 60, 135.13 W
2026/09/23 18:23:27.808, NVIDIA GeForce RTX 4060 Ti, 90 %, 5299 MiB, 8188 MiB, 60, 138.20 W
2026/09/23 18:23:28.813, NVIDIA GeForce RTX 4060 Ti, 89 %, 5299 MiB, 8188 MiB, 59, 138.54 W
2026/09/23 18:23:29.818, NVIDIA GeForce RTX 4060 Ti, 91 %, 5299 MiB, 8188 MiB, 60, 139.81 W
2026/09/23 18:23:30.824, NVIDIA GeForce RTX 4060 Ti, 90 %, 5299 MiB, 8188 MiB, 60, 140.59 W
2026/09/23 18:23:31.829, NVIDIA GeForce RTX 4060 Ti, 91 %, 5299 MiB, 8188 MiB, 60, 140.35 W
2026/09/23 18:23:32.835, NVIDIA GeForce RTX 4060 Ti, 89 %, 5299 MiB, 8188 MiB, 61, 141.46 W
2026/09/23 18:23:33.840, NVIDIA GeForce RTX 4060 Ti, 90 %, 5299 MiB, 8188 MiB, 60, 140.82 W
2026/09/23 18:23:34.845, NVIDIA GeForce RTX 4060 Ti, 89 %, 5299 MiB, 8188 MiB, 59, 141.81 W
2026/09/23 18:23:35.850, NVIDIA GeForce RTX 4060 Ti, 88 %, 5299 MiB, 8188 MiB, 61, 142.18 W
2026/09/23 18:23:36.857, NVIDIA GeForce RTX 4060 Ti, 89 %, 5299 MiB, 8188 MiB, 58, 142.05 W
2026/09/23 18:23:37.862, NVIDIA GeForce RTX 4060 Ti, 90 %, 5299 MiB, 8188 MiB, 57, 142.27 W
2026/09/23 18:23:38.867, NVIDIA GeForce RTX 4060 Ti, 89 %, 5299 MiB, 8188 MiB, 61, 143.57 W
2026/09/23 18:23:39.873, NVIDIA GeForce RTX 4060 Ti, 88 %, 5299 MiB, 8188 MiB, 61, 144.07 W
2026/09/23 18:23:40.878, NVIDIA GeForce RTX 4060 Ti, 88 %, 5299 MiB, 8188 MiB, 60, 144.07 W
2026/09/23 18:23:41.884, NVIDIA GeForce RTX 4060 Ti, 91 %, 5299 MiB, 8188 MiB, 61, 144.23 W
2026/09/23 18:23:42.889, NVIDIA GeForce RTX 4060 Ti, 93 %, 5299 MiB, 8188 MiB, 60, 145.28 W
2026/09/23 18:23:43.894, NVIDIA GeForce RTX 4060 Ti, 91 %, 5299 MiB, 8188 MiB, 62, 144.09 W
2026/09/23 18:23:44.902, NVIDIA GeForce RTX 4060 Ti, 90 %, 5299 MiB, 8188 MiB, 61, 143.55 W
2026/09/23 18:23:45.908, NVIDIA GeForce RTX 4060 Ti, 91 %, 5299 MiB, 8188 MiB, 62, 144.63 W
2026/09/23 18:23:46.916, NVIDIA GeForce RTX 4060 Ti, 93 %, 5299 MiB, 8188 MiB, 61, 145.06 W
2026/09/23 18:23:47.922, NVIDIA GeForce RTX 4060 Ti, 92 %, 5299 MiB, 8188 MiB, 62, 144.95 W
2026/09/23 18:23:48.928, NVIDIA GeForce RTX 4060 Ti, 93 %, 5301 MiB, 8188 MiB, 58, 144.06 W
2026/09/23 18:23:49.935, NVIDIA GeForce RTX 4060 Ti, 91 %, 5301 MiB, 8188 MiB, 62, 144.25 W
2026/09/23 18:23:50.940, NVIDIA GeForce RTX 4060 Ti, 92 %, 5301 MiB, 8188 MiB, 62, 144.51 W
2026/09/23 18:23:51.945, NVIDIA GeForce RTX 4060 Ti, 88 %, 5301 MiB, 8188 MiB, 60, 144.26 W
2026/09/23 18:23:52.951, NVIDIA GeForce RTX 4060 Ti, 93 %, 5301 MiB, 8188 MiB, 61, 143.19 W
2026/09/23 18:23:53.957, NVIDIA GeForce RTX 4060 Ti, 91 %, 5301 MiB, 8188 MiB, 61, 143.74 W
2026/09/23 18:23:54.962, NVIDIA GeForce RTX 4060 Ti, 88 %, 5301 MiB, 8188 MiB, 61, 144.64 W
2026/09/23 18:23:55.969, NVIDIA GeForce RTX 4060 Ti, 91 %, 5301 MiB, 8188 MiB, 61, 143.58 W
2026/09/23 18:23:56.975, NVIDIA GeForce RTX 4060 Ti, 92 %, 5301 MiB, 8188 MiB, 62, 145.12 W
2026/09/23 18:23:57.980, NVIDIA GeForce RTX 4060 Ti, 93 %, 5301 MiB, 8188 MiB, 62, 145.51 W
2026/09/23 18:23:58.986, NVIDIA GeForce RTX 4060 Ti, 92 %, 5301 MiB, 8188 MiB, 58, 146.70 W
2026/09/23 18:23:59.992, NVIDIA GeForce RTX 4060 Ti, 88 %, 5301 MiB, 8188 MiB, 61, 145.10 W
2026/09/23 18:24:00.997, NVIDIA GeForce RTX 4060 Ti, 88 %, 5301 MiB, 8188 MiB, 61, 145.23 W
2026/09/23 18:24:02.005, NVIDIA GeForce RTX 4060 Ti, 93 %, 5301 MiB, 8188 MiB, 57, 146.08 W
2026/09/23 18:24:03.012, NVIDIA GeForce RTX 4060 Ti, 93 %, 5301 MiB, 8188 MiB, 61, 145.20 W
2026/09/23 18:24:04.018, NVIDIA GeForce RTX 4060 Ti, 97 %, 5301 MiB, 8188 MiB, 62, 145.76 W
2026/09/23 18:24:05.024, NVIDIA GeForce RTX 4060 Ti, 92 %, 5301 MiB, 8188 MiB, 62, 145.47 W
2026/09/23 18:24:06.031, NVIDIA GeForce RTX 4060 Ti, 93 %, 5301 MiB, 8188 MiB, 61, 144.68 W
2026/09/23 18:24:07.038, NVIDIA GeForce RTX 4060 Ti, 93 %, 5301 MiB, 8188 MiB, 61, 145.33 W
2026/09/23 18:24:08.044, NVIDIA GeForce RTX 4060 Ti, 96 %, 5301 MiB, 8188 MiB, 61, 144.78 W
2026/09/23 18:24:09.051, NVIDIA GeForce RTX 4060 Ti, 91 %, 5301 MiB, 8188 MiB, 62, 146.21 W
2026/09/23 18:24:10.056, NVIDIA GeForce RTX 4060 Ti, 96 %, 5301 MiB, 8188 MiB, 61, 146.61 W
2026/09/23 18:24:11.064, NVIDIA GeForce RTX 4060 Ti, 92 %, 5301 MiB, 8188 MiB, 61, 145.46 W
2026/09/23 18:24:12.073, NVIDIA GeForce RTX 4060 Ti, 96 %, 5305 MiB, 8188 MiB, 62, 145.47 W
2026/09/23 18:24:13.078, NVIDIA GeForce RTX 4060 Ti, 91 %, 5305 MiB, 8188 MiB, 59, 144.01 W
2026/09/23 18:24:14.085, NVIDIA GeForce RTX 4060 Ti, 96 %, 5305 MiB, 8188 MiB, 62, 145.65 W
2026/09/23 18:24:15.091, NVIDIA GeForce RTX 4060 Ti, 92 %, 5305 MiB, 8188 MiB, 59, 145.45 W
2026/09/23 18:24:16.098, NVIDIA GeForce RTX 4060 Ti, 97 %, 5305 MiB, 8188 MiB, 60, 143.56 W
2026/09/23 18:24:17.106, NVIDIA GeForce RTX 4060 Ti, 92 %, 5301 MiB, 8188 MiB, 61, 139.34 W
2026/09/23 18:24:18.112, NVIDIA GeForce RTX 4060 Ti, 96 %, 5301 MiB, 8188 MiB, 62, 146.87 W
2026/09/23 18:24:19.132, NVIDIA GeForce RTX 4060 Ti, 96 %, 5301 MiB, 8188 MiB, 60, 145.26 W
2026/09/23 18:24:20.138, NVIDIA GeForce RTX 4060 Ti, 92 %, 5301 MiB, 8188 MiB, 62, 144.28 W
2026/09/23 18:24:21.145, NVIDIA GeForce RTX 4060 Ti, 90 %, 5301 MiB, 8188 MiB, 62, 144.56 W
2026/09/23 18:24:22.151, NVIDIA GeForce RTX 4060 Ti, 96 %, 5301 MiB, 8188 MiB, 62, 143.86 W
2026/09/23 18:24:23.156, NVIDIA GeForce RTX 4060 Ti, 91 %, 5301 MiB, 8188 MiB, 60, 145.25 W
2026/09/23 18:24:24.164, NVIDIA GeForce RTX 4060 Ti, 92 %, 5301 MiB, 8188 MiB, 62, 144.32 W
2026/09/23 18:24:25.171, NVIDIA GeForce RTX 4060 Ti, 96 %, 5301 MiB, 8188 MiB, 60, 142.44 W
2026/09/23 18:24:26.177, NVIDIA GeForce RTX 4060 Ti, 93 %, 5301 MiB, 8188 MiB, 61, 145.34 W
2026/09/23 18:24:27.183, NVIDIA GeForce RTX 4060 Ti, 95 %, 5301 MiB, 8188 MiB, 61, 142.02 W
2026/09/23 18:24:28.191, NVIDIA GeForce RTX 4060 Ti, 96 %, 5301 MiB, 8188 MiB, 61, 142.79 W
2026/09/23 18:24:29.197, NVIDIA GeForce RTX 4060 Ti, 96 %, 5301 MiB, 8188 MiB, 59, 143.81 W
2026/09/23 18:24:30.203, NVIDIA GeForce RTX 4060 Ti, 91 %, 5301 MiB, 8188 MiB, 61, 140.19 W
2026/09/23 18:24:31.209, NVIDIA GeForce RTX 4060 Ti, 90 %, 5301 MiB, 8188 MiB, 61, 141.27 W
2026/09/23 18:24:32.215, NVIDIA GeForce RTX 4060 Ti, 96 %, 5301 MiB, 8188 MiB, 61, 144.85 W
2026/09/23 18:24:33.224, NVIDIA GeForce RTX 4060 Ti, 94 %, 5301 MiB, 8188 MiB, 61, 139.91 W
2026/09/23 18:24:34.228, NVIDIA GeForce RTX 4060 Ti, 94 %, 5301 MiB, 8188 MiB, 58, 141.18 W
2026/09/23 18:24:35.235, NVIDIA GeForce RTX 4060 Ti, 96 %, 5301 MiB, 8188 MiB, 60, 140.67 W
2026/09/23 18:24:36.251, NVIDIA GeForce RTX 4060 Ti, 89 %, 5301 MiB, 8188 MiB, 61, 143.02 W
2026/09/23 18:24:37.256, NVIDIA GeForce RTX 4060 Ti, 96 %, 5306 MiB, 8188 MiB, 62, 144.39 W
2026/09/23 18:24:38.263, NVIDIA GeForce RTX 4060 Ti, 89 %, 5306 MiB, 8188 MiB, 61, 144.15 W
2026/09/23 18:24:39.270, NVIDIA GeForce RTX 4060 Ti, 93 %, 5305 MiB, 8188 MiB, 60, 139.51 W
2026/09/23 18:24:40.275, NVIDIA GeForce RTX 4060 Ti, 91 %, 5305 MiB, 8188 MiB, 60, 138.09 W
2026/09/23 18:24:41.281, NVIDIA GeForce RTX 4060 Ti, 92 %, 5305 MiB, 8188 MiB, 60, 140.55 W
2026/09/23 18:24:42.287, NVIDIA GeForce RTX 4060 Ti, 96 %, 5305 MiB, 8188 MiB, 60, 144.34 W
2026/09/23 18:24:43.296, NVIDIA GeForce RTX 4060 Ti, 96 %, 5301 MiB, 8188 MiB, 61, 141.68 W
2026/09/23 18:24:44.302, NVIDIA GeForce RTX 4060 Ti, 88 %, 5301 MiB, 8188 MiB, 59, 138.42 W
2026/09/23 18:24:45.336, NVIDIA GeForce RTX 4060 Ti, 96 %, 5301 MiB, 8188 MiB, 61, 138.87 W
2026/09/23 18:24:46.342, NVIDIA GeForce RTX 4060 Ti, 96 %, 5301 MiB, 8188 MiB, 61, 140.80 W
2026/09/23 18:24:47.348, NVIDIA GeForce RTX 4060 Ti, 96 %, 5301 MiB, 8188 MiB, 61, 140.38 W
2026/09/23 18:24:48.360, NVIDIA GeForce RTX 4060 Ti, 96 %, 5301 MiB, 8188 MiB, 60, 139.33 W
2026/09/23 18:24:49.367, NVIDIA GeForce RTX 4060 Ti, 96 %, 5301 MiB, 8188 MiB, 60, 137.16 W
2026/09/23 18:24:50.377, NVIDIA GeForce RTX 4060 Ti, 96 %, 5301 MiB, 8188 MiB, 57, 142.62 W
2026/09/23 18:24:51.383, NVIDIA GeForce RTX 4060 Ti, 96 %, 5305 MiB, 8188 MiB, 61, 143.75 W
2026/09/23 18:24:52.389, NVIDIA GeForce RTX 4060 Ti, 96 %, 5305 MiB, 8188 MiB, 60, 140.03 W
2026/09/23 18:24:53.396, NVIDIA GeForce RTX 4060 Ti, 96 %, 5305 MiB, 8188 MiB, 58, 137.98 W
2026/09/23 18:24:54.402, NVIDIA GeForce RTX 4060 Ti, 96 %, 5305 MiB, 8188 MiB, 61, 140.42 W
2026/09/23 18:24:55.409, NVIDIA GeForce RTX 4060 Ti, 95 %, 5305 MiB, 8188 MiB, 60, 137.39 W
2026/09/23 18:24:56.415, NVIDIA GeForce RTX 4060 Ti, 95 %, 5305 MiB, 8188 MiB, 59, 140.36 W
2026/09/23 18:24:57.422, NVIDIA GeForce RTX 4060 Ti, 94 %, 5305 MiB, 8188 MiB, 60, 139.68 W
2026/09/23 18:24:58.428, NVIDIA GeForce RTX 4060 Ti, 94 %, 5305 MiB, 8188 MiB, 60, 139.98 W
2026/09/23 18:24:59.434, NVIDIA GeForce RTX 4060 Ti, 96 %, 5305 MiB, 8188 MiB, 60, 137.10 W
2026/09/23 18:25:00.440, NVIDIA GeForce RTX 4060 Ti, 95 %, 5305 MiB, 8188 MiB, 60, 136.50 W
2026/09/23 18:25:01.446, NVIDIA GeForce RTX 4060 Ti, 93 %, 5305 MiB, 8188 MiB, 61, 141.41 W
2026/09/23 18:25:02.452, NVIDIA GeForce RTX 4060 Ti, 96 %, 5305 MiB, 8188 MiB, 59, 134.89 W
2026/09/23 18:25:03.458, NVIDIA GeForce RTX 4060 Ti, 96 %, 5305 MiB, 8188 MiB, 60, 140.90 W
2026/09/23 18:25:04.464, NVIDIA GeForce RTX 4060 Ti, 97 %, 5305 MiB, 8188 MiB, 60, 138.42 W
2026/09/23 18:25:05.472, NVIDIA GeForce RTX 4060 Ti, 96 %, 5305 MiB, 8188 MiB, 61, 140.94 W
2026/09/23 18:25:06.478, NVIDIA GeForce RTX 4060 Ti, 96 %, 5305 MiB, 8188 MiB, 60, 142.88 W
2026/09/23 18:25:07.484, NVIDIA GeForce RTX 4060 Ti, 96 %, 5305 MiB, 8188 MiB, 59, 138.69 W
2026/09/23 18:25:08.491, NVIDIA GeForce RTX 4060 Ti, 96 %, 5305 MiB, 8188 MiB, 60, 134.07 W
2026/09/23 18:25:09.497, NVIDIA GeForce RTX 4060 Ti, 96 %, 5305 MiB, 8188 MiB, 61, 138.10 W
2026/09/23 18:25:10.504, NVIDIA GeForce RTX 4060 Ti, 95 %, 5301 MiB, 8188 MiB, 60, 139.60 W
2026/09/23 18:25:11.511, NVIDIA GeForce RTX 4060 Ti, 96 %, 5301 MiB, 8188 MiB, 60, 139.40 W
2026/09/23 18:25:12.518, NVIDIA GeForce RTX 4060 Ti, 96 %, 5305 MiB, 8188 MiB, 60, 136.85 W
2026/09/23 18:25:13.524, NVIDIA GeForce RTX 4060 Ti, 96 %, 5305 MiB, 8188 MiB, 60, 137.40 W
2026/09/23 18:25:14.530, NVIDIA GeForce RTX 4060 Ti, 94 %, 5305 MiB, 8188 MiB, 59, 136.64 W
2026/09/23 18:25:15.536, NVIDIA GeForce RTX 4060 Ti, 96 %, 5305 MiB, 8188 MiB, 58, 142.83 W
2026/09/23 18:25:16.543, NVIDIA GeForce RTX 4060 Ti, 96 %, 5305 MiB, 8188 MiB, 60, 142.90 W
2026/09/23 18:25:17.548, NVIDIA GeForce RTX 4060 Ti, 100 %, 5301 MiB, 8188 MiB, 59, 134.92 W
2026/09/23 18:25:18.554, NVIDIA GeForce RTX 4060 Ti, 100 %, 5301 MiB, 8188 MiB, 61, 140.49 W
2026/09/23 18:25:19.558, NVIDIA GeForce RTX 4060 Ti, 100 %, 5301 MiB, 8188 MiB, 61, 143.16 W
2026/09/23 18:25:20.563, NVIDIA GeForce RTX 4060 Ti, 97 %, 5306 MiB, 8188 MiB, 61, 142.93 W
2026/09/23 18:25:21.568, NVIDIA GeForce RTX 4060 Ti, 100 %, 5306 MiB, 8188 MiB, 61, 142.45 W
2026/09/23 18:25:22.574, NVIDIA GeForce RTX 4060 Ti, 100 %, 5305 MiB, 8188 MiB, 61, 142.41 W
2026/09/23 18:25:23.580, NVIDIA GeForce RTX 4060 Ti, 100 %, 5305 MiB, 8188 MiB, 60, 137.05 W
2026/09/23 18:25:24.587, NVIDIA GeForce RTX 4060 Ti, 100 %, 5305 MiB, 8188 MiB, 60, 141.16 W
2026/09/23 18:25:25.593, NVIDIA GeForce RTX 4060 Ti, 96 %, 5305 MiB, 8188 MiB, 60, 139.79 W
2026/09/23 18:25:26.598, NVIDIA GeForce RTX 4060 Ti, 95 %, 5301 MiB, 8188 MiB, 56, 140.22 W
2026/09/23 18:25:27.604, NVIDIA GeForce RTX 4060 Ti, 95 %, 5301 MiB, 8188 MiB, 60, 137.18 W
2026/09/23 18:25:28.609, NVIDIA GeForce RTX 4060 Ti, 100 %, 5301 MiB, 8188 MiB, 59, 136.89 W
2026/09/23 18:25:29.616, NVIDIA GeForce RTX 4060 Ti, 99 %, 5301 MiB, 8188 MiB, 61, 138.50 W
2026/09/23 18:25:30.621, NVIDIA GeForce RTX 4060 Ti, 97 %, 5301 MiB, 8188 MiB, 59, 136.51 W
2026/09/23 18:25:31.627, NVIDIA GeForce RTX 4060 Ti, 94 %, 5301 MiB, 8188 MiB, 59, 132.48 W
2026/09/23 18:25:32.634, NVIDIA GeForce RTX 4060 Ti, 95 %, 5301 MiB, 8188 MiB, 59, 134.43 W
2026/09/23 18:25:33.642, NVIDIA GeForce RTX 4060 Ti, 95 %, 5301 MiB, 8188 MiB, 60, 135.71 W
2026/09/23 18:25:34.649, NVIDIA GeForce RTX 4060 Ti, 95 %, 5301 MiB, 8188 MiB, 60, 141.84 W
2026/09/23 18:25:35.656, NVIDIA GeForce RTX 4060 Ti, 95 %, 5301 MiB, 8188 MiB, 59, 139.75 W
2026/09/23 18:25:36.663, NVIDIA GeForce RTX 4060 Ti, 100 %, 5301 MiB, 8188 MiB, 60, 140.01 W
2026/09/23 18:25:37.670, NVIDIA GeForce RTX 4060 Ti, 95 %, 5301 MiB, 8188 MiB, 60, 138.31 W
2026/09/23 18:25:38.679, NVIDIA GeForce RTX 4060 Ti, 95 %, 5301 MiB, 8188 MiB, 59, 132.16 W
2026/09/23 18:25:39.684, NVIDIA GeForce RTX 4060 Ti, 100 %, 5301 MiB, 8188 MiB, 60, 135.56 W
2026/09/23 18:25:40.696, NVIDIA GeForce RTX 4060 Ti, 95 %, 5301 MiB, 8188 MiB, 61, 135.03 W
2026/09/23 18:25:41.702, NVIDIA GeForce RTX 4060 Ti, 95 %, 5301 MiB, 8188 MiB, 59, 137.30 W
2026/09/23 18:25:42.708, NVIDIA GeForce RTX 4060 Ti, 100 %, 5301 MiB, 8188 MiB, 59, 130.53 W
2026/09/23 18:25:43.715, NVIDIA GeForce RTX 4060 Ti, 95 %, 5301 MiB, 8188 MiB, 56, 137.11 W
2026/09/23 18:25:44.722, NVIDIA GeForce RTX 4060 Ti, 95 %, 5301 MiB, 8188 MiB, 59, 132.81 W
2026/09/23 18:25:45.728, NVIDIA GeForce RTX 4060 Ti, 100 %, 5301 MiB, 8188 MiB, 59, 132.85 W
2026/09/23 18:25:46.734, NVIDIA GeForce RTX 4060 Ti, 100 %, 5301 MiB, 8188 MiB, 61, 137.79 W
2026/09/23 18:25:47.740, NVIDIA GeForce RTX 4060 Ti, 99 %, 5301 MiB, 8188 MiB, 60, 133.78 W
2026/09/23 18:25:48.747, NVIDIA GeForce RTX 4060 Ti, 96 %, 5301 MiB, 8188 MiB, 60, 130.40 W
2026/09/23 18:25:49.752, NVIDIA GeForce RTX 4060 Ti, 95 %, 5301 MiB, 8188 MiB, 59, 130.50 W
2026/09/23 18:25:50.759, NVIDIA GeForce RTX 4060 Ti, 94 %, 5301 MiB, 8188 MiB, 58, 132.25 W
2026/09/23 18:25:51.765, NVIDIA GeForce RTX 4060 Ti, 95 %, 5301 MiB, 8188 MiB, 59, 132.75 W
2026/09/23 18:25:52.773, NVIDIA GeForce RTX 4060 Ti, 95 %, 5301 MiB, 8188 MiB, 59, 130.33 W
2026/09/23 18:25:53.779, NVIDIA GeForce RTX 4060 Ti, 96 %, 5301 MiB, 8188 MiB, 59, 133.21 W
2026/09/23 18:25:54.785, NVIDIA GeForce RTX 4060 Ti, 96 %, 5301 MiB, 8188 MiB, 59, 132.91 W
2026/09/23 18:25:55.790, NVIDIA GeForce RTX 4060 Ti, 100 %, 5301 MiB, 8188 MiB, 59, 132.50 W
2026/09/23 18:25:56.796, NVIDIA GeForce RTX 4060 Ti, 100 %, 5301 MiB, 8188 MiB, 59, 132.92 W
2026/09/23 18:25:57.802, NVIDIA GeForce RTX 4060 Ti, 100 %, 5301 MiB, 8188 MiB, 59, 133.05 W
2026/09/23 18:25:58.808, NVIDIA GeForce RTX 4060 Ti, 96 %, 5301 MiB, 8188 MiB, 59, 131.10 W
2026/09/23 18:25:59.815, NVIDIA GeForce RTX 4060 Ti, 94 %, 5301 MiB, 8188 MiB, 59, 130.61 W
2026/09/23 18:26:00.822, NVIDIA GeForce RTX 4060 Ti, 95 %, 5301 MiB, 8188 MiB, 58, 132.98 W
2026/09/23 18:26:01.830, NVIDIA GeForce RTX 4060 Ti, 95 %, 5301 MiB, 8188 MiB, 60, 133.01 W
2026/09/23 18:26:02.837, NVIDIA GeForce RTX 4060 Ti, 100 %, 5301 MiB, 8188 MiB, 59, 132.52 W
2026/09/23 18:26:03.843, NVIDIA GeForce RTX 4060 Ti, 98 %, 5301 MiB, 8188 MiB, 59, 132.21 W
2026/09/23 18:26:04.849, NVIDIA GeForce RTX 4060 Ti, 100 %, 5301 MiB, 8188 MiB, 59, 132.65 W
2026/09/23 18:26:05.855, NVIDIA GeForce RTX 4060 Ti, 95 %, 5301 MiB, 8188 MiB, 59, 132.42 W
2026/09/23 18:26:06.860, NVIDIA GeForce RTX 4060 Ti, 98 %, 5301 MiB, 8188 MiB, 58, 132.03 W
2026/09/23 18:26:07.871, NVIDIA GeForce RTX 4060 Ti, 95 %, 5301 MiB, 8188 MiB, 59, 130.39 W
2026/09/23 18:26:08.878, NVIDIA GeForce RTX 4060 Ti, 100 %, 5301 MiB, 8188 MiB, 59, 132.18 W
2026/09/23 18:26:09.887, NVIDIA GeForce RTX 4060 Ti, 95 %, 5301 MiB, 8188 MiB, 59, 132.34 W
2026/09/23 18:26:10.895, NVIDIA GeForce RTX 4060 Ti, 94 %, 5301 MiB, 8188 MiB, 59, 132.31 W
2026/09/23 18:26:11.901, NVIDIA GeForce RTX 4060 Ti, 100 %, 5305 MiB, 8188 MiB, 57, 131.87 W
2026/09/23 18:26:12.908, NVIDIA GeForce RTX 4060 Ti, 100 %, 5305 MiB, 8188 MiB, 59, 132.56 W
2026/09/23 18:26:13.917, NVIDIA GeForce RTX 4060 Ti, 96 %, 5305 MiB, 8188 MiB, 59, 130.18 W
2026/09/23 18:26:14.923, NVIDIA GeForce RTX 4060 Ti, 91 %, 5305 MiB, 8188 MiB, 58, 132.00 W
2026/09/23 18:26:15.932, NVIDIA GeForce RTX 4060 Ti, 100 %, 5305 MiB, 8188 MiB, 60, 131.20 W
2026/09/23 18:26:16.939, NVIDIA GeForce RTX 4060 Ti, 100 %, 5301 MiB, 8188 MiB, 59, 132.70 W
2026/09/23 18:26:17.946, NVIDIA GeForce RTX 4060 Ti, 94 %, 5301 MiB, 8188 MiB, 59, 131.02 W
2026/09/23 18:26:18.953, NVIDIA GeForce RTX 4060 Ti, 100 %, 5301 MiB, 8188 MiB, 59, 131.27 W
2026/09/23 18:26:19.960, NVIDIA GeForce RTX 4060 Ti, 95 %, 5301 MiB, 8188 MiB, 59, 131.86 W
2026/09/23 18:26:20.967, NVIDIA GeForce RTX 4060 Ti, 100 %, 5301 MiB, 8188 MiB, 58, 131.50 W
2026/09/23 18:26:21.972, NVIDIA GeForce RTX 4060 Ti, 95 %, 5301 MiB, 8188 MiB, 59, 131.17 W
2026/09/23 18:26:22.979, NVIDIA GeForce RTX 4060 Ti, 95 %, 5301 MiB, 8188 MiB, 59, 132.22 W
2026/09/23 18:26:23.985, NVIDIA GeForce RTX 4060 Ti, 100 %, 5301 MiB, 8188 MiB, 59, 130.95 W
2026/09/23 18:26:24.990, NVIDIA GeForce RTX 4060 Ti, 95 %, 5301 MiB, 8188 MiB, 59, 132.35 W
2026/09/23 18:26:26.006, NVIDIA GeForce RTX 4060 Ti, 100 %, 5301 MiB, 8188 MiB, 59, 132.05 W
2026/09/23 18:26:27.012, NVIDIA GeForce RTX 4060 Ti, 95 %, 5301 MiB, 8188 MiB, 58, 131.81 W
2026/09/23 18:26:28.020, NVIDIA GeForce RTX 4060 Ti, 100 %, 5301 MiB, 8188 MiB, 59, 132.66 W
2026/09/23 18:26:29.026, NVIDIA GeForce RTX 4060 Ti, 100 %, 5301 MiB, 8188 MiB, 59, 131.76 W
2026/09/23 18:26:30.033, NVIDIA GeForce RTX 4060 Ti, 94 %, 5301 MiB, 8188 MiB, 59, 131.22 W
2026/09/23 18:26:31.040, NVIDIA GeForce RTX 4060 Ti, 100 %, 5301 MiB, 8188 MiB, 59, 132.78 W
2026/09/23 18:26:32.045, NVIDIA GeForce RTX 4060 Ti, 95 %, 5301 MiB, 8188 MiB, 58, 129.93 W
2026/09/23 18:26:33.052, NVIDIA GeForce RTX 4060 Ti, 100 %, 5301 MiB, 8188 MiB, 60, 132.80 W
2026/09/23 18:26:34.060, NVIDIA GeForce RTX 4060 Ti, 99 %, 5301 MiB, 8188 MiB, 55, 130.53 W
2026/09/23 18:26:35.066, NVIDIA GeForce RTX 4060 Ti, 93 %, 5301 MiB, 8188 MiB, 59, 130.78 W
2026/09/23 18:26:36.075, NVIDIA GeForce RTX 4060 Ti, 94 %, 5301 MiB, 8188 MiB, 59, 131.44 W
2026/09/23 18:26:37.083, NVIDIA GeForce RTX 4060 Ti, 94 %, 5301 MiB, 8188 MiB, 58, 132.77 W
2026/09/23 18:26:38.090, NVIDIA GeForce RTX 4060 Ti, 94 %, 5301 MiB, 8188 MiB, 59, 130.71 W
2026/09/23 18:26:39.096, NVIDIA GeForce RTX 4060 Ti, 100 %, 5301 MiB, 8188 MiB, 58, 129.07 W
2026/09/23 18:26:40.103, NVIDIA GeForce RTX 4060 Ti, 100 %, 5301 MiB, 8188 MiB, 59, 132.24 W
2026/09/23 18:26:41.109, NVIDIA GeForce RTX 4060 Ti, 94 %, 5301 MiB, 8188 MiB, 59, 128.07 W
2026/09/23 18:26:42.115, NVIDIA GeForce RTX 4060 Ti, 93 %, 5301 MiB, 8188 MiB, 59, 130.76 W
2026/09/23 18:26:43.123, NVIDIA GeForce RTX 4060 Ti, 100 %, 5301 MiB, 8188 MiB, 59, 132.98 W
2026/09/23 18:26:44.128, NVIDIA GeForce RTX 4060 Ti, 100 %, 5301 MiB, 8188 MiB, 60, 133.05 W
2026/09/23 18:26:45.133, NVIDIA GeForce RTX 4060 Ti, 100 %, 5301 MiB, 8188 MiB, 60, 133.24 W
2026/09/23 18:26:46.139, NVIDIA GeForce RTX 4060 Ti, 100 %, 5301 MiB, 8188 MiB, 59, 132.21 W
2026/09/23 18:26:47.145, NVIDIA GeForce RTX 4060 Ti, 100 %, 5301 MiB, 8188 MiB, 59, 128.73 W
2026/09/23 18:26:48.152, NVIDIA GeForce RTX 4060 Ti, 100 %, 5301 MiB, 8188 MiB, 59, 130.74 W
2026/09/23 18:26:49.158, NVIDIA GeForce RTX 4060 Ti, 100 %, 5301 MiB, 8188 MiB, 60, 129.26 W
2026/09/23 18:26:50.165, NVIDIA GeForce RTX 4060 Ti, 100 %, 5301 MiB, 8188 MiB, 59, 132.10 W
2026/09/23 18:26:51.172, NVIDIA GeForce RTX 4060 Ti, 100 %, 5301 MiB, 8188 MiB, 59, 132.00 W
2026/09/23 18:26:52.178, NVIDIA GeForce RTX 4060 Ti, 100 %, 5301 MiB, 8188 MiB, 59, 132.25 W
2026/09/23 18:26:53.184, NVIDIA GeForce RTX 4060 Ti, 100 %, 5301 MiB, 8188 MiB, 59, 131.00 W
2026/09/23 18:26:54.191, NVIDIA GeForce RTX 4060 Ti, 93 %, 5301 MiB, 8188 MiB, 59, 132.68 W
2026/09/23 18:26:55.197, NVIDIA GeForce RTX 4060 Ti, 93 %, 5301 MiB, 8188 MiB, 59, 132.50 W
2026/09/23 18:26:56.202, NVIDIA GeForce RTX 4060 Ti, 100 %, 5301 MiB, 8188 MiB, 55, 131.18 W
2026/09/23 18:26:57.212, NVIDIA GeForce RTX 4060 Ti, 100 %, 5301 MiB, 8188 MiB, 59, 133.75 W
2026/09/23 18:26:58.220, NVIDIA GeForce RTX 4060 Ti, 100 %, 5301 MiB, 8188 MiB, 59, 129.60 W
2026/09/23 18:26:59.226, NVIDIA GeForce RTX 4060 Ti, 100 %, 5301 MiB, 8188 MiB, 58, 128.63 W
2026/09/23 18:27:00.233, NVIDIA GeForce RTX 4060 Ti, 94 %, 5301 MiB, 8188 MiB, 60, 126.81 W
2026/09/23 18:27:01.238, NVIDIA GeForce RTX 4060 Ti, 94 %, 5301 MiB, 8188 MiB, 59, 129.32 W
2026/09/23 18:27:02.244, NVIDIA GeForce RTX 4060 Ti, 100 %, 5301 MiB, 8188 MiB, 57, 127.78 W
2026/09/23 18:27:03.254, NVIDIA GeForce RTX 4060 Ti, 100 %, 5301 MiB, 8188 MiB, 59, 132.09 W
2026/09/23 18:27:04.260, NVIDIA GeForce RTX 4060 Ti, 100 %, 5301 MiB, 8188 MiB, 60, 133.94 W
2026/09/23 18:27:05.265, NVIDIA GeForce RTX 4060 Ti, 94 %, 5301 MiB, 8188 MiB, 60, 132.89 W
2026/09/23 18:27:06.272, NVIDIA GeForce RTX 4060 Ti, 100 %, 5301 MiB, 8188 MiB, 58, 132.90 W
2026/09/23 18:27:07.277, NVIDIA GeForce RTX 4060 Ti, 100 %, 5301 MiB, 8188 MiB, 58, 132.97 W
2026/09/23 18:27:08.283, NVIDIA GeForce RTX 4060 Ti, 100 %, 5301 MiB, 8188 MiB, 58, 132.95 W
2026/09/23 18:27:09.290, NVIDIA GeForce RTX 4060 Ti, 93 %, 5301 MiB, 8188 MiB, 58, 132.86 W
2026/09/23 18:27:10.296, NVIDIA GeForce RTX 4060 Ti, 100 %, 5301 MiB, 8188 MiB, 60, 132.90 W
2026/09/23 18:27:11.302, NVIDIA GeForce RTX 4060 Ti, 100 %, 5305 MiB, 8188 MiB, 58, 133.43 W
2026/09/23 18:27:12.307, NVIDIA GeForce RTX 4060 Ti, 100 %, 5305 MiB, 8188 MiB, 59, 134.65 W
2026/09/23 18:27:13.335, NVIDIA GeForce RTX 4060 Ti, 100 %, 5305 MiB, 8188 MiB, 58, 132.90 W
2026/09/23 18:27:14.342, NVIDIA GeForce RTX 4060 Ti, 94 %, 5305 MiB, 8188 MiB, 57, 129.18 W
2026/09/23 18:27:15.349, NVIDIA GeForce RTX 4060 Ti, 100 %, 5305 MiB, 8188 MiB, 59, 133.26 W
2026/09/23 18:27:16.354, NVIDIA GeForce RTX 4060 Ti, 100 %, 5305 MiB, 8188 MiB, 59, 131.38 W
2026/09/23 18:27:17.360, NVIDIA GeForce RTX 4060 Ti, 93 %, 5301 MiB, 8188 MiB, 59, 132.36 W
2026/09/23 18:27:18.369, NVIDIA GeForce RTX 4060 Ti, 100 %, 5301 MiB, 8188 MiB, 59, 130.38 W
2026/09/23 18:27:19.374, NVIDIA GeForce RTX 4060 Ti, 93 %, 5301 MiB, 8188 MiB, 58, 128.85 W
2026/09/23 18:27:20.379, NVIDIA GeForce RTX 4060 Ti, 100 %, 5306 MiB, 8188 MiB, 58, 131.13 W
2026/09/23 18:27:21.386, NVIDIA GeForce RTX 4060 Ti, 94 %, 5306 MiB, 8188 MiB, 58, 128.70 W
2026/09/23 18:27:22.392, NVIDIA GeForce RTX 4060 Ti, 100 %, 5306 MiB, 8188 MiB, 59, 131.49 W
2026/09/23 18:27:23.397, NVIDIA GeForce RTX 4060 Ti, 100 %, 5305 MiB, 8188 MiB, 59, 125.89 W
2026/09/23 18:27:24.405, NVIDIA GeForce RTX 4060 Ti, 100 %, 5305 MiB, 8188 MiB, 58, 128.57 W
2026/09/23 18:27:25.412, NVIDIA GeForce RTX 4060 Ti, 100 %, 5305 MiB, 8188 MiB, 58, 133.85 W
2026/09/23 18:27:26.418, NVIDIA GeForce RTX 4060 Ti, 100 %, 5301 MiB, 8188 MiB, 59, 128.13 W
2026/09/23 18:27:27.425, NVIDIA GeForce RTX 4060 Ti, 100 %, 5301 MiB, 8188 MiB, 59, 133.54 W
2026/09/23 18:27:28.432, NVIDIA GeForce RTX 4060 Ti, 100 %, 5301 MiB, 8188 MiB, 59, 128.30 W
2026/09/23 18:27:29.437, NVIDIA GeForce RTX 4060 Ti, 100 %, 5301 MiB, 8188 MiB, 57, 126.30 W
2026/09/23 18:27:30.445, NVIDIA GeForce RTX 4060 Ti, 100 %, 5301 MiB, 8188 MiB, 59, 130.90 W
2026/09/23 18:27:31.450, NVIDIA GeForce RTX 4060 Ti, 93 %, 5301 MiB, 8188 MiB, 60, 133.43 W
2026/09/23 18:27:32.457, NVIDIA GeForce RTX 4060 Ti, 100 %, 5301 MiB, 8188 MiB, 59, 131.58 W
2026/09/23 18:27:33.463, NVIDIA GeForce RTX 4060 Ti, 100 %, 5301 MiB, 8188 MiB, 57, 127.70 W
2026/09/23 18:27:34.470, NVIDIA GeForce RTX 4060 Ti, 100 %, 5301 MiB, 8188 MiB, 59, 133.66 W
2026/09/23 18:27:35.476, NVIDIA GeForce RTX 4060 Ti, 93 %, 5301 MiB, 8188 MiB, 59, 134.14 W
2026/09/23 18:27:36.482, NVIDIA GeForce RTX 4060 Ti, 100 %, 5301 MiB, 8188 MiB, 59, 132.35 W
2026/09/23 18:27:37.488, NVIDIA GeForce RTX 4060 Ti, 100 %, 5301 MiB, 8188 MiB, 59, 130.21 W
2026/09/23 18:27:38.495, NVIDIA GeForce RTX 4060 Ti, 100 %, 5301 MiB, 8188 MiB, 58, 133.21 W
2026/09/23 18:27:39.501, NVIDIA GeForce RTX 4060 Ti, 100 %, 5301 MiB, 8188 MiB, 58, 130.61 W
2026/09/23 18:27:40.506, NVIDIA GeForce RTX 4060 Ti, 93 %, 5301 MiB, 8188 MiB, 59, 126.87 W
2026/09/23 18:27:41.513, NVIDIA GeForce RTX 4060 Ti, 100 %, 5301 MiB, 8188 MiB, 59, 127.58 W
2026/09/23 18:27:42.520, NVIDIA GeForce RTX 4060 Ti, 100 %, 5301 MiB, 8188 MiB, 58, 129.77 W
2026/09/23 18:27:43.526, NVIDIA GeForce RTX 4060 Ti, 100 %, 5301 MiB, 8188 MiB, 60, 134.99 W
2026/09/23 18:27:44.533, NVIDIA GeForce RTX 4060 Ti, 100 %, 5301 MiB, 8188 MiB, 59, 135.37 W
2026/09/23 18:27:45.540, NVIDIA GeForce RTX 4060 Ti, 100 %, 5301 MiB, 8188 MiB, 59, 130.82 W
2026/09/23 18:27:46.546, NVIDIA GeForce RTX 4060 Ti, 100 %, 5301 MiB, 8188 MiB, 59, 133.13 W
2026/09/23 18:27:47.552, NVIDIA GeForce RTX 4060 Ti, 100 %, 5301 MiB, 8188 MiB, 60, 130.22 W
2026/09/23 18:27:48.559, NVIDIA GeForce RTX 4060 Ti, 100 %, 5301 MiB, 8188 MiB, 58, 127.88 W
2026/09/23 18:27:49.566, NVIDIA GeForce RTX 4060 Ti, 100 %, 5301 MiB, 8188 MiB, 58, 127.62 W
2026/09/23 18:27:50.573, NVIDIA GeForce RTX 4060 Ti, 100 %, 5301 MiB, 8188 MiB, 58, 127.72 W
2026/09/23 18:27:51.579, NVIDIA GeForce RTX 4060 Ti, 100 %, 5301 MiB, 8188 MiB, 57, 127.71 W
2026/09/23 18:27:52.586, NVIDIA GeForce RTX 4060 Ti, 100 %, 5301 MiB, 8188 MiB, 59, 127.50 W
2026/09/23 18:27:53.592, NVIDIA GeForce RTX 4060 Ti, 100 %, 5301 MiB, 8188 MiB, 59, 130.47 W
2026/09/23 18:27:54.599, NVIDIA GeForce RTX 4060 Ti, 100 %, 5301 MiB, 8188 MiB, 59, 130.46 W
2026/09/23 18:27:55.604, NVIDIA GeForce RTX 4060 Ti, 100 %, 5301 MiB, 8188 MiB, 59, 128.29 W
2026/09/23 18:27:56.612, NVIDIA GeForce RTX 4060 Ti, 100 %, 5301 MiB, 8188 MiB, 53, 127.93 W
2026/09/23 18:27:57.618, NVIDIA GeForce RTX 4060 Ti, 90 %, 6825 MiB, 8188 MiB, 59, 129.03 W
2026/09/23 18:27:58.624, NVIDIA GeForce RTX 4060 Ti, 100 %, 6825 MiB, 8188 MiB, 59, 134.64 W
2026/09/23 18:27:59.633, NVIDIA GeForce RTX 4060 Ti, 100 %, 6825 MiB, 8188 MiB, 59, 130.68 W
2026/09/23 18:28:00.639, NVIDIA GeForce RTX 4060 Ti, 91 %, 6825 MiB, 8188 MiB, 58, 128.55 W
2026/09/23 18:28:01.646, NVIDIA GeForce RTX 4060 Ti, 100 %, 6825 MiB, 8188 MiB, 59, 128.96 W
2026/09/23 18:28:02.652, NVIDIA GeForce RTX 4060 Ti, 100 %, 6825 MiB, 8188 MiB, 60, 130.65 W
2026/09/23 18:28:03.659, NVIDIA GeForce RTX 4060 Ti, 100 %, 6825 MiB, 8188 MiB, 60, 131.47 W
2026/09/23 18:28:04.666, NVIDIA GeForce RTX 4060 Ti, 100 %, 6825 MiB, 8188 MiB, 60, 133.66 W
2026/09/23 18:28:05.673, NVIDIA GeForce RTX 4060 Ti, 100 %, 6825 MiB, 8188 MiB, 59, 131.83 W
2026/09/23 18:28:06.678, NVIDIA GeForce RTX 4060 Ti, 100 %, 6825 MiB, 8188 MiB, 57, 134.18 W
2026/09/23 18:28:07.684, NVIDIA GeForce RTX 4060 Ti, 100 %, 6825 MiB, 8188 MiB, 60, 132.22 W
2026/09/23 18:28:08.691, NVIDIA GeForce RTX 4060 Ti, 89 %, 6825 MiB, 8188 MiB, 58, 132.16 W
2026/09/23 18:28:09.698, NVIDIA GeForce RTX 4060 Ti, 100 %, 6825 MiB, 8188 MiB, 59, 134.44 W
2026/09/23 18:28:10.705, NVIDIA GeForce RTX 4060 Ti, 18 %, 6825 MiB, 8188 MiB, 46, 105.43 W
2026/09/23 18:28:11.712, NVIDIA GeForce RTX 4060 Ti, 18 %, 6825 MiB, 8188 MiB, 45, 34.48 W
2026/09/23 18:28:12.719, NVIDIA GeForce RTX 4060 Ti, 1 %, 5257 MiB, 8188 MiB, 43, 27.39 W
2026/09/23 18:28:13.724, NVIDIA GeForce RTX 4060 Ti, 1 %, 5257 MiB, 8188 MiB, 42, 18.76 W
2026/09/23 18:28:14.729, NVIDIA GeForce RTX 4060 Ti, 1 %, 5257 MiB, 8188 MiB, 42, 17.78 W
2026/09/23 18:28:15.735, NVIDIA GeForce RTX 4060 Ti, 1 %, 5257 MiB, 8188 MiB, 42, 17.39 W
2026/09/23 18:28:16.741, NVIDIA GeForce RTX 4060 Ti, 3 %, 5269 MiB, 8188 MiB, 41, 15.78 W
2026/09/23 18:28:17.747, NVIDIA GeForce RTX 4060 Ti, 41 %, 5270 MiB, 8188 MiB, 41, 13.05 W
2026/09/23 18:28:18.754, NVIDIA GeForce RTX 4060 Ti, 36 %, 5270 MiB, 8188 MiB, 41, 12.17 W
2026/09/23 18:28:19.760, NVIDIA GeForce RTX 4060 Ti, 40 %, 5270 MiB, 8188 MiB, 41, 10.37 W
2026/09/23 18:28:20.765, NVIDIA GeForce RTX 4060 Ti, 28 %, 5270 MiB, 8188 MiB, 40, 10.07 W
2026/09/23 18:28:21.772, NVIDIA GeForce RTX 4060 Ti, 34 %, 5270 MiB, 8188 MiB, 40, 10.30 W
2026/09/23 18:28:22.781, NVIDIA GeForce RTX 4060 Ti, 36 %, 5270 MiB, 8188 MiB, 40, 10.30 W
2026/09/23 18:28:23.790, NVIDIA GeForce RTX 4060 Ti, 39 %, 5270 MiB, 8188 MiB, 40, 10.29 W
2026/09/23 18:28:24.797, NVIDIA GeForce RTX 4060 Ti, 32 %, 5268 MiB, 8188 MiB, 40, 9.99 W
2026/09/23 18:28:25.804, NVIDIA GeForce RTX 4060 Ti, 31 %, 5267 MiB, 8188 MiB, 40, 9.91 W
2026/09/23 18:28:26.809, NVIDIA GeForce RTX 4060 Ti, 33 %, 5267 MiB, 8188 MiB, 40, 9.85 W
2026/09/23 18:28:27.818, NVIDIA GeForce RTX 4060 Ti, 41 %, 5265 MiB, 8188 MiB, 40, 10.22 W
2026/09/23 18:28:28.835, NVIDIA GeForce RTX 4060 Ti, 37 %, 5264 MiB, 8188 MiB, 40, 10.30 W
2026/09/23 18:28:29.849, NVIDIA GeForce RTX 4060 Ti, 38 %, 5264 MiB, 8188 MiB, 40, 10.33 W
2026/09/23 18:28:30.858, NVIDIA GeForce RTX 4060 Ti, 30 %, 5264 MiB, 8188 MiB, 40, 10.39 W
2026/09/23 18:28:31.878, NVIDIA GeForce RTX 4060 Ti, 33 %, 5264 MiB, 8188 MiB, 40, 10.29 W
2026/09/23 18:28:32.883, NVIDIA GeForce RTX 4060 Ti, 25 %, 5264 MiB, 8188 MiB, 40, 10.90 W
2026/09/23 18:28:33.890, NVIDIA GeForce RTX 4060 Ti, 28 %, 5264 MiB, 8188 MiB, 40, 13.61 W
2026/09/23 18:28:34.895, NVIDIA GeForce RTX 4060 Ti, 40 %, 5264 MiB, 8188 MiB, 40, 12.49 W
2026/09/23 18:28:35.901, NVIDIA GeForce RTX 4060 Ti, 39 %, 5264 MiB, 8188 MiB, 40, 10.22 W
2026/09/23 18:28:36.906, NVIDIA GeForce RTX 4060 Ti, 38 %, 5264 MiB, 8188 MiB, 40, 10.18 W
2026/09/23 18:28:37.911, NVIDIA GeForce RTX 4060 Ti, 33 %, 5264 MiB, 8188 MiB, 40, 10.17 W
2026/09/23 18:28:38.917, NVIDIA GeForce RTX 4060 Ti, 32 %, 5264 MiB, 8188 MiB, 40, 10.14 W
2026/09/23 18:28:39.924, NVIDIA GeForce RTX 4060 Ti, 30 %, 5264 MiB, 8188 MiB, 40, 10.26 W
2026/09/23 18:28:40.930, NVIDIA GeForce RTX 4060 Ti, 36 %, 5264 MiB, 8188 MiB, 40, 10.30 W
2026/09/23 18:28:41.938, NVIDIA GeForce RTX 4060 Ti, 35 %, 5264 MiB, 8188 MiB, 40, 10.22 W
2026/09/23 18:28:42.944, NVIDIA GeForce RTX 4060 Ti, 39 %, 5264 MiB, 8188 MiB, 40, 10.30 W
2026/09/23 18:28:43.951, NVIDIA GeForce RTX 4060 Ti, 43 %, 5264 MiB, 8188 MiB, 40, 10.28 W
2026/09/23 18:28:44.958, NVIDIA GeForce RTX 4060 Ti, 38 %, 5264 MiB, 8188 MiB, 40, 10.25 W
2026/09/23 18:28:45.963, NVIDIA GeForce RTX 4060 Ti, 4 %, 5264 MiB, 8188 MiB, 39, 9.36 W
2026/09/23 18:28:46.971, NVIDIA GeForce RTX 4060 Ti, 0 %, 5264 MiB, 8188 MiB, 39, 6.84 W
2026/09/23 18:28:47.978, NVIDIA GeForce RTX 4060 Ti, 0 %, 5264 MiB, 8188 MiB, 39, 6.00 W
2026/09/23 18:28:48.985, NVIDIA GeForce RTX 4060 Ti, 35 %, 5264 MiB, 8188 MiB, 39, 6.94 W
2026/09/23 18:28:49.990, NVIDIA GeForce RTX 4060 Ti, 43 %, 5264 MiB, 8188 MiB, 39, 9.99 W
2026/09/23 18:28:50.997, NVIDIA GeForce RTX 4060 Ti, 36 %, 5264 MiB, 8188 MiB, 39, 10.07 W
2026/09/23 18:28:52.002, NVIDIA GeForce RTX 4060 Ti, 39 %, 5264 MiB, 8188 MiB, 39, 10.09 W
2026/09/23 18:28:53.008, NVIDIA GeForce RTX 4060 Ti, 38 %, 5264 MiB, 8188 MiB, 39, 10.05 W
2026/09/23 18:28:54.018, NVIDIA GeForce RTX 4060 Ti, 35 %, 5264 MiB, 8188 MiB, 39, 10.05 W
2026/09/23 18:28:55.025, NVIDIA GeForce RTX 4060 Ti, 35 %, 5264 MiB, 8188 MiB, 39, 10.11 W
2026/09/23 18:28:56.032, NVIDIA GeForce RTX 4060 Ti, 35 %, 5264 MiB, 8188 MiB, 39, 10.18 W
2026/09/23 18:28:57.043, NVIDIA GeForce RTX 4060 Ti, 33 %, 5264 MiB, 8188 MiB, 39, 10.03 W
2026/09/23 18:28:58.049, NVIDIA GeForce RTX 4060 Ti, 36 %, 5264 MiB, 8188 MiB, 39, 9.91 W
2026/09/23 18:28:59.054, NVIDIA GeForce RTX 4060 Ti, 39 %, 5264 MiB, 8188 MiB, 39, 10.04 W
2026/09/23 18:29:00.061, NVIDIA GeForce RTX 4060 Ti, 37 %, 5264 MiB, 8188 MiB, 39, 10.09 W
2026/09/23 18:29:01.068, NVIDIA GeForce RTX 4060 Ti, 33 %, 5264 MiB, 8188 MiB, 39, 10.05 W
2026/09/23 18:29:02.075, NVIDIA GeForce RTX 4060 Ti, 33 %, 5264 MiB, 8188 MiB, 39, 12.64 W
2026/09/23 18:29:03.091, NVIDIA GeForce RTX 4060 Ti, 34 %, 5264 MiB, 8188 MiB, 39, 13.65 W
2026/09/23 18:29:04.099, NVIDIA GeForce RTX 4060 Ti, 32 %, 5264 MiB, 8188 MiB, 39, 10.20 W
2026/09/23 18:29:05.107, NVIDIA GeForce RTX 4060 Ti, 31 %, 5264 MiB, 8188 MiB, 39, 13.00 W
2026/09/23 18:29:06.126, NVIDIA GeForce RTX 4060 Ti, 31 %, 5264 MiB, 8188 MiB, 39, 13.37 W
2026/09/23 18:29:07.133, NVIDIA GeForce RTX 4060 Ti, 38 %, 5264 MiB, 8188 MiB, 39, 10.08 W
2026/09/23 18:29:08.141, NVIDIA GeForce RTX 4060 Ti, 42 %, 5264 MiB, 8188 MiB, 39, 10.18 W
2026/09/23 18:29:09.147, NVIDIA GeForce RTX 4060 Ti, 29 %, 5264 MiB, 8188 MiB, 39, 10.07 W
2026/09/23 18:29:10.153, NVIDIA GeForce RTX 4060 Ti, 30 %, 5264 MiB, 8188 MiB, 39, 12.84 W
2026/09/23 18:29:11.159, NVIDIA GeForce RTX 4060 Ti, 31 %, 5264 MiB, 8188 MiB, 39, 13.31 W
2026/09/23 18:29:12.165, NVIDIA GeForce RTX 4060 Ti, 29 %, 5268 MiB, 8188 MiB, 39, 10.15 W
2026/09/23 18:29:13.172, NVIDIA GeForce RTX 4060 Ti, 32 %, 5268 MiB, 8188 MiB, 39, 10.03 W
2026/09/23 18:29:14.179, NVIDIA GeForce RTX 4060 Ti, 33 %, 5268 MiB, 8188 MiB, 39, 10.01 W
2026/09/23 18:29:15.184, NVIDIA GeForce RTX 4060 Ti, 35 %, 5268 MiB, 8188 MiB, 39, 9.91 W
2026/09/23 18:29:16.189, NVIDIA GeForce RTX 4060 Ti, 18 %, 5268 MiB, 8188 MiB, 39, 9.52 W
2026/09/23 18:29:17.195, NVIDIA GeForce RTX 4060 Ti, 0 %, 5264 MiB, 8188 MiB, 39, 6.13 W
2026/09/23 18:29:18.200, NVIDIA GeForce RTX 4060 Ti, 7 %, 5264 MiB, 8188 MiB, 39, 6.02 W
2026/09/23 18:29:19.206, NVIDIA GeForce RTX 4060 Ti, 33 %, 5264 MiB, 8188 MiB, 39, 6.42 W
2026/09/23 18:29:20.212, NVIDIA GeForce RTX 4060 Ti, 47 %, 5264 MiB, 8188 MiB, 39, 9.79 W
2026/09/23 18:29:21.218, NVIDIA GeForce RTX 4060 Ti, 38 %, 5264 MiB, 8188 MiB, 39, 10.13 W
2026/09/23 18:29:22.224, NVIDIA GeForce RTX 4060 Ti, 32 %, 5264 MiB, 8188 MiB, 39, 10.21 W
2026/09/23 18:29:23.228, NVIDIA GeForce RTX 4060 Ti, 31 %, 5264 MiB, 8188 MiB, 39, 10.15 W
2026/09/23 18:29:24.235, NVIDIA GeForce RTX 4060 Ti, 40 %, 5264 MiB, 8188 MiB, 39, 10.17 W
2026/09/23 18:29:25.242, NVIDIA GeForce RTX 4060 Ti, 44 %, 5264 MiB, 8188 MiB, 39, 10.11 W
2026/09/23 18:29:26.249, NVIDIA GeForce RTX 4060 Ti, 39 %, 5264 MiB, 8188 MiB, 39, 10.16 W
2026/09/23 18:29:27.255, NVIDIA GeForce RTX 4060 Ti, 42 %, 5264 MiB, 8188 MiB, 39, 10.23 W
2026/09/23 18:29:28.262, NVIDIA GeForce RTX 4060 Ti, 40 %, 5264 MiB, 8188 MiB, 39, 10.26 W
2026/09/23 18:29:29.268, NVIDIA GeForce RTX 4060 Ti, 39 %, 5264 MiB, 8188 MiB, 39, 10.31 W
2026/09/23 18:29:30.276, NVIDIA GeForce RTX 4060 Ti, 34 %, 5264 MiB, 8188 MiB, 39, 10.04 W
2026/09/23 18:29:31.281, NVIDIA GeForce RTX 4060 Ti, 33 %, 5264 MiB, 8188 MiB, 39, 10.23 W
2026/09/23 18:29:32.290, NVIDIA GeForce RTX 4060 Ti, 39 %, 5264 MiB, 8188 MiB, 39, 10.26 W
2026/09/23 18:29:33.299, NVIDIA GeForce RTX 4060 Ti, 34 %, 5264 MiB, 8188 MiB, 39, 11.22 W
2026/09/23 18:29:34.304, NVIDIA GeForce RTX 4060 Ti, 36 %, 5264 MiB, 8188 MiB, 39, 13.68 W
2026/09/23 18:29:35.310, NVIDIA GeForce RTX 4060 Ti, 43 %, 5264 MiB, 8188 MiB, 39, 12.10 W
2026/09/23 18:29:36.317, NVIDIA GeForce RTX 4060 Ti, 41 %, 5264 MiB, 8188 MiB, 39, 10.39 W
2026/09/23 18:29:37.323, NVIDIA GeForce RTX 4060 Ti, 31 %, 5264 MiB, 8188 MiB, 39, 13.53 W
2026/09/23 18:29:38.330, NVIDIA GeForce RTX 4060 Ti, 36 %, 5264 MiB, 8188 MiB, 39, 12.72 W
2026/09/23 18:29:39.335, NVIDIA GeForce RTX 4060 Ti, 37 %, 5264 MiB, 8188 MiB, 39, 10.14 W
2026/09/23 18:29:40.345, NVIDIA GeForce RTX 4060 Ti, 38 %, 5264 MiB, 8188 MiB, 39, 10.00 W
2026/09/23 18:29:41.355, NVIDIA GeForce RTX 4060 Ti, 40 %, 5264 MiB, 8188 MiB, 39, 10.16 W
2026/09/23 18:29:42.365, NVIDIA GeForce RTX 4060 Ti, 39 %, 5264 MiB, 8188 MiB, 39, 10.11 W
2026/09/23 18:29:43.370, NVIDIA GeForce RTX 4060 Ti, 46 %, 5264 MiB, 8188 MiB, 39, 10.39 W
2026/09/23 18:29:44.380, NVIDIA GeForce RTX 4060 Ti, 35 %, 5264 MiB, 8188 MiB, 39, 13.50 W
2026/09/23 18:29:45.386, NVIDIA GeForce RTX 4060 Ti, 35 %, 5264 MiB, 8188 MiB, 39, 12.17 W
2026/09/23 18:29:46.391, NVIDIA GeForce RTX 4060 Ti, 34 %, 5264 MiB, 8188 MiB, 39, 9.84 W
2026/09/23 18:29:47.400, NVIDIA GeForce RTX 4060 Ti, 4 %, 5264 MiB, 8188 MiB, 38, 7.91 W
2026/09/23 18:29:48.406, NVIDIA GeForce RTX 4060 Ti, 3 %, 5264 MiB, 8188 MiB, 38, 5.93 W
2026/09/23 18:29:49.413, NVIDIA GeForce RTX 4060 Ti, 1 %, 5264 MiB, 8188 MiB, 38, 5.98 W
2026/09/23 18:29:50.420, NVIDIA GeForce RTX 4060 Ti, 0 %, 5264 MiB, 8188 MiB, 38, 7.17 W
2026/09/23 18:29:51.428, NVIDIA GeForce RTX 4060 Ti, 0 %, 5264 MiB, 8188 MiB, 38, 6.13 W
2026/09/23 18:29:52.435, NVIDIA GeForce RTX 4060 Ti, 0 %, 5264 MiB, 8188 MiB, 38, 5.96 W
2026/09/23 18:29:53.442, NVIDIA GeForce RTX 4060 Ti, 44 %, 5264 MiB, 8188 MiB, 38, 6.95 W
2026/09/23 18:29:54.449, NVIDIA GeForce RTX 4060 Ti, 34 %, 5264 MiB, 8188 MiB, 38, 9.71 W
2026/09/23 18:29:55.456, NVIDIA GeForce RTX 4060 Ti, 34 %, 5264 MiB, 8188 MiB, 38, 9.67 W
2026/09/23 18:29:56.462, NVIDIA GeForce RTX 4060 Ti, 34 %, 5269 MiB, 8188 MiB, 38, 9.70 W
2026/09/23 18:29:57.466, NVIDIA GeForce RTX 4060 Ti, 33 %, 5269 MiB, 8188 MiB, 38, 9.74 W
2026/09/23 18:29:58.481, NVIDIA GeForce RTX 4060 Ti, 37 %, 5268 MiB, 8188 MiB, 38, 9.66 W
2026/09/23 18:29:59.486, NVIDIA GeForce RTX 4060 Ti, 36 %, 5268 MiB, 8188 MiB, 38, 9.92 W
2026/09/23 18:30:00.496, NVIDIA GeForce RTX 4060 Ti, 35 %, 5268 MiB, 8188 MiB, 38, 10.02 W
2026/09/23 18:30:01.502, NVIDIA GeForce RTX 4060 Ti, 34 %, 5268 MiB, 8188 MiB, 38, 10.01 W
2026/09/23 18:30:02.507, NVIDIA GeForce RTX 4060 Ti, 36 %, 5264 MiB, 8188 MiB, 38, 10.13 W
2026/09/23 18:30:03.513, NVIDIA GeForce RTX 4060 Ti, 31 %, 5264 MiB, 8188 MiB, 38, 10.93 W
2026/09/23 18:30:04.518, NVIDIA GeForce RTX 4060 Ti, 33 %, 5264 MiB, 8188 MiB, 38, 13.49 W
2026/09/23 18:30:05.524, NVIDIA GeForce RTX 4060 Ti, 40 %, 5264 MiB, 8188 MiB, 38, 12.05 W
2026/09/23 18:30:06.531, NVIDIA GeForce RTX 4060 Ti, 36 %, 5264 MiB, 8188 MiB, 38, 10.13 W
2026/09/23 18:30:07.536, NVIDIA GeForce RTX 4060 Ti, 35 %, 5264 MiB, 8188 MiB, 38, 10.11 W
2026/09/23 18:30:08.542, NVIDIA GeForce RTX 4060 Ti, 38 %, 5264 MiB, 8188 MiB, 38, 10.15 W
2026/09/23 18:30:09.552, NVIDIA GeForce RTX 4060 Ti, 34 %, 5264 MiB, 8188 MiB, 38, 11.04 W
2026/09/23 18:30:10.558, NVIDIA GeForce RTX 4060 Ti, 34 %, 5264 MiB, 8188 MiB, 38, 13.51 W
2026/09/23 18:30:11.564, NVIDIA GeForce RTX 4060 Ti, 33 %, 5263 MiB, 8188 MiB, 38, 12.81 W
2026/09/23 18:30:12.570, NVIDIA GeForce RTX 4060 Ti, 33 %, 5268 MiB, 8188 MiB, 38, 13.63 W
2026/09/23 18:30:13.576, NVIDIA GeForce RTX 4060 Ti, 38 %, 5268 MiB, 8188 MiB, 38, 11.72 W
2026/09/23 18:30:14.582, NVIDIA GeForce RTX 4060 Ti, 32 %, 5268 MiB, 8188 MiB, 38, 10.03 W
2026/09/23 18:30:15.589, NVIDIA GeForce RTX 4060 Ti, 34 %, 5268 MiB, 8188 MiB, 38, 10.05 W
2026/09/23 18:30:16.595, NVIDIA GeForce RTX 4060 Ti, 41 %, 5268 MiB, 8188 MiB, 38, 10.05 W
2026/09/23 18:30:17.600, NVIDIA GeForce RTX 4060 Ti, 41 %, 5264 MiB, 8188 MiB, 38, 10.16 W
2026/09/23 18:30:18.608, NVIDIA GeForce RTX 4060 Ti, 18 %, 5264 MiB, 8188 MiB, 38, 13.00 W
2026/09/23 18:30:19.615, NVIDIA GeForce RTX 4060 Ti, 1 %, 5264 MiB, 8188 MiB, 38, 8.19 W
2026/09/23 18:30:20.624, NVIDIA GeForce RTX 4060 Ti, 0 %, 5264 MiB, 8188 MiB, 38, 6.02 W
2026/09/23 18:30:21.632, NVIDIA GeForce RTX 4060 Ti, 2 %, 5264 MiB, 8188 MiB, 38, 6.10 W
2026/09/23 18:30:22.638, NVIDIA GeForce RTX 4060 Ti, 38 %, 5264 MiB, 8188 MiB, 38, 9.43 W
2026/09/23 18:30:23.648, NVIDIA GeForce RTX 4060 Ti, 33 %, 5264 MiB, 8188 MiB, 38, 10.12 W
2026/09/23 18:30:24.654, NVIDIA GeForce RTX 4060 Ti, 36 %, 5264 MiB, 8188 MiB, 38, 10.07 W
2026/09/23 18:30:25.659, NVIDIA GeForce RTX 4060 Ti, 36 %, 5264 MiB, 8188 MiB, 38, 9.81 W
2026/09/23 18:30:26.665, NVIDIA GeForce RTX 4060 Ti, 36 %, 5264 MiB, 8188 MiB, 38, 9.69 W
2026/09/23 18:30:27.671, NVIDIA GeForce RTX 4060 Ti, 36 %, 5264 MiB, 8188 MiB, 38, 9.68 W
2026/09/23 18:30:28.676, NVIDIA GeForce RTX 4060 Ti, 35 %, 5264 MiB, 8188 MiB, 38, 9.67 W
2026/09/23 18:30:29.682, NVIDIA GeForce RTX 4060 Ti, 33 %, 5264 MiB, 8188 MiB, 38, 9.77 W
2026/09/23 18:30:30.687, NVIDIA GeForce RTX 4060 Ti, 34 %, 5264 MiB, 8188 MiB, 38, 9.81 W
2026/09/23 18:30:31.693, NVIDIA GeForce RTX 4060 Ti, 30 %, 5264 MiB, 8188 MiB, 38, 9.78 W
2026/09/23 18:30:32.699, NVIDIA GeForce RTX 4060 Ti, 35 %, 5264 MiB, 8188 MiB, 38, 9.74 W
2026/09/23 18:30:33.704, NVIDIA GeForce RTX 4060 Ti, 36 %, 5264 MiB, 8188 MiB, 38, 9.72 W
2026/09/23 18:30:34.710, NVIDIA GeForce RTX 4060 Ti, 39 %, 5264 MiB, 8188 MiB, 38, 9.71 W
2026/09/23 18:30:35.716, NVIDIA GeForce RTX 4060 Ti, 37 %, 5264 MiB, 8188 MiB, 38, 9.76 W
2026/09/23 18:30:36.722, NVIDIA GeForce RTX 4060 Ti, 34 %, 5264 MiB, 8188 MiB, 38, 9.81 W
2026/09/23 18:30:37.727, NVIDIA GeForce RTX 4060 Ti, 34 %, 5264 MiB, 8188 MiB, 38, 9.72 W
2026/09/23 18:30:38.731, NVIDIA GeForce RTX 4060 Ti, 32 %, 5264 MiB, 8188 MiB, 38, 9.78 W
2026/09/23 18:30:39.738, NVIDIA GeForce RTX 4060 Ti, 34 %, 5264 MiB, 8188 MiB, 38, 9.75 W
2026/09/23 18:30:40.745, NVIDIA GeForce RTX 4060 Ti, 32 %, 5264 MiB, 8188 MiB, 38, 9.68 W
2026/09/23 18:30:41.751, NVIDIA GeForce RTX 4060 Ti, 35 %, 5264 MiB, 8188 MiB, 38, 9.72 W
2026/09/23 18:30:42.758, NVIDIA GeForce RTX 4060 Ti, 39 %, 5264 MiB, 8188 MiB, 38, 9.69 W
2026/09/23 18:30:43.764, NVIDIA GeForce RTX 4060 Ti, 37 %, 5264 MiB, 8188 MiB, 38, 9.72 W
2026/09/23 18:30:44.770, NVIDIA GeForce RTX 4060 Ti, 34 %, 5264 MiB, 8188 MiB, 38, 9.76 W
2026/09/23 18:30:45.781, NVIDIA GeForce RTX 4060 Ti, 36 %, 5264 MiB, 8188 MiB, 38, 9.76 W
2026/09/23 18:30:46.786, NVIDIA GeForce RTX 4060 Ti, 38 %, 5264 MiB, 8188 MiB, 38, 9.76 W
2026/09/23 18:30:47.792, NVIDIA GeForce RTX 4060 Ti, 38 %, 5264 MiB, 8188 MiB, 38, 9.73 W
2026/09/23 18:30:48.798, NVIDIA GeForce RTX 4060 Ti, 36 %, 5264 MiB, 8188 MiB, 38, 9.77 W
2026/09/23 18:30:49.804, NVIDIA GeForce RTX 4060 Ti, 34 %, 5264 MiB, 8188 MiB, 38, 9.71 W
2026/09/23 18:30:50.809, NVIDIA GeForce RTX 4060 Ti, 35 %, 5264 MiB, 8188 MiB, 37, 9.66 W
2026/09/23 18:30:51.820, NVIDIA GeForce RTX 4060 Ti, 0 %, 5264 MiB, 8188 MiB, 37, 9.27 W
2026/09/23 18:30:52.826, NVIDIA GeForce RTX 4060 Ti, 0 %, 5264 MiB, 8188 MiB, 37, 6.87 W
2026/09/23 18:30:53.833, NVIDIA GeForce RTX 4060 Ti, 0 %, 5264 MiB, 8188 MiB, 37, 5.94 W
2026/09/23 18:30:54.840, NVIDIA GeForce RTX 4060 Ti, 18 %, 5264 MiB, 8188 MiB, 37, 6.22 W
2026/09/23 18:30:55.846, NVIDIA GeForce RTX 4060 Ti, 34 %, 5264 MiB, 8188 MiB, 37, 9.63 W
2026/09/23 18:30:56.853, NVIDIA GeForce RTX 4060 Ti, 35 %, 5264 MiB, 8188 MiB, 37, 9.85 W
2026/09/23 18:30:57.858, NVIDIA GeForce RTX 4060 Ti, 36 %, 5264 MiB, 8188 MiB, 37, 9.83 W
2026/09/23 18:30:58.864, NVIDIA GeForce RTX 4060 Ti, 33 %, 5264 MiB, 8188 MiB, 37, 9.81 W
2026/09/23 18:30:59.871, NVIDIA GeForce RTX 4060 Ti, 33 %, 5264 MiB, 8188 MiB, 37, 9.81 W
2026/09/23 18:31:00.878, NVIDIA GeForce RTX 4060 Ti, 34 %, 5264 MiB, 8188 MiB, 37, 9.78 W
2026/09/23 18:31:01.883, NVIDIA GeForce RTX 4060 Ti, 34 %, 5264 MiB, 8188 MiB, 37, 9.76 W
2026/09/23 18:31:02.892, NVIDIA GeForce RTX 4060 Ti, 36 %, 5264 MiB, 8188 MiB, 37, 9.77 W
2026/09/23 18:31:03.897, NVIDIA GeForce RTX 4060 Ti, 38 %, 5264 MiB, 8188 MiB, 37, 9.76 W
2026/09/23 18:31:04.902, NVIDIA GeForce RTX 4060 Ti, 37 %, 5268 MiB, 8188 MiB, 37, 9.73 W
2026/09/23 18:31:05.908, NVIDIA GeForce RTX 4060 Ti, 35 %, 5267 MiB, 8188 MiB, 37, 9.82 W
2026/09/23 18:31:06.914, NVIDIA GeForce RTX 4060 Ti, 35 %, 5267 MiB, 8188 MiB, 37, 9.81 W
2026/09/23 18:31:07.919, NVIDIA GeForce RTX 4060 Ti, 35 %, 5267 MiB, 8188 MiB, 37, 9.75 W
2026/09/23 18:31:08.925, NVIDIA GeForce RTX 4060 Ti, 35 %, 5263 MiB, 8188 MiB, 37, 9.75 W
2026/09/23 18:31:09.930, NVIDIA GeForce RTX 4060 Ti, 35 %, 5263 MiB, 8188 MiB, 37, 9.80 W
2026/09/23 18:31:10.936, NVIDIA GeForce RTX 4060 Ti, 37 %, 5263 MiB, 8188 MiB, 37, 9.71 W
2026/09/23 18:31:11.941, NVIDIA GeForce RTX 4060 Ti, 38 %, 5268 MiB, 8188 MiB, 37, 9.85 W
2026/09/23 18:31:12.947, NVIDIA GeForce RTX 4060 Ti, 36 %, 5268 MiB, 8188 MiB, 37, 9.77 W
2026/09/23 18:31:13.951, NVIDIA GeForce RTX 4060 Ti, 37 %, 5268 MiB, 8188 MiB, 37, 9.70 W
2026/09/23 18:31:14.957, NVIDIA GeForce RTX 4060 Ti, 38 %, 5268 MiB, 8188 MiB, 37, 9.78 W
2026/09/23 18:31:15.961, NVIDIA GeForce RTX 4060 Ti, 39 %, 5268 MiB, 8188 MiB, 37, 9.76 W
2026/09/23 18:31:16.970, NVIDIA GeForce RTX 4060 Ti, 35 %, 5268 MiB, 8188 MiB, 37, 9.75 W
2026/09/23 18:31:17.976, NVIDIA GeForce RTX 4060 Ti, 34 %, 5263 MiB, 8188 MiB, 37, 9.82 W
2026/09/23 18:31:18.982, NVIDIA GeForce RTX 4060 Ti, 36 %, 5263 MiB, 8188 MiB, 37, 9.77 W
2026/09/23 18:31:19.987, NVIDIA GeForce RTX 4060 Ti, 38 %, 5265 MiB, 8188 MiB, 37, 9.79 W
2026/09/23 18:31:20.994, NVIDIA GeForce RTX 4060 Ti, 38 %, 5265 MiB, 8188 MiB, 37, 9.79 W
2026/09/23 18:31:21.999, NVIDIA GeForce RTX 4060 Ti, 34 %, 5265 MiB, 8188 MiB, 37, 9.80 W
2026/09/23 18:31:23.004, NVIDIA GeForce RTX 4060 Ti, 31 %, 5265 MiB, 8188 MiB, 37, 9.75 W
2026/09/23 18:31:24.008, NVIDIA GeForce RTX 4060 Ti, 36 %, 5265 MiB, 8188 MiB, 37, 9.81 W
2026/09/23 18:31:25.014, NVIDIA GeForce RTX 4060 Ti, 37 %, 5265 MiB, 8188 MiB, 37, 9.84 W
2026/09/23 18:31:26.033, NVIDIA GeForce RTX 4060 Ti, 3 %, 5265 MiB, 8188 MiB, 37, 8.81 W
2026/09/23 18:31:27.039, NVIDIA GeForce RTX 4060 Ti, 3 %, 5265 MiB, 8188 MiB, 37, 6.36 W
2026/09/23 18:31:28.047, NVIDIA GeForce RTX 4060 Ti, 3 %, 5264 MiB, 8188 MiB, 37, 6.15 W
2026/09/23 18:31:29.055, NVIDIA GeForce RTX 4060 Ti, 44 %, 5265 MiB, 8188 MiB, 37, 7.41 W
2026/09/23 18:31:30.062, NVIDIA GeForce RTX 4060 Ti, 0 %, 5265 MiB, 8188 MiB, 37, 6.91 W
2026/09/23 18:31:31.068, NVIDIA GeForce RTX 4060 Ti, 0 %, 5265 MiB, 8188 MiB, 37, 6.22 W
2026/09/23 18:31:32.075, NVIDIA GeForce RTX 4060 Ti, 0 %, 5265 MiB, 8188 MiB, 37, 5.95 W
2026/09/23 18:31:33.082, NVIDIA GeForce RTX 4060 Ti, 42 %, 5265 MiB, 8188 MiB, 37, 8.33 W
2026/09/23 18:31:34.088, NVIDIA GeForce RTX 4060 Ti, 41 %, 5265 MiB, 8188 MiB, 37, 10.78 W
2026/09/23 18:31:35.095, NVIDIA GeForce RTX 4060 Ti, 36 %, 5265 MiB, 8188 MiB, 37, 10.92 W
2026/09/23 18:31:36.104, NVIDIA GeForce RTX 4060 Ti, 40 %, 5265 MiB, 8188 MiB, 37, 10.94 W
2026/09/23 18:31:37.112, NVIDIA GeForce RTX 4060 Ti, 38 %, 5264 MiB, 8188 MiB, 37, 10.91 W
2026/09/23 18:31:38.119, NVIDIA GeForce RTX 4060 Ti, 34 %, 5265 MiB, 8188 MiB, 37, 10.73 W
2026/09/23 18:31:39.125, NVIDIA GeForce RTX 4060 Ti, 37 %, 5265 MiB, 8188 MiB, 37, 10.79 W
2026/09/23 18:31:40.133, NVIDIA GeForce RTX 4060 Ti, 29 %, 5265 MiB, 8188 MiB, 37, 13.37 W
2026/09/23 18:31:41.138, NVIDIA GeForce RTX 4060 Ti, 27 %, 5265 MiB, 8188 MiB, 37, 14.02 W
2026/09/23 18:31:42.144, NVIDIA GeForce RTX 4060 Ti, 32 %, 5265 MiB, 8188 MiB, 37, 10.97 W
2026/09/23 18:31:43.150, NVIDIA GeForce RTX 4060 Ti, 45 %, 5265 MiB, 8188 MiB, 37, 11.48 W
2026/09/23 18:31:44.159, NVIDIA GeForce RTX 4060 Ti, 34 %, 5265 MiB, 8188 MiB, 37, 14.00 W
2026/09/23 18:31:45.167, NVIDIA GeForce RTX 4060 Ti, 40 %, 5265 MiB, 8188 MiB, 37, 12.93 W
2026/09/23 18:31:46.175, NVIDIA GeForce RTX 4060 Ti, 42 %, 5265 MiB, 8188 MiB, 37, 10.56 W
2026/09/23 18:31:47.182, NVIDIA GeForce RTX 4060 Ti, 41 %, 5265 MiB, 8188 MiB, 37, 10.77 W
2026/09/23 18:31:48.191, NVIDIA GeForce RTX 4060 Ti, 44 %, 5265 MiB, 8188 MiB, 37, 10.82 W
2026/09/23 18:31:49.198, NVIDIA GeForce RTX 4060 Ti, 34 %, 5265 MiB, 8188 MiB, 37, 13.71 W
2026/09/23 18:31:50.220, NVIDIA GeForce RTX 4060 Ti, 38 %, 5265 MiB, 8188 MiB, 37, 13.52 W
2026/09/23 18:31:51.232, NVIDIA GeForce RTX 4060 Ti, 41 %, 5265 MiB, 8188 MiB, 37, 11.03 W
2026/09/23 18:31:52.245, NVIDIA GeForce RTX 4060 Ti, 42 %, 5265 MiB, 8188 MiB, 37, 11.21 W
2026/09/23 18:31:53.251, NVIDIA GeForce RTX 4060 Ti, 35 %, 5265 MiB, 8188 MiB, 37, 14.08 W
2026/09/23 18:31:54.256, NVIDIA GeForce RTX 4060 Ti, 37 %, 5265 MiB, 8188 MiB, 37, 13.07 W
2026/09/23 18:31:55.264, NVIDIA GeForce RTX 4060 Ti, 47 %, 5265 MiB, 8188 MiB, 37, 11.02 W
2026/09/23 18:31:56.270, NVIDIA GeForce RTX 4060 Ti, 30 %, 5265 MiB, 8188 MiB, 37, 14.01 W
2026/09/23 18:31:57.278, NVIDIA GeForce RTX 4060 Ti, 40 %, 5265 MiB, 8188 MiB, 37, 13.39 W
2026/09/23 18:31:58.284, NVIDIA GeForce RTX 4060 Ti, 41 %, 5265 MiB, 8188 MiB, 37, 10.91 W
2026/09/23 18:31:59.294, NVIDIA GeForce RTX 4060 Ti, 35 %, 5265 MiB, 8188 MiB, 37, 10.39 W
2026/09/23 18:32:00.301, NVIDIA GeForce RTX 4060 Ti, 38 %, 5265 MiB, 8188 MiB, 37, 10.46 W
2026/09/23 18:32:01.309, NVIDIA GeForce RTX 4060 Ti, 41 %, 5265 MiB, 8188 MiB, 37, 10.48 W
2026/09/23 18:32:02.315, NVIDIA GeForce RTX 4060 Ti, 36 %, 5265 MiB, 8188 MiB, 37, 10.45 W
2026/09/23 18:32:03.322, NVIDIA GeForce RTX 4060 Ti, 41 %, 5264 MiB, 8188 MiB, 37, 10.56 W
2026/09/23 18:32:04.332, NVIDIA GeForce RTX 4060 Ti, 43 %, 5270 MiB, 8188 MiB, 37, 10.28 W
2026/09/23 18:32:05.338, NVIDIA GeForce RTX 4060 Ti, 37 %, 5270 MiB, 8188 MiB, 37, 10.38 W
2026/09/23 18:32:06.345, NVIDIA GeForce RTX 4060 Ti, 37 %, 5270 MiB, 8188 MiB, 37, 10.40 W
2026/09/23 18:32:07.357, NVIDIA GeForce RTX 4060 Ti, 4 %, 5269 MiB, 8188 MiB, 37, 9.63 W
2026/09/23 18:32:08.363, NVIDIA GeForce RTX 4060 Ti, 2 %, 5269 MiB, 8188 MiB, 36, 8.02 W
2026/09/23 18:32:09.371, NVIDIA GeForce RTX 4060 Ti, 3 %, 5269 MiB, 8188 MiB, 36, 7.27 W
2026/09/23 18:32:10.378, NVIDIA GeForce RTX 4060 Ti, 17 %, 5265 MiB, 8188 MiB, 36, 6.25 W
2026/09/23 18:32:11.387, NVIDIA GeForce RTX 4060 Ti, 45 %, 5269 MiB, 8188 MiB, 37, 10.48 W
2026/09/23 18:32:12.393, NVIDIA GeForce RTX 4060 Ti, 37 %, 5269 MiB, 8188 MiB, 37, 10.87 W
2026/09/23 18:32:13.399, NVIDIA GeForce RTX 4060 Ti, 32 %, 5269 MiB, 8188 MiB, 37, 10.91 W
2026/09/23 18:32:14.406, NVIDIA GeForce RTX 4060 Ti, 34 %, 5269 MiB, 8188 MiB, 37, 11.01 W
2026/09/23 18:32:15.416, NVIDIA GeForce RTX 4060 Ti, 38 %, 5269 MiB, 8188 MiB, 37, 10.76 W
2026/09/23 18:32:16.423, NVIDIA GeForce RTX 4060 Ti, 40 %, 5269 MiB, 8188 MiB, 37, 10.84 W
2026/09/23 18:32:17.431, NVIDIA GeForce RTX 4060 Ti, 41 %, 5265 MiB, 8188 MiB, 37, 10.80 W
2026/09/23 18:32:18.439, NVIDIA GeForce RTX 4060 Ti, 43 %, 5265 MiB, 8188 MiB, 37, 11.00 W
2026/09/23 18:32:19.445, NVIDIA GeForce RTX 4060 Ti, 25 %, 5265 MiB, 8188 MiB, 37, 13.75 W
2026/09/23 18:32:20.452, NVIDIA GeForce RTX 4060 Ti, 31 %, 5265 MiB, 8188 MiB, 36, 12.61 W
2026/09/23 18:32:21.459, NVIDIA GeForce RTX 4060 Ti, 35 %, 5265 MiB, 8188 MiB, 36, 10.48 W
2026/09/23 18:32:22.465, NVIDIA GeForce RTX 4060 Ti, 36 %, 5270 MiB, 8188 MiB, 37, 11.37 W
2026/09/23 18:32:23.472, NVIDIA GeForce RTX 4060 Ti, 34 %, 5270 MiB, 8188 MiB, 37, 13.98 W
2026/09/23 18:32:24.480, NVIDIA GeForce RTX 4060 Ti, 42 %, 5269 MiB, 8188 MiB, 36, 12.61 W
2026/09/23 18:32:25.486, NVIDIA GeForce RTX 4060 Ti, 45 %, 5269 MiB, 8188 MiB, 36, 11.09 W
2026/09/23 18:32:26.492, NVIDIA GeForce RTX 4060 Ti, 34 %, 5269 MiB, 8188 MiB, 37, 13.92 W
2026/09/23 18:32:27.498, NVIDIA GeForce RTX 4060 Ti, 36 %, 5269 MiB, 8188 MiB, 36, 13.10 W
2026/09/23 18:32:28.506, NVIDIA GeForce RTX 4060 Ti, 35 %, 5265 MiB, 8188 MiB, 36, 10.74 W
2026/09/23 18:32:29.514, NVIDIA GeForce RTX 4060 Ti, 29 %, 5265 MiB, 8188 MiB, 36, 11.83 W
2026/09/23 18:32:30.523, NVIDIA GeForce RTX 4060 Ti, 32 %, 5269 MiB, 8188 MiB, 36, 13.91 W
2026/09/23 18:32:31.529, NVIDIA GeForce RTX 4060 Ti, 37 %, 5269 MiB, 8188 MiB, 37, 12.60 W
2026/09/23 18:32:32.537, NVIDIA GeForce RTX 4060 Ti, 37 %, 5269 MiB, 8188 MiB, 36, 10.77 W
2026/09/23 18:32:33.548, NVIDIA GeForce RTX 4060 Ti, 36 %, 5269 MiB, 8188 MiB, 36, 10.59 W
2026/09/23 18:32:34.555, NVIDIA GeForce RTX 4060 Ti, 38 %, 5269 MiB, 8188 MiB, 36, 10.55 W
2026/09/23 18:32:35.566, NVIDIA GeForce RTX 4060 Ti, 34 %, 5269 MiB, 8188 MiB, 36, 10.40 W
2026/09/23 18:32:36.573, NVIDIA GeForce RTX 4060 Ti, 38 %, 5265 MiB, 8188 MiB, 36, 10.77 W
2026/09/23 18:32:37.579, NVIDIA GeForce RTX 4060 Ti, 38 %, 5265 MiB, 8188 MiB, 36, 12.55 W
2026/09/23 18:32:38.586, NVIDIA GeForce RTX 4060 Ti, 36 %, 5265 MiB, 8188 MiB, 36, 13.80 W
2026/09/23 18:32:39.594, NVIDIA GeForce RTX 4060 Ti, 37 %, 5265 MiB, 8188 MiB, 36, 12.38 W
2026/09/23 18:32:40.604, NVIDIA GeForce RTX 4060 Ti, 28 %, 5264 MiB, 8188 MiB, 36, 13.87 W
2026/09/23 18:32:41.609, NVIDIA GeForce RTX 4060 Ti, 42 %, 5264 MiB, 8188 MiB, 36, 12.65 W
2026/09/23 18:32:42.615, NVIDIA GeForce RTX 4060 Ti, 38 %, 5264 MiB, 8188 MiB, 36, 10.51 W
2026/09/23 18:32:43.620, NVIDIA GeForce RTX 4060 Ti, 33 %, 5264 MiB, 8188 MiB, 36, 10.68 W
2026/09/23 18:32:44.626, NVIDIA GeForce RTX 4060 Ti, 9 %, 5264 MiB, 8188 MiB, 36, 10.34 W
2026/09/23 18:32:45.633, NVIDIA GeForce RTX 4060 Ti, 1 %, 5264 MiB, 8188 MiB, 36, 8.23 W
2026/09/23 18:32:46.640, NVIDIA GeForce RTX 4060 Ti, 3 %, 5264 MiB, 8188 MiB, 36, 6.89 W
2026/09/23 18:32:47.647, NVIDIA GeForce RTX 4060 Ti, 7 %, 5265 MiB, 8188 MiB, 36, 6.24 W
2026/09/23 18:32:48.653, NVIDIA GeForce RTX 4060 Ti, 49 %, 5265 MiB, 8188 MiB, 36, 10.35 W
2026/09/23 18:32:49.663, NVIDIA GeForce RTX 4060 Ti, 39 %, 5265 MiB, 8188 MiB, 36, 10.79 W
2026/09/23 18:32:50.669, NVIDIA GeForce RTX 4060 Ti, 31 %, 5265 MiB, 8188 MiB, 36, 10.77 W
2026/09/23 18:32:51.675, NVIDIA GeForce RTX 4060 Ti, 30 %, 5265 MiB, 8188 MiB, 36, 10.75 W
2026/09/23 18:32:52.680, NVIDIA GeForce RTX 4060 Ti, 34 %, 5265 MiB, 8188 MiB, 36, 10.75 W
2026/09/23 18:32:53.687, NVIDIA GeForce RTX 4060 Ti, 39 %, 5265 MiB, 8188 MiB, 36, 10.63 W
2026/09/23 18:32:54.700, NVIDIA GeForce RTX 4060 Ti, 42 %, 5265 MiB, 8188 MiB, 36, 10.82 W
2026/09/23 18:32:55.707, NVIDIA GeForce RTX 4060 Ti, 41 %, 5265 MiB, 8188 MiB, 36, 10.53 W
2026/09/23 18:32:56.714, NVIDIA GeForce RTX 4060 Ti, 45 %, 5265 MiB, 8188 MiB, 36, 10.66 W
2026/09/23 18:32:57.722, NVIDIA GeForce RTX 4060 Ti, 33 %, 5265 MiB, 8188 MiB, 36, 10.76 W
2026/09/23 18:32:58.728, NVIDIA GeForce RTX 4060 Ti, 33 %, 5265 MiB, 8188 MiB, 36, 10.31 W
2026/09/23 18:32:59.737, NVIDIA GeForce RTX 4060 Ti, 36 %, 5265 MiB, 8188 MiB, 36, 10.81 W
2026/09/23 18:33:00.746, NVIDIA GeForce RTX 4060 Ti, 34 %, 5265 MiB, 8188 MiB, 36, 12.03 W
2026/09/23 18:33:01.755, NVIDIA GeForce RTX 4060 Ti, 35 %, 5265 MiB, 8188 MiB, 36, 13.88 W
2026/09/23 18:33:02.763, NVIDIA GeForce RTX 4060 Ti, 36 %, 5265 MiB, 8188 MiB, 36, 12.27 W
2026/09/23 18:33:03.768, NVIDIA GeForce RTX 4060 Ti, 34 %, 5265 MiB, 8188 MiB, 36, 11.30 W
2026/09/23 18:33:04.778, NVIDIA GeForce RTX 4060 Ti, 36 %, 5265 MiB, 8188 MiB, 36, 13.73 W
2026/09/23 18:33:05.785, NVIDIA GeForce RTX 4060 Ti, 40 %, 5265 MiB, 8188 MiB, 36, 12.76 W
2026/09/23 18:33:06.791, NVIDIA GeForce RTX 4060 Ti, 40 %, 5265 MiB, 8188 MiB, 36, 10.52 W
2026/09/23 18:33:07.797, NVIDIA GeForce RTX 4060 Ti, 38 %, 5265 MiB, 8188 MiB, 36, 10.50 W
2026/09/23 18:33:08.801, NVIDIA GeForce RTX 4060 Ti, 70 %, 5265 MiB, 8188 MiB, 36, 10.65 W
2026/09/23 18:33:09.812, NVIDIA GeForce RTX 4060 Ti, 24 %, 5265 MiB, 8188 MiB, 36, 14.18 W
2026/09/23 18:33:10.820, NVIDIA GeForce RTX 4060 Ti, 24 %, 5265 MiB, 8188 MiB, 36, 14.32 W
2026/09/23 18:33:11.830, NVIDIA GeForce RTX 4060 Ti, 45 %, 5265 MiB, 8188 MiB, 36, 14.21 W
2026/09/23 18:33:12.840, NVIDIA GeForce RTX 4060 Ti, 26 %, 5269 MiB, 8188 MiB, 36, 14.32 W
2026/09/23 18:33:13.848, NVIDIA GeForce RTX 4060 Ti, 21 %, 5269 MiB, 8188 MiB, 36, 14.07 W
2026/09/23 18:33:14.855, NVIDIA GeForce RTX 4060 Ti, 32 %, 5269 MiB, 8188 MiB, 36, 11.93 W
2026/09/23 18:33:15.863, NVIDIA GeForce RTX 4060 Ti, 30 %, 5269 MiB, 8188 MiB, 36, 12.79 W
2026/09/23 18:33:16.873, NVIDIA GeForce RTX 4060 Ti, 30 %, 5269 MiB, 8188 MiB, 36, 13.76 W
2026/09/23 18:33:17.890, NVIDIA GeForce RTX 4060 Ti, 44 %, 5270 MiB, 8188 MiB, 36, 11.76 W
2026/09/23 18:33:18.897, NVIDIA GeForce RTX 4060 Ti, 33 %, 5270 MiB, 8188 MiB, 36, 14.00 W
2026/09/23 18:33:19.902, NVIDIA GeForce RTX 4060 Ti, 40 %, 5270 MiB, 8188 MiB, 36, 13.21 W
2026/09/23 18:33:20.911, NVIDIA GeForce RTX 4060 Ti, 29 %, 5270 MiB, 8188 MiB, 36, 10.37 W
2026/09/23 18:33:21.919, NVIDIA GeForce RTX 4060 Ti, 2 %, 5270 MiB, 8188 MiB, 36, 8.76 W
2026/09/23 18:33:22.926, NVIDIA GeForce RTX 4060 Ti, 0 %, 5270 MiB, 8188 MiB, 36, 7.72 W
2026/09/23 18:33:23.933, NVIDIA GeForce RTX 4060 Ti, 0 %, 5267 MiB, 8188 MiB, 36, 5.92 W
2026/09/23 18:33:24.940, NVIDIA GeForce RTX 4060 Ti, 0 %, 5267 MiB, 8188 MiB, 36, 7.59 W
2026/09/23 18:33:25.946, NVIDIA GeForce RTX 4060 Ti, 0 %, 5266 MiB, 8188 MiB, 36, 6.16 W
2026/09/23 18:33:26.952, NVIDIA GeForce RTX 4060 Ti, 0 %, 5266 MiB, 8188 MiB, 36, 5.97 W
2026/09/23 18:33:27.960, NVIDIA GeForce RTX 4060 Ti, 7 %, 5265 MiB, 8188 MiB, 36, 5.89 W
2026/09/23 18:33:28.967, NVIDIA GeForce RTX 4060 Ti, 45 %, 5265 MiB, 8188 MiB, 36, 9.13 W
2026/09/23 18:33:29.975, NVIDIA GeForce RTX 4060 Ti, 45 %, 5265 MiB, 8188 MiB, 36, 9.98 W
2026/09/23 18:33:30.981, NVIDIA GeForce RTX 4060 Ti, 36 %, 5265 MiB, 8188 MiB, 36, 10.03 W
2026/09/23 18:33:31.987, NVIDIA GeForce RTX 4060 Ti, 33 %, 5265 MiB, 8188 MiB, 36, 10.03 W
2026/09/23 18:33:32.992, NVIDIA GeForce RTX 4060 Ti, 33 %, 5265 MiB, 8188 MiB, 36, 9.94 W
2026/09/23 18:33:33.999, NVIDIA GeForce RTX 4060 Ti, 37 %, 5265 MiB, 8188 MiB, 36, 10.09 W
2026/09/23 18:33:35.009, NVIDIA GeForce RTX 4060 Ti, 34 %, 5265 MiB, 8188 MiB, 36, 10.05 W
2026/09/23 18:33:36.015, NVIDIA GeForce RTX 4060 Ti, 39 %, 5265 MiB, 8188 MiB, 36, 9.94 W
2026/09/23 18:33:37.022, NVIDIA GeForce RTX 4060 Ti, 42 %, 5265 MiB, 8188 MiB, 36, 10.00 W
2026/09/23 18:33:38.028, NVIDIA GeForce RTX 4060 Ti, 42 %, 5265 MiB, 8188 MiB, 36, 9.97 W
2026/09/23 18:33:39.034, NVIDIA GeForce RTX 4060 Ti, 34 %, 5265 MiB, 8188 MiB, 36, 10.07 W
2026/09/23 18:33:40.040, NVIDIA GeForce RTX 4060 Ti, 30 %, 5265 MiB, 8188 MiB, 36, 12.80 W
2026/09/23 18:33:41.047, NVIDIA GeForce RTX 4060 Ti, 29 %, 5265 MiB, 8188 MiB, 36, 13.12 W
2026/09/23 18:33:42.055, NVIDIA GeForce RTX 4060 Ti, 36 %, 5265 MiB, 8188 MiB, 36, 10.16 W
2026/09/23 18:33:43.061, NVIDIA GeForce RTX 4060 Ti, 35 %, 5265 MiB, 8188 MiB, 36, 10.09 W
2026/09/23 18:33:44.070, NVIDIA GeForce RTX 4060 Ti, 36 %, 5265 MiB, 8188 MiB, 36, 10.15 W
2026/09/23 18:33:45.079, NVIDIA GeForce RTX 4060 Ti, 38 %, 5265 MiB, 8188 MiB, 36, 10.18 W
2026/09/23 18:33:46.086, NVIDIA GeForce RTX 4060 Ti, 40 %, 5265 MiB, 8188 MiB, 36, 10.21 W
2026/09/23 18:33:47.093, NVIDIA GeForce RTX 4060 Ti, 37 %, 5265 MiB, 8188 MiB, 36, 10.12 W
2026/09/23 18:33:48.102, NVIDIA GeForce RTX 4060 Ti, 38 %, 5265 MiB, 8188 MiB, 36, 10.07 W
2026/09/23 18:33:49.110, NVIDIA GeForce RTX 4060 Ti, 32 %, 5265 MiB, 8188 MiB, 36, 10.04 W
2026/09/23 18:33:50.126, NVIDIA GeForce RTX 4060 Ti, 40 %, 5265 MiB, 8188 MiB, 36, 10.03 W
2026/09/23 18:33:51.137, NVIDIA GeForce RTX 4060 Ti, 46 %, 5265 MiB, 8188 MiB, 36, 10.03 W
2026/09/23 18:33:52.144, NVIDIA GeForce RTX 4060 Ti, 31 %, 5265 MiB, 8188 MiB, 36, 13.10 W
2026/09/23 18:33:53.150, NVIDIA GeForce RTX 4060 Ti, 41 %, 5265 MiB, 8188 MiB, 36, 12.74 W
2026/09/23 18:33:54.157, NVIDIA GeForce RTX 4060 Ti, 39 %, 5265 MiB, 8188 MiB, 36, 10.06 W
2026/09/23 18:33:55.167, NVIDIA GeForce RTX 4060 Ti, 41 %, 5265 MiB, 8188 MiB, 36, 9.93 W
2026/09/23 18:33:56.172, NVIDIA GeForce RTX 4060 Ti, 3 %, 5265 MiB, 8188 MiB, 35, 6.73 W
2026/09/23 18:33:57.179, NVIDIA GeForce RTX 4060 Ti, 4 %, 5265 MiB, 8188 MiB, 35, 6.25 W
2026/09/23 18:33:58.185, NVIDIA GeForce RTX 4060 Ti, 7 %, 5265 MiB, 8188 MiB, 35, 6.01 W
2026/09/23 18:33:59.191, NVIDIA GeForce RTX 4060 Ti, 43 %, 5265 MiB, 8188 MiB, 36, 9.22 W
2026/09/23 18:34:00.202, NVIDIA GeForce RTX 4060 Ti, 40 %, 5265 MiB, 8188 MiB, 36, 9.69 W
2026/09/23 18:34:01.208, NVIDIA GeForce RTX 4060 Ti, 40 %, 5265 MiB, 8188 MiB, 36, 10.00 W
2026/09/23 18:34:02.215, NVIDIA GeForce RTX 4060 Ti, 39 %, 5265 MiB, 8188 MiB, 36, 9.99 W
2026/09/23 18:34:03.222, NVIDIA GeForce RTX 4060 Ti, 35 %, 5265 MiB, 8188 MiB, 36, 9.88 W
2026/09/23 18:34:04.227, NVIDIA GeForce RTX 4060 Ti, 38 %, 5265 MiB, 8188 MiB, 36, 9.93 W
2026/09/23 18:34:05.238, NVIDIA GeForce RTX 4060 Ti, 34 %, 5265 MiB, 8188 MiB, 36, 9.93 W
2026/09/23 18:34:06.246, NVIDIA GeForce RTX 4060 Ti, 38 %, 5265 MiB, 8188 MiB, 36, 10.02 W
2026/09/23 18:34:07.271, NVIDIA GeForce RTX 4060 Ti, 42 %, 5265 MiB, 8188 MiB, 36, 10.25 W
2026/09/23 18:34:08.278, NVIDIA GeForce RTX 4060 Ti, 32 %, 5265 MiB, 8188 MiB, 36, 13.18 W
2026/09/23 18:34:09.285, NVIDIA GeForce RTX 4060 Ti, 36 %, 5265 MiB, 8188 MiB, 36, 12.33 W
2026/09/23 18:34:10.292, NVIDIA GeForce RTX 4060 Ti, 42 %, 5265 MiB, 8188 MiB, 36, 9.94 W
2026/09/23 18:34:11.300, NVIDIA GeForce RTX 4060 Ti, 34 %, 5265 MiB, 8188 MiB, 36, 9.83 W
2026/09/23 18:34:12.306, NVIDIA GeForce RTX 4060 Ti, 35 %, 5269 MiB, 8188 MiB, 36, 9.93 W
2026/09/23 18:34:13.312, NVIDIA GeForce RTX 4060 Ti, 29 %, 5269 MiB, 8188 MiB, 36, 9.79 W
2026/09/23 18:34:14.319, NVIDIA GeForce RTX 4060 Ti, 28 %, 5269 MiB, 8188 MiB, 36, 9.78 W
2026/09/23 18:34:15.327, NVIDIA GeForce RTX 4060 Ti, 33 %, 5269 MiB, 8188 MiB, 36, 9.86 W
2026/09/23 18:34:16.332, NVIDIA GeForce RTX 4060 Ti, 31 %, 5269 MiB, 8188 MiB, 36, 9.89 W
2026/09/23 18:34:17.340, NVIDIA GeForce RTX 4060 Ti, 36 %, 5265 MiB, 8188 MiB, 36, 9.97 W
2026/09/23 18:34:18.345, NVIDIA GeForce RTX 4060 Ti, 38 %, 5265 MiB, 8188 MiB, 36, 9.94 W
2026/09/23 18:34:19.353, NVIDIA GeForce RTX 4060 Ti, 39 %, 5265 MiB, 8188 MiB, 36, 9.80 W
2026/09/23 18:34:20.361, NVIDIA GeForce RTX 4060 Ti, 40 %, 5265 MiB, 8188 MiB, 36, 9.80 W
2026/09/23 18:34:21.367, NVIDIA GeForce RTX 4060 Ti, 39 %, 5265 MiB, 8188 MiB, 36, 9.85 W
2026/09/23 18:34:22.372, NVIDIA GeForce RTX 4060 Ti, 31 %, 5265 MiB, 8188 MiB, 36, 9.96 W
2026/09/23 18:34:23.385, NVIDIA GeForce RTX 4060 Ti, 35 %, 5265 MiB, 8188 MiB, 36, 9.85 W
2026/09/23 18:34:24.394, NVIDIA GeForce RTX 4060 Ti, 35 %, 5265 MiB, 8188 MiB, 36, 9.79 W
2026/09/23 18:34:25.400, NVIDIA GeForce RTX 4060 Ti, 33 %, 5265 MiB, 8188 MiB, 36, 9.91 W
2026/09/23 18:34:26.406, NVIDIA GeForce RTX 4060 Ti, 0 %, 5265 MiB, 8188 MiB, 35, 8.23 W
2026/09/23 18:34:27.413, NVIDIA GeForce RTX 4060 Ti, 3 %, 5265 MiB, 8188 MiB, 35, 6.20 W
2026/09/23 18:34:28.420, NVIDIA GeForce RTX 4060 Ti, 4 %, 5265 MiB, 8188 MiB, 35, 5.83 W
2026/09/23 18:34:29.427, NVIDIA GeForce RTX 4060 Ti, 43 %, 5265 MiB, 8188 MiB, 35, 6.88 W
2026/09/23 18:34:30.432, NVIDIA GeForce RTX 4060 Ti, 35 %, 5265 MiB, 8188 MiB, 35, 9.80 W
2026/09/23 18:34:31.437, NVIDIA GeForce RTX 4060 Ti, 32 %, 5265 MiB, 8188 MiB, 36, 9.94 W
2026/09/23 18:34:32.448, NVIDIA GeForce RTX 4060 Ti, 34 %, 5265 MiB, 8188 MiB, 36, 9.96 W
2026/09/23 18:34:33.455, NVIDIA GeForce RTX 4060 Ti, 33 %, 5265 MiB, 8188 MiB, 36, 9.94 W
2026/09/23 18:34:34.467, NVIDIA GeForce RTX 4060 Ti, 35 %, 5265 MiB, 8188 MiB, 35, 10.00 W
2026/09/23 18:34:35.474, NVIDIA GeForce RTX 4060 Ti, 37 %, 5265 MiB, 8188 MiB, 36, 10.11 W
2026/09/23 18:34:36.481, NVIDIA GeForce RTX 4060 Ti, 39 %, 5265 MiB, 8188 MiB, 36, 10.10 W
2026/09/23 18:34:37.487, NVIDIA GeForce RTX 4060 Ti, 32 %, 5265 MiB, 8188 MiB, 35, 9.89 W
2026/09/23 18:34:38.491, NVIDIA GeForce RTX 4060 Ti, 32 %, 5265 MiB, 8188 MiB, 35, 9.80 W
2026/09/23 18:34:39.497, NVIDIA GeForce RTX 4060 Ti, 31 %, 5265 MiB, 8188 MiB, 35, 9.66 W
2026/09/23 18:34:40.505, NVIDIA GeForce RTX 4060 Ti, 32 %, 5265 MiB, 8188 MiB, 35, 9.73 W
2026/09/23 18:34:41.514, NVIDIA GeForce RTX 4060 Ti, 35 %, 5265 MiB, 8188 MiB, 35, 9.70 W
2026/09/23 18:34:42.520, NVIDIA GeForce RTX 4060 Ti, 35 %, 5265 MiB, 8188 MiB, 35, 9.66 W
2026/09/23 18:34:43.527, NVIDIA GeForce RTX 4060 Ti, 33 %, 5265 MiB, 8188 MiB, 35, 9.74 W
2026/09/23 18:34:44.533, NVIDIA GeForce RTX 4060 Ti, 28 %, 5265 MiB, 8188 MiB, 35, 9.66 W
2026/09/23 18:34:45.539, NVIDIA GeForce RTX 4060 Ti, 36 %, 5265 MiB, 8188 MiB, 35, 9.64 W
2026/09/23 18:34:46.547, NVIDIA GeForce RTX 4060 Ti, 35 %, 5265 MiB, 8188 MiB, 35, 9.57 W
2026/09/23 18:34:47.554, NVIDIA GeForce RTX 4060 Ti, 38 %, 5265 MiB, 8188 MiB, 35, 9.66 W
2026/09/23 18:34:48.560, NVIDIA GeForce RTX 4060 Ti, 35 %, 5265 MiB, 8188 MiB, 35, 10.07 W
2026/09/23 18:34:49.567, NVIDIA GeForce RTX 4060 Ti, 32 %, 5265 MiB, 8188 MiB, 35, 9.99 W
2026/09/23 18:34:50.579, NVIDIA GeForce RTX 4060 Ti, 42 %, 5265 MiB, 8188 MiB, 35, 10.01 W
2026/09/23 18:34:51.586, NVIDIA GeForce RTX 4060 Ti, 32 %, 5265 MiB, 8188 MiB, 35, 12.98 W
2026/09/23 18:34:52.596, NVIDIA GeForce RTX 4060 Ti, 32 %, 5265 MiB, 8188 MiB, 35, 12.27 W
2026/09/23 18:34:53.602, NVIDIA GeForce RTX 4060 Ti, 31 %, 5265 MiB, 8188 MiB, 35, 9.75 W
2026/09/23 18:34:54.610, NVIDIA GeForce RTX 4060 Ti, 31 %, 5265 MiB, 8188 MiB, 35, 9.68 W
2026/09/23 18:34:55.616, NVIDIA GeForce RTX 4060 Ti, 33 %, 5265 MiB, 8188 MiB, 35, 9.56 W
2026/09/23 18:34:56.623, NVIDIA GeForce RTX 4060 Ti, 32 %, 5265 MiB, 8188 MiB, 35, 9.50 W
2026/09/23 18:34:57.632, NVIDIA GeForce RTX 4060 Ti, 40 %, 5265 MiB, 8188 MiB, 35, 9.56 W
2026/09/23 18:34:58.643, NVIDIA GeForce RTX 4060 Ti, 36 %, 5265 MiB, 8188 MiB, 35, 9.63 W
2026/09/23 18:34:59.652, NVIDIA GeForce RTX 4060 Ti, 27 %, 5265 MiB, 8188 MiB, 35, 9.53 W
2026/09/23 18:35:00.658, NVIDIA GeForce RTX 4060 Ti, 1 %, 5265 MiB, 8188 MiB, 35, 7.18 W
2026/09/23 18:35:01.665, NVIDIA GeForce RTX 4060 Ti, 0 %, 5265 MiB, 8188 MiB, 35, 6.00 W
2026/09/23 18:35:02.672, NVIDIA GeForce RTX 4060 Ti, 0 %, 5265 MiB, 8188 MiB, 35, 6.21 W
2026/09/23 18:35:03.680, NVIDIA GeForce RTX 4060 Ti, 3 %, 5265 MiB, 8188 MiB, 35, 7.48 W
2026/09/23 18:35:04.687, NVIDIA GeForce RTX 4060 Ti, 0 %, 5265 MiB, 8188 MiB, 35, 5.94 W
2026/09/23 18:35:05.692, NVIDIA GeForce RTX 4060 Ti, 0 %, 5265 MiB, 8188 MiB, 35, 6.05 W
2026/09/23 18:35:06.698, NVIDIA GeForce RTX 4060 Ti, 43 %, 5265 MiB, 8188 MiB, 35, 6.65 W
2026/09/23 18:35:07.705, NVIDIA GeForce RTX 4060 Ti, 32 %, 5265 MiB, 8188 MiB, 35, 9.67 W
2026/09/23 18:35:08.720, NVIDIA GeForce RTX 4060 Ti, 35 %, 5270 MiB, 8188 MiB, 35, 9.75 W
2026/09/23 18:35:09.727, NVIDIA GeForce RTX 4060 Ti, 34 %, 5270 MiB, 8188 MiB, 35, 9.74 W
2026/09/23 18:35:10.735, NVIDIA GeForce RTX 4060 Ti, 35 %, 5269 MiB, 8188 MiB, 35, 9.72 W
2026/09/23 18:35:11.742, NVIDIA GeForce RTX 4060 Ti, 42 %, 5269 MiB, 8188 MiB, 35, 10.09 W
2026/09/23 18:35:12.747, NVIDIA GeForce RTX 4060 Ti, 36 %, 5269 MiB, 8188 MiB, 35, 10.15 W
2026/09/23 18:35:13.754, NVIDIA GeForce RTX 4060 Ti, 32 %, 5269 MiB, 8188 MiB, 35, 12.65 W
2026/09/23 18:35:14.763, NVIDIA GeForce RTX 4060 Ti, 26 %, 5269 MiB, 8188 MiB, 35, 13.24 W
2026/09/23 18:35:15.769, NVIDIA GeForce RTX 4060 Ti, 33 %, 5269 MiB, 8188 MiB, 35, 10.15 W
2026/09/23 18:35:16.775, NVIDIA GeForce RTX 4060 Ti, 34 %, 5269 MiB, 8188 MiB, 35, 9.82 W
2026/09/23 18:35:17.781, NVIDIA GeForce RTX 4060 Ti, 33 %, 5265 MiB, 8188 MiB, 35, 9.65 W
2026/09/23 18:35:18.788, NVIDIA GeForce RTX 4060 Ti, 35 %, 5265 MiB, 8188 MiB, 35, 9.59 W
2026/09/23 18:35:19.793, NVIDIA GeForce RTX 4060 Ti, 38 %, 5265 MiB, 8188 MiB, 35, 9.73 W
2026/09/23 18:35:20.798, NVIDIA GeForce RTX 4060 Ti, 33 %, 5265 MiB, 8188 MiB, 35, 9.66 W
2026/09/23 18:35:21.805, NVIDIA GeForce RTX 4060 Ti, 33 %, 5265 MiB, 8188 MiB, 35, 9.65 W
2026/09/23 18:35:22.810, NVIDIA GeForce RTX 4060 Ti, 31 %, 5265 MiB, 8188 MiB, 35, 9.67 W
2026/09/23 18:35:23.818, NVIDIA GeForce RTX 4060 Ti, 32 %, 5265 MiB, 8188 MiB, 35, 9.64 W
2026/09/23 18:35:24.824, NVIDIA GeForce RTX 4060 Ti, 38 %, 5265 MiB, 8188 MiB, 35, 9.55 W
2026/09/23 18:35:25.830, NVIDIA GeForce RTX 4060 Ti, 35 %, 5265 MiB, 8188 MiB, 35, 9.45 W
2026/09/23 18:35:26.834, NVIDIA GeForce RTX 4060 Ti, 33 %, 5265 MiB, 8188 MiB, 35, 9.54 W
2026/09/23 18:35:27.839, NVIDIA GeForce RTX 4060 Ti, 40 %, 5265 MiB, 8188 MiB, 35, 9.55 W
2026/09/23 18:35:28.850, NVIDIA GeForce RTX 4060 Ti, 35 %, 5265 MiB, 8188 MiB, 35, 9.57 W
2026/09/23 18:35:29.855, NVIDIA GeForce RTX 4060 Ti, 36 %, 5265 MiB, 8188 MiB, 35, 9.66 W
2026/09/23 18:35:30.862, NVIDIA GeForce RTX 4060 Ti, 38 %, 5265 MiB, 8188 MiB, 35, 9.91 W
2026/09/23 18:35:31.870, NVIDIA GeForce RTX 4060 Ti, 33 %, 5265 MiB, 8188 MiB, 35, 11.56 W
2026/09/23 18:35:32.876, NVIDIA GeForce RTX 4060 Ti, 33 %, 5265 MiB, 8188 MiB, 35, 13.47 W
2026/09/23 18:35:33.882, NVIDIA GeForce RTX 4060 Ti, 39 %, 5265 MiB, 8188 MiB, 35, 11.04 W
2026/09/23 18:35:34.891, NVIDIA GeForce RTX 4060 Ti, 6 %, 5265 MiB, 8188 MiB, 35, 10.77 W
2026/09/23 18:35:35.899, NVIDIA GeForce RTX 4060 Ti, 0 %, 5265 MiB, 8188 MiB, 35, 8.51 W
2026/09/23 18:35:36.906, NVIDIA GeForce RTX 4060 Ti, 0 %, 5265 MiB, 8188 MiB, 35, 6.98 W
2026/09/23 18:35:37.913, NVIDIA GeForce RTX 4060 Ti, 4 %, 5265 MiB, 8188 MiB, 35, 6.02 W
2026/09/23 18:35:38.919, NVIDIA GeForce RTX 4060 Ti, 36 %, 5265 MiB, 8188 MiB, 35, 9.54 W
2026/09/23 18:35:39.924, NVIDIA GeForce RTX 4060 Ti, 36 %, 5265 MiB, 8188 MiB, 35, 9.98 W
2026/09/23 18:35:40.929, NVIDIA GeForce RTX 4060 Ti, 38 %, 5270 MiB, 8188 MiB, 35, 9.96 W
2026/09/23 18:35:41.935, NVIDIA GeForce RTX 4060 Ti, 40 %, 5269 MiB, 8188 MiB, 35, 10.00 W
2026/09/23 18:35:42.940, NVIDIA GeForce RTX 4060 Ti, 40 %, 5269 MiB, 8188 MiB, 35, 10.14 W
2026/09/23 18:35:43.949, NVIDIA GeForce RTX 4060 Ti, 35 %, 5269 MiB, 8188 MiB, 35, 11.28 W
2026/09/23 18:35:44.955, NVIDIA GeForce RTX 4060 Ti, 33 %, 5269 MiB, 8188 MiB, 35, 13.45 W
2026/09/23 18:35:45.960, NVIDIA GeForce RTX 4060 Ti, 38 %, 5269 MiB, 8188 MiB, 35, 12.39 W
2026/09/23 18:35:46.968, NVIDIA GeForce RTX 4060 Ti, 37 %, 5269 MiB, 8188 MiB, 35, 13.60 W
2026/09/23 18:35:47.974, NVIDIA GeForce RTX 4060 Ti, 37 %, 5264 MiB, 8188 MiB, 35, 13.56 W
2026/09/23 18:35:48.979, NVIDIA GeForce RTX 4060 Ti, 39 %, 5264 MiB, 8188 MiB, 35, 12.60 W
2026/09/23 18:35:49.988, NVIDIA GeForce RTX 4060 Ti, 29 %, 5264 MiB, 8188 MiB, 35, 12.53 W
2026/09/23 18:35:50.993, NVIDIA GeForce RTX 4060 Ti, 27 %, 5264 MiB, 8188 MiB, 35, 12.85 W
2026/09/23 18:35:52.000, NVIDIA GeForce RTX 4060 Ti, 34 %, 5264 MiB, 8188 MiB, 35, 9.61 W
2026/09/23 18:35:53.004, NVIDIA GeForce RTX 4060 Ti, 33 %, 5264 MiB, 8188 MiB, 35, 9.52 W
2026/09/23 18:35:54.009, NVIDIA GeForce RTX 4060 Ti, 34 %, 5264 MiB, 8188 MiB, 35, 9.54 W
2026/09/23 18:35:55.016, NVIDIA GeForce RTX 4060 Ti, 35 %, 5264 MiB, 8188 MiB, 35, 9.62 W
2026/09/23 18:35:56.021, NVIDIA GeForce RTX 4060 Ti, 32 %, 5264 MiB, 8188 MiB, 35, 9.51 W
2026/09/23 18:35:57.027, NVIDIA GeForce RTX 4060 Ti, 37 %, 5264 MiB, 8188 MiB, 35, 9.60 W
2026/09/23 18:35:58.033, NVIDIA GeForce RTX 4060 Ti, 35 %, 5264 MiB, 8188 MiB, 35, 9.61 W
2026/09/23 18:35:59.038, NVIDIA GeForce RTX 4060 Ti, 37 %, 5264 MiB, 8188 MiB, 35, 9.61 W
2026/09/23 18:36:00.045, NVIDIA GeForce RTX 4060 Ti, 39 %, 5264 MiB, 8188 MiB, 35, 9.60 W
2026/09/23 18:36:01.056, NVIDIA GeForce RTX 4060 Ti, 35 %, 5264 MiB, 8188 MiB, 35, 9.57 W
2026/09/23 18:36:02.062, NVIDIA GeForce RTX 4060 Ti, 30 %, 5264 MiB, 8188 MiB, 35, 9.63 W
2026/09/23 18:36:03.067, NVIDIA GeForce RTX 4060 Ti, 31 %, 5264 MiB, 8188 MiB, 35, 9.66 W
2026/09/23 18:36:04.073, NVIDIA GeForce RTX 4060 Ti, 37 %, 5264 MiB, 8188 MiB, 35, 9.69 W
2026/09/23 18:36:05.080, NVIDIA GeForce RTX 4060 Ti, 4 %, 5264 MiB, 8188 MiB, 35, 8.57 W
2026/09/23 18:36:06.090, NVIDIA GeForce RTX 4060 Ti, 1 %, 5264 MiB, 8188 MiB, 35, 6.02 W
2026/09/23 18:36:07.097, NVIDIA GeForce RTX 4060 Ti, 4 %, 5264 MiB, 8188 MiB, 35, 6.17 W
2026/09/23 18:36:08.103, NVIDIA GeForce RTX 4060 Ti, 43 %, 5264 MiB, 8188 MiB, 35, 7.72 W
2026/09/23 18:36:09.122, NVIDIA GeForce RTX 4060 Ti, 37 %, 5264 MiB, 8188 MiB, 35, 9.60 W
2026/09/23 18:36:10.126, NVIDIA GeForce RTX 4060 Ti, 43 %, 5264 MiB, 8188 MiB, 35, 9.60 W
2026/09/23 18:36:11.133, NVIDIA GeForce RTX 4060 Ti, 40 %, 5264 MiB, 8188 MiB, 35, 9.59 W
2026/09/23 18:36:12.139, NVIDIA GeForce RTX 4060 Ti, 40 %, 5269 MiB, 8188 MiB, 35, 9.88 W
2026/09/23 18:36:13.156, NVIDIA GeForce RTX 4060 Ti, 32 %, 5269 MiB, 8188 MiB, 35, 9.88 W
2026/09/23 18:36:14.162, NVIDIA GeForce RTX 4060 Ti, 37 %, 5269 MiB, 8188 MiB, 35, 9.60 W
2026/09/23 18:36:15.167, NVIDIA GeForce RTX 4060 Ti, 35 %, 5269 MiB, 8188 MiB, 35, 9.57 W
2026/09/23 18:36:16.175, NVIDIA GeForce RTX 4060 Ti, 36 %, 5269 MiB, 8188 MiB, 35, 9.66 W
2026/09/23 18:36:17.181, NVIDIA GeForce RTX 4060 Ti, 37 %, 5269 MiB, 8188 MiB, 35, 9.71 W
2026/09/23 18:36:18.187, NVIDIA GeForce RTX 4060 Ti, 42 %, 5270 MiB, 8188 MiB, 35, 9.61 W
2026/09/23 18:36:19.192, NVIDIA GeForce RTX 4060 Ti, 38 %, 5270 MiB, 8188 MiB, 35, 9.70 W
2026/09/23 18:36:20.199, NVIDIA GeForce RTX 4060 Ti, 42 %, 5269 MiB, 8188 MiB, 35, 9.75 W
2026/09/23 18:36:21.205, NVIDIA GeForce RTX 4060 Ti, 38 %, 5269 MiB, 8188 MiB, 35, 9.80 W
2026/09/23 18:36:22.211, NVIDIA GeForce RTX 4060 Ti, 36 %, 5269 MiB, 8188 MiB, 35, 9.77 W
2026/09/23 18:36:23.216, NVIDIA GeForce RTX 4060 Ti, 38 %, 5269 MiB, 8188 MiB, 35, 9.73 W
2026/09/23 18:36:24.221, NVIDIA GeForce RTX 4060 Ti, 38 %, 5264 MiB, 8188 MiB, 35, 9.64 W
2026/09/23 18:36:25.226, NVIDIA GeForce RTX 4060 Ti, 37 %, 5264 MiB, 8188 MiB, 35, 9.66 W
2026/09/23 18:36:26.231, NVIDIA GeForce RTX 4060 Ti, 37 %, 5264 MiB, 8188 MiB, 35, 9.61 W
2026/09/23 18:36:27.240, NVIDIA GeForce RTX 4060 Ti, 50 %, 5270 MiB, 8188 MiB, 35, 9.70 W
2026/09/23 18:36:28.248, NVIDIA GeForce RTX 4060 Ti, 37 %, 5270 MiB, 8188 MiB, 35, 12.97 W
2026/09/23 18:36:29.253, NVIDIA GeForce RTX 4060 Ti, 31 %, 5266 MiB, 8188 MiB, 35, 13.25 W
2026/09/23 18:36:30.260, NVIDIA GeForce RTX 4060 Ti, 47 %, 5271 MiB, 8188 MiB, 35, 13.64 W
2026/09/23 18:36:31.276, NVIDIA GeForce RTX 4060 Ti, 22 %, 5275 MiB, 8188 MiB, 35, 13.44 W
2026/09/23 18:36:32.282, NVIDIA GeForce RTX 4060 Ti, 33 %, 5275 MiB, 8188 MiB, 35, 12.41 W
2026/09/23 18:36:33.288, NVIDIA GeForce RTX 4060 Ti, 34 %, 5275 MiB, 8188 MiB, 35, 9.59 W
2026/09/23 18:36:34.295, NVIDIA GeForce RTX 4060 Ti, 32 %, 5275 MiB, 8188 MiB, 35, 9.49 W
2026/09/23 18:36:35.310, NVIDIA GeForce RTX 4060 Ti, 34 %, 5275 MiB, 8188 MiB, 35, 9.51 W
2026/09/23 18:36:36.316, NVIDIA GeForce RTX 4060 Ti, 36 %, 5275 MiB, 8188 MiB, 35, 9.53 W
2026/09/23 18:36:37.323, NVIDIA GeForce RTX 4060 Ti, 30 %, 5275 MiB, 8188 MiB, 35, 9.64 W
2026/09/23 18:36:38.330, NVIDIA GeForce RTX 4060 Ti, 0 %, 5275 MiB, 8188 MiB, 35, 7.65 W
2026/09/23 18:36:39.337, NVIDIA GeForce RTX 4060 Ti, 3 %, 5275 MiB, 8188 MiB, 35, 5.99 W
2026/09/23 18:36:40.344, NVIDIA GeForce RTX 4060 Ti, 0 %, 5275 MiB, 8188 MiB, 35, 5.90 W
2026/09/23 18:36:41.352, NVIDIA GeForce RTX 4060 Ti, 17 %, 5275 MiB, 8188 MiB, 35, 7.89 W
2026/09/23 18:36:42.358, NVIDIA GeForce RTX 4060 Ti, 3 %, 5275 MiB, 8188 MiB, 35, 5.89 W
2026/09/23 18:36:43.372, NVIDIA GeForce RTX 4060 Ti, 0 %, 5275 MiB, 8188 MiB, 34, 6.01 W
2026/09/23 18:36:44.379, NVIDIA GeForce RTX 4060 Ti, 3 %, 5275 MiB, 8188 MiB, 34, 6.32 W
2026/09/23 18:36:45.386, NVIDIA GeForce RTX 4060 Ti, 43 %, 5275 MiB, 8188 MiB, 35, 10.36 W
2026/09/23 18:36:46.392, NVIDIA GeForce RTX 4060 Ti, 40 %, 5275 MiB, 8188 MiB, 35, 10.27 W
2026/09/23 18:36:47.400, NVIDIA GeForce RTX 4060 Ti, 42 %, 5275 MiB, 8188 MiB, 35, 10.22 W
2026/09/23 18:36:48.407, NVIDIA GeForce RTX 4060 Ti, 33 %, 5275 MiB, 8188 MiB, 35, 10.09 W
2026/09/23 18:36:49.413, NVIDIA GeForce RTX 4060 Ti, 35 %, 5275 MiB, 8188 MiB, 35, 10.20 W
2026/09/23 18:36:50.421, NVIDIA GeForce RTX 4060 Ti, 38 %, 5275 MiB, 8188 MiB, 35, 10.27 W
2026/09/23 18:36:51.429, NVIDIA GeForce RTX 4060 Ti, 36 %, 5275 MiB, 8188 MiB, 35, 10.41 W
2026/09/23 18:36:52.438, NVIDIA GeForce RTX 4060 Ti, 40 %, 5275 MiB, 8188 MiB, 35, 10.59 W
2026/09/23 18:36:53.450, NVIDIA GeForce RTX 4060 Ti, 34 %, 5275 MiB, 8188 MiB, 35, 10.59 W
2026/09/23 18:36:54.464, NVIDIA GeForce RTX 4060 Ti, 38 %, 5275 MiB, 8188 MiB, 35, 10.65 W
2026/09/23 18:36:55.469, NVIDIA GeForce RTX 4060 Ti, 36 %, 5275 MiB, 8188 MiB, 35, 10.55 W
2026/09/23 18:36:56.477, NVIDIA GeForce RTX 4060 Ti, 41 %, 5275 MiB, 8188 MiB, 35, 10.52 W
2026/09/23 18:36:57.483, NVIDIA GeForce RTX 4060 Ti, 34 %, 5275 MiB, 8188 MiB, 35, 10.67 W
2026/09/23 18:36:58.490, NVIDIA GeForce RTX 4060 Ti, 34 %, 5275 MiB, 8188 MiB, 35, 10.63 W
2026/09/23 18:36:59.531, NVIDIA GeForce RTX 4060 Ti, 37 %, 5275 MiB, 8188 MiB, 35, 10.61 W
2026/09/23 18:37:00.540, NVIDIA GeForce RTX 4060 Ti, 42 %, 5275 MiB, 8188 MiB, 35, 10.76 W
2026/09/23 18:37:01.548, NVIDIA GeForce RTX 4060 Ti, 35 %, 5275 MiB, 8188 MiB, 35, 13.81 W
2026/09/23 18:37:02.558, NVIDIA GeForce RTX 4060 Ti, 32 %, 5275 MiB, 8188 MiB, 35, 12.64 W
2026/09/23 18:37:03.564, NVIDIA GeForce RTX 4060 Ti, 39 %, 5275 MiB, 8188 MiB, 35, 10.37 W
2026/09/23 18:37:04.570, NVIDIA GeForce RTX 4060 Ti, 38 %, 5275 MiB, 8188 MiB, 35, 10.28 W
2026/09/23 18:37:05.575, NVIDIA GeForce RTX 4060 Ti, 32 %, 5275 MiB, 8188 MiB, 35, 10.28 W
2026/09/23 18:37:06.582, NVIDIA GeForce RTX 4060 Ti, 33 %, 5275 MiB, 8188 MiB, 35, 10.15 W
2026/09/23 18:37:07.591, NVIDIA GeForce RTX 4060 Ti, 37 %, 5275 MiB, 8188 MiB, 35, 10.28 W
2026/09/23 18:37:08.599, NVIDIA GeForce RTX 4060 Ti, 37 %, 5275 MiB, 8188 MiB, 35, 10.25 W
2026/09/23 18:37:09.604, NVIDIA GeForce RTX 4060 Ti, 37 %, 5275 MiB, 8188 MiB, 35, 10.12 W
2026/09/23 18:37:10.610, NVIDIA GeForce RTX 4060 Ti, 42 %, 5275 MiB, 8188 MiB, 35, 10.40 W
2026/09/23 18:37:11.618, NVIDIA GeForce RTX 4060 Ti, 41 %, 5275 MiB, 8188 MiB, 35, 10.43 W
2026/09/23 18:37:12.623, NVIDIA GeForce RTX 4060 Ti, 33 %, 5275 MiB, 8188 MiB, 35, 10.47 W
2026/09/23 18:37:13.630, NVIDIA GeForce RTX 4060 Ti, 31 %, 5275 MiB, 8188 MiB, 35, 10.24 W
2026/09/23 18:37:14.636, NVIDIA GeForce RTX 4060 Ti, 37 %, 5275 MiB, 8188 MiB, 35, 10.43 W
2026/09/23 18:37:15.643, NVIDIA GeForce RTX 4060 Ti, 38 %, 5275 MiB, 8188 MiB, 35, 10.80 W
2026/09/23 18:37:16.657, NVIDIA GeForce RTX 4060 Ti, 40 %, 5275 MiB, 8188 MiB, 35, 10.78 W
2026/09/23 18:37:17.664, NVIDIA GeForce RTX 4060 Ti, 42 %, 5275 MiB, 8188 MiB, 35, 10.74 W
2026/09/23 18:37:18.672, NVIDIA GeForce RTX 4060 Ti, 37 %, 5275 MiB, 8188 MiB, 35, 10.72 W
2026/09/23 18:37:19.677, NVIDIA GeForce RTX 4060 Ti, 40 %, 5275 MiB, 8188 MiB, 35, 10.41 W
2026/09/23 18:37:20.690, NVIDIA GeForce RTX 4060 Ti, 42 %, 5275 MiB, 8188 MiB, 35, 9.94 W
2026/09/23 18:37:21.700, NVIDIA GeForce RTX 4060 Ti, 0 %, 5275 MiB, 8188 MiB, 34, 6.59 W
2026/09/23 18:37:22.707, NVIDIA GeForce RTX 4060 Ti, 0 %, 5274 MiB, 8188 MiB, 34, 5.93 W
2026/09/23 18:37:23.714, NVIDIA GeForce RTX 4060 Ti, 0 %, 5274 MiB, 8188 MiB, 34, 5.93 W
2026/09/23 18:37:24.720, NVIDIA GeForce RTX 4060 Ti, 43 %, 5275 MiB, 8188 MiB, 35, 9.31 W
2026/09/23 18:37:25.728, NVIDIA GeForce RTX 4060 Ti, 40 %, 5275 MiB, 8188 MiB, 35, 10.67 W
2026/09/23 18:37:26.735, NVIDIA GeForce RTX 4060 Ti, 41 %, 5275 MiB, 8188 MiB, 35, 10.46 W
2026/09/23 18:37:27.742, NVIDIA GeForce RTX 4060 Ti, 44 %, 5275 MiB, 8188 MiB, 35, 10.59 W
2026/09/23 18:37:28.749, NVIDIA GeForce RTX 4060 Ti, 40 %, 5275 MiB, 8188 MiB, 35, 10.56 W
2026/09/23 18:37:29.756, NVIDIA GeForce RTX 4060 Ti, 31 %, 5275 MiB, 8188 MiB, 35, 10.45 W
2026/09/23 18:37:30.762, NVIDIA GeForce RTX 4060 Ti, 38 %, 5275 MiB, 8188 MiB, 35, 10.69 W
2026/09/23 18:37:31.771, NVIDIA GeForce RTX 4060 Ti, 42 %, 5275 MiB, 8188 MiB, 35, 10.80 W
2026/09/23 18:37:32.780, NVIDIA GeForce RTX 4060 Ti, 33 %, 5275 MiB, 8188 MiB, 35, 10.75 W
2026/09/23 18:37:33.789, NVIDIA GeForce RTX 4060 Ti, 41 %, 5275 MiB, 8188 MiB, 35, 10.77 W
2026/09/23 18:37:34.797, NVIDIA GeForce RTX 4060 Ti, 39 %, 5275 MiB, 8188 MiB, 35, 10.66 W
2026/09/23 18:37:35.803, NVIDIA GeForce RTX 4060 Ti, 34 %, 5275 MiB, 8188 MiB, 35, 12.62 W
2026/09/23 18:37:36.808, NVIDIA GeForce RTX 4060 Ti, 29 %, 5275 MiB, 8188 MiB, 35, 14.05 W
2026/09/23 18:37:37.817, NVIDIA GeForce RTX 4060 Ti, 36 %, 5275 MiB, 8188 MiB, 35, 11.33 W
2026/09/23 18:37:38.824, NVIDIA GeForce RTX 4060 Ti, 37 %, 5275 MiB, 8188 MiB, 35, 10.70 W
2026/09/23 18:37:39.834, NVIDIA GeForce RTX 4060 Ti, 37 %, 5275 MiB, 8188 MiB, 35, 10.76 W
2026/09/23 18:37:40.852, NVIDIA GeForce RTX 4060 Ti, 45 %, 5275 MiB, 8188 MiB, 35, 10.67 W
2026/09/23 18:37:41.858, NVIDIA GeForce RTX 4060 Ti, 39 %, 5275 MiB, 8188 MiB, 35, 10.90 W
2026/09/23 18:37:42.866, NVIDIA GeForce RTX 4060 Ti, 45 %, 5275 MiB, 8188 MiB, 35, 10.90 W
2026/09/23 18:37:43.873, NVIDIA GeForce RTX 4060 Ti, 35 %, 5275 MiB, 8188 MiB, 35, 13.75 W
2026/09/23 18:37:44.882, NVIDIA GeForce RTX 4060 Ti, 36 %, 5275 MiB, 8188 MiB, 35, 13.61 W
2026/09/23 18:37:45.888, NVIDIA GeForce RTX 4060 Ti, 37 %, 5275 MiB, 8188 MiB, 35, 10.77 W
2026/09/23 18:37:46.895, NVIDIA GeForce RTX 4060 Ti, 32 %, 5275 MiB, 8188 MiB, 35, 10.78 W
2026/09/23 18:37:47.903, NVIDIA GeForce RTX 4060 Ti, 35 %, 5275 MiB, 8188 MiB, 35, 10.48 W
2026/09/23 18:37:48.909, NVIDIA GeForce RTX 4060 Ti, 42 %, 5275 MiB, 8188 MiB, 35, 10.82 W
2026/09/23 18:37:49.915, NVIDIA GeForce RTX 4060 Ti, 40 %, 5275 MiB, 8188 MiB, 35, 10.73 W
2026/09/23 18:37:50.925, NVIDIA GeForce RTX 4060 Ti, 41 %, 5275 MiB, 8188 MiB, 35, 10.67 W
2026/09/23 18:37:51.933, NVIDIA GeForce RTX 4060 Ti, 35 %, 5275 MiB, 8188 MiB, 35, 10.49 W
2026/09/23 18:37:52.941, NVIDIA GeForce RTX 4060 Ti, 33 %, 5275 MiB, 8188 MiB, 35, 10.74 W
2026/09/23 18:37:53.948, NVIDIA GeForce RTX 4060 Ti, 32 %, 5275 MiB, 8188 MiB, 35, 10.76 W
2026/09/23 18:37:54.954, NVIDIA GeForce RTX 4060 Ti, 32 %, 5275 MiB, 8188 MiB, 35, 12.71 W
2026/09/23 18:37:55.960, NVIDIA GeForce RTX 4060 Ti, 28 %, 5275 MiB, 8188 MiB, 35, 13.62 W
2026/09/23 18:37:56.967, NVIDIA GeForce RTX 4060 Ti, 40 %, 5275 MiB, 8188 MiB, 35, 11.21 W
2026/09/23 18:37:57.974, NVIDIA GeForce RTX 4060 Ti, 8 %, 5275 MiB, 8188 MiB, 35, 8.44 W
2026/09/23 18:37:58.982, NVIDIA GeForce RTX 4060 Ti, 0 %, 5275 MiB, 8188 MiB, 34, 5.85 W
2026/09/23 18:37:59.989, NVIDIA GeForce RTX 4060 Ti, 0 %, 5275 MiB, 8188 MiB, 34, 5.87 W
2026/09/23 18:38:00.997, NVIDIA GeForce RTX 4060 Ti, 4 %, 5275 MiB, 8188 MiB, 34, 6.05 W
2026/09/23 18:38:02.003, NVIDIA GeForce RTX 4060 Ti, 37 %, 5275 MiB, 8188 MiB, 35, 10.52 W
2026/09/23 18:38:03.009, NVIDIA GeForce RTX 4060 Ti, 34 %, 5275 MiB, 8188 MiB, 35, 10.66 W
2026/09/23 18:38:04.016, NVIDIA GeForce RTX 4060 Ti, 38 %, 5275 MiB, 8188 MiB, 35, 10.69 W
2026/09/23 18:38:05.027, NVIDIA GeForce RTX 4060 Ti, 42 %, 5275 MiB, 8188 MiB, 35, 10.73 W
2026/09/23 18:38:06.034, NVIDIA GeForce RTX 4060 Ti, 42 %, 5275 MiB, 8188 MiB, 35, 10.61 W
2026/09/23 18:38:07.045, NVIDIA GeForce RTX 4060 Ti, 42 %, 5275 MiB, 8188 MiB, 35, 10.87 W
2026/09/23 18:38:08.053, NVIDIA GeForce RTX 4060 Ti, 36 %, 5275 MiB, 8188 MiB, 35, 10.58 W
2026/09/23 18:38:09.059, NVIDIA GeForce RTX 4060 Ti, 33 %, 5275 MiB, 8188 MiB, 35, 10.38 W
2026/09/23 18:38:10.065, NVIDIA GeForce RTX 4060 Ti, 35 %, 5275 MiB, 8188 MiB, 35, 10.45 W
2026/09/23 18:38:11.070, NVIDIA GeForce RTX 4060 Ti, 32 %, 5275 MiB, 8188 MiB, 35, 10.28 W
2026/09/23 18:38:12.080, NVIDIA GeForce RTX 4060 Ti, 44 %, 5275 MiB, 8188 MiB, 35, 10.60 W
2026/09/23 18:38:13.086, NVIDIA GeForce RTX 4060 Ti, 41 %, 5275 MiB, 8188 MiB, 35, 10.78 W
2026/09/23 18:38:14.092, NVIDIA GeForce RTX 4060 Ti, 43 %, 5275 MiB, 8188 MiB, 35, 10.78 W
2026/09/23 18:38:15.101, NVIDIA GeForce RTX 4060 Ti, 37 %, 5275 MiB, 8188 MiB, 35, 13.08 W
2026/09/23 18:38:16.106, NVIDIA GeForce RTX 4060 Ti, 32 %, 5275 MiB, 8188 MiB, 35, 14.08 W
2026/09/23 18:38:17.113, NVIDIA GeForce RTX 4060 Ti, 32 %, 5280 MiB, 8188 MiB, 35, 10.91 W
2026/09/23 18:38:18.119, NVIDIA GeForce RTX 4060 Ti, 36 %, 5280 MiB, 8188 MiB, 35, 10.64 W
2026/09/23 18:38:19.125, NVIDIA GeForce RTX 4060 Ti, 41 %, 5280 MiB, 8188 MiB, 35, 10.74 W
2026/09/23 18:38:20.148, NVIDIA GeForce RTX 4060 Ti, 40 %, 5280 MiB, 8188 MiB, 35, 10.65 W
2026/09/23 18:38:21.155, NVIDIA GeForce RTX 4060 Ti, 37 %, 5280 MiB, 8188 MiB, 35, 10.60 W
2026/09/23 18:38:22.162, NVIDIA GeForce RTX 4060 Ti, 41 %, 5280 MiB, 8188 MiB, 35, 10.56 W
2026/09/23 18:38:23.170, NVIDIA GeForce RTX 4060 Ti, 38 %, 5280 MiB, 8188 MiB, 35, 10.62 W
2026/09/23 18:38:24.176, NVIDIA GeForce RTX 4060 Ti, 30 %, 5278 MiB, 8188 MiB, 35, 12.08 W
2026/09/23 18:38:25.184, NVIDIA GeForce RTX 4060 Ti, 31 %, 5278 MiB, 8188 MiB, 35, 14.10 W
2026/09/23 18:38:26.190, NVIDIA GeForce RTX 4060 Ti, 42 %, 5277 MiB, 8188 MiB, 35, 11.97 W
2026/09/23 18:38:27.195, NVIDIA GeForce RTX 4060 Ti, 37 %, 5276 MiB, 8188 MiB, 35, 11.53 W
2026/09/23 18:38:28.206, NVIDIA GeForce RTX 4060 Ti, 35 %, 5276 MiB, 8188 MiB, 35, 13.80 W
2026/09/23 18:38:29.214, NVIDIA GeForce RTX 4060 Ti, 42 %, 5276 MiB, 8188 MiB, 35, 12.57 W
2026/09/23 18:38:30.223, NVIDIA GeForce RTX 4060 Ti, 31 %, 5276 MiB, 8188 MiB, 35, 13.13 W
2026/09/23 18:38:31.233, NVIDIA GeForce RTX 4060 Ti, 34 %, 5276 MiB, 8188 MiB, 35, 13.84 W
2026/09/23 18:38:32.241, NVIDIA GeForce RTX 4060 Ti, 42 %, 5276 MiB, 8188 MiB, 35, 10.88 W
2026/09/23 18:38:33.249, NVIDIA GeForce RTX 4060 Ti, 38 %, 5276 MiB, 8188 MiB, 35, 10.74 W
2026/09/23 18:38:34.257, NVIDIA GeForce RTX 4060 Ti, 35 %, 5276 MiB, 8188 MiB, 35, 10.44 W
2026/09/23 18:38:35.271, NVIDIA GeForce RTX 4060 Ti, 3 %, 5276 MiB, 8188 MiB, 34, 7.41 W
2026/09/23 18:38:36.277, NVIDIA GeForce RTX 4060 Ti, 3 %, 5276 MiB, 8188 MiB, 34, 5.80 W
2026/09/23 18:38:37.284, NVIDIA GeForce RTX 4060 Ti, 3 %, 5276 MiB, 8188 MiB, 34, 5.93 W
2026/09/23 18:38:38.292, NVIDIA GeForce RTX 4060 Ti, 47 %, 5276 MiB, 8188 MiB, 35, 6.87 W
2026/09/23 18:38:39.300, NVIDIA GeForce RTX 4060 Ti, 4 %, 5276 MiB, 8188 MiB, 34, 6.48 W
2026/09/23 18:38:40.307, NVIDIA GeForce RTX 4060 Ti, 3 %, 5276 MiB, 8188 MiB, 34, 5.76 W
2026/09/23 18:38:41.314, NVIDIA GeForce RTX 4060 Ti, 4 %, 5276 MiB, 8188 MiB, 34, 5.89 W
2026/09/23 18:38:42.322, NVIDIA GeForce RTX 4060 Ti, 43 %, 5276 MiB, 8188 MiB, 34, 8.41 W
2026/09/23 18:38:43.328, NVIDIA GeForce RTX 4060 Ti, 38 %, 5276 MiB, 8188 MiB, 35, 9.76 W
2026/09/23 18:38:44.334, NVIDIA GeForce RTX 4060 Ti, 44 %, 5276 MiB, 8188 MiB, 35, 9.70 W
2026/09/23 18:38:45.339, NVIDIA GeForce RTX 4060 Ti, 41 %, 5276 MiB, 8188 MiB, 35, 9.85 W
2026/09/23 18:38:46.345, NVIDIA GeForce RTX 4060 Ti, 40 %, 5276 MiB, 8188 MiB, 35, 9.90 W
2026/09/23 18:38:47.350, NVIDIA GeForce RTX 4060 Ti, 33 %, 5276 MiB, 8188 MiB, 34, 9.73 W
2026/09/23 18:38:48.356, NVIDIA GeForce RTX 4060 Ti, 41 %, 5276 MiB, 8188 MiB, 35, 9.77 W
2026/09/23 18:38:49.362, NVIDIA GeForce RTX 4060 Ti, 37 %, 5276 MiB, 8188 MiB, 35, 9.97 W
2026/09/23 18:38:50.367, NVIDIA GeForce RTX 4060 Ti, 36 %, 5274 MiB, 8188 MiB, 35, 9.96 W
2026/09/23 18:38:51.386, NVIDIA GeForce RTX 4060 Ti, 40 %, 5274 MiB, 8188 MiB, 35, 9.90 W
2026/09/23 18:38:52.395, NVIDIA GeForce RTX 4060 Ti, 38 %, 5274 MiB, 8188 MiB, 35, 9.79 W
2026/09/23 18:38:53.405, NVIDIA GeForce RTX 4060 Ti, 42 %, 5274 MiB, 8188 MiB, 35, 9.80 W
2026/09/23 18:38:54.411, NVIDIA GeForce RTX 4060 Ti, 34 %, 5274 MiB, 8188 MiB, 35, 10.43 W
2026/09/23 18:38:55.422, NVIDIA GeForce RTX 4060 Ti, 32 %, 5274 MiB, 8188 MiB, 35, 13.24 W
2026/09/23 18:38:56.429, NVIDIA GeForce RTX 4060 Ti, 38 %, 5274 MiB, 8188 MiB, 35, 11.86 W
2026/09/23 18:38:57.439, NVIDIA GeForce RTX 4060 Ti, 33 %, 5274 MiB, 8188 MiB, 35, 9.81 W
2026/09/23 18:38:58.446, NVIDIA GeForce RTX 4060 Ti, 35 %, 5274 MiB, 8188 MiB, 35, 9.88 W
2026/09/23 18:38:59.456, NVIDIA GeForce RTX 4060 Ti, 33 %, 5274 MiB, 8188 MiB, 34, 9.87 W
2026/09/23 18:39:00.468, NVIDIA GeForce RTX 4060 Ti, 33 %, 5274 MiB, 8188 MiB, 35, 9.73 W
2026/09/23 18:39:01.474, NVIDIA GeForce RTX 4060 Ti, 40 %, 5274 MiB, 8188 MiB, 35, 9.80 W
2026/09/23 18:39:02.481, NVIDIA GeForce RTX 4060 Ti, 32 %, 5274 MiB, 8188 MiB, 35, 9.73 W
2026/09/23 18:39:03.486, NVIDIA GeForce RTX 4060 Ti, 36 %, 5274 MiB, 8188 MiB, 35, 9.75 W
2026/09/23 18:39:04.491, NVIDIA GeForce RTX 4060 Ti, 39 %, 5274 MiB, 8188 MiB, 35, 9.80 W
2026/09/23 18:39:05.497, NVIDIA GeForce RTX 4060 Ti, 40 %, 5274 MiB, 8188 MiB, 34, 9.89 W
2026/09/23 18:39:06.504, NVIDIA GeForce RTX 4060 Ti, 30 %, 5274 MiB, 8188 MiB, 34, 9.74 W
2026/09/23 18:39:07.510, NVIDIA GeForce RTX 4060 Ti, 31 %, 5274 MiB, 8188 MiB, 35, 9.80 W
2026/09/23 18:39:08.516, NVIDIA GeForce RTX 4060 Ti, 0 %, 5274 MiB, 8188 MiB, 34, 8.48 W
2026/09/23 18:39:09.522, NVIDIA GeForce RTX 4060 Ti, 0 %, 5274 MiB, 8188 MiB, 34, 5.85 W
2026/09/23 18:39:10.528, NVIDIA GeForce RTX 4060 Ti, 0 %, 5274 MiB, 8188 MiB, 34, 5.85 W
2026/09/23 18:39:11.534, NVIDIA GeForce RTX 4060 Ti, 59 %, 5274 MiB, 8188 MiB, 34, 7.08 W
2026/09/23 18:39:12.541, NVIDIA GeForce RTX 4060 Ti, 42 %, 5270 MiB, 8188 MiB, 34, 9.83 W
2026/09/23 18:39:13.551, NVIDIA GeForce RTX 4060 Ti, 35 %, 5270 MiB, 8188 MiB, 34, 9.83 W
2026/09/23 18:39:14.559, NVIDIA GeForce RTX 4060 Ti, 36 %, 5270 MiB, 8188 MiB, 34, 9.86 W
2026/09/23 18:39:15.565, NVIDIA GeForce RTX 4060 Ti, 32 %, 5270 MiB, 8188 MiB, 34, 9.74 W
2026/09/23 18:39:16.571, NVIDIA GeForce RTX 4060 Ti, 36 %, 5270 MiB, 8188 MiB, 34, 9.68 W
2026/09/23 18:39:17.578, NVIDIA GeForce RTX 4060 Ti, 38 %, 5270 MiB, 8188 MiB, 34, 9.91 W
2026/09/23 18:39:18.584, NVIDIA GeForce RTX 4060 Ti, 38 %, 5270 MiB, 8188 MiB, 34, 10.02 W
2026/09/23 18:39:19.590, NVIDIA GeForce RTX 4060 Ti, 34 %, 5270 MiB, 8188 MiB, 34, 9.94 W
2026/09/23 18:39:20.595, NVIDIA GeForce RTX 4060 Ti, 39 %, 5270 MiB, 8188 MiB, 34, 9.91 W
2026/09/23 18:39:21.599, NVIDIA GeForce RTX 4060 Ti, 38 %, 5270 MiB, 8188 MiB, 34, 9.89 W
2026/09/23 18:39:22.606, NVIDIA GeForce RTX 4060 Ti, 38 %, 5270 MiB, 8188 MiB, 34, 9.86 W
2026/09/23 18:39:23.613, NVIDIA GeForce RTX 4060 Ti, 39 %, 5270 MiB, 8188 MiB, 34, 9.81 W
2026/09/23 18:39:24.619, NVIDIA GeForce RTX 4060 Ti, 32 %, 5270 MiB, 8188 MiB, 34, 10.02 W
2026/09/23 18:39:25.626, NVIDIA GeForce RTX 4060 Ti, 33 %, 5270 MiB, 8188 MiB, 34, 9.88 W
2026/09/23 18:39:26.633, NVIDIA GeForce RTX 4060 Ti, 32 %, 5270 MiB, 8188 MiB, 34, 9.93 W
2026/09/23 18:39:27.639, NVIDIA GeForce RTX 4060 Ti, 33 %, 5270 MiB, 8188 MiB, 34, 9.84 W
2026/09/23 18:39:28.645, NVIDIA GeForce RTX 4060 Ti, 35 %, 5270 MiB, 8188 MiB, 34, 9.78 W
2026/09/23 18:39:29.651, NVIDIA GeForce RTX 4060 Ti, 41 %, 5270 MiB, 8188 MiB, 34, 10.03 W
2026/09/23 18:39:30.658, NVIDIA GeForce RTX 4060 Ti, 33 %, 5270 MiB, 8188 MiB, 34, 9.95 W
2026/09/23 18:39:31.665, NVIDIA GeForce RTX 4060 Ti, 29 %, 5270 MiB, 8188 MiB, 34, 9.83 W
2026/09/23 18:39:32.672, NVIDIA GeForce RTX 4060 Ti, 34 %, 5270 MiB, 8188 MiB, 34, 9.78 W
2026/09/23 18:39:33.678, NVIDIA GeForce RTX 4060 Ti, 29 %, 5270 MiB, 8188 MiB, 34, 9.83 W
2026/09/23 18:39:34.688, NVIDIA GeForce RTX 4060 Ti, 40 %, 5270 MiB, 8188 MiB, 34, 9.93 W
2026/09/23 18:39:35.696, NVIDIA GeForce RTX 4060 Ti, 38 %, 5270 MiB, 8188 MiB, 34, 10.01 W
2026/09/23 18:39:36.701, NVIDIA GeForce RTX 4060 Ti, 38 %, 5270 MiB, 8188 MiB, 34, 10.04 W
2026/09/23 18:39:37.708, NVIDIA GeForce RTX 4060 Ti, 38 %, 5270 MiB, 8188 MiB, 34, 10.01 W
2026/09/23 18:39:38.716, NVIDIA GeForce RTX 4060 Ti, 8 %, 5270 MiB, 8188 MiB, 34, 9.14 W
2026/09/23 18:39:39.722, NVIDIA GeForce RTX 4060 Ti, 0 %, 5270 MiB, 8188 MiB, 34, 6.56 W
2026/09/23 18:39:40.729, NVIDIA GeForce RTX 4060 Ti, 0 %, 5270 MiB, 8188 MiB, 34, 5.98 W
2026/09/23 18:39:41.737, NVIDIA GeForce RTX 4060 Ti, 3 %, 5270 MiB, 8188 MiB, 34, 6.12 W
2026/09/23 18:39:42.743, NVIDIA GeForce RTX 4060 Ti, 39 %, 5270 MiB, 8188 MiB, 34, 9.62 W
2026/09/23 18:39:43.749, NVIDIA GeForce RTX 4060 Ti, 39 %, 5270 MiB, 8188 MiB, 34, 9.96 W
2026/09/23 18:39:44.757, NVIDIA GeForce RTX 4060 Ti, 38 %, 5270 MiB, 8188 MiB, 34, 9.95 W
2026/09/23 18:39:45.764, NVIDIA GeForce RTX 4060 Ti, 34 %, 5270 MiB, 8188 MiB, 34, 9.91 W
2026/09/23 18:39:46.769, NVIDIA GeForce RTX 4060 Ti, 37 %, 5270 MiB, 8188 MiB, 34, 9.88 W
2026/09/23 18:39:47.773, NVIDIA GeForce RTX 4060 Ti, 33 %, 5270 MiB, 8188 MiB, 34, 9.84 W
2026/09/23 18:39:48.778, NVIDIA GeForce RTX 4060 Ti, 33 %, 5270 MiB, 8188 MiB, 34, 9.83 W
2026/09/23 18:39:49.785, NVIDIA GeForce RTX 4060 Ti, 34 %, 5270 MiB, 8188 MiB, 34, 9.85 W
2026/09/23 18:39:50.791, NVIDIA GeForce RTX 4060 Ti, 36 %, 5270 MiB, 8188 MiB, 34, 9.92 W
2026/09/23 18:39:51.800, NVIDIA GeForce RTX 4060 Ti, 37 %, 5270 MiB, 8188 MiB, 34, 10.00 W
2026/09/23 18:39:52.806, NVIDIA GeForce RTX 4060 Ti, 33 %, 5270 MiB, 8188 MiB, 34, 9.88 W
2026/09/23 18:39:53.812, NVIDIA GeForce RTX 4060 Ti, 36 %, 5270 MiB, 8188 MiB, 34, 9.86 W
2026/09/23 18:39:54.817, NVIDIA GeForce RTX 4060 Ti, 36 %, 5270 MiB, 8188 MiB, 34, 9.92 W
2026/09/23 18:39:55.823, NVIDIA GeForce RTX 4060 Ti, 37 %, 5270 MiB, 8188 MiB, 34, 9.88 W
2026/09/23 18:39:56.828, NVIDIA GeForce RTX 4060 Ti, 30 %, 5270 MiB, 8188 MiB, 34, 9.82 W
2026/09/23 18:39:57.835, NVIDIA GeForce RTX 4060 Ti, 32 %, 5270 MiB, 8188 MiB, 34, 9.86 W
2026/09/23 18:39:58.863, NVIDIA GeForce RTX 4060 Ti, 35 %, 5270 MiB, 8188 MiB, 34, 9.96 W
2026/09/23 18:39:59.871, NVIDIA GeForce RTX 4060 Ti, 37 %, 5270 MiB, 8188 MiB, 34, 10.03 W
2026/09/23 18:40:00.878, NVIDIA GeForce RTX 4060 Ti, 37 %, 5270 MiB, 8188 MiB, 34, 10.04 W
2026/09/23 18:40:01.885, NVIDIA GeForce RTX 4060 Ti, 38 %, 5270 MiB, 8188 MiB, 34, 9.93 W
2026/09/23 18:40:02.893, NVIDIA GeForce RTX 4060 Ti, 39 %, 5270 MiB, 8188 MiB, 34, 9.97 W
2026/09/23 18:40:03.900, NVIDIA GeForce RTX 4060 Ti, 37 %, 5270 MiB, 8188 MiB, 34, 9.96 W
2026/09/23 18:40:04.905, NVIDIA GeForce RTX 4060 Ti, 33 %, 5270 MiB, 8188 MiB, 34, 9.96 W
2026/09/23 18:40:05.912, NVIDIA GeForce RTX 4060 Ti, 33 %, 5270 MiB, 8188 MiB, 34, 10.06 W
2026/09/23 18:40:06.918, NVIDIA GeForce RTX 4060 Ti, 32 %, 5270 MiB, 8188 MiB, 34, 12.19 W
2026/09/23 18:40:07.927, NVIDIA GeForce RTX 4060 Ti, 33 %, 5270 MiB, 8188 MiB, 34, 13.42 W
2026/09/23 18:40:08.943, NVIDIA GeForce RTX 4060 Ti, 42 %, 5270 MiB, 8188 MiB, 34, 10.53 W
2026/09/23 18:40:09.950, NVIDIA GeForce RTX 4060 Ti, 0 %, 5270 MiB, 8188 MiB, 34, 6.36 W
2026/09/23 18:40:10.957, NVIDIA GeForce RTX 4060 Ti, 0 %, 5270 MiB, 8188 MiB, 34, 5.72 W
2026/09/23 18:40:11.963, NVIDIA GeForce RTX 4060 Ti, 0 %, 5270 MiB, 8188 MiB, 34, 5.84 W
2026/09/23 18:40:12.974, NVIDIA GeForce RTX 4060 Ti, 0 %, 5270 MiB, 8188 MiB, 34, 7.39 W
2026/09/23 18:40:13.982, NVIDIA GeForce RTX 4060 Ti, 0 %, 5270 MiB, 8188 MiB, 34, 5.88 W
2026/09/23 18:40:14.989, NVIDIA GeForce RTX 4060 Ti, 0 %, 5270 MiB, 8188 MiB, 34, 6.04 W
2026/09/23 18:40:15.994, NVIDIA GeForce RTX 4060 Ti, 47 %, 5270 MiB, 8188 MiB, 34, 7.51 W
2026/09/23 18:40:17.007, NVIDIA GeForce RTX 4060 Ti, 35 %, 5270 MiB, 8188 MiB, 34, 9.97 W
2026/09/23 18:40:18.013, NVIDIA GeForce RTX 4060 Ti, 38 %, 5270 MiB, 8188 MiB, 34, 9.95 W
2026/09/23 18:40:19.017, NVIDIA GeForce RTX 4060 Ti, 40 %, 5270 MiB, 8188 MiB, 34, 9.92 W
2026/09/23 18:40:20.023, NVIDIA GeForce RTX 4060 Ti, 36 %, 5270 MiB, 8188 MiB, 34, 9.95 W
2026/09/23 18:40:21.030, NVIDIA GeForce RTX 4060 Ti, 38 %, 5270 MiB, 8188 MiB, 34, 9.90 W
2026/09/23 18:40:22.035, NVIDIA GeForce RTX 4060 Ti, 38 %, 5270 MiB, 8188 MiB, 34, 9.84 W
2026/09/23 18:40:23.041, NVIDIA GeForce RTX 4060 Ti, 32 %, 5270 MiB, 8188 MiB, 34, 9.72 W
2026/09/23 18:40:24.046, NVIDIA GeForce RTX 4060 Ti, 36 %, 5270 MiB, 8188 MiB, 34, 9.75 W
2026/09/23 18:40:25.053, NVIDIA GeForce RTX 4060 Ti, 36 %, 5270 MiB, 8188 MiB, 34, 9.80 W
2026/09/23 18:40:26.059, NVIDIA GeForce RTX 4060 Ti, 36 %, 5270 MiB, 8188 MiB, 34, 9.71 W
2026/09/23 18:40:27.066, NVIDIA GeForce RTX 4060 Ti, 35 %, 5270 MiB, 8188 MiB, 34, 10.58 W
2026/09/23 18:40:28.073, NVIDIA GeForce RTX 4060 Ti, 36 %, 5270 MiB, 8188 MiB, 34, 13.51 W
2026/09/23 18:40:29.081, NVIDIA GeForce RTX 4060 Ti, 40 %, 5270 MiB, 8188 MiB, 34, 11.97 W
2026/09/23 18:40:30.088, NVIDIA GeForce RTX 4060 Ti, 37 %, 5270 MiB, 8188 MiB, 34, 12.19 W
2026/09/23 18:40:31.094, NVIDIA GeForce RTX 4060 Ti, 34 %, 5270 MiB, 8188 MiB, 34, 13.41 W
2026/09/23 18:40:32.099, NVIDIA GeForce RTX 4060 Ti, 30 %, 5270 MiB, 8188 MiB, 34, 10.64 W
2026/09/23 18:40:33.105, NVIDIA GeForce RTX 4060 Ti, 25 %, 5270 MiB, 8188 MiB, 34, 12.67 W
2026/09/23 18:40:34.110, NVIDIA GeForce RTX 4060 Ti, 31 %, 5270 MiB, 8188 MiB, 34, 12.98 W
2026/09/23 18:40:35.119, NVIDIA GeForce RTX 4060 Ti, 36 %, 5270 MiB, 8188 MiB, 34, 10.88 W
2026/09/23 18:40:36.133, NVIDIA GeForce RTX 4060 Ti, 35 %, 5270 MiB, 8188 MiB, 34, 13.35 W
2026/09/23 18:40:37.138, NVIDIA GeForce RTX 4060 Ti, 41 %, 5270 MiB, 8188 MiB, 34, 11.83 W
2026/09/23 18:40:38.144, NVIDIA GeForce RTX 4060 Ti, 39 %, 5270 MiB, 8188 MiB, 34, 9.88 W
2026/09/23 18:40:39.149, NVIDIA GeForce RTX 4060 Ti, 0 %, 5270 MiB, 8188 MiB, 34, 8.52 W
2026/09/23 18:40:40.157, NVIDIA GeForce RTX 4060 Ti, 0 %, 5270 MiB, 8188 MiB, 34, 6.15 W
2026/09/23 18:40:41.164, NVIDIA GeForce RTX 4060 Ti, 0 %, 5270 MiB, 8188 MiB, 34, 5.81 W
2026/09/23 18:40:42.172, NVIDIA GeForce RTX 4060 Ti, 55 %, 5270 MiB, 8188 MiB, 34, 7.07 W
2026/09/23 18:40:43.177, NVIDIA GeForce RTX 4060 Ti, 40 %, 5270 MiB, 8188 MiB, 34, 9.84 W
2026/09/23 18:40:44.187, NVIDIA GeForce RTX 4060 Ti, 41 %, 5270 MiB, 8188 MiB, 34, 10.02 W
2026/09/23 18:40:45.198, NVIDIA GeForce RTX 4060 Ti, 43 %, 5270 MiB, 8188 MiB, 34, 10.09 W
2026/09/23 18:40:46.203, NVIDIA GeForce RTX 4060 Ti, 34 %, 5270 MiB, 8188 MiB, 34, 13.06 W
2026/09/23 18:40:47.208, NVIDIA GeForce RTX 4060 Ti, 39 %, 5270 MiB, 8188 MiB, 34, 12.90 W
2026/09/23 18:40:48.214, NVIDIA GeForce RTX 4060 Ti, 43 %, 5270 MiB, 8188 MiB, 34, 10.03 W
2026/09/23 18:40:49.221, NVIDIA GeForce RTX 4060 Ti, 35 %, 5270 MiB, 8188 MiB, 34, 13.15 W
2026/09/23 18:40:50.227, NVIDIA GeForce RTX 4060 Ti, 35 %, 5270 MiB, 8188 MiB, 34, 12.51 W
2026/09/23 18:40:51.232, NVIDIA GeForce RTX 4060 Ti, 34 %, 5270 MiB, 8188 MiB, 34, 9.57 W
2026/09/23 18:40:52.237, NVIDIA GeForce RTX 4060 Ti, 38 %, 5270 MiB, 8188 MiB, 34, 9.54 W
2026/09/23 18:40:53.242, NVIDIA GeForce RTX 4060 Ti, 40 %, 5270 MiB, 8188 MiB, 34, 9.54 W
2026/09/23 18:40:54.248, NVIDIA GeForce RTX 4060 Ti, 37 %, 5270 MiB, 8188 MiB, 34, 9.56 W
2026/09/23 18:40:55.254, NVIDIA GeForce RTX 4060 Ti, 38 %, 5270 MiB, 8188 MiB, 34, 9.53 W
2026/09/23 18:40:56.259, NVIDIA GeForce RTX 4060 Ti, 35 %, 5270 MiB, 8188 MiB, 34, 9.46 W
2026/09/23 18:40:57.265, NVIDIA GeForce RTX 4060 Ti, 38 %, 5270 MiB, 8188 MiB, 34, 9.51 W
2026/09/23 18:40:58.270, NVIDIA GeForce RTX 4060 Ti, 38 %, 5270 MiB, 8188 MiB, 34, 9.42 W
2026/09/23 18:40:59.275, NVIDIA GeForce RTX 4060 Ti, 40 %, 5270 MiB, 8188 MiB, 34, 9.49 W
2026/09/23 18:41:00.281, NVIDIA GeForce RTX 4060 Ti, 38 %, 5270 MiB, 8188 MiB, 34, 9.56 W
2026/09/23 18:41:01.286, NVIDIA GeForce RTX 4060 Ti, 41 %, 5270 MiB, 8188 MiB, 34, 9.56 W
2026/09/23 18:41:02.292, NVIDIA GeForce RTX 4060 Ti, 38 %, 5270 MiB, 8188 MiB, 34, 9.47 W
2026/09/23 18:41:03.298, NVIDIA GeForce RTX 4060 Ti, 38 %, 5270 MiB, 8188 MiB, 34, 9.50 W
2026/09/23 18:41:04.304, NVIDIA GeForce RTX 4060 Ti, 42 %, 5270 MiB, 8188 MiB, 34, 9.45 W
2026/09/23 18:41:05.309, NVIDIA GeForce RTX 4060 Ti, 39 %, 5270 MiB, 8188 MiB, 34, 9.44 W
2026/09/23 18:41:06.315, NVIDIA GeForce RTX 4060 Ti, 38 %, 5270 MiB, 8188 MiB, 34, 9.42 W
2026/09/23 18:41:07.322, NVIDIA GeForce RTX 4060 Ti, 39 %, 5270 MiB, 8188 MiB, 34, 9.41 W
2026/09/23 18:41:08.327, NVIDIA GeForce RTX 4060 Ti, 39 %, 5270 MiB, 8188 MiB, 34, 9.47 W
2026/09/23 18:41:09.333, NVIDIA GeForce RTX 4060 Ti, 31 %, 5270 MiB, 8188 MiB, 34, 9.42 W
2026/09/23 18:41:10.339, NVIDIA GeForce RTX 4060 Ti, 4 %, 5270 MiB, 8188 MiB, 34, 7.38 W
2026/09/23 18:41:11.346, NVIDIA GeForce RTX 4060 Ti, 4 %, 5270 MiB, 8188 MiB, 34, 5.97 W
2026/09/23 18:41:12.353, NVIDIA GeForce RTX 4060 Ti, 4 %, 5270 MiB, 8188 MiB, 34, 6.07 W
2026/09/23 18:41:13.360, NVIDIA GeForce RTX 4060 Ti, 39 %, 5270 MiB, 8188 MiB, 34, 7.86 W
2026/09/23 18:41:14.365, NVIDIA GeForce RTX 4060 Ti, 41 %, 5270 MiB, 8188 MiB, 34, 9.58 W
2026/09/23 18:41:15.371, NVIDIA GeForce RTX 4060 Ti, 33 %, 5270 MiB, 8188 MiB, 34, 9.57 W
2026/09/23 18:41:16.376, NVIDIA GeForce RTX 4060 Ti, 35 %, 5270 MiB, 8188 MiB, 34, 9.69 W
2026/09/23 18:41:17.381, NVIDIA GeForce RTX 4060 Ti, 34 %, 5270 MiB, 8188 MiB, 34, 9.58 W
2026/09/23 18:41:18.387, NVIDIA GeForce RTX 4060 Ti, 35 %, 5270 MiB, 8188 MiB, 34, 9.60 W
2026/09/23 18:41:19.392, NVIDIA GeForce RTX 4060 Ti, 35 %, 5270 MiB, 8188 MiB, 34, 9.52 W
2026/09/23 18:41:20.400, NVIDIA GeForce RTX 4060 Ti, 37 %, 5270 MiB, 8188 MiB, 34, 9.55 W
2026/09/23 18:41:21.406, NVIDIA GeForce RTX 4060 Ti, 35 %, 5270 MiB, 8188 MiB, 34, 9.57 W
2026/09/23 18:41:22.413, NVIDIA GeForce RTX 4060 Ti, 34 %, 5270 MiB, 8188 MiB, 34, 9.56 W
2026/09/23 18:41:23.419, NVIDIA GeForce RTX 4060 Ti, 33 %, 5270 MiB, 8188 MiB, 34, 9.85 W
2026/09/23 18:41:24.425, NVIDIA GeForce RTX 4060 Ti, 41 %, 5270 MiB, 8188 MiB, 34, 10.11 W
2026/09/23 18:41:25.433, NVIDIA GeForce RTX 4060 Ti, 35 %, 5270 MiB, 8188 MiB, 34, 10.09 W
2026/09/23 18:41:26.440, NVIDIA GeForce RTX 4060 Ti, 32 %, 5270 MiB, 8188 MiB, 34, 12.47 W
2026/09/23 18:41:27.446, NVIDIA GeForce RTX 4060 Ti, 34 %, 5270 MiB, 8188 MiB, 34, 13.34 W
2026/09/23 18:41:28.453, NVIDIA GeForce RTX 4060 Ti, 33 %, 5270 MiB, 8188 MiB, 34, 10.89 W
2026/09/23 18:41:29.460, NVIDIA GeForce RTX 4060 Ti, 34 %, 5270 MiB, 8188 MiB, 34, 13.39 W
2026/09/23 18:41:30.465, NVIDIA GeForce RTX 4060 Ti, 37 %, 5270 MiB, 8188 MiB, 34, 12.77 W
2026/09/23 18:41:31.471, NVIDIA GeForce RTX 4060 Ti, 37 %, 5270 MiB, 8188 MiB, 34, 13.41 W
2026/09/23 18:41:32.477, NVIDIA GeForce RTX 4060 Ti, 31 %, 5270 MiB, 8188 MiB, 34, 11.89 W
2026/09/23 18:41:33.485, NVIDIA GeForce RTX 4060 Ti, 34 %, 5270 MiB, 8188 MiB, 34, 9.98 W
2026/09/23 18:41:34.492, NVIDIA GeForce RTX 4060 Ti, 32 %, 5270 MiB, 8188 MiB, 34, 12.17 W
2026/09/23 18:41:35.499, NVIDIA GeForce RTX 4060 Ti, 34 %, 5270 MiB, 8188 MiB, 34, 13.34 W
2026/09/23 18:41:36.504, NVIDIA GeForce RTX 4060 Ti, 33 %, 5270 MiB, 8188 MiB, 34, 12.74 W
2026/09/23 18:41:37.510, NVIDIA GeForce RTX 4060 Ti, 27 %, 5270 MiB, 8188 MiB, 34, 13.10 W
2026/09/23 18:41:38.519, NVIDIA GeForce RTX 4060 Ti, 0 %, 5270 MiB, 8188 MiB, 34, 8.87 W
2026/09/23 18:41:39.526, NVIDIA GeForce RTX 4060 Ti, 0 %, 5270 MiB, 8188 MiB, 34, 6.25 W
2026/09/23 18:41:40.533, NVIDIA GeForce RTX 4060 Ti, 0 %, 5270 MiB, 8188 MiB, 34, 5.79 W
2026/09/23 18:41:41.541, NVIDIA GeForce RTX 4060 Ti, 50 %, 5270 MiB, 8188 MiB, 34, 7.42 W
2026/09/23 18:41:42.554, NVIDIA GeForce RTX 4060 Ti, 0 %, 5270 MiB, 8188 MiB, 34, 6.58 W
2026/09/23 18:41:43.561, NVIDIA GeForce RTX 4060 Ti, 0 %, 5270 MiB, 8188 MiB, 34, 6.16 W
2026/09/23 18:41:44.567, NVIDIA GeForce RTX 4060 Ti, 0 %, 5270 MiB, 8188 MiB, 34, 6.02 W
2026/09/23 18:41:45.575, NVIDIA GeForce RTX 4060 Ti, 36 %, 5270 MiB, 8188 MiB, 34, 9.02 W
2026/09/23 18:41:46.582, NVIDIA GeForce RTX 4060 Ti, 40 %, 5270 MiB, 8188 MiB, 34, 10.50 W
2026/09/23 18:41:47.592, NVIDIA GeForce RTX 4060 Ti, 36 %, 5270 MiB, 8188 MiB, 34, 10.53 W
2026/09/23 18:41:48.599, NVIDIA GeForce RTX 4060 Ti, 38 %, 5270 MiB, 8188 MiB, 34, 10.31 W
2026/09/23 18:41:49.606, NVIDIA GeForce RTX 4060 Ti, 43 %, 5270 MiB, 8188 MiB, 34, 10.29 W
2026/09/23 18:41:50.613, NVIDIA GeForce RTX 4060 Ti, 38 %, 5270 MiB, 8188 MiB, 34, 10.40 W
2026/09/23 18:41:51.619, NVIDIA GeForce RTX 4060 Ti, 35 %, 5270 MiB, 8188 MiB, 34, 10.35 W
2026/09/23 18:41:52.626, NVIDIA GeForce RTX 4060 Ti, 34 %, 5270 MiB, 8188 MiB, 34, 10.34 W
2026/09/23 18:41:53.635, NVIDIA GeForce RTX 4060 Ti, 34 %, 5270 MiB, 8188 MiB, 34, 10.31 W
2026/09/23 18:41:54.643, NVIDIA GeForce RTX 4060 Ti, 38 %, 5270 MiB, 8188 MiB, 34, 10.43 W
2026/09/23 18:41:55.655, NVIDIA GeForce RTX 4060 Ti, 37 %, 5270 MiB, 8188 MiB, 34, 10.49 W
2026/09/23 18:41:56.664, NVIDIA GeForce RTX 4060 Ti, 39 %, 5270 MiB, 8188 MiB, 34, 10.45 W
2026/09/23 18:41:57.670, NVIDIA GeForce RTX 4060 Ti, 38 %, 5270 MiB, 8188 MiB, 34, 10.27 W
2026/09/23 18:41:58.678, NVIDIA GeForce RTX 4060 Ti, 40 %, 5270 MiB, 8188 MiB, 34, 10.23 W
2026/09/23 18:41:59.686, NVIDIA GeForce RTX 4060 Ti, 35 %, 5270 MiB, 8188 MiB, 34, 10.36 W
2026/09/23 18:42:00.690, NVIDIA GeForce RTX 4060 Ti, 35 %, 5270 MiB, 8188 MiB, 34, 10.42 W
2026/09/23 18:42:01.697, NVIDIA GeForce RTX 4060 Ti, 37 %, 5270 MiB, 8188 MiB, 34, 10.75 W
2026/09/23 18:42:02.705, NVIDIA GeForce RTX 4060 Ti, 39 %, 5270 MiB, 8188 MiB, 34, 10.73 W
2026/09/23 18:42:03.712, NVIDIA GeForce RTX 4060 Ti, 43 %, 5270 MiB, 8188 MiB, 34, 10.49 W
2026/09/23 18:42:04.718, NVIDIA GeForce RTX 4060 Ti, 41 %, 5270 MiB, 8188 MiB, 34, 10.65 W
2026/09/23 18:42:05.731, NVIDIA GeForce RTX 4060 Ti, 39 %, 5270 MiB, 8188 MiB, 34, 10.79 W
2026/09/23 18:42:06.741, NVIDIA GeForce RTX 4060 Ti, 34 %, 5270 MiB, 8188 MiB, 34, 10.78 W
2026/09/23 18:42:07.747, NVIDIA GeForce RTX 4060 Ti, 33 %, 5270 MiB, 8188 MiB, 34, 10.77 W
2026/09/23 18:42:08.758, NVIDIA GeForce RTX 4060 Ti, 37 %, 5270 MiB, 8188 MiB, 34, 10.74 W
2026/09/23 18:42:09.764, NVIDIA GeForce RTX 4060 Ti, 37 %, 5270 MiB, 8188 MiB, 34, 10.47 W
2026/09/23 18:42:10.768, NVIDIA GeForce RTX 4060 Ti, 39 %, 5270 MiB, 8188 MiB, 34, 10.73 W
2026/09/23 18:42:11.776, NVIDIA GeForce RTX 4060 Ti, 42 %, 5270 MiB, 8188 MiB, 34, 10.77 W
2026/09/23 18:42:12.781, NVIDIA GeForce RTX 4060 Ti, 33 %, 5270 MiB, 8188 MiB, 34, 13.12 W
2026/09/23 18:42:13.789, NVIDIA GeForce RTX 4060 Ti, 27 %, 5270 MiB, 8188 MiB, 34, 13.67 W
2026/09/23 18:42:14.796, NVIDIA GeForce RTX 4060 Ti, 34 %, 5270 MiB, 8188 MiB, 34, 11.06 W
2026/09/23 18:42:15.802, NVIDIA GeForce RTX 4060 Ti, 33 %, 5270 MiB, 8188 MiB, 34, 10.76 W
2026/09/23 18:42:16.810, NVIDIA GeForce RTX 4060 Ti, 38 %, 5270 MiB, 8188 MiB, 34, 10.70 W
2026/09/23 18:42:17.819, NVIDIA GeForce RTX 4060 Ti, 32 %, 5270 MiB, 8188 MiB, 34, 11.70 W
2026/09/23 18:42:18.828, NVIDIA GeForce RTX 4060 Ti, 29 %, 5270 MiB, 8188 MiB, 34, 13.67 W
2026/09/23 18:42:19.834, NVIDIA GeForce RTX 4060 Ti, 41 %, 5270 MiB, 8188 MiB, 34, 11.99 W
2026/09/23 18:42:20.839, NVIDIA GeForce RTX 4060 Ti, 43 %, 5270 MiB, 8188 MiB, 34, 10.73 W
2026/09/23 18:42:21.844, NVIDIA GeForce RTX 4060 Ti, 0 %, 5270 MiB, 8188 MiB, 34, 8.72 W
2026/09/23 18:42:22.851, NVIDIA GeForce RTX 4060 Ti, 1 %, 5270 MiB, 8188 MiB, 34, 6.02 W
2026/09/23 18:42:23.858, NVIDIA GeForce RTX 4060 Ti, 1 %, 5270 MiB, 8188 MiB, 34, 6.13 W
2026/09/23 18:42:24.865, NVIDIA GeForce RTX 4060 Ti, 21 %, 5270 MiB, 8188 MiB, 34, 6.76 W
2026/09/23 18:42:25.871, NVIDIA GeForce RTX 4060 Ti, 38 %, 5270 MiB, 8188 MiB, 34, 10.43 W
2026/09/23 18:42:26.876, NVIDIA GeForce RTX 4060 Ti, 38 %, 5270 MiB, 8188 MiB, 34, 10.45 W
2026/09/23 18:42:27.886, NVIDIA GeForce RTX 4060 Ti, 46 %, 5270 MiB, 8188 MiB, 34, 10.60 W
2026/09/23 18:42:28.893, NVIDIA GeForce RTX 4060 Ti, 35 %, 5270 MiB, 8188 MiB, 34, 10.45 W
2026/09/23 18:42:29.897, NVIDIA GeForce RTX 4060 Ti, 34 %, 5270 MiB, 8188 MiB, 34, 10.36 W
2026/09/23 18:42:30.904, NVIDIA GeForce RTX 4060 Ti, 37 %, 5270 MiB, 8188 MiB, 34, 10.46 W
2026/09/23 18:42:31.911, NVIDIA GeForce RTX 4060 Ti, 35 %, 5270 MiB, 8188 MiB, 34, 10.35 W
2026/09/23 18:42:32.916, NVIDIA GeForce RTX 4060 Ti, 37 %, 5270 MiB, 8188 MiB, 34, 10.31 W
2026/09/23 18:42:33.923, NVIDIA GeForce RTX 4060 Ti, 41 %, 5270 MiB, 8188 MiB, 34, 10.62 W
2026/09/23 18:42:34.930, NVIDIA GeForce RTX 4060 Ti, 44 %, 5270 MiB, 8188 MiB, 34, 10.78 W
2026/09/23 18:42:35.938, NVIDIA GeForce RTX 4060 Ti, 37 %, 5270 MiB, 8188 MiB, 34, 10.76 W
2026/09/23 18:42:36.945, NVIDIA GeForce RTX 4060 Ti, 37 %, 5270 MiB, 8188 MiB, 34, 10.77 W
2026/09/23 18:42:37.951, NVIDIA GeForce RTX 4060 Ti, 43 %, 5270 MiB, 8188 MiB, 34, 10.77 W
2026/09/23 18:42:38.958, NVIDIA GeForce RTX 4060 Ti, 37 %, 5270 MiB, 8188 MiB, 34, 10.85 W
2026/09/23 18:42:39.964, NVIDIA GeForce RTX 4060 Ti, 31 %, 5270 MiB, 8188 MiB, 34, 10.55 W
2026/09/23 18:42:40.971, NVIDIA GeForce RTX 4060 Ti, 35 %, 5270 MiB, 8188 MiB, 34, 10.67 W
2026/09/23 18:42:41.977, NVIDIA GeForce RTX 4060 Ti, 36 %, 5270 MiB, 8188 MiB, 34, 10.84 W
2026/09/23 18:42:42.985, NVIDIA GeForce RTX 4060 Ti, 36 %, 5270 MiB, 8188 MiB, 34, 10.54 W
2026/09/23 18:42:43.993, NVIDIA GeForce RTX 4060 Ti, 40 %, 5270 MiB, 8188 MiB, 34, 10.67 W
2026/09/23 18:42:45.000, NVIDIA GeForce RTX 4060 Ti, 39 %, 5270 MiB, 8188 MiB, 34, 10.48 W
2026/09/23 18:42:46.005, NVIDIA GeForce RTX 4060 Ti, 40 %, 5270 MiB, 8188 MiB, 34, 10.76 W
2026/09/23 18:42:47.011, NVIDIA GeForce RTX 4060 Ti, 37 %, 5270 MiB, 8188 MiB, 34, 10.72 W
2026/09/23 18:42:48.017, NVIDIA GeForce RTX 4060 Ti, 36 %, 5270 MiB, 8188 MiB, 34, 10.74 W
2026/09/23 18:42:49.023, NVIDIA GeForce RTX 4060 Ti, 39 %, 5270 MiB, 8188 MiB, 34, 11.01 W
2026/09/23 18:42:50.032, NVIDIA GeForce RTX 4060 Ti, 34 %, 5270 MiB, 8188 MiB, 34, 10.63 W
2026/09/23 18:42:51.041, NVIDIA GeForce RTX 4060 Ti, 41 %, 5270 MiB, 8188 MiB, 34, 10.69 W
2026/09/23 18:42:52.048, NVIDIA GeForce RTX 4060 Ti, 40 %, 5270 MiB, 8188 MiB, 34, 10.86 W
2026/09/23 18:42:53.055, NVIDIA GeForce RTX 4060 Ti, 36 %, 5270 MiB, 8188 MiB, 34, 13.47 W
2026/09/23 18:42:54.063, NVIDIA GeForce RTX 4060 Ti, 30 %, 5270 MiB, 8188 MiB, 34, 13.77 W
2026/09/23 18:42:55.072, NVIDIA GeForce RTX 4060 Ti, 34 %, 5270 MiB, 8188 MiB, 34, 10.64 W
2026/09/23 18:42:56.077, NVIDIA GeForce RTX 4060 Ti, 33 %, 5270 MiB, 8188 MiB, 34, 10.70 W
2026/09/23 18:42:57.085, NVIDIA GeForce RTX 4060 Ti, 39 %, 5270 MiB, 8188 MiB, 34, 10.70 W
2026/09/23 18:42:58.092, NVIDIA GeForce RTX 4060 Ti, 34 %, 5270 MiB, 8188 MiB, 34, 10.81 W
2026/09/23 18:42:59.100, NVIDIA GeForce RTX 4060 Ti, 36 %, 5270 MiB, 8188 MiB, 34, 13.40 W
2026/09/23 18:43:00.107, NVIDIA GeForce RTX 4060 Ti, 36 %, 5270 MiB, 8188 MiB, 34, 12.99 W
2026/09/23 18:43:01.113, NVIDIA GeForce RTX 4060 Ti, 0 %, 5270 MiB, 8188 MiB, 34, 6.80 W
2026/09/23 18:43:02.121, NVIDIA GeForce RTX 4060 Ti, 0 %, 5270 MiB, 8188 MiB, 34, 6.06 W
2026/09/23 18:43:03.128, NVIDIA GeForce RTX 4060 Ti, 0 %, 5270 MiB, 8188 MiB, 34, 6.04 W
2026/09/23 18:43:04.136, NVIDIA GeForce RTX 4060 Ti, 39 %, 5270 MiB, 8188 MiB, 34, 9.44 W
2026/09/23 18:43:05.146, NVIDIA GeForce RTX 4060 Ti, 40 %, 5270 MiB, 8188 MiB, 34, 10.99 W
2026/09/23 18:43:06.164, NVIDIA GeForce RTX 4060 Ti, 38 %, 5270 MiB, 8188 MiB, 34, 10.90 W
2026/09/23 18:43:07.172, NVIDIA GeForce RTX 4060 Ti, 42 %, 5270 MiB, 8188 MiB, 34, 10.92 W
2026/09/23 18:43:08.179, NVIDIA GeForce RTX 4060 Ti, 42 %, 5270 MiB, 8188 MiB, 34, 10.98 W
2026/09/23 18:43:09.186, NVIDIA GeForce RTX 4060 Ti, 46 %, 5270 MiB, 8188 MiB, 34, 10.92 W
2026/09/23 18:43:10.193, NVIDIA GeForce RTX 4060 Ti, 37 %, 5270 MiB, 8188 MiB, 34, 13.68 W
2026/09/23 18:43:11.199, NVIDIA GeForce RTX 4060 Ti, 42 %, 5270 MiB, 8188 MiB, 34, 13.40 W
2026/09/23 18:43:12.206, NVIDIA GeForce RTX 4060 Ti, 31 %, 5270 MiB, 8188 MiB, 34, 12.18 W
2026/09/23 18:43:13.218, NVIDIA GeForce RTX 4060 Ti, 31 %, 5270 MiB, 8188 MiB, 34, 13.84 W
2026/09/23 18:43:14.225, NVIDIA GeForce RTX 4060 Ti, 47 %, 5270 MiB, 8188 MiB, 34, 12.23 W
2026/09/23 18:43:15.233, NVIDIA GeForce RTX 4060 Ti, 35 %, 5270 MiB, 8188 MiB, 34, 13.86 W
2026/09/23 18:43:16.238, NVIDIA GeForce RTX 4060 Ti, 46 %, 5270 MiB, 8188 MiB, 34, 13.15 W
2026/09/23 18:43:17.256, NVIDIA GeForce RTX 4060 Ti, 45 %, 5275 MiB, 8188 MiB, 34, 11.17 W
2026/09/23 18:43:18.261, NVIDIA GeForce RTX 4060 Ti, 30 %, 5275 MiB, 8188 MiB, 34, 13.95 W
2026/09/23 18:43:19.271, NVIDIA GeForce RTX 4060 Ti, 39 %, 5275 MiB, 8188 MiB, 34, 13.32 W
2026/09/23 18:43:20.282, NVIDIA GeForce RTX 4060 Ti, 40 %, 5275 MiB, 8188 MiB, 34, 10.81 W
2026/09/23 18:43:21.305, NVIDIA GeForce RTX 4060 Ti, 38 %, 5275 MiB, 8188 MiB, 34, 10.57 W
2026/09/23 18:43:22.315, NVIDIA GeForce RTX 4060 Ti, 45 %, 5275 MiB, 8188 MiB, 34, 10.81 W
2026/09/23 18:43:23.323, NVIDIA GeForce RTX 4060 Ti, 42 %, 5275 MiB, 8188 MiB, 34, 10.63 W
2026/09/23 18:43:24.330, NVIDIA GeForce RTX 4060 Ti, 45 %, 5273 MiB, 8188 MiB, 34, 10.86 W
2026/09/23 18:43:25.354, NVIDIA GeForce RTX 4060 Ti, 41 %, 5272 MiB, 8188 MiB, 34, 10.77 W
2026/09/23 18:43:26.364, NVIDIA GeForce RTX 4060 Ti, 41 %, 5272 MiB, 8188 MiB, 34, 10.83 W
2026/09/23 18:43:27.371, NVIDIA GeForce RTX 4060 Ti, 36 %, 5272 MiB, 8188 MiB, 34, 10.89 W
2026/09/23 18:43:28.376, NVIDIA GeForce RTX 4060 Ti, 35 %, 5272 MiB, 8188 MiB, 34, 10.77 W
2026/09/23 18:43:29.400, NVIDIA GeForce RTX 4060 Ti, 35 %, 5272 MiB, 8188 MiB, 34, 10.94 W
2026/09/23 18:43:30.406, NVIDIA GeForce RTX 4060 Ti, 35 %, 5270 MiB, 8188 MiB, 34, 11.49 W
2026/09/23 18:43:31.414, NVIDIA GeForce RTX 4060 Ti, 34 %, 5270 MiB, 8188 MiB, 34, 13.89 W
2026/09/23 18:43:32.420, NVIDIA GeForce RTX 4060 Ti, 42 %, 5270 MiB, 8188 MiB, 34, 12.36 W
2026/09/23 18:43:33.426, NVIDIA GeForce RTX 4060 Ti, 38 %, 5270 MiB, 8188 MiB, 34, 10.59 W
2026/09/23 18:43:34.431, NVIDIA GeForce RTX 4060 Ti, 40 %, 5270 MiB, 8188 MiB, 34, 10.62 W
2026/09/23 18:43:35.440, NVIDIA GeForce RTX 4060 Ti, 36 %, 5270 MiB, 8188 MiB, 34, 10.59 W
2026/09/23 18:43:36.455, NVIDIA GeForce RTX 4060 Ti, 27 %, 5270 MiB, 8188 MiB, 34, 10.23 W
2026/09/23 18:43:37.463, NVIDIA GeForce RTX 4060 Ti, 0 %, 5270 MiB, 8188 MiB, 34, 7.41 W
2026/09/23 18:43:38.471, NVIDIA GeForce RTX 4060 Ti, 0 %, 5270 MiB, 8188 MiB, 34, 6.09 W
2026/09/23 18:43:39.478, NVIDIA GeForce RTX 4060 Ti, 0 %, 5270 MiB, 8188 MiB, 34, 6.05 W
2026/09/23 18:43:40.485, NVIDIA GeForce RTX 4060 Ti, 41 %, 5270 MiB, 8188 MiB, 34, 7.53 W
2026/09/23 18:43:41.492, NVIDIA GeForce RTX 4060 Ti, 0 %, 5270 MiB, 8188 MiB, 34, 6.52 W
2026/09/23 18:43:42.498, NVIDIA GeForce RTX 4060 Ti, 0 %, 5270 MiB, 8188 MiB, 34, 6.04 W
2026/09/23 18:43:43.505, NVIDIA GeForce RTX 4060 Ti, 0 %, 5270 MiB, 8188 MiB, 34, 5.97 W
2026/09/23 18:43:44.512, NVIDIA GeForce RTX 4060 Ti, 33 %, 5270 MiB, 8188 MiB, 34, 8.78 W
2026/09/23 18:43:45.518, NVIDIA GeForce RTX 4060 Ti, 34 %, 5270 MiB, 8188 MiB, 34, 9.88 W
2026/09/23 18:43:46.532, NVIDIA GeForce RTX 4060 Ti, 32 %, 5270 MiB, 8188 MiB, 34, 10.04 W
2026/09/23 18:43:47.540, NVIDIA GeForce RTX 4060 Ti, 37 %, 5270 MiB, 8188 MiB, 34, 10.18 W
2026/09/23 18:43:48.547, NVIDIA GeForce RTX 4060 Ti, 32 %, 5270 MiB, 8188 MiB, 34, 10.14 W
2026/09/23 18:43:49.553, NVIDIA GeForce RTX 4060 Ti, 34 %, 5270 MiB, 8188 MiB, 34, 10.10 W
2026/09/23 18:43:50.558, NVIDIA GeForce RTX 4060 Ti, 40 %, 5270 MiB, 8188 MiB, 34, 10.17 W
2026/09/23 18:43:51.567, NVIDIA GeForce RTX 4060 Ti, 39 %, 5270 MiB, 8188 MiB, 34, 10.22 W
2026/09/23 18:43:52.573, NVIDIA GeForce RTX 4060 Ti, 30 %, 5270 MiB, 8188 MiB, 34, 10.15 W
2026/09/23 18:43:53.580, NVIDIA GeForce RTX 4060 Ti, 33 %, 5270 MiB, 8188 MiB, 34, 10.03 W
2026/09/23 18:43:54.589, NVIDIA GeForce RTX 4060 Ti, 37 %, 5270 MiB, 8188 MiB, 34, 9.97 W
2026/09/23 18:43:55.595, NVIDIA GeForce RTX 4060 Ti, 34 %, 5270 MiB, 8188 MiB, 34, 9.94 W
2026/09/23 18:43:56.609, NVIDIA GeForce RTX 4060 Ti, 29 %, 5270 MiB, 8188 MiB, 34, 9.88 W
2026/09/23 18:43:57.614, NVIDIA GeForce RTX 4060 Ti, 39 %, 5270 MiB, 8188 MiB, 34, 9.89 W
2026/09/23 18:43:58.621, NVIDIA GeForce RTX 4060 Ti, 39 %, 5270 MiB, 8188 MiB, 34, 9.94 W
2026/09/23 18:43:59.627, NVIDIA GeForce RTX 4060 Ti, 40 %, 5270 MiB, 8188 MiB, 34, 10.09 W
2026/09/23 18:44:00.633, NVIDIA GeForce RTX 4060 Ti, 32 %, 5270 MiB, 8188 MiB, 34, 10.08 W
2026/09/23 18:44:01.640, NVIDIA GeForce RTX 4060 Ti, 33 %, 5270 MiB, 8188 MiB, 34, 10.06 W
2026/09/23 18:44:02.645, NVIDIA GeForce RTX 4060 Ti, 35 %, 5270 MiB, 8188 MiB, 34, 10.12 W
2026/09/23 18:44:03.651, NVIDIA GeForce RTX 4060 Ti, 36 %, 5270 MiB, 8188 MiB, 34, 10.00 W
2026/09/23 18:44:04.657, NVIDIA GeForce RTX 4060 Ti, 39 %, 5270 MiB, 8188 MiB, 34, 10.08 W
2026/09/23 18:44:05.667, NVIDIA GeForce RTX 4060 Ti, 35 %, 5270 MiB, 8188 MiB, 34, 10.03 W
2026/09/23 18:44:06.674, NVIDIA GeForce RTX 4060 Ti, 36 %, 5270 MiB, 8188 MiB, 34, 10.01 W
2026/09/23 18:44:07.684, NVIDIA GeForce RTX 4060 Ti, 33 %, 5270 MiB, 8188 MiB, 34, 10.06 W
2026/09/23 18:44:08.696, NVIDIA GeForce RTX 4060 Ti, 33 %, 5270 MiB, 8188 MiB, 34, 10.15 W
2026/09/23 18:44:09.701, NVIDIA GeForce RTX 4060 Ti, 29 %, 5270 MiB, 8188 MiB, 34, 10.04 W
2026/09/23 18:44:10.717, NVIDIA GeForce RTX 4060 Ti, 34 %, 5270 MiB, 8188 MiB, 34, 10.19 W
2026/09/23 18:44:11.722, NVIDIA GeForce RTX 4060 Ti, 0 %, 5270 MiB, 8188 MiB, 34, 8.51 W
2026/09/23 18:44:12.729, NVIDIA GeForce RTX 4060 Ti, 0 %, 5270 MiB, 8188 MiB, 34, 6.17 W
2026/09/23 18:44:13.737, NVIDIA GeForce RTX 4060 Ti, 0 %, 5270 MiB, 8188 MiB, 34, 5.90 W
2026/09/23 18:44:14.744, NVIDIA GeForce RTX 4060 Ti, 42 %, 5270 MiB, 8188 MiB, 34, 7.18 W
2026/09/23 18:44:15.751, NVIDIA GeForce RTX 4060 Ti, 43 %, 5270 MiB, 8188 MiB, 34, 9.50 W
2026/09/23 18:44:16.757, NVIDIA GeForce RTX 4060 Ti, 44 %, 5270 MiB, 8188 MiB, 34, 9.76 W
2026/09/23 18:44:17.764, NVIDIA GeForce RTX 4060 Ti, 27 %, 5270 MiB, 8188 MiB, 34, 9.85 W
2026/09/23 18:44:18.770, NVIDIA GeForce RTX 4060 Ti, 32 %, 5270 MiB, 8188 MiB, 34, 10.05 W
2026/09/23 18:44:19.778, NVIDIA GeForce RTX 4060 Ti, 31 %, 5270 MiB, 8188 MiB, 34, 9.98 W
2026/09/23 18:44:20.785, NVIDIA GeForce RTX 4060 Ti, 37 %, 5270 MiB, 8188 MiB, 34, 9.97 W
2026/09/23 18:44:21.792, NVIDIA GeForce RTX 4060 Ti, 39 %, 5270 MiB, 8188 MiB, 34, 10.05 W
2026/09/23 18:44:22.797, NVIDIA GeForce RTX 4060 Ti, 33 %, 5270 MiB, 8188 MiB, 34, 10.10 W
2026/09/23 18:44:23.802, NVIDIA GeForce RTX 4060 Ti, 39 %, 5270 MiB, 8188 MiB, 34, 10.02 W
2026/09/23 18:44:24.809, NVIDIA GeForce RTX 4060 Ti, 39 %, 5270 MiB, 8188 MiB, 34, 9.94 W
2026/09/23 18:44:25.816, NVIDIA GeForce RTX 4060 Ti, 35 %, 5270 MiB, 8188 MiB, 34, 10.10 W
2026/09/23 18:44:26.821, NVIDIA GeForce RTX 4060 Ti, 34 %, 5270 MiB, 8188 MiB, 34, 9.93 W
2026/09/23 18:44:27.829, NVIDIA GeForce RTX 4060 Ti, 32 %, 5270 MiB, 8188 MiB, 34, 9.96 W
2026/09/23 18:44:28.837, NVIDIA GeForce RTX 4060 Ti, 33 %, 5270 MiB, 8188 MiB, 34, 9.70 W
2026/09/23 18:44:29.842, NVIDIA GeForce RTX 4060 Ti, 37 %, 5270 MiB, 8188 MiB, 34, 9.98 W
2026/09/23 18:44:30.854, NVIDIA GeForce RTX 4060 Ti, 38 %, 5270 MiB, 8188 MiB, 34, 9.87 W
2026/09/23 18:44:31.860, NVIDIA GeForce RTX 4060 Ti, 33 %, 5270 MiB, 8188 MiB, 34, 9.62 W
2026/09/23 18:44:32.868, NVIDIA GeForce RTX 4060 Ti, 32 %, 5270 MiB, 8188 MiB, 34, 9.62 W
2026/09/23 18:44:33.874, NVIDIA GeForce RTX 4060 Ti, 34 %, 5270 MiB, 8188 MiB, 34, 9.58 W
2026/09/23 18:44:34.881, NVIDIA GeForce RTX 4060 Ti, 34 %, 5270 MiB, 8188 MiB, 34, 9.67 W
2026/09/23 18:44:35.890, NVIDIA GeForce RTX 4060 Ti, 35 %, 5270 MiB, 8188 MiB, 34, 9.84 W
2026/09/23 18:44:36.906, NVIDIA GeForce RTX 4060 Ti, 35 %, 5270 MiB, 8188 MiB, 34, 9.94 W
2026/09/23 18:44:37.918, NVIDIA GeForce RTX 4060 Ti, 35 %, 5270 MiB, 8188 MiB, 34, 9.88 W
2026/09/23 18:44:38.934, NVIDIA GeForce RTX 4060 Ti, 37 %, 5270 MiB, 8188 MiB, 34, 9.97 W
2026/09/23 18:44:39.943, NVIDIA GeForce RTX 4060 Ti, 38 %, 5270 MiB, 8188 MiB, 34, 10.10 W
2026/09/23 18:44:40.950, NVIDIA GeForce RTX 4060 Ti, 37 %, 5270 MiB, 8188 MiB, 34, 10.07 W
2026/09/23 18:44:41.958, NVIDIA GeForce RTX 4060 Ti, 34 %, 5270 MiB, 8188 MiB, 34, 10.10 W
2026/09/23 18:44:42.967, NVIDIA GeForce RTX 4060 Ti, 37 %, 5270 MiB, 8188 MiB, 34, 10.02 W
2026/09/23 18:44:43.972, NVIDIA GeForce RTX 4060 Ti, 0 %, 5270 MiB, 8188 MiB, 34, 7.02 W
2026/09/23 18:44:44.979, NVIDIA GeForce RTX 4060 Ti, 0 %, 5270 MiB, 8188 MiB, 34, 5.74 W
2026/09/23 18:44:45.987, NVIDIA GeForce RTX 4060 Ti, 0 %, 5270 MiB, 8188 MiB, 34, 5.77 W
2026/09/23 18:44:46.993, NVIDIA GeForce RTX 4060 Ti, 37 %, 5270 MiB, 8188 MiB, 34, 8.27 W
2026/09/23 18:44:47.998, NVIDIA GeForce RTX 4060 Ti, 45 %, 5270 MiB, 8188 MiB, 34, 9.43 W
2026/09/23 18:44:49.004, NVIDIA GeForce RTX 4060 Ti, 42 %, 5270 MiB, 8188 MiB, 34, 9.77 W
2026/09/23 18:44:50.015, NVIDIA GeForce RTX 4060 Ti, 39 %, 5270 MiB, 8188 MiB, 34, 10.01 W
2026/09/23 18:44:51.021, NVIDIA GeForce RTX 4060 Ti, 39 %, 5270 MiB, 8188 MiB, 34, 10.03 W
2026/09/23 18:44:52.031, NVIDIA GeForce RTX 4060 Ti, 31 %, 5270 MiB, 8188 MiB, 34, 10.16 W
2026/09/23 18:44:53.038, NVIDIA GeForce RTX 4060 Ti, 29 %, 5270 MiB, 8188 MiB, 34, 10.13 W
2026/09/23 18:44:54.048, NVIDIA GeForce RTX 4060 Ti, 31 %, 5270 MiB, 8188 MiB, 34, 10.08 W
2026/09/23 18:44:55.057, NVIDIA GeForce RTX 4060 Ti, 39 %, 5270 MiB, 8188 MiB, 34, 10.07 W
2026/09/23 18:44:56.066, NVIDIA GeForce RTX 4060 Ti, 30 %, 5270 MiB, 8188 MiB, 34, 9.87 W
2026/09/23 18:44:57.076, NVIDIA GeForce RTX 4060 Ti, 30 %, 5270 MiB, 8188 MiB, 34, 9.77 W
2026/09/23 18:44:58.083, NVIDIA GeForce RTX 4060 Ti, 34 %, 5270 MiB, 8188 MiB, 34, 9.61 W
2026/09/23 18:44:59.089, NVIDIA GeForce RTX 4060 Ti, 31 %, 5270 MiB, 8188 MiB, 34, 9.57 W
2026/09/23 18:45:00.093, NVIDIA GeForce RTX 4060 Ti, 43 %, 5270 MiB, 8188 MiB, 34, 9.62 W
2026/09/23 18:45:01.112, NVIDIA GeForce RTX 4060 Ti, 40 %, 5270 MiB, 8188 MiB, 34, 9.65 W
2026/09/23 18:45:02.117, NVIDIA GeForce RTX 4060 Ti, 38 %, 5270 MiB, 8188 MiB, 34, 10.00 W
2026/09/23 18:45:03.125, NVIDIA GeForce RTX 4060 Ti, 38 %, 5270 MiB, 8188 MiB, 34, 10.01 W
2026/09/23 18:45:04.135, NVIDIA GeForce RTX 4060 Ti, 35 %, 5270 MiB, 8188 MiB, 34, 10.01 W
2026/09/23 18:45:05.141, NVIDIA GeForce RTX 4060 Ti, 34 %, 5270 MiB, 8188 MiB, 34, 10.02 W
2026/09/23 18:45:06.149, NVIDIA GeForce RTX 4060 Ti, 40 %, 5270 MiB, 8188 MiB, 34, 9.68 W
2026/09/23 18:45:07.154, NVIDIA GeForce RTX 4060 Ti, 41 %, 5270 MiB, 8188 MiB, 34, 9.97 W
2026/09/23 18:45:08.162, NVIDIA GeForce RTX 4060 Ti, 39 %, 5270 MiB, 8188 MiB, 34, 9.91 W
2026/09/23 18:45:09.167, NVIDIA GeForce RTX 4060 Ti, 36 %, 5270 MiB, 8188 MiB, 34, 9.91 W
2026/09/23 18:45:10.174, NVIDIA GeForce RTX 4060 Ti, 41 %, 5270 MiB, 8188 MiB, 34, 9.89 W
2026/09/23 18:45:11.181, NVIDIA GeForce RTX 4060 Ti, 38 %, 5270 MiB, 8188 MiB, 34, 9.99 W
2026/09/23 18:45:12.188, NVIDIA GeForce RTX 4060 Ti, 38 %, 5270 MiB, 8188 MiB, 34, 10.05 W
2026/09/23 18:45:13.193, NVIDIA GeForce RTX 4060 Ti, 39 %, 5270 MiB, 8188 MiB, 34, 10.06 W
2026/09/23 18:45:14.201, NVIDIA GeForce RTX 4060 Ti, 40 %, 5270 MiB, 8188 MiB, 34, 10.08 W
2026/09/23 18:45:15.210, NVIDIA GeForce RTX 4060 Ti, 32 %, 5270 MiB, 8188 MiB, 34, 9.52 W
2026/09/23 18:45:16.217, NVIDIA GeForce RTX 4060 Ti, 4 %, 5270 MiB, 8188 MiB, 34, 6.48 W
2026/09/23 18:45:17.224, NVIDIA GeForce RTX 4060 Ti, 4 %, 5270 MiB, 8188 MiB, 34, 5.98 W
2026/09/23 18:45:18.231, NVIDIA GeForce RTX 4060 Ti, 7 %, 5270 MiB, 8188 MiB, 34, 6.33 W
2026/09/23 18:45:19.239, NVIDIA GeForce RTX 4060 Ti, 4 %, 5270 MiB, 8188 MiB, 34, 7.22 W
2026/09/23 18:45:20.245, NVIDIA GeForce RTX 4060 Ti, 4 %, 5270 MiB, 8188 MiB, 34, 6.16 W
2026/09/23 18:45:21.251, NVIDIA GeForce RTX 4060 Ti, 4 %, 5270 MiB, 8188 MiB, 34, 6.01 W
2026/09/23 18:45:22.258, NVIDIA GeForce RTX 4060 Ti, 41 %, 5270 MiB, 8188 MiB, 34, 7.93 W
2026/09/23 18:45:23.263, NVIDIA GeForce RTX 4060 Ti, 47 %, 5270 MiB, 8188 MiB, 34, 10.09 W
2026/09/23 18:45:24.269, NVIDIA GeForce RTX 4060 Ti, 40 %, 5270 MiB, 8188 MiB, 34, 10.14 W
2026/09/23 18:45:25.275, NVIDIA GeForce RTX 4060 Ti, 45 %, 5270 MiB, 8188 MiB, 34, 10.36 W
2026/09/23 18:45:26.279, NVIDIA GeForce RTX 4060 Ti, 31 %, 5270 MiB, 8188 MiB, 34, 13.34 W
2026/09/23 18:45:27.286, NVIDIA GeForce RTX 4060 Ti, 35 %, 5270 MiB, 8188 MiB, 34, 12.80 W
2026/09/23 18:45:28.296, NVIDIA GeForce RTX 4060 Ti, 31 %, 5270 MiB, 8188 MiB, 34, 13.46 W
2026/09/23 18:45:29.301, NVIDIA GeForce RTX 4060 Ti, 36 %, 5270 MiB, 8188 MiB, 34, 12.37 W
2026/09/23 18:45:30.310, NVIDIA GeForce RTX 4060 Ti, 33 %, 5270 MiB, 8188 MiB, 34, 10.72 W
2026/09/23 18:45:31.317, NVIDIA GeForce RTX 4060 Ti, 34 %, 5270 MiB, 8188 MiB, 34, 13.37 W
2026/09/23 18:45:32.324, NVIDIA GeForce RTX 4060 Ti, 34 %, 5270 MiB, 8188 MiB, 34, 12.84 W
2026/09/23 18:45:33.330, NVIDIA GeForce RTX 4060 Ti, 35 %, 5270 MiB, 8188 MiB, 34, 13.47 W
2026/09/23 18:45:34.335, NVIDIA GeForce RTX 4060 Ti, 37 %, 5270 MiB, 8188 MiB, 34, 12.83 W
2026/09/23 18:45:35.344, NVIDIA GeForce RTX 4060 Ti, 32 %, 5270 MiB, 8188 MiB, 34, 13.34 W
2026/09/23 18:45:36.351, NVIDIA GeForce RTX 4060 Ti, 35 %, 5270 MiB, 8188 MiB, 34, 12.17 W
2026/09/23 18:45:37.358, NVIDIA GeForce RTX 4060 Ti, 36 %, 5270 MiB, 8188 MiB, 34, 10.02 W
2026/09/23 18:45:38.363, NVIDIA GeForce RTX 4060 Ti, 35 %, 5270 MiB, 8188 MiB, 34, 10.04 W
2026/09/23 18:45:39.370, NVIDIA GeForce RTX 4060 Ti, 38 %, 5270 MiB, 8188 MiB, 34, 10.08 W
2026/09/23 18:45:40.377, NVIDIA GeForce RTX 4060 Ti, 29 %, 5270 MiB, 8188 MiB, 34, 10.97 W
2026/09/23 18:45:41.384, NVIDIA GeForce RTX 4060 Ti, 37 %, 5270 MiB, 8188 MiB, 34, 13.58 W
2026/09/23 18:45:42.393, NVIDIA GeForce RTX 4060 Ti, 40 %, 5270 MiB, 8188 MiB, 34, 11.96 W
2026/09/23 18:45:43.399, NVIDIA GeForce RTX 4060 Ti, 37 %, 5270 MiB, 8188 MiB, 34, 9.98 W
2026/09/23 18:45:44.407, NVIDIA GeForce RTX 4060 Ti, 34 %, 5270 MiB, 8188 MiB, 34, 12.25 W
2026/09/23 18:45:45.412, NVIDIA GeForce RTX 4060 Ti, 0 %, 5270 MiB, 8188 MiB, 34, 11.27 W
2026/09/23 18:45:46.418, NVIDIA GeForce RTX 4060 Ti, 0 %, 5270 MiB, 8188 MiB, 34, 6.65 W
2026/09/23 18:45:47.425, NVIDIA GeForce RTX 4060 Ti, 0 %, 5270 MiB, 8188 MiB, 34, 5.98 W
2026/09/23 18:45:48.432, NVIDIA GeForce RTX 4060 Ti, 58 %, 5270 MiB, 8188 MiB, 34, 7.54 W
2026/09/23 18:45:49.437, NVIDIA GeForce RTX 4060 Ti, 36 %, 5270 MiB, 8188 MiB, 34, 9.97 W
2026/09/23 18:45:50.444, NVIDIA GeForce RTX 4060 Ti, 33 %, 5270 MiB, 8188 MiB, 34, 9.96 W
2026/09/23 18:45:51.451, NVIDIA GeForce RTX 4060 Ti, 36 %, 5270 MiB, 8188 MiB, 34, 9.97 W
2026/09/23 18:45:52.455, NVIDIA GeForce RTX 4060 Ti, 37 %, 5270 MiB, 8188 MiB, 34, 9.96 W
2026/09/23 18:45:53.462, NVIDIA GeForce RTX 4060 Ti, 40 %, 5270 MiB, 8188 MiB, 34, 9.97 W
2026/09/23 18:45:54.468, NVIDIA GeForce RTX 4060 Ti, 37 %, 5270 MiB, 8188 MiB, 34, 9.93 W
2026/09/23 18:45:55.473, NVIDIA GeForce RTX 4060 Ti, 38 %, 5270 MiB, 8188 MiB, 34, 9.91 W
2026/09/23 18:45:56.479, NVIDIA GeForce RTX 4060 Ti, 37 %, 5270 MiB, 8188 MiB, 34, 9.95 W
2026/09/23 18:45:57.486, NVIDIA GeForce RTX 4060 Ti, 38 %, 5270 MiB, 8188 MiB, 34, 9.94 W
2026/09/23 18:45:58.491, NVIDIA GeForce RTX 4060 Ti, 36 %, 5270 MiB, 8188 MiB, 34, 9.92 W
2026/09/23 18:45:59.497, NVIDIA GeForce RTX 4060 Ti, 37 %, 5270 MiB, 8188 MiB, 34, 9.86 W
2026/09/23 18:46:00.503, NVIDIA GeForce RTX 4060 Ti, 38 %, 5270 MiB, 8188 MiB, 34, 9.83 W
2026/09/23 18:46:01.509, NVIDIA GeForce RTX 4060 Ti, 38 %, 5270 MiB, 8188 MiB, 34, 9.90 W
2026/09/23 18:46:02.515, NVIDIA GeForce RTX 4060 Ti, 38 %, 5270 MiB, 8188 MiB, 34, 9.90 W
2026/09/23 18:46:03.520, NVIDIA GeForce RTX 4060 Ti, 37 %, 5270 MiB, 8188 MiB, 34, 9.95 W
2026/09/23 18:46:04.525, NVIDIA GeForce RTX 4060 Ti, 36 %, 5270 MiB, 8188 MiB, 34, 9.91 W
2026/09/23 18:46:05.532, NVIDIA GeForce RTX 4060 Ti, 37 %, 5270 MiB, 8188 MiB, 34, 9.86 W
2026/09/23 18:46:06.542, NVIDIA GeForce RTX 4060 Ti, 38 %, 5270 MiB, 8188 MiB, 34, 9.87 W
2026/09/23 18:46:07.548, NVIDIA GeForce RTX 4060 Ti, 39 %, 5270 MiB, 8188 MiB, 34, 9.94 W
2026/09/23 18:46:08.554, NVIDIA GeForce RTX 4060 Ti, 35 %, 5270 MiB, 8188 MiB, 34, 9.99 W
2026/09/23 18:46:09.559, NVIDIA GeForce RTX 4060 Ti, 35 %, 5270 MiB, 8188 MiB, 34, 9.99 W
2026/09/23 18:46:10.566, NVIDIA GeForce RTX 4060 Ti, 33 %, 5270 MiB, 8188 MiB, 34, 9.97 W
2026/09/23 18:46:11.571, NVIDIA GeForce RTX 4060 Ti, 42 %, 5270 MiB, 8188 MiB, 34, 10.01 W
2026/09/23 18:46:12.578, NVIDIA GeForce RTX 4060 Ti, 1 %, 5270 MiB, 8188 MiB, 34, 8.19 W
2026/09/23 18:46:13.584, NVIDIA GeForce RTX 4060 Ti, 0 %, 5270 MiB, 8188 MiB, 34, 6.00 W
2026/09/23 18:46:14.590, NVIDIA GeForce RTX 4060 Ti, 0 %, 5270 MiB, 8188 MiB, 34, 5.93 W
2026/09/23 18:46:15.599, NVIDIA GeForce RTX 4060 Ti, 42 %, 5270 MiB, 8188 MiB, 34, 7.39 W
2026/09/23 18:46:16.604, NVIDIA GeForce RTX 4060 Ti, 38 %, 5270 MiB, 8188 MiB, 34, 9.42 W
2026/09/23 18:46:17.611, NVIDIA GeForce RTX 4060 Ti, 40 %, 5270 MiB, 8188 MiB, 34, 9.45 W
2026/09/23 18:46:18.617, NVIDIA GeForce RTX 4060 Ti, 36 %, 5270 MiB, 8188 MiB, 34, 9.40 W
2026/09/23 18:46:19.623, NVIDIA GeForce RTX 4060 Ti, 35 %, 5270 MiB, 8188 MiB, 34, 9.46 W
2026/09/23 18:46:20.628, NVIDIA GeForce RTX 4060 Ti, 36 %, 5270 MiB, 8188 MiB, 34, 9.46 W
2026/09/23 18:46:21.633, NVIDIA GeForce RTX 4060 Ti, 34 %, 5270 MiB, 8188 MiB, 34, 9.53 W
2026/09/23 18:46:22.639, NVIDIA GeForce RTX 4060 Ti, 39 %, 5270 MiB, 8188 MiB, 34, 9.51 W
2026/09/23 18:46:23.644, NVIDIA GeForce RTX 4060 Ti, 36 %, 5270 MiB, 8188 MiB, 34, 9.56 W
2026/09/23 18:46:24.652, NVIDIA GeForce RTX 4060 Ti, 35 %, 5270 MiB, 8188 MiB, 34, 9.51 W
2026/09/23 18:46:25.657, NVIDIA GeForce RTX 4060 Ti, 40 %, 5270 MiB, 8188 MiB, 34, 9.51 W
2026/09/23 18:46:26.664, NVIDIA GeForce RTX 4060 Ti, 38 %, 5270 MiB, 8188 MiB, 34, 9.46 W
2026/09/23 18:46:27.669, NVIDIA GeForce RTX 4060 Ti, 36 %, 5270 MiB, 8188 MiB, 34, 9.53 W
2026/09/23 18:46:28.676, NVIDIA GeForce RTX 4060 Ti, 35 %, 5270 MiB, 8188 MiB, 34, 9.58 W
2026/09/23 18:46:29.681, NVIDIA GeForce RTX 4060 Ti, 29 %, 5270 MiB, 8188 MiB, 34, 9.53 W
2026/09/23 18:46:30.686, NVIDIA GeForce RTX 4060 Ti, 38 %, 5270 MiB, 8188 MiB, 34, 9.59 W
2026/09/23 18:46:31.693, NVIDIA GeForce RTX 4060 Ti, 34 %, 5270 MiB, 8188 MiB, 34, 9.58 W
2026/09/23 18:46:32.702, NVIDIA GeForce RTX 4060 Ti, 36 %, 5270 MiB, 8188 MiB, 34, 9.57 W
2026/09/23 18:46:33.706, NVIDIA GeForce RTX 4060 Ti, 33 %, 5270 MiB, 8188 MiB, 34, 9.55 W
2026/09/23 18:46:34.713, NVIDIA GeForce RTX 4060 Ti, 35 %, 5270 MiB, 8188 MiB, 34, 9.56 W
2026/09/23 18:46:35.718, NVIDIA GeForce RTX 4060 Ti, 35 %, 5270 MiB, 8188 MiB, 34, 9.52 W
2026/09/23 18:46:36.723, NVIDIA GeForce RTX 4060 Ti, 36 %, 5270 MiB, 8188 MiB, 34, 9.40 W
2026/09/23 18:46:37.729, NVIDIA GeForce RTX 4060 Ti, 36 %, 5270 MiB, 8188 MiB, 34, 9.44 W
2026/09/23 18:46:38.735, NVIDIA GeForce RTX 4060 Ti, 36 %, 5270 MiB, 8188 MiB, 34, 9.48 W
2026/09/23 18:46:39.741, NVIDIA GeForce RTX 4060 Ti, 33 %, 5270 MiB, 8188 MiB, 34, 9.54 W
2026/09/23 18:46:40.748, NVIDIA GeForce RTX 4060 Ti, 34 %, 5270 MiB, 8188 MiB, 34, 9.50 W
2026/09/23 18:46:41.753, NVIDIA GeForce RTX 4060 Ti, 36 %, 5270 MiB, 8188 MiB, 34, 9.49 W
2026/09/23 18:46:42.761, NVIDIA GeForce RTX 4060 Ti, 37 %, 5270 MiB, 8188 MiB, 34, 9.53 W
2026/09/23 18:46:43.767, NVIDIA GeForce RTX 4060 Ti, 37 %, 5270 MiB, 8188 MiB, 34, 9.58 W
2026/09/23 18:46:44.773, NVIDIA GeForce RTX 4060 Ti, 37 %, 5270 MiB, 8188 MiB, 34, 9.60 W
2026/09/23 18:46:45.779, NVIDIA GeForce RTX 4060 Ti, 36 %, 5270 MiB, 8188 MiB, 34, 9.56 W
2026/09/23 18:46:46.786, NVIDIA GeForce RTX 4060 Ti, 29 %, 5270 MiB, 8188 MiB, 34, 9.07 W
2026/09/23 18:46:47.792, NVIDIA GeForce RTX 4060 Ti, 0 %, 5270 MiB, 8188 MiB, 34, 6.47 W
2026/09/23 18:46:48.798, NVIDIA GeForce RTX 4060 Ti, 0 %, 5270 MiB, 8188 MiB, 34, 5.80 W
2026/09/23 18:46:49.804, NVIDIA GeForce RTX 4060 Ti, 0 %, 5270 MiB, 8188 MiB, 34, 5.78 W
2026/09/23 18:46:50.814, NVIDIA GeForce RTX 4060 Ti, 7 %, 5270 MiB, 8188 MiB, 34, 7.89 W
2026/09/23 18:46:51.822, NVIDIA GeForce RTX 4060 Ti, 0 %, 5270 MiB, 8188 MiB, 34, 5.79 W
2026/09/23 18:46:52.829, NVIDIA GeForce RTX 4060 Ti, 0 %, 5270 MiB, 8188 MiB, 33, 5.88 W
2026/09/23 18:46:53.837, NVIDIA GeForce RTX 4060 Ti, 4 %, 5270 MiB, 8188 MiB, 34, 6.24 W
2026/09/23 18:46:54.844, NVIDIA GeForce RTX 4060 Ti, 34 %, 5270 MiB, 8188 MiB, 34, 10.54 W
2026/09/23 18:46:55.851, NVIDIA GeForce RTX 4060 Ti, 36 %, 5270 MiB, 8188 MiB, 34, 10.71 W
2026/09/23 18:46:56.859, NVIDIA GeForce RTX 4060 Ti, 35 %, 5270 MiB, 8188 MiB, 34, 10.72 W
2026/09/23 18:46:57.868, NVIDIA GeForce RTX 4060 Ti, 42 %, 5270 MiB, 8188 MiB, 34, 10.59 W
2026/09/23 18:46:58.875, NVIDIA GeForce RTX 4060 Ti, 31 %, 5270 MiB, 8188 MiB, 34, 11.89 W
2026/09/23 18:46:59.882, NVIDIA GeForce RTX 4060 Ti, 29 %, 5270 MiB, 8188 MiB, 34, 13.78 W
2026/09/23 18:47:00.889, NVIDIA GeForce RTX 4060 Ti, 40 %, 5270 MiB, 8188 MiB, 34, 11.81 W
2026/09/23 18:47:01.897, NVIDIA GeForce RTX 4060 Ti, 41 %, 5270 MiB, 8188 MiB, 34, 10.54 W
2026/09/23 18:47:02.904, NVIDIA GeForce RTX 4060 Ti, 35 %, 5270 MiB, 8188 MiB, 34, 10.44 W
2026/09/23 18:47:03.913, NVIDIA GeForce RTX 4060 Ti, 30 %, 5270 MiB, 8188 MiB, 34, 12.58 W
2026/09/23 18:47:04.936, NVIDIA GeForce RTX 4060 Ti, 31 %, 5270 MiB, 8188 MiB, 34, 13.75 W
2026/09/23 18:47:05.942, NVIDIA GeForce RTX 4060 Ti, 36 %, 5270 MiB, 8188 MiB, 34, 11.61 W
2026/09/23 18:47:06.947, NVIDIA GeForce RTX 4060 Ti, 38 %, 5270 MiB, 8188 MiB, 34, 10.57 W
2026/09/23 18:47:07.956, NVIDIA GeForce RTX 4060 Ti, 35 %, 5270 MiB, 8188 MiB, 34, 10.72 W
2026/09/23 18:47:08.963, NVIDIA GeForce RTX 4060 Ti, 36 %, 5270 MiB, 8188 MiB, 34, 10.72 W
2026/09/23 18:47:09.970, NVIDIA GeForce RTX 4060 Ti, 36 %, 5270 MiB, 8188 MiB, 34, 10.69 W
2026/09/23 18:47:10.977, NVIDIA GeForce RTX 4060 Ti, 32 %, 5270 MiB, 8188 MiB, 34, 10.59 W
2026/09/23 18:47:11.984, NVIDIA GeForce RTX 4060 Ti, 34 %, 5270 MiB, 8188 MiB, 34, 10.68 W
2026/09/23 18:47:12.993, NVIDIA GeForce RTX 4060 Ti, 39 %, 5270 MiB, 8188 MiB, 34, 10.72 W
2026/09/23 18:47:14.015, NVIDIA GeForce RTX 4060 Ti, 39 %, 5270 MiB, 8188 MiB, 34, 10.52 W
2026/09/23 18:47:15.022, NVIDIA GeForce RTX 4060 Ti, 39 %, 5270 MiB, 8188 MiB, 34, 10.58 W
2026/09/23 18:47:16.028, NVIDIA GeForce RTX 4060 Ti, 40 %, 5270 MiB, 8188 MiB, 34, 10.67 W
2026/09/23 18:47:17.034, NVIDIA GeForce RTX 4060 Ti, 33 %, 5270 MiB, 8188 MiB, 34, 10.52 W
2026/09/23 18:47:18.039, NVIDIA GeForce RTX 4060 Ti, 35 %, 5270 MiB, 8188 MiB, 34, 10.59 W
2026/09/23 18:47:19.044, NVIDIA GeForce RTX 4060 Ti, 36 %, 5270 MiB, 8188 MiB, 34, 10.70 W
2026/09/23 18:47:20.050, NVIDIA GeForce RTX 4060 Ti, 38 %, 5270 MiB, 8188 MiB, 34, 10.79 W
2026/09/23 18:47:21.062, NVIDIA GeForce RTX 4060 Ti, 40 %, 5270 MiB, 8188 MiB, 34, 10.60 W
2026/09/23 18:47:22.071, NVIDIA GeForce RTX 4060 Ti, 42 %, 5270 MiB, 8188 MiB, 34, 10.67 W
2026/09/23 18:47:23.080, NVIDIA GeForce RTX 4060 Ti, 47 %, 5270 MiB, 8188 MiB, 34, 10.65 W
2026/09/23 18:47:24.087, NVIDIA GeForce RTX 4060 Ti, 41 %, 5270 MiB, 8188 MiB, 34, 10.79 W
2026/09/23 18:47:25.095, NVIDIA GeForce RTX 4060 Ti, 38 %, 5270 MiB, 8188 MiB, 34, 10.76 W
2026/09/23 18:47:26.103, NVIDIA GeForce RTX 4060 Ti, 41 %, 5270 MiB, 8188 MiB, 34, 10.69 W
2026/09/23 18:47:27.111, NVIDIA GeForce RTX 4060 Ti, 34 %, 5270 MiB, 8188 MiB, 34, 9.90 W
2026/09/23 18:47:28.121, NVIDIA GeForce RTX 4060 Ti, 1 %, 5270 MiB, 8188 MiB, 34, 6.65 W
2026/09/23 18:47:29.129, NVIDIA GeForce RTX 4060 Ti, 4 %, 5270 MiB, 8188 MiB, 34, 5.93 W
2026/09/23 18:47:30.135, NVIDIA GeForce RTX 4060 Ti, 4 %, 5270 MiB, 8188 MiB, 34, 6.07 W
2026/09/23 18:47:31.143, NVIDIA GeForce RTX 4060 Ti, 44 %, 5270 MiB, 8188 MiB, 34, 9.57 W
2026/09/23 18:47:32.148, NVIDIA GeForce RTX 4060 Ti, 39 %, 5270 MiB, 8188 MiB, 34, 10.66 W
2026/09/23 18:47:33.157, NVIDIA GeForce RTX 4060 Ti, 40 %, 5270 MiB, 8188 MiB, 34, 10.77 W
2026/09/23 18:47:34.165, NVIDIA GeForce RTX 4060 Ti, 34 %, 5270 MiB, 8188 MiB, 34, 10.69 W
2026/09/23 18:47:35.172, NVIDIA GeForce RTX 4060 Ti, 35 %, 5270 MiB, 8188 MiB, 34, 10.75 W
2026/09/23 18:47:36.182, NVIDIA GeForce RTX 4060 Ti, 36 %, 5270 MiB, 8188 MiB, 34, 10.71 W
2026/09/23 18:47:37.189, NVIDIA GeForce RTX 4060 Ti, 36 %, 5270 MiB, 8188 MiB, 34, 10.43 W
2026/09/23 18:47:38.196, NVIDIA GeForce RTX 4060 Ti, 45 %, 5270 MiB, 8188 MiB, 34, 10.73 W
2026/09/23 18:47:39.208, NVIDIA GeForce RTX 4060 Ti, 41 %, 5270 MiB, 8188 MiB, 34, 10.59 W
2026/09/23 18:47:40.220, NVIDIA GeForce RTX 4060 Ti, 43 %, 5270 MiB, 8188 MiB, 34, 10.98 W
2026/09/23 18:47:41.227, NVIDIA GeForce RTX 4060 Ti, 27 %, 5270 MiB, 8188 MiB, 34, 13.63 W
2026/09/23 18:47:42.234, NVIDIA GeForce RTX 4060 Ti, 34 %, 5270 MiB, 8188 MiB, 34, 13.06 W
2026/09/23 18:47:43.240, NVIDIA GeForce RTX 4060 Ti, 39 %, 5270 MiB, 8188 MiB, 34, 10.61 W
2026/09/23 18:47:44.249, NVIDIA GeForce RTX 4060 Ti, 41 %, 5270 MiB, 8188 MiB, 34, 10.48 W
2026/09/23 18:47:45.255, NVIDIA GeForce RTX 4060 Ti, 39 %, 5270 MiB, 8188 MiB, 34, 10.60 W
2026/09/23 18:47:46.265, NVIDIA GeForce RTX 4060 Ti, 40 %, 5270 MiB, 8188 MiB, 34, 10.61 W
2026/09/23 18:47:47.276, NVIDIA GeForce RTX 4060 Ti, 36 %, 5270 MiB, 8188 MiB, 34, 10.44 W
2026/09/23 18:47:48.281, NVIDIA GeForce RTX 4060 Ti, 37 %, 5270 MiB, 8188 MiB, 34, 10.65 W
2026/09/23 18:47:49.289, NVIDIA GeForce RTX 4060 Ti, 37 %, 5270 MiB, 8188 MiB, 34, 10.56 W
2026/09/23 18:47:50.298, NVIDIA GeForce RTX 4060 Ti, 37 %, 5270 MiB, 8188 MiB, 34, 10.43 W
2026/09/23 18:47:51.307, NVIDIA GeForce RTX 4060 Ti, 35 %, 5270 MiB, 8188 MiB, 34, 10.52 W
2026/09/23 18:47:52.319, NVIDIA GeForce RTX 4060 Ti, 32 %, 5270 MiB, 8188 MiB, 34, 11.11 W
2026/09/23 18:47:53.327, NVIDIA GeForce RTX 4060 Ti, 37 %, 5270 MiB, 8188 MiB, 34, 13.83 W
2026/09/23 18:47:54.336, NVIDIA GeForce RTX 4060 Ti, 43 %, 5270 MiB, 8188 MiB, 34, 12.42 W
2026/09/23 18:47:55.344, NVIDIA GeForce RTX 4060 Ti, 44 %, 5270 MiB, 8188 MiB, 34, 10.95 W
2026/09/23 18:47:56.351, NVIDIA GeForce RTX 4060 Ti, 38 %, 5270 MiB, 8188 MiB, 34, 13.88 W
2026/09/23 18:47:57.358, NVIDIA GeForce RTX 4060 Ti, 30 %, 5270 MiB, 8188 MiB, 34, 12.84 W
2026/09/23 18:47:58.365, NVIDIA GeForce RTX 4060 Ti, 36 %, 5270 MiB, 8188 MiB, 34, 10.59 W
2026/09/23 18:47:59.374, NVIDIA GeForce RTX 4060 Ti, 39 %, 5270 MiB, 8188 MiB, 34, 10.65 W
2026/09/23 18:48:00.384, NVIDIA GeForce RTX 4060 Ti, 37 %, 5270 MiB, 8188 MiB, 34, 10.61 W
2026/09/23 18:48:01.391, NVIDIA GeForce RTX 4060 Ti, 35 %, 5270 MiB, 8188 MiB, 34, 12.12 W
2026/09/23 18:48:02.397, NVIDIA GeForce RTX 4060 Ti, 36 %, 5270 MiB, 8188 MiB, 34, 13.83 W
2026/09/23 18:48:03.403, NVIDIA GeForce RTX 4060 Ti, 43 %, 5270 MiB, 8188 MiB, 34, 11.62 W
2026/09/23 18:48:04.410, NVIDIA GeForce RTX 4060 Ti, 1 %, 5270 MiB, 8188 MiB, 34, 8.56 W
2026/09/23 18:48:05.417, NVIDIA GeForce RTX 4060 Ti, 3 %, 5270 MiB, 8188 MiB, 34, 5.82 W
2026/09/23 18:48:06.424, NVIDIA GeForce RTX 4060 Ti, 3 %, 5270 MiB, 8188 MiB, 34, 5.99 W
2026/09/23 18:48:07.430, NVIDIA GeForce RTX 4060 Ti, 12 %, 5270 MiB, 8188 MiB, 34, 6.98 W
2026/09/23 18:48:08.436, NVIDIA GeForce RTX 4060 Ti, 41 %, 5270 MiB, 8188 MiB, 34, 10.83 W
2026/09/23 18:48:09.455, NVIDIA GeForce RTX 4060 Ti, 36 %, 5270 MiB, 8188 MiB, 34, 10.82 W
2026/09/23 18:48:10.463, NVIDIA GeForce RTX 4060 Ti, 38 %, 5270 MiB, 8188 MiB, 34, 10.57 W
2026/09/23 18:48:11.470, NVIDIA GeForce RTX 4060 Ti, 40 %, 5270 MiB, 8188 MiB, 34, 10.84 W
2026/09/23 18:48:12.475, NVIDIA GeForce RTX 4060 Ti, 31 %, 5270 MiB, 8188 MiB, 34, 13.21 W
2026/09/23 18:48:13.482, NVIDIA GeForce RTX 4060 Ti, 28 %, 5270 MiB, 8188 MiB, 34, 14.10 W
2026/09/23 18:48:14.488, NVIDIA GeForce RTX 4060 Ti, 37 %, 5270 MiB, 8188 MiB, 34, 11.11 W
2026/09/23 18:48:15.496, NVIDIA GeForce RTX 4060 Ti, 37 %, 5270 MiB, 8188 MiB, 34, 10.64 W
2026/09/23 18:48:16.506, NVIDIA GeForce RTX 4060 Ti, 37 %, 5270 MiB, 8188 MiB, 34, 10.65 W
2026/09/23 18:48:17.516, NVIDIA GeForce RTX 4060 Ti, 31 %, 5272 MiB, 8188 MiB, 34, 11.18 W
2026/09/23 18:48:18.521, NVIDIA GeForce RTX 4060 Ti, 28 %, 5272 MiB, 8188 MiB, 34, 13.61 W
2026/09/23 18:48:19.527, NVIDIA GeForce RTX 4060 Ti, 37 %, 5272 MiB, 8188 MiB, 34, 12.20 W
2026/09/23 18:48:20.532, NVIDIA GeForce RTX 4060 Ti, 36 %, 5272 MiB, 8188 MiB, 34, 10.26 W
2026/09/23 18:48:21.539, NVIDIA GeForce RTX 4060 Ti, 37 %, 5272 MiB, 8188 MiB, 34, 10.41 W
2026/09/23 18:48:22.546, NVIDIA GeForce RTX 4060 Ti, 39 %, 5272 MiB, 8188 MiB, 34, 10.63 W
2026/09/23 18:48:23.550, NVIDIA GeForce RTX 4060 Ti, 39 %, 5272 MiB, 8188 MiB, 34, 10.74 W
2026/09/23 18:48:24.560, NVIDIA GeForce RTX 4060 Ti, 36 %, 5272 MiB, 8188 MiB, 34, 10.67 W
2026/09/23 18:48:25.567, NVIDIA GeForce RTX 4060 Ti, 27 %, 5272 MiB, 8188 MiB, 34, 11.37 W
2026/09/23 18:48:26.582, NVIDIA GeForce RTX 4060 Ti, 32 %, 5270 MiB, 8188 MiB, 34, 13.88 W
2026/09/23 18:48:27.598, NVIDIA GeForce RTX 4060 Ti, 34 %, 5271 MiB, 8188 MiB, 34, 12.23 W
2026/09/23 18:48:28.603, NVIDIA GeForce RTX 4060 Ti, 34 %, 5271 MiB, 8188 MiB, 34, 10.36 W
2026/09/23 18:48:29.609, NVIDIA GeForce RTX 4060 Ti, 35 %, 5271 MiB, 8188 MiB, 34, 10.41 W
2026/09/23 18:48:30.614, NVIDIA GeForce RTX 4060 Ti, 38 %, 5271 MiB, 8188 MiB, 34, 10.31 W
2026/09/23 18:48:31.618, NVIDIA GeForce RTX 4060 Ti, 38 %, 5271 MiB, 8188 MiB, 34, 10.38 W
2026/09/23 18:48:32.624, NVIDIA GeForce RTX 4060 Ti, 38 %, 5271 MiB, 8188 MiB, 34, 10.38 W
2026/09/23 18:48:33.632, NVIDIA GeForce RTX 4060 Ti, 38 %, 5271 MiB, 8188 MiB, 34, 10.27 W
2026/09/23 18:48:34.639, NVIDIA GeForce RTX 4060 Ti, 44 %, 5271 MiB, 8188 MiB, 34, 10.46 W
2026/09/23 18:48:35.649, NVIDIA GeForce RTX 4060 Ti, 42 %, 5271 MiB, 8188 MiB, 34, 10.54 W
2026/09/23 18:48:36.659, NVIDIA GeForce RTX 4060 Ti, 39 %, 5271 MiB, 8188 MiB, 34, 10.55 W
2026/09/23 18:48:37.673, NVIDIA GeForce RTX 4060 Ti, 31 %, 5271 MiB, 8188 MiB, 34, 10.62 W
2026/09/23 18:48:38.680, NVIDIA GeForce RTX 4060 Ti, 34 %, 5271 MiB, 8188 MiB, 34, 10.44 W
2026/09/23 18:48:39.686, NVIDIA GeForce RTX 4060 Ti, 37 %, 5271 MiB, 8188 MiB, 34, 10.41 W
2026/09/23 18:48:40.695, NVIDIA GeForce RTX 4060 Ti, 37 %, 5271 MiB, 8188 MiB, 34, 10.43 W
2026/09/23 18:48:41.701, NVIDIA GeForce RTX 4060 Ti, 36 %, 5271 MiB, 8188 MiB, 34, 10.18 W
2026/09/23 18:48:42.706, NVIDIA GeForce RTX 4060 Ti, 45 %, 5271 MiB, 8188 MiB, 34, 10.34 W
2026/09/23 18:48:43.715, NVIDIA GeForce RTX 4060 Ti, 0 %, 5271 MiB, 8188 MiB, 34, 8.65 W
2026/09/23 18:48:44.721, NVIDIA GeForce RTX 4060 Ti, 0 %, 5271 MiB, 8188 MiB, 34, 5.89 W
2026/09/23 18:48:45.728, NVIDIA GeForce RTX 4060 Ti, 0 %, 5271 MiB, 8188 MiB, 34, 5.77 W
2026/09/23 18:48:46.736, NVIDIA GeForce RTX 4060 Ti, 20 %, 5271 MiB, 8188 MiB, 34, 6.39 W
2026/09/23 18:48:47.743, NVIDIA GeForce RTX 4060 Ti, 0 %, 5271 MiB, 8188 MiB, 34, 6.93 W
2026/09/23 18:48:48.749, NVIDIA GeForce RTX 4060 Ti, 0 %, 5271 MiB, 8188 MiB, 34, 5.84 W
2026/09/23 18:48:49.757, NVIDIA GeForce RTX 4060 Ti, 0 %, 5271 MiB, 8188 MiB, 34, 5.89 W
2026/09/23 18:48:50.764, NVIDIA GeForce RTX 4060 Ti, 50 %, 5271 MiB, 8188 MiB, 34, 7.57 W
2026/09/23 18:48:51.771, NVIDIA GeForce RTX 4060 Ti, 37 %, 5270 MiB, 8188 MiB, 34, 9.73 W
2026/09/23 18:48:52.776, NVIDIA GeForce RTX 4060 Ti, 31 %, 5270 MiB, 8188 MiB, 34, 9.84 W
2026/09/23 18:48:53.781, NVIDIA GeForce RTX 4060 Ti, 29 %, 5270 MiB, 8188 MiB, 34, 9.76 W
2026/09/23 18:48:54.789, NVIDIA GeForce RTX 4060 Ti, 39 %, 5270 MiB, 8188 MiB, 34, 9.85 W
2026/09/23 18:48:55.795, NVIDIA GeForce RTX 4060 Ti, 37 %, 5270 MiB, 8188 MiB, 34, 9.85 W
2026/09/23 18:48:56.804, NVIDIA GeForce RTX 4060 Ti, 37 %, 5270 MiB, 8188 MiB, 34, 9.79 W
2026/09/23 18:48:57.811, NVIDIA GeForce RTX 4060 Ti, 41 %, 5270 MiB, 8188 MiB, 34, 9.71 W
2026/09/23 18:48:58.817, NVIDIA GeForce RTX 4060 Ti, 36 %, 5270 MiB, 8188 MiB, 34, 9.73 W
2026/09/23 18:48:59.828, NVIDIA GeForce RTX 4060 Ti, 37 %, 5270 MiB, 8188 MiB, 34, 9.76 W
2026/09/23 18:49:00.835, NVIDIA GeForce RTX 4060 Ti, 38 %, 5270 MiB, 8188 MiB, 34, 9.85 W
2026/09/23 18:49:01.843, NVIDIA GeForce RTX 4060 Ti, 34 %, 5270 MiB, 8188 MiB, 34, 9.90 W
2026/09/23 18:49:02.848, NVIDIA GeForce RTX 4060 Ti, 32 %, 5270 MiB, 8188 MiB, 34, 9.97 W
2026/09/23 18:49:03.853, NVIDIA GeForce RTX 4060 Ti, 33 %, 5270 MiB, 8188 MiB, 34, 9.87 W
2026/09/23 18:49:04.861, NVIDIA GeForce RTX 4060 Ti, 35 %, 5270 MiB, 8188 MiB, 34, 9.94 W
2026/09/23 18:49:05.868, NVIDIA GeForce RTX 4060 Ti, 34 %, 5270 MiB, 8188 MiB, 34, 9.89 W
2026/09/23 18:49:06.875, NVIDIA GeForce RTX 4060 Ti, 31 %, 5270 MiB, 8188 MiB, 34, 9.68 W
2026/09/23 18:49:07.882, NVIDIA GeForce RTX 4060 Ti, 37 %, 5270 MiB, 8188 MiB, 34, 9.86 W
2026/09/23 18:49:08.893, NVIDIA GeForce RTX 4060 Ti, 37 %, 5270 MiB, 8188 MiB, 34, 9.93 W
2026/09/23 18:49:09.898, NVIDIA GeForce RTX 4060 Ti, 30 %, 5270 MiB, 8188 MiB, 34, 9.84 W
2026/09/23 18:49:10.912, NVIDIA GeForce RTX 4060 Ti, 33 %, 5270 MiB, 8188 MiB, 34, 9.89 W
2026/09/23 18:49:11.922, NVIDIA GeForce RTX 4060 Ti, 31 %, 5270 MiB, 8188 MiB, 34, 9.71 W
2026/09/23 18:49:12.929, NVIDIA GeForce RTX 4060 Ti, 33 %, 5270 MiB, 8188 MiB, 34, 9.75 W
2026/09/23 18:49:13.937, NVIDIA GeForce RTX 4060 Ti, 38 %, 5270 MiB, 8188 MiB, 34, 9.79 W
2026/09/23 18:49:14.943, NVIDIA GeForce RTX 4060 Ti, 39 %, 5270 MiB, 8188 MiB, 34, 9.82 W
2026/09/23 18:49:15.948, NVIDIA GeForce RTX 4060 Ti, 39 %, 5270 MiB, 8188 MiB, 34, 9.84 W
2026/09/23 18:49:16.954, NVIDIA GeForce RTX 4060 Ti, 34 %, 5270 MiB, 8188 MiB, 34, 9.85 W
2026/09/23 18:49:17.961, NVIDIA GeForce RTX 4060 Ti, 16 %, 5270 MiB, 8188 MiB, 34, 9.37 W
2026/09/23 18:49:18.967, NVIDIA GeForce RTX 4060 Ti, 0 %, 5270 MiB, 8188 MiB, 34, 6.80 W
2026/09/23 18:49:19.975, NVIDIA GeForce RTX 4060 Ti, 0 %, 5270 MiB, 8188 MiB, 34, 5.91 W
2026/09/23 18:49:20.981, NVIDIA GeForce RTX 4060 Ti, 3 %, 5270 MiB, 8188 MiB, 34, 6.37 W
2026/09/23 18:49:21.989, NVIDIA GeForce RTX 4060 Ti, 39 %, 5270 MiB, 8188 MiB, 34, 9.85 W
2026/09/23 18:49:22.998, NVIDIA GeForce RTX 4060 Ti, 37 %, 5270 MiB, 8188 MiB, 34, 9.81 W
2026/09/23 18:49:24.004, NVIDIA GeForce RTX 4060 Ti, 41 %, 5270 MiB, 8188 MiB, 34, 9.82 W
2026/09/23 18:49:25.009, NVIDIA GeForce RTX 4060 Ti, 34 %, 5270 MiB, 8188 MiB, 34, 9.77 W
2026/09/23 18:49:26.031, NVIDIA GeForce RTX 4060 Ti, 38 %, 5270 MiB, 8188 MiB, 34, 9.85 W
2026/09/23 18:49:27.037, NVIDIA GeForce RTX 4060 Ti, 37 %, 5270 MiB, 8188 MiB, 34, 9.94 W
2026/09/23 18:49:28.051, NVIDIA GeForce RTX 4060 Ti, 34 %, 5270 MiB, 8188 MiB, 34, 9.91 W
2026/09/23 18:49:29.083, NVIDIA GeForce RTX 4060 Ti, 34 %, 5270 MiB, 8188 MiB, 34, 10.04 W
2026/09/23 18:49:30.098, NVIDIA GeForce RTX 4060 Ti, 34 %, 5270 MiB, 8188 MiB, 34, 9.97 W
2026/09/23 18:49:31.104, NVIDIA GeForce RTX 4060 Ti, 35 %, 5270 MiB, 8188 MiB, 34, 10.02 W
2026/09/23 18:49:32.110, NVIDIA GeForce RTX 4060 Ti, 34 %, 5270 MiB, 8188 MiB, 34, 9.92 W
2026/09/23 18:49:33.117, NVIDIA GeForce RTX 4060 Ti, 39 %, 5270 MiB, 8188 MiB, 34, 9.92 W
2026/09/23 18:49:34.123, NVIDIA GeForce RTX 4060 Ti, 36 %, 5270 MiB, 8188 MiB, 34, 10.00 W
2026/09/23 18:49:35.129, NVIDIA GeForce RTX 4060 Ti, 32 %, 5270 MiB, 8188 MiB, 34, 9.94 W
2026/09/23 18:49:36.136, NVIDIA GeForce RTX 4060 Ti, 33 %, 5270 MiB, 8188 MiB, 34, 9.88 W
2026/09/23 18:49:37.141, NVIDIA GeForce RTX 4060 Ti, 36 %, 5270 MiB, 8188 MiB, 34, 9.97 W
2026/09/23 18:49:38.151, NVIDIA GeForce RTX 4060 Ti, 41 %, 5270 MiB, 8188 MiB, 34, 9.97 W
2026/09/23 18:49:39.163, NVIDIA GeForce RTX 4060 Ti, 35 %, 5270 MiB, 8188 MiB, 34, 9.87 W
2026/09/23 18:49:40.172, NVIDIA GeForce RTX 4060 Ti, 38 %, 5270 MiB, 8188 MiB, 34, 9.88 W
2026/09/23 18:49:41.177, NVIDIA GeForce RTX 4060 Ti, 37 %, 5270 MiB, 8188 MiB, 34, 9.98 W
2026/09/23 18:49:42.182, NVIDIA GeForce RTX 4060 Ti, 38 %, 5270 MiB, 8188 MiB, 34, 9.98 W
2026/09/23 18:49:43.192, NVIDIA GeForce RTX 4060 Ti, 27 %, 5270 MiB, 8188 MiB, 34, 9.92 W
2026/09/23 18:49:44.198, NVIDIA GeForce RTX 4060 Ti, 29 %, 5270 MiB, 8188 MiB, 34, 9.99 W
2026/09/23 18:49:45.203, NVIDIA GeForce RTX 4060 Ti, 31 %, 5270 MiB, 8188 MiB, 34, 9.94 W
2026/09/23 18:49:46.229, NVIDIA GeForce RTX 4060 Ti, 37 %, 5270 MiB, 8188 MiB, 34, 9.80 W
2026/09/23 18:49:47.236, NVIDIA GeForce RTX 4060 Ti, 38 %, 5270 MiB, 8188 MiB, 34, 9.82 W
2026/09/23 18:49:48.245, NVIDIA GeForce RTX 4060 Ti, 5 %, 5270 MiB, 8188 MiB, 34, 9.25 W
2026/09/23 18:49:49.252, NVIDIA GeForce RTX 4060 Ti, 3 %, 5270 MiB, 8188 MiB, 34, 5.93 W
2026/09/23 18:49:50.259, NVIDIA GeForce RTX 4060 Ti, 4 %, 5270 MiB, 8188 MiB, 33, 5.89 W
2026/09/23 18:49:51.267, NVIDIA GeForce RTX 4060 Ti, 7 %, 5270 MiB, 8188 MiB, 33, 6.03 W
2026/09/23 18:49:52.276, NVIDIA GeForce RTX 4060 Ti, 48 %, 5270 MiB, 8188 MiB, 34, 9.36 W
2026/09/23 18:49:53.282, NVIDIA GeForce RTX 4060 Ti, 34 %, 5270 MiB, 8188 MiB, 34, 9.76 W
2026/09/23 18:49:54.288, NVIDIA GeForce RTX 4060 Ti, 38 %, 5270 MiB, 8188 MiB, 34, 9.74 W
2026/09/23 18:49:55.296, NVIDIA GeForce RTX 4060 Ti, 45 %, 5270 MiB, 8188 MiB, 34, 9.71 W
2026/09/23 18:49:56.305, NVIDIA GeForce RTX 4060 Ti, 42 %, 5270 MiB, 8188 MiB, 34, 9.91 W
2026/09/23 18:49:57.315, NVIDIA GeForce RTX 4060 Ti, 41 %, 5270 MiB, 8188 MiB, 34, 9.90 W
2026/09/23 18:49:58.328, NVIDIA GeForce RTX 4060 Ti, 38 %, 5270 MiB, 8188 MiB, 34, 9.96 W
2026/09/23 18:49:59.345, NVIDIA GeForce RTX 4060 Ti, 39 %, 5270 MiB, 8188 MiB, 34, 9.90 W
2026/09/23 18:50:00.357, NVIDIA GeForce RTX 4060 Ti, 41 %, 5270 MiB, 8188 MiB, 34, 9.85 W
2026/09/23 18:50:01.363, NVIDIA GeForce RTX 4060 Ti, 36 %, 5270 MiB, 8188 MiB, 34, 9.84 W
2026/09/23 18:50:02.369, NVIDIA GeForce RTX 4060 Ti, 38 %, 5270 MiB, 8188 MiB, 34, 9.84 W
2026/09/23 18:50:03.382, NVIDIA GeForce RTX 4060 Ti, 37 %, 5270 MiB, 8188 MiB, 34, 9.86 W
2026/09/23 18:50:04.387, NVIDIA GeForce RTX 4060 Ti, 40 %, 5270 MiB, 8188 MiB, 34, 9.76 W
2026/09/23 18:50:05.392, NVIDIA GeForce RTX 4060 Ti, 38 %, 5270 MiB, 8188 MiB, 34, 9.90 W
2026/09/23 18:50:06.398, NVIDIA GeForce RTX 4060 Ti, 40 %, 5270 MiB, 8188 MiB, 34, 9.95 W
2026/09/23 18:50:07.407, NVIDIA GeForce RTX 4060 Ti, 39 %, 5270 MiB, 8188 MiB, 34, 10.10 W
2026/09/23 18:50:08.415, NVIDIA GeForce RTX 4060 Ti, 32 %, 5270 MiB, 8188 MiB, 34, 10.01 W
2026/09/23 18:50:09.422, NVIDIA GeForce RTX 4060 Ti, 29 %, 5270 MiB, 8188 MiB, 34, 9.75 W
2026/09/23 18:50:10.427, NVIDIA GeForce RTX 4060 Ti, 29 %, 5270 MiB, 8188 MiB, 34, 9.78 W
2026/09/23 18:50:11.433, NVIDIA GeForce RTX 4060 Ti, 32 %, 5270 MiB, 8188 MiB, 34, 9.72 W
2026/09/23 18:50:12.442, NVIDIA GeForce RTX 4060 Ti, 34 %, 5270 MiB, 8188 MiB, 34, 9.59 W
2026/09/23 18:50:13.451, NVIDIA GeForce RTX 4060 Ti, 32 %, 5270 MiB, 8188 MiB, 34, 9.60 W
2026/09/23 18:50:14.457, NVIDIA GeForce RTX 4060 Ti, 33 %, 5270 MiB, 8188 MiB, 34, 9.58 W
2026/09/23 18:50:15.463, NVIDIA GeForce RTX 4060 Ti, 34 %, 5270 MiB, 8188 MiB, 34, 9.52 W
2026/09/23 18:50:16.469, NVIDIA GeForce RTX 4060 Ti, 33 %, 5270 MiB, 8188 MiB, 34, 9.70 W
2026/09/23 18:50:17.474, NVIDIA GeForce RTX 4060 Ti, 34 %, 5270 MiB, 8188 MiB, 34, 9.63 W
2026/09/23 18:50:18.482, NVIDIA GeForce RTX 4060 Ti, 33 %, 5270 MiB, 8188 MiB, 34, 9.52 W
2026/09/23 18:50:19.488, NVIDIA GeForce RTX 4060 Ti, 37 %, 5270 MiB, 8188 MiB, 34, 9.50 W
2026/09/23 18:50:20.494, NVIDIA GeForce RTX 4060 Ti, 32 %, 5270 MiB, 8188 MiB, 34, 9.62 W
2026/09/23 18:50:21.500, NVIDIA GeForce RTX 4060 Ti, 34 %, 5270 MiB, 8188 MiB, 34, 9.61 W
2026/09/23 18:50:22.513, NVIDIA GeForce RTX 4060 Ti, 0 %, 5270 MiB, 8188 MiB, 34, 7.95 W
2026/09/23 18:50:23.519, NVIDIA GeForce RTX 4060 Ti, 0 %, 5270 MiB, 8188 MiB, 33, 6.17 W
2026/09/23 18:50:24.527, NVIDIA GeForce RTX 4060 Ti, 0 %, 5270 MiB, 8188 MiB, 33, 6.08 W
2026/09/23 18:50:25.534, NVIDIA GeForce RTX 4060 Ti, 39 %, 5270 MiB, 8188 MiB, 34, 7.45 W
2026/09/23 18:50:26.541, NVIDIA GeForce RTX 4060 Ti, 0 %, 5270 MiB, 8188 MiB, 33, 6.03 W
2026/09/23 18:50:27.549, NVIDIA GeForce RTX 4060 Ti, 1 %, 5270 MiB, 8188 MiB, 33, 6.09 W
2026/09/23 18:50:28.555, NVIDIA GeForce RTX 4060 Ti, 0 %, 5270 MiB, 8188 MiB, 33, 6.10 W
2026/09/23 18:50:29.563, NVIDIA GeForce RTX 4060 Ti, 30 %, 5270 MiB, 8188 MiB, 34, 9.04 W
2026/09/23 18:50:30.574, NVIDIA GeForce RTX 4060 Ti, 35 %, 5270 MiB, 8188 MiB, 34, 9.57 W
2026/09/23 18:50:31.580, NVIDIA GeForce RTX 4060 Ti, 36 %, 5270 MiB, 8188 MiB, 34, 9.56 W
2026/09/23 18:50:32.587, NVIDIA GeForce RTX 4060 Ti, 28 %, 5270 MiB, 8188 MiB, 34, 9.75 W
2026/09/23 18:50:33.598, NVIDIA GeForce RTX 4060 Ti, 30 %, 5270 MiB, 8188 MiB, 34, 9.65 W
2026/09/23 18:50:34.603, NVIDIA GeForce RTX 4060 Ti, 30 %, 5270 MiB, 8188 MiB, 34, 9.55 W
2026/09/23 18:50:35.609, NVIDIA GeForce RTX 4060 Ti, 32 %, 5270 MiB, 8188 MiB, 34, 9.49 W
2026/09/23 18:50:36.614, NVIDIA GeForce RTX 4060 Ti, 36 %, 5270 MiB, 8188 MiB, 34, 9.54 W
2026/09/23 18:50:37.620, NVIDIA GeForce RTX 4060 Ti, 33 %, 5270 MiB, 8188 MiB, 34, 9.49 W
2026/09/23 18:50:38.625, NVIDIA GeForce RTX 4060 Ti, 33 %, 5270 MiB, 8188 MiB, 34, 9.48 W
2026/09/23 18:50:39.662, NVIDIA GeForce RTX 4060 Ti, 39 %, 5270 MiB, 8188 MiB, 34, 9.59 W
2026/09/23 18:50:40.669, NVIDIA GeForce RTX 4060 Ti, 32 %, 5270 MiB, 8188 MiB, 34, 9.48 W
2026/09/23 18:50:41.678, NVIDIA GeForce RTX 4060 Ti, 39 %, 5270 MiB, 8188 MiB, 34, 9.58 W
2026/09/23 18:50:42.683, NVIDIA GeForce RTX 4060 Ti, 39 %, 5270 MiB, 8188 MiB, 34, 9.83 W
2026/09/23 18:50:43.689, NVIDIA GeForce RTX 4060 Ti, 39 %, 5270 MiB, 8188 MiB, 34, 9.81 W
2026/09/23 18:50:44.695, NVIDIA GeForce RTX 4060 Ti, 37 %, 5270 MiB, 8188 MiB, 34, 9.80 W
2026/09/23 18:50:45.700, NVIDIA GeForce RTX 4060 Ti, 33 %, 5270 MiB, 8188 MiB, 34, 9.70 W
2026/09/23 18:50:46.705, NVIDIA GeForce RTX 4060 Ti, 34 %, 5270 MiB, 8188 MiB, 34, 9.80 W
2026/09/23 18:50:47.710, NVIDIA GeForce RTX 4060 Ti, 33 %, 5270 MiB, 8188 MiB, 34, 10.65 W
2026/09/23 18:50:48.715, NVIDIA GeForce RTX 4060 Ti, 37 %, 5270 MiB, 8188 MiB, 34, 13.19 W
2026/09/23 18:50:49.720, NVIDIA GeForce RTX 4060 Ti, 38 %, 5270 MiB, 8188 MiB, 34, 11.61 W
2026/09/23 18:50:50.726, NVIDIA GeForce RTX 4060 Ti, 39 %, 5270 MiB, 8188 MiB, 34, 9.79 W
2026/09/23 18:50:51.732, NVIDIA GeForce RTX 4060 Ti, 38 %, 5270 MiB, 8188 MiB, 34, 12.62 W
2026/09/23 18:50:52.737, NVIDIA GeForce RTX 4060 Ti, 34 %, 5270 MiB, 8188 MiB, 34, 12.80 W
2026/09/23 18:50:53.743, NVIDIA GeForce RTX 4060 Ti, 31 %, 5270 MiB, 8188 MiB, 34, 11.87 W
2026/09/23 18:50:54.749, NVIDIA GeForce RTX 4060 Ti, 33 %, 5270 MiB, 8188 MiB, 34, 13.34 W
2026/09/23 18:50:55.754, NVIDIA GeForce RTX 4060 Ti, 0 %, 5270 MiB, 8188 MiB, 34, 9.07 W
2026/09/23 18:50:56.761, NVIDIA GeForce RTX 4060 Ti, 0 %, 5270 MiB, 8188 MiB, 33, 6.06 W
2026/09/23 18:50:57.768, NVIDIA GeForce RTX 4060 Ti, 0 %, 5270 MiB, 8188 MiB, 33, 5.80 W
2026/09/23 18:50:58.775, NVIDIA GeForce RTX 4060 Ti, 43 %, 5270 MiB, 8188 MiB, 34, 7.91 W
2026/09/23 18:50:59.782, NVIDIA GeForce RTX 4060 Ti, 35 %, 5270 MiB, 8188 MiB, 34, 9.44 W
2026/09/23 18:51:00.788, NVIDIA GeForce RTX 4060 Ti, 37 %, 5270 MiB, 8188 MiB, 34, 9.45 W
2026/09/23 18:51:01.794, NVIDIA GeForce RTX 4060 Ti, 37 %, 5270 MiB, 8188 MiB, 34, 9.48 W
2026/09/23 18:51:02.800, NVIDIA GeForce RTX 4060 Ti, 34 %, 5270 MiB, 8188 MiB, 34, 9.44 W
2026/09/23 18:51:03.806, NVIDIA GeForce RTX 4060 Ti, 32 %, 5270 MiB, 8188 MiB, 34, 9.42 W
2026/09/23 18:51:04.813, NVIDIA GeForce RTX 4060 Ti, 36 %, 5270 MiB, 8188 MiB, 34, 9.82 W
2026/09/23 18:51:05.818, NVIDIA GeForce RTX 4060 Ti, 37 %, 5270 MiB, 8188 MiB, 34, 9.85 W
2026/09/23 18:51:06.824, NVIDIA GeForce RTX 4060 Ti, 37 %, 5270 MiB, 8188 MiB, 34, 9.80 W
2026/09/23 18:51:07.832, NVIDIA GeForce RTX 4060 Ti, 39 %, 5270 MiB, 8188 MiB, 34, 9.75 W
2026/09/23 18:51:08.837, NVIDIA GeForce RTX 4060 Ti, 37 %, 5270 MiB, 8188 MiB, 34, 9.82 W
2026/09/23 18:51:09.843, NVIDIA GeForce RTX 4060 Ti, 39 %, 5270 MiB, 8188 MiB, 34, 9.86 W
2026/09/23 18:51:10.847, NVIDIA GeForce RTX 4060 Ti, 36 %, 5270 MiB, 8188 MiB, 34, 9.89 W
2026/09/23 18:51:11.853, NVIDIA GeForce RTX 4060 Ti, 35 %, 5270 MiB, 8188 MiB, 34, 9.91 W
2026/09/23 18:51:12.858, NVIDIA GeForce RTX 4060 Ti, 34 %, 5270 MiB, 8188 MiB, 34, 9.91 W
2026/09/23 18:51:13.864, NVIDIA GeForce RTX 4060 Ti, 32 %, 5270 MiB, 8188 MiB, 34, 11.82 W
2026/09/23 18:51:14.869, NVIDIA GeForce RTX 4060 Ti, 32 %, 5270 MiB, 8188 MiB, 34, 13.41 W
2026/09/23 18:51:15.874, NVIDIA GeForce RTX 4060 Ti, 34 %, 5270 MiB, 8188 MiB, 34, 10.53 W
2026/09/23 18:51:16.881, NVIDIA GeForce RTX 4060 Ti, 35 %, 5270 MiB, 8188 MiB, 34, 12.04 W
2026/09/23 18:51:17.887, NVIDIA GeForce RTX 4060 Ti, 33 %, 5270 MiB, 8188 MiB, 34, 13.38 W
2026/09/23 18:51:18.893, NVIDIA GeForce RTX 4060 Ti, 38 %, 5270 MiB, 8188 MiB, 34, 10.64 W
2026/09/23 18:51:19.899, NVIDIA GeForce RTX 4060 Ti, 38 %, 5270 MiB, 8188 MiB, 34, 9.86 W
2026/09/23 18:51:20.905, NVIDIA GeForce RTX 4060 Ti, 38 %, 5270 MiB, 8188 MiB, 34, 9.85 W
2026/09/23 18:51:21.911, NVIDIA GeForce RTX 4060 Ti, 32 %, 5270 MiB, 8188 MiB, 34, 11.88 W
2026/09/23 18:51:22.919, NVIDIA GeForce RTX 4060 Ti, 32 %, 5270 MiB, 8188 MiB, 34, 13.27 W
2026/09/23 18:51:23.924, NVIDIA GeForce RTX 4060 Ti, 23 %, 5270 MiB, 8188 MiB, 34, 10.40 W
2026/09/23 18:51:24.930, NVIDIA GeForce RTX 4060 Ti, 0 %, 5270 MiB, 8188 MiB, 33, 6.81 W
2026/09/23 18:51:25.936, NVIDIA GeForce RTX 4060 Ti, 0 %, 5270 MiB, 8188 MiB, 33, 5.95 W
2026/09/23 18:51:26.943, NVIDIA GeForce RTX 4060 Ti, 0 %, 5270 MiB, 8188 MiB, 33, 5.91 W
2026/09/23 18:51:27.951, NVIDIA GeForce RTX 4060 Ti, 37 %, 5270 MiB, 8188 MiB, 34, 8.22 W
2026/09/23 18:51:28.958, NVIDIA GeForce RTX 4060 Ti, 33 %, 5270 MiB, 8188 MiB, 34, 9.39 W
2026/09/23 18:51:29.963, NVIDIA GeForce RTX 4060 Ti, 34 %, 5270 MiB, 8188 MiB, 34, 9.46 W
2026/09/23 18:51:30.969, NVIDIA GeForce RTX 4060 Ti, 34 %, 5270 MiB, 8188 MiB, 34, 9.46 W
2026/09/23 18:51:31.978, NVIDIA GeForce RTX 4060 Ti, 39 %, 5270 MiB, 8188 MiB, 34, 9.49 W
2026/09/23 18:51:32.984, NVIDIA GeForce RTX 4060 Ti, 38 %, 5270 MiB, 8188 MiB, 34, 9.51 W
2026/09/23 18:51:33.989, NVIDIA GeForce RTX 4060 Ti, 36 %, 5270 MiB, 8188 MiB, 34, 9.51 W
2026/09/23 18:51:34.996, NVIDIA GeForce RTX 4060 Ti, 38 %, 5270 MiB, 8188 MiB, 34, 9.58 W
2026/09/23 18:51:36.001, NVIDIA GeForce RTX 4060 Ti, 44 %, 5270 MiB, 8188 MiB, 34, 9.70 W
2026/09/23 18:51:37.008, NVIDIA GeForce RTX 4060 Ti, 34 %, 5270 MiB, 8188 MiB, 34, 9.66 W
2026/09/23 18:51:38.013, NVIDIA GeForce RTX 4060 Ti, 37 %, 5270 MiB, 8188 MiB, 34, 9.62 W
2026/09/23 18:51:39.017, NVIDIA GeForce RTX 4060 Ti, 34 %, 5270 MiB, 8188 MiB, 34, 9.60 W
2026/09/23 18:51:40.022, NVIDIA GeForce RTX 4060 Ti, 33 %, 5270 MiB, 8188 MiB, 34, 9.80 W
2026/09/23 18:51:41.030, NVIDIA GeForce RTX 4060 Ti, 33 %, 5270 MiB, 8188 MiB, 34, 9.68 W
2026/09/23 18:51:42.038, NVIDIA GeForce RTX 4060 Ti, 43 %, 5270 MiB, 8188 MiB, 34, 9.71 W
2026/09/23 18:51:43.046, NVIDIA GeForce RTX 4060 Ti, 41 %, 5270 MiB, 8188 MiB, 34, 10.12 W
2026/09/23 18:51:44.053, NVIDIA GeForce RTX 4060 Ti, 37 %, 5270 MiB, 8188 MiB, 34, 12.52 W
2026/09/23 18:51:45.059, NVIDIA GeForce RTX 4060 Ti, 36 %, 5270 MiB, 8188 MiB, 34, 13.23 W
2026/09/23 18:51:46.066, NVIDIA GeForce RTX 4060 Ti, 30 %, 5270 MiB, 8188 MiB, 34, 12.70 W
2026/09/23 18:51:47.074, NVIDIA GeForce RTX 4060 Ti, 28 %, 5270 MiB, 8188 MiB, 34, 12.90 W
2026/09/23 18:51:48.081, NVIDIA GeForce RTX 4060 Ti, 33 %, 5270 MiB, 8188 MiB, 34, 9.74 W
2026/09/23 18:51:49.088, NVIDIA GeForce RTX 4060 Ti, 34 %, 5270 MiB, 8188 MiB, 34, 9.68 W
2026/09/23 18:51:50.096, NVIDIA GeForce RTX 4060 Ti, 36 %, 5270 MiB, 8188 MiB, 34, 9.62 W
2026/09/23 18:51:51.106, NVIDIA GeForce RTX 4060 Ti, 39 %, 5270 MiB, 8188 MiB, 34, 9.68 W
2026/09/23 18:51:52.111, NVIDIA GeForce RTX 4060 Ti, 31 %, 5270 MiB, 8188 MiB, 34, 9.85 W
2026/09/23 18:51:53.117, NVIDIA GeForce RTX 4060 Ti, 32 %, 5270 MiB, 8188 MiB, 34, 9.71 W
2026/09/23 18:51:54.122, NVIDIA GeForce RTX 4060 Ti, 36 %, 5270 MiB, 8188 MiB, 34, 9.71 W
2026/09/23 18:51:55.130, NVIDIA GeForce RTX 4060 Ti, 34 %, 5270 MiB, 8188 MiB, 34, 9.72 W
2026/09/23 18:51:56.135, NVIDIA GeForce RTX 4060 Ti, 8 %, 5270 MiB, 8188 MiB, 34, 9.23 W
2026/09/23 18:51:57.142, NVIDIA GeForce RTX 4060 Ti, 0 %, 5270 MiB, 8188 MiB, 33, 6.59 W
2026/09/23 18:51:58.148, NVIDIA GeForce RTX 4060 Ti, 0 %, 5270 MiB, 8188 MiB, 33, 5.95 W
2026/09/23 18:51:59.156, NVIDIA GeForce RTX 4060 Ti, 15 %, 5270 MiB, 8188 MiB, 33, 6.47 W
2026/09/23 18:52:00.165, NVIDIA GeForce RTX 4060 Ti, 4 %, 5270 MiB, 8188 MiB, 33, 7.52 W
2026/09/23 18:52:01.172, NVIDIA GeForce RTX 4060 Ti, 4 %, 5270 MiB, 8188 MiB, 33, 6.07 W
2026/09/23 18:52:02.178, NVIDIA GeForce RTX 4060 Ti, 4 %, 5270 MiB, 8188 MiB, 33, 6.04 W
2026/09/23 18:52:03.184, NVIDIA GeForce RTX 4060 Ti, 57 %, 5270 MiB, 8188 MiB, 33, 7.41 W
2026/09/23 18:52:04.193, NVIDIA GeForce RTX 4060 Ti, 42 %, 5270 MiB, 8188 MiB, 34, 10.90 W
2026/09/23 18:52:05.199, NVIDIA GeForce RTX 4060 Ti, 35 %, 5270 MiB, 8188 MiB, 34, 10.65 W
2026/09/23 18:52:06.205, NVIDIA GeForce RTX 4060 Ti, 36 %, 5270 MiB, 8188 MiB, 34, 10.65 W
2026/09/23 18:52:07.212, NVIDIA GeForce RTX 4060 Ti, 36 %, 5270 MiB, 8188 MiB, 34, 10.99 W
2026/09/23 18:52:08.220, NVIDIA GeForce RTX 4060 Ti, 43 %, 5270 MiB, 8188 MiB, 34, 10.64 W
2026/09/23 18:52:09.227, NVIDIA GeForce RTX 4060 Ti, 42 %, 5270 MiB, 8188 MiB, 34, 10.71 W
2026/09/23 18:52:10.235, NVIDIA GeForce RTX 4060 Ti, 41 %, 5270 MiB, 8188 MiB, 34, 10.58 W
2026/09/23 18:52:11.242, NVIDIA GeForce RTX 4060 Ti, 41 %, 5270 MiB, 8188 MiB, 34, 10.68 W
2026/09/23 18:52:12.283, NVIDIA GeForce RTX 4060 Ti, 36 %, 5270 MiB, 8188 MiB, 34, 10.58 W
2026/09/23 18:52:13.289, NVIDIA GeForce RTX 4060 Ti, 38 %, 5270 MiB, 8188 MiB, 34, 10.72 W
2026/09/23 18:52:14.295, NVIDIA GeForce RTX 4060 Ti, 38 %, 5270 MiB, 8188 MiB, 34, 10.76 W
2026/09/23 18:52:15.317, NVIDIA GeForce RTX 4060 Ti, 39 %, 5270 MiB, 8188 MiB, 34, 10.54 W
2026/09/23 18:52:16.325, NVIDIA GeForce RTX 4060 Ti, 41 %, 5270 MiB, 8188 MiB, 34, 10.67 W
2026/09/23 18:52:17.332, NVIDIA GeForce RTX 4060 Ti, 41 %, 5270 MiB, 8188 MiB, 34, 10.49 W
2026/09/23 18:52:18.339, NVIDIA GeForce RTX 4060 Ti, 40 %, 5270 MiB, 8188 MiB, 34, 10.57 W
2026/09/23 18:52:19.344, NVIDIA GeForce RTX 4060 Ti, 39 %, 5270 MiB, 8188 MiB, 34, 10.56 W
2026/09/23 18:52:20.349, NVIDIA GeForce RTX 4060 Ti, 38 %, 5270 MiB, 8188 MiB, 34, 10.77 W
2026/09/23 18:52:21.354, NVIDIA GeForce RTX 4060 Ti, 30 %, 5270 MiB, 8188 MiB, 34, 10.58 W
2026/09/23 18:52:22.364, NVIDIA GeForce RTX 4060 Ti, 36 %, 5270 MiB, 8188 MiB, 34, 10.56 W
2026/09/23 18:52:23.369, NVIDIA GeForce RTX 4060 Ti, 33 %, 5270 MiB, 8188 MiB, 34, 10.48 W
2026/09/23 18:52:24.383, NVIDIA GeForce RTX 4060 Ti, 35 %, 5270 MiB, 8188 MiB, 34, 10.61 W
2026/09/23 18:52:25.390, NVIDIA GeForce RTX 4060 Ti, 36 %, 5270 MiB, 8188 MiB, 34, 11.22 W
2026/09/23 18:52:26.398, NVIDIA GeForce RTX 4060 Ti, 32 %, 5270 MiB, 8188 MiB, 34, 13.80 W
2026/09/23 18:52:27.404, NVIDIA GeForce RTX 4060 Ti, 43 %, 5270 MiB, 8188 MiB, 34, 12.84 W
2026/09/23 18:52:28.409, NVIDIA GeForce RTX 4060 Ti, 31 %, 5270 MiB, 8188 MiB, 34, 10.44 W
2026/09/23 18:52:29.421, NVIDIA GeForce RTX 4060 Ti, 36 %, 5270 MiB, 8188 MiB, 34, 10.83 W
2026/09/23 18:52:30.428, NVIDIA GeForce RTX 4060 Ti, 32 %, 5270 MiB, 8188 MiB, 34, 11.06 W
2026/09/23 18:52:31.445, NVIDIA GeForce RTX 4060 Ti, 34 %, 5270 MiB, 8188 MiB, 34, 13.85 W
2026/09/23 18:52:32.450, NVIDIA GeForce RTX 4060 Ti, 35 %, 5270 MiB, 8188 MiB, 34, 13.34 W
2026/09/23 18:52:33.463, NVIDIA GeForce RTX 4060 Ti, 27 %, 5270 MiB, 8188 MiB, 34, 13.61 W
2026/09/23 18:52:34.469, NVIDIA GeForce RTX 4060 Ti, 42 %, 5270 MiB, 8188 MiB, 34, 12.50 W
2026/09/23 18:52:35.476, NVIDIA GeForce RTX 4060 Ti, 44 %, 5270 MiB, 8188 MiB, 34, 10.69 W
2026/09/23 18:52:36.485, NVIDIA GeForce RTX 4060 Ti, 28 %, 5270 MiB, 8188 MiB, 34, 10.26 W
2026/09/23 18:52:37.494, NVIDIA GeForce RTX 4060 Ti, 0 %, 5270 MiB, 8188 MiB, 33, 7.33 W
2026/09/23 18:52:38.501, NVIDIA GeForce RTX 4060 Ti, 0 %, 5270 MiB, 8188 MiB, 33, 6.07 W
2026/09/23 18:52:39.507, NVIDIA GeForce RTX 4060 Ti, 0 %, 5270 MiB, 8188 MiB, 33, 6.18 W
2026/09/23 18:52:40.514, NVIDIA GeForce RTX 4060 Ti, 46 %, 5270 MiB, 8188 MiB, 34, 8.47 W
2026/09/23 18:52:41.524, NVIDIA GeForce RTX 4060 Ti, 34 %, 5270 MiB, 8188 MiB, 34, 10.65 W
2026/09/23 18:52:42.531, NVIDIA GeForce RTX 4060 Ti, 35 %, 5270 MiB, 8188 MiB, 34, 10.51 W
2026/09/23 18:52:43.540, NVIDIA GeForce RTX 4060 Ti, 35 %, 5270 MiB, 8188 MiB, 34, 10.37 W
2026/09/23 18:52:44.550, NVIDIA GeForce RTX 4060 Ti, 40 %, 5270 MiB, 8188 MiB, 34, 10.34 W
2026/09/23 18:52:45.556, NVIDIA GeForce RTX 4060 Ti, 36 %, 5270 MiB, 8188 MiB, 34, 10.51 W
2026/09/23 18:52:46.563, NVIDIA GeForce RTX 4060 Ti, 38 %, 5270 MiB, 8188 MiB, 34, 10.46 W
2026/09/23 18:52:47.568, NVIDIA GeForce RTX 4060 Ti, 39 %, 5270 MiB, 8188 MiB, 34, 10.36 W
2026/09/23 18:52:48.582, NVIDIA GeForce RTX 4060 Ti, 37 %, 5270 MiB, 8188 MiB, 34, 10.35 W
2026/09/23 18:52:49.589, NVIDIA GeForce RTX 4060 Ti, 37 %, 5270 MiB, 8188 MiB, 34, 10.32 W
2026/09/23 18:52:50.597, NVIDIA GeForce RTX 4060 Ti, 40 %, 5270 MiB, 8188 MiB, 34, 10.40 W
2026/09/23 18:52:51.603, NVIDIA GeForce RTX 4060 Ti, 36 %, 5270 MiB, 8188 MiB, 34, 10.33 W
2026/09/23 18:52:52.611, NVIDIA GeForce RTX 4060 Ti, 41 %, 5270 MiB, 8188 MiB, 34, 10.37 W
2026/09/23 18:52:53.618, NVIDIA GeForce RTX 4060 Ti, 37 %, 5270 MiB, 8188 MiB, 34, 10.61 W
2026/09/23 18:52:54.626, NVIDIA GeForce RTX 4060 Ti, 35 %, 5270 MiB, 8188 MiB, 34, 10.57 W
2026/09/23 18:52:55.632, NVIDIA GeForce RTX 4060 Ti, 40 %, 5270 MiB, 8188 MiB, 34, 10.73 W
2026/09/23 18:52:56.642, NVIDIA GeForce RTX 4060 Ti, 39 %, 5270 MiB, 8188 MiB, 34, 10.68 W
2026/09/23 18:52:57.648, NVIDIA GeForce RTX 4060 Ti, 40 %, 5270 MiB, 8188 MiB, 34, 10.70 W
2026/09/23 18:52:58.653, NVIDIA GeForce RTX 4060 Ti, 41 %, 5270 MiB, 8188 MiB, 34, 10.67 W
2026/09/23 18:52:59.660, NVIDIA GeForce RTX 4060 Ti, 42 %, 5270 MiB, 8188 MiB, 34, 10.79 W
2026/09/23 18:53:00.669, NVIDIA GeForce RTX 4060 Ti, 38 %, 5270 MiB, 8188 MiB, 34, 10.86 W
2026/09/23 18:53:01.677, NVIDIA GeForce RTX 4060 Ti, 32 %, 5270 MiB, 8188 MiB, 34, 12.44 W
2026/09/23 18:53:02.686, NVIDIA GeForce RTX 4060 Ti, 31 %, 5270 MiB, 8188 MiB, 34, 13.99 W
2026/09/23 18:53:03.694, NVIDIA GeForce RTX 4060 Ti, 42 %, 5270 MiB, 8188 MiB, 34, 11.93 W
2026/09/23 18:53:04.701, NVIDIA GeForce RTX 4060 Ti, 42 %, 5270 MiB, 8188 MiB, 34, 10.66 W
2026/09/23 18:53:05.708, NVIDIA GeForce RTX 4060 Ti, 42 %, 5270 MiB, 8188 MiB, 34, 10.82 W
2026/09/23 18:53:06.714, NVIDIA GeForce RTX 4060 Ti, 37 %, 5270 MiB, 8188 MiB, 34, 10.89 W
2026/09/23 18:53:07.721, NVIDIA GeForce RTX 4060 Ti, 35 %, 5270 MiB, 8188 MiB, 34, 10.86 W
2026/09/23 18:53:08.732, NVIDIA GeForce RTX 4060 Ti, 36 %, 5270 MiB, 8188 MiB, 34, 10.76 W
2026/09/23 18:53:09.739, NVIDIA GeForce RTX 4060 Ti, 29 %, 5270 MiB, 8188 MiB, 34, 12.52 W
2026/09/23 18:53:10.754, NVIDIA GeForce RTX 4060 Ti, 31 %, 5270 MiB, 8188 MiB, 34, 14.06 W
2026/09/23 18:53:11.761, NVIDIA GeForce RTX 4060 Ti, 35 %, 5270 MiB, 8188 MiB, 34, 12.62 W
2026/09/23 18:53:12.768, NVIDIA GeForce RTX 4060 Ti, 36 %, 5270 MiB, 8188 MiB, 34, 14.27 W
2026/09/23 18:53:13.777, NVIDIA GeForce RTX 4060 Ti, 40 %, 5270 MiB, 8188 MiB, 34, 12.93 W
2026/09/23 18:53:14.785, NVIDIA GeForce RTX 4060 Ti, 33 %, 5270 MiB, 8188 MiB, 34, 10.37 W
2026/09/23 18:53:15.792, NVIDIA GeForce RTX 4060 Ti, 0 %, 5270 MiB, 8188 MiB, 34, 7.56 W
2026/09/23 18:53:16.799, NVIDIA GeForce RTX 4060 Ti, 1 %, 5275 MiB, 8188 MiB, 33, 5.93 W
2026/09/23 18:53:17.806, NVIDIA GeForce RTX 4060 Ti, 0 %, 5275 MiB, 8188 MiB, 33, 6.01 W
2026/09/23 18:53:18.816, NVIDIA GeForce RTX 4060 Ti, 42 %, 5275 MiB, 8188 MiB, 34, 7.88 W
2026/09/23 18:53:19.822, NVIDIA GeForce RTX 4060 Ti, 33 %, 5275 MiB, 8188 MiB, 34, 10.66 W
2026/09/23 18:53:20.829, NVIDIA GeForce RTX 4060 Ti, 42 %, 5275 MiB, 8188 MiB, 34, 10.88 W
2026/09/23 18:53:21.839, NVIDIA GeForce RTX 4060 Ti, 31 %, 5275 MiB, 8188 MiB, 34, 10.51 W
2026/09/23 18:53:22.844, NVIDIA GeForce RTX 4060 Ti, 33 %, 5275 MiB, 8188 MiB, 34, 10.51 W
2026/09/23 18:53:23.852, NVIDIA GeForce RTX 4060 Ti, 38 %, 5273 MiB, 8188 MiB, 34, 10.33 W
2026/09/23 18:53:24.858, NVIDIA GeForce RTX 4060 Ti, 37 %, 5273 MiB, 8188 MiB, 34, 10.35 W
2026/09/23 18:53:25.893, NVIDIA GeForce RTX 4060 Ti, 36 %, 5272 MiB, 8188 MiB, 34, 10.21 W
2026/09/23 18:53:26.904, NVIDIA GeForce RTX 4060 Ti, 41 %, 5272 MiB, 8188 MiB, 34, 10.32 W
2026/09/23 18:53:27.912, NVIDIA GeForce RTX 4060 Ti, 37 %, 5272 MiB, 8188 MiB, 34, 10.31 W
2026/09/23 18:53:28.917, NVIDIA GeForce RTX 4060 Ti, 37 %, 5270 MiB, 8188 MiB, 34, 10.47 W
2026/09/23 18:53:29.923, NVIDIA GeForce RTX 4060 Ti, 38 %, 5270 MiB, 8188 MiB, 34, 10.40 W
2026/09/23 18:53:30.930, NVIDIA GeForce RTX 4060 Ti, 40 %, 5270 MiB, 8188 MiB, 34, 10.32 W
2026/09/23 18:53:31.942, NVIDIA GeForce RTX 4060 Ti, 36 %, 5270 MiB, 8188 MiB, 34, 10.32 W
2026/09/23 18:53:32.948, NVIDIA GeForce RTX 4060 Ti, 36 %, 5270 MiB, 8188 MiB, 34, 10.31 W
2026/09/23 18:53:33.955, NVIDIA GeForce RTX 4060 Ti, 34 %, 5270 MiB, 8188 MiB, 34, 10.29 W
2026/09/23 18:53:34.962, NVIDIA GeForce RTX 4060 Ti, 40 %, 5270 MiB, 8188 MiB, 34, 10.27 W
2026/09/23 18:53:35.969, NVIDIA GeForce RTX 4060 Ti, 36 %, 5270 MiB, 8188 MiB, 34, 10.34 W
2026/09/23 18:53:36.975, NVIDIA GeForce RTX 4060 Ti, 40 %, 5270 MiB, 8188 MiB, 34, 10.27 W
2026/09/23 18:53:37.981, NVIDIA GeForce RTX 4060 Ti, 38 %, 5270 MiB, 8188 MiB, 34, 10.43 W
2026/09/23 18:53:38.988, NVIDIA GeForce RTX 4060 Ti, 35 %, 5270 MiB, 8188 MiB, 34, 10.33 W
2026/09/23 18:53:39.994, NVIDIA GeForce RTX 4060 Ti, 35 %, 5270 MiB, 8188 MiB, 34, 10.43 W
2026/09/23 18:53:41.000, NVIDIA GeForce RTX 4060 Ti, 34 %, 5270 MiB, 8188 MiB, 34, 10.26 W
2026/09/23 18:53:42.008, NVIDIA GeForce RTX 4060 Ti, 36 %, 5270 MiB, 8188 MiB, 34, 10.34 W
2026/09/23 18:53:43.018, NVIDIA GeForce RTX 4060 Ti, 39 %, 5270 MiB, 8188 MiB, 34, 10.29 W
2026/09/23 18:53:44.026, NVIDIA GeForce RTX 4060 Ti, 40 %, 5270 MiB, 8188 MiB, 34, 10.62 W
2026/09/23 18:53:45.032, NVIDIA GeForce RTX 4060 Ti, 41 %, 5270 MiB, 8188 MiB, 34, 10.52 W
2026/09/23 18:53:46.038, NVIDIA GeForce RTX 4060 Ti, 40 %, 5270 MiB, 8188 MiB, 34, 10.65 W
2026/09/23 18:53:47.047, NVIDIA GeForce RTX 4060 Ti, 37 %, 5270 MiB, 8188 MiB, 34, 10.93 W
2026/09/23 18:53:48.055, NVIDIA GeForce RTX 4060 Ti, 28 %, 5270 MiB, 8188 MiB, 34, 13.19 W
2026/09/23 18:53:49.061, NVIDIA GeForce RTX 4060 Ti, 27 %, 5270 MiB, 8188 MiB, 34, 13.18 W
2026/09/23 18:53:50.068, NVIDIA GeForce RTX 4060 Ti, 42 %, 5270 MiB, 8188 MiB, 34, 10.47 W
2026/09/23 18:53:51.075, NVIDIA GeForce RTX 4060 Ti, 40 %, 5270 MiB, 8188 MiB, 34, 10.45 W
2026/09/23 18:53:52.081, NVIDIA GeForce RTX 4060 Ti, 45 %, 5270 MiB, 8188 MiB, 34, 10.52 W
2026/09/23 18:53:53.087, NVIDIA GeForce RTX 4060 Ti, 35 %, 5270 MiB, 8188 MiB, 34, 10.28 W
2026/09/23 18:53:54.094, NVIDIA GeForce RTX 4060 Ti, 42 %, 5270 MiB, 8188 MiB, 34, 10.69 W
2026/09/23 18:53:55.101, NVIDIA GeForce RTX 4060 Ti, 31 %, 5270 MiB, 8188 MiB, 34, 13.28 W
2026/09/23 18:53:56.107, NVIDIA GeForce RTX 4060 Ti, 28 %, 5270 MiB, 8188 MiB, 34, 12.13 W
2026/09/23 18:53:57.113, NVIDIA GeForce RTX 4060 Ti, 0 %, 5270 MiB, 8188 MiB, 33, 6.14 W
2026/09/23 18:53:58.120, NVIDIA GeForce RTX 4060 Ti, 4 %, 5270 MiB, 8188 MiB, 33, 5.91 W
2026/09/23 18:53:59.126, NVIDIA GeForce RTX 4060 Ti, 4 %, 5270 MiB, 8188 MiB, 33, 5.86 W
2026/09/23 18:54:00.132, NVIDIA GeForce RTX 4060 Ti, 4 %, 5270 MiB, 8188 MiB, 33, 5.91 W
2026/09/23 18:54:01.138, NVIDIA GeForce RTX 4060 Ti, 4 %, 5270 MiB, 8188 MiB, 33, 5.98 W
2026/09/23 18:54:02.143, NVIDIA GeForce RTX 4060 Ti, 4 %, 5270 MiB, 8188 MiB, 33, 5.96 W
2026/09/23 18:54:03.150, NVIDIA GeForce RTX 4060 Ti, 4 %, 5270 MiB, 8188 MiB, 33, 5.86 W
2026/09/23 18:54:04.156, NVIDIA GeForce RTX 4060 Ti, 4 %, 5270 MiB, 8188 MiB, 33, 6.01 W
2026/09/23 18:54:05.163, NVIDIA GeForce RTX 4060 Ti, 4 %, 5270 MiB, 8188 MiB, 33, 5.94 W
2026/09/23 18:54:06.169, NVIDIA GeForce RTX 4060 Ti, 3 %, 5270 MiB, 8188 MiB, 33, 5.88 W
2026/09/23 18:54:07.175, NVIDIA GeForce RTX 4060 Ti, 4 %, 5270 MiB, 8188 MiB, 33, 5.90 W
2026/09/23 18:54:08.181, NVIDIA GeForce RTX 4060 Ti, 4 %, 5270 MiB, 8188 MiB, 33, 5.79 W
2026/09/23 18:54:09.186, NVIDIA GeForce RTX 4060 Ti, 4 %, 5270 MiB, 8188 MiB, 33, 5.82 W
2026/09/23 18:54:10.192, NVIDIA GeForce RTX 4060 Ti, 4 %, 5270 MiB, 8188 MiB, 33, 5.81 W
2026/09/23 18:54:11.198, NVIDIA GeForce RTX 4060 Ti, 4 %, 5270 MiB, 8188 MiB, 33, 5.98 W
2026/09/23 18:54:12.203, NVIDIA GeForce RTX 4060 Ti, 5 %, 5270 MiB, 8188 MiB, 33, 6.04 W
