timestamp, name, utilization.gpu [%], memory.used [MiB], memory.total [MiB], temperature.gpu, power.draw [W]
2026/09/23 03:12:28.262, NVIDIA GeForce RTX 4060 Ti, 0 %, 768 MiB, 8188 MiB, 40, 22.00 W
2026/09/23 03:12:29.272, NVIDIA GeForce RTX 4060 Ti, 0 %, 769 MiB, 8188 MiB, 40, 29.33 W
2026/09/23 03:12:30.277, NVIDIA GeForce RTX 4060 Ti, 0 %, 769 MiB, 8188 MiB, 40, 29.26 W
2026/09/23 03:12:31.282, NVIDIA GeForce RTX 4060 Ti, 1 %, 764 MiB, 8188 MiB, 40, 24.66 W
2026/09/23 03:12:32.287, NVIDIA GeForce RTX 4060 Ti, 3 %, 764 MiB, 8188 MiB, 39, 9.68 W
2026/09/23 03:12:33.293, NVIDIA GeForce RTX 4060 Ti, 5 %, 766 MiB, 8188 MiB, 39, 6.76 W
2026/09/23 03:12:34.298, NVIDIA GeForce RTX 4060 Ti, 4 %, 765 MiB, 8188 MiB, 39, 6.70 W
2026/09/23 03:12:35.304, NVIDIA GeForce RTX 4060 Ti, 4 %, 760 MiB, 8188 MiB, 39, 6.55 W
2026/09/23 03:12:36.310, NVIDIA GeForce RTX 4060 Ti, 4 %, 760 MiB, 8188 MiB, 39, 6.70 W
2026/09/23 03:12:37.314, NVIDIA GeForce RTX 4060 Ti, 4 %, 764 MiB, 8188 MiB, 39, 6.45 W
2026/09/23 03:12:38.320, NVIDIA GeForce RTX 4060 Ti, 3 %, 765 MiB, 8188 MiB, 39, 6.50 W
2026/09/23 03:12:39.325, NVIDIA GeForce RTX 4060 Ti, 3 %, 761 MiB, 8188 MiB, 39, 6.47 W
2026/09/23 03:12:40.331, NVIDIA GeForce RTX 4060 Ti, 3 %, 760 MiB, 8188 MiB, 39, 6.63 W
2026/09/23 03:12:41.337, NVIDIA GeForce RTX 4060 Ti, 4 %, 765 MiB, 8188 MiB, 39, 6.62 W
2026/09/23 03:12:42.342, NVIDIA GeForce RTX 4060 Ti, 4 %, 765 MiB, 8188 MiB, 39, 6.46 W
2026/09/23 03:12:43.347, NVIDIA GeForce RTX 4060 Ti, 4 %, 761 MiB, 8188 MiB, 39, 6.75 W
2026/09/23 03:12:44.353, NVIDIA GeForce RTX 4060 Ti, 3 %, 761 MiB, 8188 MiB, 39, 6.39 W
2026/09/23 03:12:45.359, NVIDIA GeForce RTX 4060 Ti, 4 %, 765 MiB, 8188 MiB, 39, 6.66 W
2026/09/23 03:12:46.364, NVIDIA GeForce RTX 4060 Ti, 3 %, 765 MiB, 8188 MiB, 39, 6.59 W
2026/09/23 03:12:47.393, NVIDIA GeForce RTX 4060 Ti, 3 %, 760 MiB, 8188 MiB, 39, 6.41 W
2026/09/23 03:12:48.399, NVIDIA GeForce RTX 4060 Ti, 3 %, 760 MiB, 8188 MiB, 39, 6.51 W
2026/09/23 03:12:49.405, NVIDIA GeForce RTX 4060 Ti, 0 %, 764 MiB, 8188 MiB, 40, 22.03 W
2026/09/23 03:12:50.410, NVIDIA GeForce RTX 4060 Ti, 0 %, 764 MiB, 8188 MiB, 40, 29.26 W
2026/09/23 03:12:51.414, NVIDIA GeForce RTX 4060 Ti, 0 %, 760 MiB, 8188 MiB, 40, 29.18 W
2026/09/23 03:12:52.419, NVIDIA GeForce RTX 4060 Ti, 0 %, 760 MiB, 8188 MiB, 40, 21.63 W
2026/09/23 03:12:53.424, NVIDIA GeForce RTX 4060 Ti, 2 %, 764 MiB, 8188 MiB, 39, 8.61 W
2026/09/23 03:12:54.429, NVIDIA GeForce RTX 4060 Ti, 4 %, 764 MiB, 8188 MiB, 39, 6.79 W
2026/09/23 03:12:55.435, NVIDIA GeForce RTX 4060 Ti, 3 %, 760 MiB, 8188 MiB, 39, 6.55 W
2026/09/23 03:12:56.441, NVIDIA GeForce RTX 4060 Ti, 3 %, 760 MiB, 8188 MiB, 39, 6.59 W
2026/09/23 03:12:57.447, NVIDIA GeForce RTX 4060 Ti, 3 %, 764 MiB, 8188 MiB, 38, 6.58 W
2026/09/23 03:12:58.453, NVIDIA GeForce RTX 4060 Ti, 8 %, 765 MiB, 8188 MiB, 38, 6.68 W
2026/09/23 03:12:59.459, NVIDIA GeForce RTX 4060 Ti, 4 %, 768 MiB, 8188 MiB, 38, 6.67 W
2026/09/23 03:13:00.464, NVIDIA GeForce RTX 4060 Ti, 4 %, 768 MiB, 8188 MiB, 38, 6.45 W
2026/09/23 03:13:01.470, NVIDIA GeForce RTX 4060 Ti, 5 %, 768 MiB, 8188 MiB, 38, 6.57 W
2026/09/23 03:13:02.475, NVIDIA GeForce RTX 4060 Ti, 4 %, 769 MiB, 8188 MiB, 38, 6.61 W
2026/09/23 03:13:03.480, NVIDIA GeForce RTX 4060 Ti, 4 %, 769 MiB, 8188 MiB, 38, 6.66 W
2026/09/23 03:13:04.487, NVIDIA GeForce RTX 4060 Ti, 4 %, 766 MiB, 8188 MiB, 38, 6.78 W
2026/09/23 03:13:05.492, NVIDIA GeForce RTX 4060 Ti, 4 %, 766 MiB, 8188 MiB, 38, 6.65 W
2026/09/23 03:13:06.498, NVIDIA GeForce RTX 4060 Ti, 3 %, 767 MiB, 8188 MiB, 38, 6.58 W
2026/09/23 03:13:07.504, NVIDIA GeForce RTX 4060 Ti, 3 %, 762 MiB, 8188 MiB, 38, 6.43 W
2026/09/23 03:13:08.515, NVIDIA GeForce RTX 4060 Ti, 3 %, 762 MiB, 8188 MiB, 38, 6.71 W
2026/09/23 03:13:09.521, NVIDIA GeForce RTX 4060 Ti, 3 %, 766 MiB, 8188 MiB, 38, 6.45 W
2026/09/23 03:13:10.527, NVIDIA GeForce RTX 4060 Ti, 4 %, 766 MiB, 8188 MiB, 38, 6.68 W
2026/09/23 03:13:11.531, NVIDIA GeForce RTX 4060 Ti, 4 %, 760 MiB, 8188 MiB, 38, 6.60 W
2026/09/23 03:13:12.538, NVIDIA GeForce RTX 4060 Ti, 4 %, 760 MiB, 8188 MiB, 38, 6.80 W
2026/09/23 03:13:13.543, NVIDIA GeForce RTX 4060 Ti, 4 %, 764 MiB, 8188 MiB, 38, 6.61 W
2026/09/23 03:13:14.548, NVIDIA GeForce RTX 4060 Ti, 3 %, 764 MiB, 8188 MiB, 38, 6.77 W
2026/09/23 03:13:15.553, NVIDIA GeForce RTX 4060 Ti, 3 %, 760 MiB, 8188 MiB, 38, 6.74 W
2026/09/23 03:13:16.559, NVIDIA GeForce RTX 4060 Ti, 3 %, 760 MiB, 8188 MiB, 38, 6.76 W
2026/09/23 03:13:17.564, NVIDIA GeForce RTX 4060 Ti, 3 %, 766 MiB, 8188 MiB, 38, 6.76 W
2026/09/23 03:13:18.569, NVIDIA GeForce RTX 4060 Ti, 3 %, 766 MiB, 8188 MiB, 38, 6.55 W
2026/09/23 03:13:19.575, NVIDIA GeForce RTX 4060 Ti, 4 %, 761 MiB, 8188 MiB, 38, 6.67 W
2026/09/23 03:13:20.580, NVIDIA GeForce RTX 4060 Ti, 4 %, 761 MiB, 8188 MiB, 38, 6.58 W
2026/09/23 03:13:21.585, NVIDIA GeForce RTX 4060 Ti, 4 %, 766 MiB, 8188 MiB, 38, 6.74 W
2026/09/23 03:13:22.596, NVIDIA GeForce RTX 4060 Ti, 4 %, 766 MiB, 8188 MiB, 38, 6.52 W
2026/09/23 03:13:23.601, NVIDIA GeForce RTX 4060 Ti, 0 %, 762 MiB, 8188 MiB, 39, 25.83 W
2026/09/23 03:13:24.606, NVIDIA GeForce RTX 4060 Ti, 0 %, 762 MiB, 8188 MiB, 39, 28.83 W
2026/09/23 03:13:25.611, NVIDIA GeForce RTX 4060 Ti, 0 %, 766 MiB, 8188 MiB, 39, 28.95 W
2026/09/23 03:13:26.615, NVIDIA GeForce RTX 4060 Ti, 0 %, 765 MiB, 8188 MiB, 38, 18.60 W
2026/09/23 03:13:27.620, NVIDIA GeForce RTX 4060 Ti, 2 %, 760 MiB, 8188 MiB, 38, 8.22 W
2026/09/23 03:13:28.626, NVIDIA GeForce RTX 4060 Ti, 4 %, 760 MiB, 8188 MiB, 38, 6.67 W
2026/09/23 03:13:29.631, NVIDIA GeForce RTX 4060 Ti, 4 %, 765 MiB, 8188 MiB, 38, 6.66 W
2026/09/23 03:13:30.637, NVIDIA GeForce RTX 4060 Ti, 4 %, 765 MiB, 8188 MiB, 38, 6.68 W
2026/09/23 03:13:31.642, NVIDIA GeForce RTX 4060 Ti, 3 %, 761 MiB, 8188 MiB, 38, 6.51 W
2026/09/23 03:13:32.648, NVIDIA GeForce RTX 4060 Ti, 4 %, 766 MiB, 8188 MiB, 38, 6.62 W
2026/09/23 03:13:33.656, NVIDIA GeForce RTX 4060 Ti, 0 %, 766 MiB, 8188 MiB, 39, 25.73 W
2026/09/23 03:13:34.661, NVIDIA GeForce RTX 4060 Ti, 0 %, 766 MiB, 8188 MiB, 39, 28.89 W
2026/09/23 03:13:35.666, NVIDIA GeForce RTX 4060 Ti, 0 %, 762 MiB, 8188 MiB, 39, 28.86 W
2026/09/23 03:13:36.671, NVIDIA GeForce RTX 4060 Ti, 0 %, 762 MiB, 8188 MiB, 38, 18.41 W
2026/09/23 03:13:37.676, NVIDIA GeForce RTX 4060 Ti, 3 %, 766 MiB, 8188 MiB, 38, 9.03 W
2026/09/23 03:13:38.681, NVIDIA GeForce RTX 4060 Ti, 4 %, 766 MiB, 8188 MiB, 38, 6.54 W
2026/09/23 03:13:39.688, NVIDIA GeForce RTX 4060 Ti, 4 %, 760 MiB, 8188 MiB, 38, 6.72 W
2026/09/23 03:13:40.693, NVIDIA GeForce RTX 4060 Ti, 4 %, 760 MiB, 8188 MiB, 38, 6.40 W
2026/09/23 03:13:41.700, NVIDIA GeForce RTX 4060 Ti, 4 %, 764 MiB, 8188 MiB, 38, 6.58 W
2026/09/23 03:13:42.707, NVIDIA GeForce RTX 4060 Ti, 74 %, 1759 MiB, 8188 MiB, 38, 12.97 W
2026/09/23 03:13:43.712, NVIDIA GeForce RTX 4060 Ti, 0 %, 2059 MiB, 8188 MiB, 39, 32.63 W
2026/09/23 03:13:44.717, NVIDIA GeForce RTX 4060 Ti, 0 %, 2063 MiB, 8188 MiB, 39, 31.48 W
2026/09/23 03:13:45.723, NVIDIA GeForce RTX 4060 Ti, 0 %, 2063 MiB, 8188 MiB, 39, 28.64 W
2026/09/23 03:13:46.730, NVIDIA GeForce RTX 4060 Ti, 0 %, 2058 MiB, 8188 MiB, 39, 28.67 W
2026/09/23 03:13:47.734, NVIDIA GeForce RTX 4060 Ti, 1 %, 2190 MiB, 8188 MiB, 39, 28.98 W
2026/09/23 03:13:48.740, NVIDIA GeForce RTX 4060 Ti, 94 %, 3875 MiB, 8188 MiB, 43, 69.97 W
2026/09/23 03:13:49.746, NVIDIA GeForce RTX 4060 Ti, 100 %, 5657 MiB, 8188 MiB, 52, 124.72 W
2026/09/23 03:13:50.765, NVIDIA GeForce RTX 4060 Ti, 95 %, 5655 MiB, 8188 MiB, 54, 131.80 W
2026/09/23 03:13:51.771, NVIDIA GeForce RTX 4060 Ti, 95 %, 5655 MiB, 8188 MiB, 53, 128.79 W
2026/09/23 03:13:52.777, NVIDIA GeForce RTX 4060 Ti, 95 %, 5659 MiB, 8188 MiB, 53, 128.66 W
2026/09/23 03:13:53.784, NVIDIA GeForce RTX 4060 Ti, 100 %, 5659 MiB, 8188 MiB, 56, 126.87 W
2026/09/23 03:13:54.791, NVIDIA GeForce RTX 4060 Ti, 94 %, 5657 MiB, 8188 MiB, 54, 129.53 W
2026/09/23 03:13:55.797, NVIDIA GeForce RTX 4060 Ti, 95 %, 5654 MiB, 8188 MiB, 55, 136.21 W
2026/09/23 03:13:56.803, NVIDIA GeForce RTX 4060 Ti, 100 %, 5658 MiB, 8188 MiB, 54, 127.86 W
2026/09/23 03:13:57.809, NVIDIA GeForce RTX 4060 Ti, 95 %, 5659 MiB, 8188 MiB, 55, 130.55 W
2026/09/23 03:13:58.815, NVIDIA GeForce RTX 4060 Ti, 100 %, 5655 MiB, 8188 MiB, 56, 129.78 W
2026/09/23 03:13:59.822, NVIDIA GeForce RTX 4060 Ti, 96 %, 5655 MiB, 8188 MiB, 55, 127.75 W
2026/09/23 03:14:00.828, NVIDIA GeForce RTX 4060 Ti, 97 %, 5659 MiB, 8188 MiB, 56, 131.38 W
2026/09/23 03:14:01.834, NVIDIA GeForce RTX 4060 Ti, 95 %, 5660 MiB, 8188 MiB, 55, 128.96 W
2026/09/23 03:14:02.841, NVIDIA GeForce RTX 4060 Ti, 100 %, 5661 MiB, 8188 MiB, 57, 130.66 W
2026/09/23 03:14:03.846, NVIDIA GeForce RTX 4060 Ti, 93 %, 5657 MiB, 8188 MiB, 56, 131.42 W
2026/09/23 03:14:04.853, NVIDIA GeForce RTX 4060 Ti, 95 %, 5661 MiB, 8188 MiB, 57, 132.84 W
2026/09/23 03:14:05.858, NVIDIA GeForce RTX 4060 Ti, 96 %, 5663 MiB, 8188 MiB, 58, 130.53 W
2026/09/23 03:14:06.870, NVIDIA GeForce RTX 4060 Ti, 95 %, 5656 MiB, 8188 MiB, 56, 132.10 W
2026/09/23 03:14:07.884, NVIDIA GeForce RTX 4060 Ti, 95 %, 5657 MiB, 8188 MiB, 57, 135.23 W
2026/09/23 03:14:08.893, NVIDIA GeForce RTX 4060 Ti, 81 %, 5661 MiB, 8188 MiB, 55, 130.50 W
2026/09/23 03:14:09.901, NVIDIA GeForce RTX 4060 Ti, 96 %, 5661 MiB, 8188 MiB, 56, 130.58 W
2026/09/23 03:14:10.907, NVIDIA GeForce RTX 4060 Ti, 95 %, 5655 MiB, 8188 MiB, 55, 130.69 W
2026/09/23 03:14:11.912, NVIDIA GeForce RTX 4060 Ti, 95 %, 5655 MiB, 8188 MiB, 55, 130.17 W
2026/09/23 03:14:12.922, NVIDIA GeForce RTX 4060 Ti, 95 %, 5659 MiB, 8188 MiB, 56, 128.18 W
2026/09/23 03:14:13.927, NVIDIA GeForce RTX 4060 Ti, 97 %, 5659 MiB, 8188 MiB, 57, 133.94 W
2026/09/23 03:14:14.933, NVIDIA GeForce RTX 4060 Ti, 100 %, 5655 MiB, 8188 MiB, 55, 133.17 W
2026/09/23 03:14:15.940, NVIDIA GeForce RTX 4060 Ti, 100 %, 5655 MiB, 8188 MiB, 55, 127.02 W
2026/09/23 03:14:16.946, NVIDIA GeForce RTX 4060 Ti, 94 %, 5659 MiB, 8188 MiB, 56, 130.36 W
2026/09/23 03:14:17.953, NVIDIA GeForce RTX 4060 Ti, 94 %, 5659 MiB, 8188 MiB, 53, 131.38 W
2026/09/23 03:14:18.959, NVIDIA GeForce RTX 4060 Ti, 95 %, 5655 MiB, 8188 MiB, 57, 130.88 W
2026/09/23 03:14:19.965, NVIDIA GeForce RTX 4060 Ti, 95 %, 5655 MiB, 8188 MiB, 56, 131.70 W
2026/09/23 03:14:20.972, NVIDIA GeForce RTX 4060 Ti, 96 %, 5659 MiB, 8188 MiB, 57, 128.53 W
2026/09/23 03:14:21.979, NVIDIA GeForce RTX 4060 Ti, 94 %, 5659 MiB, 8188 MiB, 56, 130.83 W
2026/09/23 03:14:22.986, NVIDIA GeForce RTX 4060 Ti, 95 %, 5655 MiB, 8188 MiB, 57, 130.07 W
2026/09/23 03:14:23.992, NVIDIA GeForce RTX 4060 Ti, 94 %, 5655 MiB, 8188 MiB, 55, 130.49 W
2026/09/23 03:14:24.998, NVIDIA GeForce RTX 4060 Ti, 96 %, 5659 MiB, 8188 MiB, 57, 130.75 W
2026/09/23 03:14:26.005, NVIDIA GeForce RTX 4060 Ti, 95 %, 5659 MiB, 8188 MiB, 57, 135.50 W
2026/09/23 03:14:27.011, NVIDIA GeForce RTX 4060 Ti, 95 %, 5655 MiB, 8188 MiB, 57, 134.24 W
2026/09/23 03:14:28.018, NVIDIA GeForce RTX 4060 Ti, 94 %, 5655 MiB, 8188 MiB, 56, 133.72 W
2026/09/23 03:14:29.025, NVIDIA GeForce RTX 4060 Ti, 83 %, 5659 MiB, 8188 MiB, 56, 127.09 W
2026/09/23 03:14:30.032, NVIDIA GeForce RTX 4060 Ti, 96 %, 5659 MiB, 8188 MiB, 57, 132.52 W
2026/09/23 03:14:31.038, NVIDIA GeForce RTX 4060 Ti, 100 %, 5655 MiB, 8188 MiB, 57, 129.80 W
2026/09/23 03:14:32.044, NVIDIA GeForce RTX 4060 Ti, 94 %, 5655 MiB, 8188 MiB, 57, 128.79 W
2026/09/23 03:14:33.050, NVIDIA GeForce RTX 4060 Ti, 100 %, 5659 MiB, 8188 MiB, 56, 129.04 W
2026/09/23 03:14:34.055, NVIDIA GeForce RTX 4060 Ti, 95 %, 5659 MiB, 8188 MiB, 56, 134.47 W
2026/09/23 03:14:35.060, NVIDIA GeForce RTX 4060 Ti, 100 %, 5655 MiB, 8188 MiB, 57, 131.16 W
2026/09/23 03:14:36.067, NVIDIA GeForce RTX 4060 Ti, 96 %, 5655 MiB, 8188 MiB, 59, 138.37 W
2026/09/23 03:14:37.073, NVIDIA GeForce RTX 4060 Ti, 94 %, 5659 MiB, 8188 MiB, 56, 131.25 W
2026/09/23 03:14:38.080, NVIDIA GeForce RTX 4060 Ti, 95 %, 5659 MiB, 8188 MiB, 57, 134.60 W
2026/09/23 03:14:39.086, NVIDIA GeForce RTX 4060 Ti, 99 %, 5660 MiB, 8188 MiB, 58, 134.09 W
2026/09/23 03:14:40.093, NVIDIA GeForce RTX 4060 Ti, 96 %, 5655 MiB, 8188 MiB, 57, 131.85 W
2026/09/23 03:14:41.101, NVIDIA GeForce RTX 4060 Ti, 100 %, 5659 MiB, 8188 MiB, 56, 130.08 W
2026/09/23 03:14:42.107, NVIDIA GeForce RTX 4060 Ti, 95 %, 5660 MiB, 8188 MiB, 58, 132.57 W
2026/09/23 03:14:43.113, NVIDIA GeForce RTX 4060 Ti, 96 %, 5655 MiB, 8188 MiB, 57, 135.07 W
2026/09/23 03:14:44.118, NVIDIA GeForce RTX 4060 Ti, 94 %, 5655 MiB, 8188 MiB, 57, 136.79 W
2026/09/23 03:14:45.124, NVIDIA GeForce RTX 4060 Ti, 96 %, 5660 MiB, 8188 MiB, 58, 134.79 W
2026/09/23 03:14:46.132, NVIDIA GeForce RTX 4060 Ti, 100 %, 5660 MiB, 8188 MiB, 57, 131.57 W
2026/09/23 03:14:47.138, NVIDIA GeForce RTX 4060 Ti, 95 %, 5655 MiB, 8188 MiB, 57, 133.84 W
2026/09/23 03:14:48.143, NVIDIA GeForce RTX 4060 Ti, 99 %, 5655 MiB, 8188 MiB, 57, 132.19 W
2026/09/23 03:14:49.148, NVIDIA GeForce RTX 4060 Ti, 95 %, 5659 MiB, 8188 MiB, 58, 132.71 W
2026/09/23 03:14:50.154, NVIDIA GeForce RTX 4060 Ti, 95 %, 5659 MiB, 8188 MiB, 58, 135.44 W
2026/09/23 03:14:51.158, NVIDIA GeForce RTX 4060 Ti, 96 %, 5655 MiB, 8188 MiB, 57, 129.28 W
2026/09/23 03:14:52.165, NVIDIA GeForce RTX 4060 Ti, 96 %, 5655 MiB, 8188 MiB, 56, 130.67 W
2026/09/23 03:14:53.171, NVIDIA GeForce RTX 4060 Ti, 94 %, 5659 MiB, 8188 MiB, 57, 126.37 W
2026/09/23 03:14:54.181, NVIDIA GeForce RTX 4060 Ti, 94 %, 5659 MiB, 8188 MiB, 56, 128.93 W
2026/09/23 03:14:55.187, NVIDIA GeForce RTX 4060 Ti, 80 %, 5654 MiB, 8188 MiB, 57, 130.05 W
2026/09/23 03:14:56.192, NVIDIA GeForce RTX 4060 Ti, 89 %, 5654 MiB, 8188 MiB, 58, 131.34 W
2026/09/23 03:14:57.205, NVIDIA GeForce RTX 4060 Ti, 100 %, 5659 MiB, 8188 MiB, 56, 133.50 W
2026/09/23 03:14:58.210, NVIDIA GeForce RTX 4060 Ti, 95 %, 5659 MiB, 8188 MiB, 58, 133.81 W
2026/09/23 03:14:59.216, NVIDIA GeForce RTX 4060 Ti, 100 %, 5655 MiB, 8188 MiB, 56, 133.57 W
2026/09/23 03:15:00.222, NVIDIA GeForce RTX 4060 Ti, 88 %, 5655 MiB, 8188 MiB, 57, 133.55 W
2026/09/23 03:15:01.228, NVIDIA GeForce RTX 4060 Ti, 100 %, 5659 MiB, 8188 MiB, 56, 129.82 W
2026/09/23 03:15:02.233, NVIDIA GeForce RTX 4060 Ti, 94 %, 5659 MiB, 8188 MiB, 58, 134.17 W
2026/09/23 03:15:03.239, NVIDIA GeForce RTX 4060 Ti, 100 %, 5655 MiB, 8188 MiB, 56, 135.01 W
2026/09/23 03:15:04.247, NVIDIA GeForce RTX 4060 Ti, 95 %, 5655 MiB, 8188 MiB, 58, 133.55 W
2026/09/23 03:15:05.255, NVIDIA GeForce RTX 4060 Ti, 96 %, 5659 MiB, 8188 MiB, 58, 136.47 W
2026/09/23 03:15:06.261, NVIDIA GeForce RTX 4060 Ti, 94 %, 5659 MiB, 8188 MiB, 61, 132.80 W
2026/09/23 03:15:07.266, NVIDIA GeForce RTX 4060 Ti, 100 %, 5655 MiB, 8188 MiB, 57, 130.31 W
2026/09/23 03:15:08.275, NVIDIA GeForce RTX 4060 Ti, 96 %, 5660 MiB, 8188 MiB, 58, 135.26 W
2026/09/23 03:15:09.280, NVIDIA GeForce RTX 4060 Ti, 90 %, 5662 MiB, 8188 MiB, 55, 136.98 W
2026/09/23 03:15:10.285, NVIDIA GeForce RTX 4060 Ti, 93 %, 5662 MiB, 8188 MiB, 57, 133.46 W
2026/09/23 03:15:11.291, NVIDIA GeForce RTX 4060 Ti, 100 %, 5662 MiB, 8188 MiB, 57, 133.22 W
2026/09/23 03:15:12.297, NVIDIA GeForce RTX 4060 Ti, 95 %, 5657 MiB, 8188 MiB, 58, 134.68 W
2026/09/23 03:15:13.314, NVIDIA GeForce RTX 4060 Ti, 96 %, 5663 MiB, 8188 MiB, 58, 137.38 W
2026/09/23 03:15:14.323, NVIDIA GeForce RTX 4060 Ti, 94 %, 5664 MiB, 8188 MiB, 55, 134.77 W
2026/09/23 03:15:15.329, NVIDIA GeForce RTX 4060 Ti, 99 %, 5664 MiB, 8188 MiB, 57, 129.78 W
2026/09/23 03:15:16.337, NVIDIA GeForce RTX 4060 Ti, 94 %, 5657 MiB, 8188 MiB, 59, 136.20 W
2026/09/23 03:15:17.344, NVIDIA GeForce RTX 4060 Ti, 100 %, 5662 MiB, 8188 MiB, 59, 128.48 W
2026/09/23 03:15:18.351, NVIDIA GeForce RTX 4060 Ti, 100 %, 5662 MiB, 8188 MiB, 59, 134.68 W
2026/09/23 03:15:19.358, NVIDIA GeForce RTX 4060 Ti, 96 %, 5658 MiB, 8188 MiB, 57, 130.07 W
2026/09/23 03:15:20.364, NVIDIA GeForce RTX 4060 Ti, 92 %, 5654 MiB, 8188 MiB, 58, 133.71 W
2026/09/23 03:15:21.369, NVIDIA GeForce RTX 4060 Ti, 95 %, 5659 MiB, 8188 MiB, 57, 132.19 W
2026/09/23 03:15:22.374, NVIDIA GeForce RTX 4060 Ti, 100 %, 5659 MiB, 8188 MiB, 58, 135.41 W
2026/09/23 03:15:23.380, NVIDIA GeForce RTX 4060 Ti, 98 %, 5654 MiB, 8188 MiB, 57, 131.85 W
2026/09/23 03:15:24.385, NVIDIA GeForce RTX 4060 Ti, 100 %, 5654 MiB, 8188 MiB, 57, 132.41 W
2026/09/23 03:15:25.394, NVIDIA GeForce RTX 4060 Ti, 100 %, 5659 MiB, 8188 MiB, 58, 130.66 W
2026/09/23 03:15:26.401, NVIDIA GeForce RTX 4060 Ti, 94 %, 5659 MiB, 8188 MiB, 58, 134.06 W
2026/09/23 03:15:27.407, NVIDIA GeForce RTX 4060 Ti, 100 %, 5655 MiB, 8188 MiB, 60, 129.48 W
2026/09/23 03:15:28.412, NVIDIA GeForce RTX 4060 Ti, 95 %, 5655 MiB, 8188 MiB, 55, 134.41 W
2026/09/23 03:15:29.417, NVIDIA GeForce RTX 4060 Ti, 96 %, 5659 MiB, 8188 MiB, 59, 133.82 W
2026/09/23 03:15:30.424, NVIDIA GeForce RTX 4060 Ti, 95 %, 5659 MiB, 8188 MiB, 58, 134.58 W
2026/09/23 03:15:31.431, NVIDIA GeForce RTX 4060 Ti, 100 %, 5655 MiB, 8188 MiB, 57, 133.67 W
2026/09/23 03:15:32.436, NVIDIA GeForce RTX 4060 Ti, 79 %, 5655 MiB, 8188 MiB, 58, 130.24 W
2026/09/23 03:15:33.442, NVIDIA GeForce RTX 4060 Ti, 96 %, 5659 MiB, 8188 MiB, 59, 133.30 W
2026/09/23 03:15:34.448, NVIDIA GeForce RTX 4060 Ti, 96 %, 5659 MiB, 8188 MiB, 57, 135.04 W
2026/09/23 03:15:35.460, NVIDIA GeForce RTX 4060 Ti, 95 %, 5655 MiB, 8188 MiB, 58, 132.51 W
2026/09/23 03:15:36.466, NVIDIA GeForce RTX 4060 Ti, 100 %, 5655 MiB, 8188 MiB, 57, 131.72 W
2026/09/23 03:15:37.473, NVIDIA GeForce RTX 4060 Ti, 95 %, 5659 MiB, 8188 MiB, 61, 132.05 W
2026/09/23 03:15:38.479, NVIDIA GeForce RTX 4060 Ti, 95 %, 5659 MiB, 8188 MiB, 58, 129.61 W
2026/09/23 03:15:39.486, NVIDIA GeForce RTX 4060 Ti, 87 %, 5655 MiB, 8188 MiB, 59, 133.48 W
2026/09/23 03:15:40.491, NVIDIA GeForce RTX 4060 Ti, 100 %, 5655 MiB, 8188 MiB, 57, 134.66 W
2026/09/23 03:15:41.498, NVIDIA GeForce RTX 4060 Ti, 96 %, 5659 MiB, 8188 MiB, 58, 131.03 W
2026/09/23 03:15:42.503, NVIDIA GeForce RTX 4060 Ti, 100 %, 5659 MiB, 8188 MiB, 57, 130.43 W
2026/09/23 03:15:43.514, NVIDIA GeForce RTX 4060 Ti, 94 %, 5655 MiB, 8188 MiB, 59, 129.97 W
2026/09/23 03:15:44.525, NVIDIA GeForce RTX 4060 Ti, 55 %, 5655 MiB, 8188 MiB, 51, 127.38 W
2026/09/23 03:15:45.531, NVIDIA GeForce RTX 4060 Ti, 95 %, 5659 MiB, 8188 MiB, 58, 126.69 W
2026/09/23 03:15:46.536, NVIDIA GeForce RTX 4060 Ti, 100 %, 5659 MiB, 8188 MiB, 57, 133.54 W
2026/09/23 03:15:47.542, NVIDIA GeForce RTX 4060 Ti, 96 %, 5655 MiB, 8188 MiB, 57, 134.71 W
2026/09/23 03:15:48.547, NVIDIA GeForce RTX 4060 Ti, 100 %, 5660 MiB, 8188 MiB, 57, 131.38 W
2026/09/23 03:15:49.553, NVIDIA GeForce RTX 4060 Ti, 95 %, 5660 MiB, 8188 MiB, 58, 133.42 W
2026/09/23 03:15:50.557, NVIDIA GeForce RTX 4060 Ti, 92 %, 5660 MiB, 8188 MiB, 57, 130.91 W
2026/09/23 03:15:51.563, NVIDIA GeForce RTX 4060 Ti, 96 %, 5656 MiB, 8188 MiB, 57, 135.15 W
2026/09/23 03:15:52.568, NVIDIA GeForce RTX 4060 Ti, 95 %, 5656 MiB, 8188 MiB, 55, 129.98 W
2026/09/23 03:15:53.574, NVIDIA GeForce RTX 4060 Ti, 100 %, 5660 MiB, 8188 MiB, 57, 131.31 W
2026/09/23 03:15:54.581, NVIDIA GeForce RTX 4060 Ti, 95 %, 5660 MiB, 8188 MiB, 59, 131.00 W
2026/09/23 03:15:55.588, NVIDIA GeForce RTX 4060 Ti, 95 %, 5655 MiB, 8188 MiB, 57, 129.65 W
2026/09/23 03:15:56.594, NVIDIA GeForce RTX 4060 Ti, 100 %, 5655 MiB, 8188 MiB, 57, 132.66 W
2026/09/23 03:15:57.600, NVIDIA GeForce RTX 4060 Ti, 96 %, 5659 MiB, 8188 MiB, 57, 133.99 W
2026/09/23 03:15:58.606, NVIDIA GeForce RTX 4060 Ti, 93 %, 5659 MiB, 8188 MiB, 60, 134.66 W
2026/09/23 03:15:59.611, NVIDIA GeForce RTX 4060 Ti, 98 %, 5654 MiB, 8188 MiB, 58, 132.08 W
2026/09/23 03:16:00.618, NVIDIA GeForce RTX 4060 Ti, 95 %, 5654 MiB, 8188 MiB, 57, 133.46 W
2026/09/23 03:16:01.623, NVIDIA GeForce RTX 4060 Ti, 95 %, 5659 MiB, 8188 MiB, 58, 132.79 W
2026/09/23 03:16:02.629, NVIDIA GeForce RTX 4060 Ti, 100 %, 5659 MiB, 8188 MiB, 58, 134.31 W
2026/09/23 03:16:03.635, NVIDIA GeForce RTX 4060 Ti, 95 %, 5655 MiB, 8188 MiB, 58, 137.57 W
2026/09/23 03:16:04.641, NVIDIA GeForce RTX 4060 Ti, 100 %, 5655 MiB, 8188 MiB, 58, 134.67 W
2026/09/23 03:16:05.648, NVIDIA GeForce RTX 4060 Ti, 94 %, 5659 MiB, 8188 MiB, 57, 130.62 W
2026/09/23 03:16:06.656, NVIDIA GeForce RTX 4060 Ti, 91 %, 5659 MiB, 8188 MiB, 58, 132.87 W
2026/09/23 03:16:07.662, NVIDIA GeForce RTX 4060 Ti, 95 %, 5654 MiB, 8188 MiB, 57, 130.94 W
2026/09/23 03:16:08.668, NVIDIA GeForce RTX 4060 Ti, 95 %, 5654 MiB, 8188 MiB, 57, 132.92 W
2026/09/23 03:16:09.675, NVIDIA GeForce RTX 4060 Ti, 100 %, 5659 MiB, 8188 MiB, 57, 128.70 W
2026/09/23 03:16:10.682, NVIDIA GeForce RTX 4060 Ti, 100 %, 5659 MiB, 8188 MiB, 60, 132.45 W
2026/09/23 03:16:11.689, NVIDIA GeForce RTX 4060 Ti, 90 %, 5655 MiB, 8188 MiB, 58, 131.09 W
2026/09/23 03:16:12.695, NVIDIA GeForce RTX 4060 Ti, 95 %, 5659 MiB, 8188 MiB, 57, 130.02 W
2026/09/23 03:16:13.700, NVIDIA GeForce RTX 4060 Ti, 95 %, 5659 MiB, 8188 MiB, 57, 131.74 W
2026/09/23 03:16:14.708, NVIDIA GeForce RTX 4060 Ti, 95 %, 5655 MiB, 8188 MiB, 61, 138.29 W
2026/09/23 03:16:15.713, NVIDIA GeForce RTX 4060 Ti, 96 %, 5655 MiB, 8188 MiB, 58, 131.36 W
2026/09/23 03:16:16.718, NVIDIA GeForce RTX 4060 Ti, 96 %, 5660 MiB, 8188 MiB, 57, 131.18 W
2026/09/23 03:16:17.725, NVIDIA GeForce RTX 4060 Ti, 100 %, 5661 MiB, 8188 MiB, 58, 132.89 W
2026/09/23 03:16:18.730, NVIDIA GeForce RTX 4060 Ti, 94 %, 5661 MiB, 8188 MiB, 57, 129.91 W
2026/09/23 03:16:19.736, NVIDIA GeForce RTX 4060 Ti, 94 %, 5656 MiB, 8188 MiB, 57, 129.67 W
2026/09/23 03:16:20.744, NVIDIA GeForce RTX 4060 Ti, 88 %, 5662 MiB, 8188 MiB, 58, 133.61 W
2026/09/23 03:16:21.751, NVIDIA GeForce RTX 4060 Ti, 100 %, 5663 MiB, 8188 MiB, 57, 131.62 W
2026/09/23 03:16:22.758, NVIDIA GeForce RTX 4060 Ti, 94 %, 5663 MiB, 8188 MiB, 57, 131.49 W
2026/09/23 03:16:23.766, NVIDIA GeForce RTX 4060 Ti, 100 %, 5658 MiB, 8188 MiB, 58, 134.04 W
2026/09/23 03:16:24.773, NVIDIA GeForce RTX 4060 Ti, 100 %, 5662 MiB, 8188 MiB, 57, 129.20 W
2026/09/23 03:16:25.781, NVIDIA GeForce RTX 4060 Ti, 94 %, 5660 MiB, 8188 MiB, 58, 129.61 W
2026/09/23 03:16:26.787, NVIDIA GeForce RTX 4060 Ti, 91 %, 5655 MiB, 8188 MiB, 60, 129.80 W
2026/09/23 03:16:27.794, NVIDIA GeForce RTX 4060 Ti, 93 %, 5655 MiB, 8188 MiB, 58, 133.32 W
2026/09/23 03:16:28.799, NVIDIA GeForce RTX 4060 Ti, 100 %, 5659 MiB, 8188 MiB, 56, 132.06 W
2026/09/23 03:16:29.806, NVIDIA GeForce RTX 4060 Ti, 90 %, 5659 MiB, 8188 MiB, 57, 130.07 W
2026/09/23 03:16:30.812, NVIDIA GeForce RTX 4060 Ti, 94 %, 5655 MiB, 8188 MiB, 58, 131.72 W
2026/09/23 03:16:31.817, NVIDIA GeForce RTX 4060 Ti, 96 %, 5655 MiB, 8188 MiB, 57, 130.52 W
2026/09/23 03:16:32.825, NVIDIA GeForce RTX 4060 Ti, 100 %, 5659 MiB, 8188 MiB, 59, 132.08 W
2026/09/23 03:16:33.830, NVIDIA GeForce RTX 4060 Ti, 100 %, 5659 MiB, 8188 MiB, 59, 127.55 W
2026/09/23 03:16:34.835, NVIDIA GeForce RTX 4060 Ti, 95 %, 5655 MiB, 8188 MiB, 59, 130.23 W
2026/09/23 03:16:35.840, NVIDIA GeForce RTX 4060 Ti, 100 %, 5655 MiB, 8188 MiB, 55, 125.86 W
2026/09/23 03:16:36.847, NVIDIA GeForce RTX 4060 Ti, 96 %, 5659 MiB, 8188 MiB, 57, 130.91 W
2026/09/23 03:16:37.854, NVIDIA GeForce RTX 4060 Ti, 88 %, 5659 MiB, 8188 MiB, 60, 130.24 W
2026/09/23 03:16:38.861, NVIDIA GeForce RTX 4060 Ti, 96 %, 5655 MiB, 8188 MiB, 58, 132.52 W
2026/09/23 03:16:39.867, NVIDIA GeForce RTX 4060 Ti, 96 %, 5655 MiB, 8188 MiB, 58, 137.67 W
2026/09/23 03:16:40.874, NVIDIA GeForce RTX 4060 Ti, 100 %, 5659 MiB, 8188 MiB, 58, 128.90 W
2026/09/23 03:16:41.880, NVIDIA GeForce RTX 4060 Ti, 100 %, 5659 MiB, 8188 MiB, 57, 129.65 W
2026/09/23 03:16:42.889, NVIDIA GeForce RTX 4060 Ti, 91 %, 5654 MiB, 8188 MiB, 56, 131.70 W
2026/09/23 03:16:43.894, NVIDIA GeForce RTX 4060 Ti, 100 %, 5654 MiB, 8188 MiB, 57, 128.67 W
2026/09/23 03:16:44.899, NVIDIA GeForce RTX 4060 Ti, 95 %, 5659 MiB, 8188 MiB, 56, 127.74 W
2026/09/23 03:16:45.905, NVIDIA GeForce RTX 4060 Ti, 85 %, 5659 MiB, 8188 MiB, 60, 131.63 W
2026/09/23 03:16:46.910, NVIDIA GeForce RTX 4060 Ti, 94 %, 5655 MiB, 8188 MiB, 58, 135.54 W
2026/09/23 03:16:47.915, NVIDIA GeForce RTX 4060 Ti, 100 %, 5655 MiB, 8188 MiB, 57, 130.37 W
2026/09/23 03:16:48.921, NVIDIA GeForce RTX 4060 Ti, 100 %, 5659 MiB, 8188 MiB, 57, 132.45 W
2026/09/23 03:16:49.927, NVIDIA GeForce RTX 4060 Ti, 92 %, 5659 MiB, 8188 MiB, 58, 133.46 W
2026/09/23 03:16:50.933, NVIDIA GeForce RTX 4060 Ti, 97 %, 5654 MiB, 8188 MiB, 57, 132.64 W
2026/09/23 03:16:51.939, NVIDIA GeForce RTX 4060 Ti, 74 %, 5654 MiB, 8188 MiB, 57, 130.44 W
2026/09/23 03:16:52.945, NVIDIA GeForce RTX 4060 Ti, 100 %, 5660 MiB, 8188 MiB, 58, 130.34 W
2026/09/23 03:16:53.953, NVIDIA GeForce RTX 4060 Ti, 93 %, 5661 MiB, 8188 MiB, 57, 130.10 W
2026/09/23 03:16:54.958, NVIDIA GeForce RTX 4060 Ti, 95 %, 5654 MiB, 8188 MiB, 58, 131.89 W
2026/09/23 03:16:55.964, NVIDIA GeForce RTX 4060 Ti, 94 %, 5655 MiB, 8188 MiB, 56, 129.24 W
2026/09/23 03:16:56.971, NVIDIA GeForce RTX 4060 Ti, 96 %, 5659 MiB, 8188 MiB, 57, 132.12 W
2026/09/23 03:16:57.977, NVIDIA GeForce RTX 4060 Ti, 100 %, 5660 MiB, 8188 MiB, 59, 129.35 W
2026/09/23 03:16:58.983, NVIDIA GeForce RTX 4060 Ti, 94 %, 5655 MiB, 8188 MiB, 58, 130.29 W
2026/09/23 03:16:59.990, NVIDIA GeForce RTX 4060 Ti, 96 %, 5655 MiB, 8188 MiB, 58, 131.79 W
2026/09/23 03:17:00.996, NVIDIA GeForce RTX 4060 Ti, 96 %, 5659 MiB, 8188 MiB, 59, 132.53 W
2026/09/23 03:17:02.001, NVIDIA GeForce RTX 4060 Ti, 92 %, 5659 MiB, 8188 MiB, 59, 140.75 W
2026/09/23 03:17:03.008, NVIDIA GeForce RTX 4060 Ti, 89 %, 5655 MiB, 8188 MiB, 59, 132.13 W
2026/09/23 03:17:04.015, NVIDIA GeForce RTX 4060 Ti, 100 %, 5655 MiB, 8188 MiB, 57, 131.15 W
2026/09/23 03:17:05.021, NVIDIA GeForce RTX 4060 Ti, 96 %, 5659 MiB, 8188 MiB, 58, 134.79 W
2026/09/23 03:17:06.038, NVIDIA GeForce RTX 4060 Ti, 95 %, 5659 MiB, 8188 MiB, 57, 127.74 W
2026/09/23 03:17:07.044, NVIDIA GeForce RTX 4060 Ti, 95 %, 5655 MiB, 8188 MiB, 58, 127.98 W
2026/09/23 03:17:08.055, NVIDIA GeForce RTX 4060 Ti, 95 %, 5655 MiB, 8188 MiB, 58, 131.93 W
2026/09/23 03:17:09.061, NVIDIA GeForce RTX 4060 Ti, 95 %, 5659 MiB, 8188 MiB, 57, 130.47 W
2026/09/23 03:17:10.066, NVIDIA GeForce RTX 4060 Ti, 95 %, 5659 MiB, 8188 MiB, 58, 129.13 W
2026/09/23 03:17:11.072, NVIDIA GeForce RTX 4060 Ti, 94 %, 5655 MiB, 8188 MiB, 58, 130.48 W
2026/09/23 03:17:12.076, NVIDIA GeForce RTX 4060 Ti, 100 %, 5655 MiB, 8188 MiB, 57, 129.60 W
2026/09/23 03:17:13.081, NVIDIA GeForce RTX 4060 Ti, 96 %, 5659 MiB, 8188 MiB, 62, 136.77 W
2026/09/23 03:17:14.088, NVIDIA GeForce RTX 4060 Ti, 95 %, 5659 MiB, 8188 MiB, 56, 131.81 W
2026/09/23 03:17:15.094, NVIDIA GeForce RTX 4060 Ti, 96 %, 5655 MiB, 8188 MiB, 56, 132.43 W
2026/09/23 03:17:16.100, NVIDIA GeForce RTX 4060 Ti, 95 %, 5655 MiB, 8188 MiB, 60, 133.39 W
2026/09/23 03:17:17.107, NVIDIA GeForce RTX 4060 Ti, 100 %, 5659 MiB, 8188 MiB, 58, 135.08 W
2026/09/23 03:17:18.112, NVIDIA GeForce RTX 4060 Ti, 94 %, 5659 MiB, 8188 MiB, 59, 136.69 W
2026/09/23 03:17:19.118, NVIDIA GeForce RTX 4060 Ti, 95 %, 5655 MiB, 8188 MiB, 57, 130.26 W
2026/09/23 03:17:20.123, NVIDIA GeForce RTX 4060 Ti, 96 %, 5655 MiB, 8188 MiB, 61, 135.30 W
2026/09/23 03:17:21.128, NVIDIA GeForce RTX 4060 Ti, 95 %, 5659 MiB, 8188 MiB, 57, 132.38 W
2026/09/23 03:17:22.132, NVIDIA GeForce RTX 4060 Ti, 95 %, 5660 MiB, 8188 MiB, 58, 131.01 W
2026/09/23 03:17:23.137, NVIDIA GeForce RTX 4060 Ti, 100 %, 5660 MiB, 8188 MiB, 56, 125.63 W
2026/09/23 03:17:24.145, NVIDIA GeForce RTX 4060 Ti, 96 %, 5654 MiB, 8188 MiB, 59, 133.26 W
2026/09/23 03:17:25.152, NVIDIA GeForce RTX 4060 Ti, 100 %, 5663 MiB, 8188 MiB, 57, 129.73 W
2026/09/23 03:17:26.158, NVIDIA GeForce RTX 4060 Ti, 70 %, 5667 MiB, 8188 MiB, 61, 125.30 W
2026/09/23 03:17:27.162, NVIDIA GeForce RTX 4060 Ti, 100 %, 5667 MiB, 8188 MiB, 57, 127.19 W
2026/09/23 03:17:28.169, NVIDIA GeForce RTX 4060 Ti, 100 %, 5668 MiB, 8188 MiB, 57, 132.16 W
2026/09/23 03:17:29.175, NVIDIA GeForce RTX 4060 Ti, 100 %, 5668 MiB, 8188 MiB, 57, 125.90 W
2026/09/23 03:17:30.179, NVIDIA GeForce RTX 4060 Ti, 95 %, 5664 MiB, 8188 MiB, 58, 135.06 W
2026/09/23 03:17:31.184, NVIDIA GeForce RTX 4060 Ti, 100 %, 5662 MiB, 8188 MiB, 56, 129.90 W
2026/09/23 03:17:32.189, NVIDIA GeForce RTX 4060 Ti, 100 %, 5657 MiB, 8188 MiB, 57, 129.99 W
2026/09/23 03:17:33.194, NVIDIA GeForce RTX 4060 Ti, 95 %, 5654 MiB, 8188 MiB, 57, 131.39 W
2026/09/23 03:17:34.199, NVIDIA GeForce RTX 4060 Ti, 94 %, 5658 MiB, 8188 MiB, 58, 134.02 W
2026/09/23 03:17:35.208, NVIDIA GeForce RTX 4060 Ti, 100 %, 5658 MiB, 8188 MiB, 57, 130.95 W
2026/09/23 03:17:36.214, NVIDIA GeForce RTX 4060 Ti, 92 %, 5654 MiB, 8188 MiB, 60, 134.86 W
2026/09/23 03:17:37.220, NVIDIA GeForce RTX 4060 Ti, 84 %, 5654 MiB, 8188 MiB, 57, 126.43 W
2026/09/23 03:17:38.226, NVIDIA GeForce RTX 4060 Ti, 100 %, 5658 MiB, 8188 MiB, 58, 134.00 W
2026/09/23 03:17:39.234, NVIDIA GeForce RTX 4060 Ti, 96 %, 5658 MiB, 8188 MiB, 57, 135.62 W
2026/09/23 03:17:40.240, NVIDIA GeForce RTX 4060 Ti, 100 %, 5653 MiB, 8188 MiB, 54, 131.25 W
2026/09/23 03:17:41.246, NVIDIA GeForce RTX 4060 Ti, 95 %, 5653 MiB, 8188 MiB, 58, 130.14 W
2026/09/23 03:17:42.252, NVIDIA GeForce RTX 4060 Ti, 94 %, 5657 MiB, 8188 MiB, 57, 130.61 W
2026/09/23 03:17:43.258, NVIDIA GeForce RTX 4060 Ti, 94 %, 5657 MiB, 8188 MiB, 57, 127.66 W
2026/09/23 03:17:44.274, NVIDIA GeForce RTX 4060 Ti, 96 %, 5653 MiB, 8188 MiB, 56, 133.36 W
2026/09/23 03:17:45.280, NVIDIA GeForce RTX 4060 Ti, 89 %, 5653 MiB, 8188 MiB, 57, 129.31 W
2026/09/23 03:17:46.289, NVIDIA GeForce RTX 4060 Ti, 94 %, 5658 MiB, 8188 MiB, 58, 131.97 W
2026/09/23 03:17:47.294, NVIDIA GeForce RTX 4060 Ti, 96 %, 5658 MiB, 8188 MiB, 57, 128.08 W
2026/09/23 03:17:48.300, NVIDIA GeForce RTX 4060 Ti, 94 %, 5654 MiB, 8188 MiB, 57, 131.10 W
2026/09/23 03:17:49.307, NVIDIA GeForce RTX 4060 Ti, 91 %, 5658 MiB, 8188 MiB, 58, 132.77 W
2026/09/23 03:17:50.312, NVIDIA GeForce RTX 4060 Ti, 95 %, 5658 MiB, 8188 MiB, 54, 127.16 W
2026/09/23 03:17:51.317, NVIDIA GeForce RTX 4060 Ti, 94 %, 5658 MiB, 8188 MiB, 57, 129.15 W
2026/09/23 03:17:52.323, NVIDIA GeForce RTX 4060 Ti, 100 %, 5658 MiB, 8188 MiB, 56, 134.27 W
2026/09/23 03:17:53.330, NVIDIA GeForce RTX 4060 Ti, 94 %, 5654 MiB, 8188 MiB, 58, 131.09 W
2026/09/23 03:17:54.334, NVIDIA GeForce RTX 4060 Ti, 100 %, 5658 MiB, 8188 MiB, 61, 135.83 W
2026/09/23 03:17:55.340, NVIDIA GeForce RTX 4060 Ti, 94 %, 5658 MiB, 8188 MiB, 58, 132.45 W
2026/09/23 03:17:56.347, NVIDIA GeForce RTX 4060 Ti, 100 %, 5654 MiB, 8188 MiB, 60, 131.52 W
2026/09/23 03:17:57.352, NVIDIA GeForce RTX 4060 Ti, 95 %, 5654 MiB, 8188 MiB, 59, 136.73 W
2026/09/23 03:17:58.358, NVIDIA GeForce RTX 4060 Ti, 100 %, 5658 MiB, 8188 MiB, 58, 129.67 W
2026/09/23 03:17:59.363, NVIDIA GeForce RTX 4060 Ti, 94 %, 5658 MiB, 8188 MiB, 58, 132.78 W
2026/09/23 03:18:00.368, NVIDIA GeForce RTX 4060 Ti, 96 %, 5660 MiB, 8188 MiB, 58, 132.74 W
2026/09/23 03:18:01.374, NVIDIA GeForce RTX 4060 Ti, 96 %, 5659 MiB, 8188 MiB, 58, 135.58 W
2026/09/23 03:18:02.380, NVIDIA GeForce RTX 4060 Ti, 100 %, 5659 MiB, 8188 MiB, 57, 130.48 W
2026/09/23 03:18:03.385, NVIDIA GeForce RTX 4060 Ti, 95 %, 5659 MiB, 8188 MiB, 58, 133.42 W
2026/09/23 03:18:04.444, NVIDIA GeForce RTX 4060 Ti, 93 %, 5655 MiB, 8188 MiB, 58, 132.68 W
2026/09/23 03:18:05.448, NVIDIA GeForce RTX 4060 Ti, 94 %, 5655 MiB, 8188 MiB, 56, 130.98 W
2026/09/23 03:18:06.453, NVIDIA GeForce RTX 4060 Ti, 91 %, 5659 MiB, 8188 MiB, 59, 133.54 W
2026/09/23 03:18:07.458, NVIDIA GeForce RTX 4060 Ti, 96 %, 5659 MiB, 8188 MiB, 59, 138.63 W
2026/09/23 03:18:08.464, NVIDIA GeForce RTX 4060 Ti, 82 %, 5653 MiB, 8188 MiB, 57, 128.60 W
2026/09/23 03:18:09.473, NVIDIA GeForce RTX 4060 Ti, 100 %, 5653 MiB, 8188 MiB, 57, 133.16 W
2026/09/23 03:18:10.479, NVIDIA GeForce RTX 4060 Ti, 95 %, 5657 MiB, 8188 MiB, 58, 134.05 W
2026/09/23 03:18:11.489, NVIDIA GeForce RTX 4060 Ti, 74 %, 5657 MiB, 8188 MiB, 58, 130.47 W
2026/09/23 03:18:12.495, NVIDIA GeForce RTX 4060 Ti, 92 %, 5653 MiB, 8188 MiB, 58, 132.77 W
2026/09/23 03:18:13.500, NVIDIA GeForce RTX 4060 Ti, 95 %, 5653 MiB, 8188 MiB, 59, 135.31 W
2026/09/23 03:18:14.509, NVIDIA GeForce RTX 4060 Ti, 95 %, 5657 MiB, 8188 MiB, 58, 136.03 W
2026/09/23 03:18:15.515, NVIDIA GeForce RTX 4060 Ti, 84 %, 5657 MiB, 8188 MiB, 57, 131.54 W
2026/09/23 03:18:16.522, NVIDIA GeForce RTX 4060 Ti, 94 %, 5653 MiB, 8188 MiB, 58, 131.64 W
2026/09/23 03:18:17.528, NVIDIA GeForce RTX 4060 Ti, 87 %, 5658 MiB, 8188 MiB, 62, 133.75 W
2026/09/23 03:18:18.534, NVIDIA GeForce RTX 4060 Ti, 100 %, 5662 MiB, 8188 MiB, 57, 132.75 W
2026/09/23 03:18:19.540, NVIDIA GeForce RTX 4060 Ti, 94 %, 5662 MiB, 8188 MiB, 58, 131.81 W
2026/09/23 03:18:20.545, NVIDIA GeForce RTX 4060 Ti, 91 %, 5658 MiB, 8188 MiB, 58, 134.37 W
2026/09/23 03:18:21.551, NVIDIA GeForce RTX 4060 Ti, 93 %, 5658 MiB, 8188 MiB, 54, 130.34 W
2026/09/23 03:18:22.558, NVIDIA GeForce RTX 4060 Ti, 100 %, 5662 MiB, 8188 MiB, 58, 131.18 W
2026/09/23 03:18:23.563, NVIDIA GeForce RTX 4060 Ti, 94 %, 5662 MiB, 8188 MiB, 57, 129.32 W
2026/09/23 03:18:24.570, NVIDIA GeForce RTX 4060 Ti, 95 %, 5656 MiB, 8188 MiB, 57, 131.61 W
2026/09/23 03:18:25.576, NVIDIA GeForce RTX 4060 Ti, 91 %, 5655 MiB, 8188 MiB, 58, 133.78 W
2026/09/23 03:18:26.582, NVIDIA GeForce RTX 4060 Ti, 100 %, 5657 MiB, 8188 MiB, 58, 130.70 W
2026/09/23 03:18:27.587, NVIDIA GeForce RTX 4060 Ti, 96 %, 5657 MiB, 8188 MiB, 58, 133.32 W
2026/09/23 03:18:28.593, NVIDIA GeForce RTX 4060 Ti, 96 %, 5653 MiB, 8188 MiB, 59, 135.24 W
2026/09/23 03:18:29.597, NVIDIA GeForce RTX 4060 Ti, 95 %, 5659 MiB, 8188 MiB, 58, 134.12 W
2026/09/23 03:18:30.604, NVIDIA GeForce RTX 4060 Ti, 91 %, 5659 MiB, 8188 MiB, 60, 134.34 W
2026/09/23 03:18:31.617, NVIDIA GeForce RTX 4060 Ti, 100 %, 5659 MiB, 8188 MiB, 58, 133.02 W
2026/09/23 03:18:32.624, NVIDIA GeForce RTX 4060 Ti, 100 %, 5655 MiB, 8188 MiB, 58, 131.81 W
2026/09/23 03:18:33.630, NVIDIA GeForce RTX 4060 Ti, 100 %, 5655 MiB, 8188 MiB, 58, 136.94 W
2026/09/23 03:18:34.637, NVIDIA GeForce RTX 4060 Ti, 94 %, 5659 MiB, 8188 MiB, 59, 137.40 W
2026/09/23 03:18:35.642, NVIDIA GeForce RTX 4060 Ti, 100 %, 5659 MiB, 8188 MiB, 57, 129.75 W
2026/09/23 03:18:36.647, NVIDIA GeForce RTX 4060 Ti, 96 %, 5654 MiB, 8188 MiB, 59, 132.43 W
2026/09/23 03:18:37.653, NVIDIA GeForce RTX 4060 Ti, 94 %, 5654 MiB, 8188 MiB, 60, 133.57 W
2026/09/23 03:18:38.660, NVIDIA GeForce RTX 4060 Ti, 100 %, 5658 MiB, 8188 MiB, 58, 137.13 W
2026/09/23 03:18:39.666, NVIDIA GeForce RTX 4060 Ti, 95 %, 5658 MiB, 8188 MiB, 58, 130.83 W
2026/09/23 03:18:40.672, NVIDIA GeForce RTX 4060 Ti, 95 %, 5654 MiB, 8188 MiB, 60, 132.38 W
2026/09/23 03:18:41.679, NVIDIA GeForce RTX 4060 Ti, 89 %, 5654 MiB, 8188 MiB, 58, 138.07 W
2026/09/23 03:18:42.685, NVIDIA GeForce RTX 4060 Ti, 100 %, 5658 MiB, 8188 MiB, 57, 130.65 W
2026/09/23 03:18:43.691, NVIDIA GeForce RTX 4060 Ti, 95 %, 5658 MiB, 8188 MiB, 58, 130.57 W
2026/09/23 03:18:44.696, NVIDIA GeForce RTX 4060 Ti, 92 %, 5654 MiB, 8188 MiB, 57, 129.51 W
2026/09/23 03:18:45.703, NVIDIA GeForce RTX 4060 Ti, 100 %, 5654 MiB, 8188 MiB, 57, 130.59 W
2026/09/23 03:18:46.709, NVIDIA GeForce RTX 4060 Ti, 100 %, 5658 MiB, 8188 MiB, 58, 132.78 W
2026/09/23 03:18:47.716, NVIDIA GeForce RTX 4060 Ti, 95 %, 5658 MiB, 8188 MiB, 57, 131.51 W
2026/09/23 03:18:48.722, NVIDIA GeForce RTX 4060 Ti, 100 %, 5654 MiB, 8188 MiB, 58, 131.79 W
2026/09/23 03:18:49.728, NVIDIA GeForce RTX 4060 Ti, 96 %, 5654 MiB, 8188 MiB, 60, 134.23 W
2026/09/23 03:18:50.733, NVIDIA GeForce RTX 4060 Ti, 92 %, 5658 MiB, 8188 MiB, 58, 137.88 W
2026/09/23 03:18:51.742, NVIDIA GeForce RTX 4060 Ti, 96 %, 5654 MiB, 8188 MiB, 58, 133.85 W
2026/09/23 03:18:52.747, NVIDIA GeForce RTX 4060 Ti, 95 %, 5654 MiB, 8188 MiB, 58, 133.48 W
2026/09/23 03:18:53.754, NVIDIA GeForce RTX 4060 Ti, 95 %, 5658 MiB, 8188 MiB, 58, 132.74 W
2026/09/23 03:18:54.759, NVIDIA GeForce RTX 4060 Ti, 100 %, 5658 MiB, 8188 MiB, 58, 130.16 W
2026/09/23 03:18:55.764, NVIDIA GeForce RTX 4060 Ti, 96 %, 5653 MiB, 8188 MiB, 60, 132.23 W
2026/09/23 03:18:56.770, NVIDIA GeForce RTX 4060 Ti, 100 %, 5653 MiB, 8188 MiB, 58, 134.59 W
2026/09/23 03:18:57.777, NVIDIA GeForce RTX 4060 Ti, 96 %, 5658 MiB, 8188 MiB, 58, 130.52 W
2026/09/23 03:18:58.782, NVIDIA GeForce RTX 4060 Ti, 96 %, 5658 MiB, 8188 MiB, 60, 134.54 W
2026/09/23 03:18:59.789, NVIDIA GeForce RTX 4060 Ti, 96 %, 5658 MiB, 8188 MiB, 58, 135.96 W
2026/09/23 03:19:00.795, NVIDIA GeForce RTX 4060 Ti, 94 %, 5654 MiB, 8188 MiB, 58, 136.10 W
2026/09/23 03:19:01.801, NVIDIA GeForce RTX 4060 Ti, 100 %, 5658 MiB, 8188 MiB, 55, 130.83 W
2026/09/23 03:19:02.807, NVIDIA GeForce RTX 4060 Ti, 95 %, 5658 MiB, 8188 MiB, 60, 127.43 W
2026/09/23 03:19:03.812, NVIDIA GeForce RTX 4060 Ti, 92 %, 5659 MiB, 8188 MiB, 57, 132.22 W
2026/09/23 03:19:04.818, NVIDIA GeForce RTX 4060 Ti, 95 %, 5657 MiB, 8188 MiB, 57, 138.29 W
2026/09/23 03:19:05.825, NVIDIA GeForce RTX 4060 Ti, 100 %, 5657 MiB, 8188 MiB, 58, 131.59 W
2026/09/23 03:19:06.841, NVIDIA GeForce RTX 4060 Ti, 94 %, 5657 MiB, 8188 MiB, 58, 130.27 W
2026/09/23 03:19:07.847, NVIDIA GeForce RTX 4060 Ti, 95 %, 5653 MiB, 8188 MiB, 56, 130.45 W
2026/09/23 03:19:08.856, NVIDIA GeForce RTX 4060 Ti, 90 %, 5653 MiB, 8188 MiB, 58, 130.66 W
2026/09/23 03:19:09.865, NVIDIA GeForce RTX 4060 Ti, 95 %, 5657 MiB, 8188 MiB, 59, 137.44 W
2026/09/23 03:19:10.871, NVIDIA GeForce RTX 4060 Ti, 99 %, 5658 MiB, 8188 MiB, 59, 129.69 W
2026/09/23 03:19:11.877, NVIDIA GeForce RTX 4060 Ti, 100 %, 5658 MiB, 8188 MiB, 56, 129.30 W
2026/09/23 03:19:12.881, NVIDIA GeForce RTX 4060 Ti, 91 %, 5653 MiB, 8188 MiB, 57, 130.48 W
2026/09/23 03:19:13.888, NVIDIA GeForce RTX 4060 Ti, 94 %, 5657 MiB, 8188 MiB, 57, 132.12 W
2026/09/23 03:19:14.893, NVIDIA GeForce RTX 4060 Ti, 95 %, 5657 MiB, 8188 MiB, 58, 133.04 W
2026/09/23 03:19:15.898, NVIDIA GeForce RTX 4060 Ti, 95 %, 5653 MiB, 8188 MiB, 58, 135.31 W
2026/09/23 03:19:16.904, NVIDIA GeForce RTX 4060 Ti, 93 %, 5653 MiB, 8188 MiB, 56, 136.56 W
2026/09/23 03:19:17.910, NVIDIA GeForce RTX 4060 Ti, 95 %, 5657 MiB, 8188 MiB, 57, 130.54 W
2026/09/23 03:19:18.915, NVIDIA GeForce RTX 4060 Ti, 96 %, 5657 MiB, 8188 MiB, 58, 137.41 W
2026/09/23 03:19:19.921, NVIDIA GeForce RTX 4060 Ti, 90 %, 5653 MiB, 8188 MiB, 62, 137.20 W
2026/09/23 03:19:20.928, NVIDIA GeForce RTX 4060 Ti, 96 %, 5653 MiB, 8188 MiB, 60, 131.06 W
2026/09/23 03:19:21.932, NVIDIA GeForce RTX 4060 Ti, 95 %, 5657 MiB, 8188 MiB, 57, 129.17 W
2026/09/23 03:19:22.939, NVIDIA GeForce RTX 4060 Ti, 96 %, 5657 MiB, 8188 MiB, 57, 134.16 W
2026/09/23 03:19:23.944, NVIDIA GeForce RTX 4060 Ti, 100 %, 5653 MiB, 8188 MiB, 59, 134.35 W
2026/09/23 03:19:24.951, NVIDIA GeForce RTX 4060 Ti, 95 %, 5653 MiB, 8188 MiB, 58, 136.35 W
2026/09/23 03:19:25.957, NVIDIA GeForce RTX 4060 Ti, 100 %, 5657 MiB, 8188 MiB, 58, 135.52 W
2026/09/23 03:19:26.963, NVIDIA GeForce RTX 4060 Ti, 95 %, 5657 MiB, 8188 MiB, 59, 134.90 W
2026/09/23 03:19:27.968, NVIDIA GeForce RTX 4060 Ti, 93 %, 5653 MiB, 8188 MiB, 58, 137.43 W
2026/09/23 03:19:28.975, NVIDIA GeForce RTX 4060 Ti, 100 %, 5653 MiB, 8188 MiB, 58, 134.49 W
2026/09/23 03:19:29.981, NVIDIA GeForce RTX 4060 Ti, 100 %, 5657 MiB, 8188 MiB, 57, 135.80 W
2026/09/23 03:19:30.991, NVIDIA GeForce RTX 4060 Ti, 96 %, 5658 MiB, 8188 MiB, 58, 133.73 W
2026/09/23 03:19:31.996, NVIDIA GeForce RTX 4060 Ti, 100 %, 5653 MiB, 8188 MiB, 58, 134.94 W
2026/09/23 03:19:33.006, NVIDIA GeForce RTX 4060 Ti, 95 %, 5659 MiB, 8188 MiB, 59, 136.53 W
2026/09/23 03:19:34.012, NVIDIA GeForce RTX 4060 Ti, 96 %, 5662 MiB, 8188 MiB, 59, 136.47 W
2026/09/23 03:19:35.018, NVIDIA GeForce RTX 4060 Ti, 96 %, 5662 MiB, 8188 MiB, 57, 133.32 W
2026/09/23 03:19:36.032, NVIDIA GeForce RTX 4060 Ti, 95 %, 5662 MiB, 8188 MiB, 57, 130.31 W
2026/09/23 03:19:37.039, NVIDIA GeForce RTX 4060 Ti, 96 %, 5658 MiB, 8188 MiB, 58, 132.86 W
2026/09/23 03:19:38.045, NVIDIA GeForce RTX 4060 Ti, 100 %, 5662 MiB, 8188 MiB, 58, 134.32 W
2026/09/23 03:19:39.053, NVIDIA GeForce RTX 4060 Ti, 100 %, 5658 MiB, 8188 MiB, 58, 133.37 W
2026/09/23 03:19:40.061, NVIDIA GeForce RTX 4060 Ti, 100 %, 5653 MiB, 8188 MiB, 57, 136.14 W
2026/09/23 03:19:41.070, NVIDIA GeForce RTX 4060 Ti, 100 %, 5653 MiB, 8188 MiB, 57, 130.98 W
2026/09/23 03:19:42.075, NVIDIA GeForce RTX 4060 Ti, 100 %, 5657 MiB, 8188 MiB, 58, 137.79 W
2026/09/23 03:19:43.084, NVIDIA GeForce RTX 4060 Ti, 96 %, 5657 MiB, 8188 MiB, 59, 132.30 W
2026/09/23 03:19:44.090, NVIDIA GeForce RTX 4060 Ti, 98 %, 5653 MiB, 8188 MiB, 58, 135.64 W
2026/09/23 03:19:45.096, NVIDIA GeForce RTX 4060 Ti, 100 %, 5653 MiB, 8188 MiB, 58, 132.03 W
2026/09/23 03:19:46.102, NVIDIA GeForce RTX 4060 Ti, 92 %, 5657 MiB, 8188 MiB, 58, 130.82 W
2026/09/23 03:19:47.108, NVIDIA GeForce RTX 4060 Ti, 94 %, 5657 MiB, 8188 MiB, 58, 134.84 W
2026/09/23 03:19:48.114, NVIDIA GeForce RTX 4060 Ti, 94 %, 5653 MiB, 8188 MiB, 57, 132.31 W
2026/09/23 03:19:49.120, NVIDIA GeForce RTX 4060 Ti, 100 %, 5653 MiB, 8188 MiB, 58, 131.12 W
2026/09/23 03:19:50.125, NVIDIA GeForce RTX 4060 Ti, 86 %, 5657 MiB, 8188 MiB, 55, 129.40 W
2026/09/23 03:19:51.131, NVIDIA GeForce RTX 4060 Ti, 70 %, 5657 MiB, 8188 MiB, 55, 116.78 W
2026/09/23 03:19:52.150, NVIDIA GeForce RTX 4060 Ti, 63 %, 5653 MiB, 8188 MiB, 54, 121.32 W
2026/09/23 03:19:53.159, NVIDIA GeForce RTX 4060 Ti, 91 %, 5653 MiB, 8188 MiB, 57, 119.27 W
2026/09/23 03:19:54.164, NVIDIA GeForce RTX 4060 Ti, 79 %, 5657 MiB, 8188 MiB, 58, 117.59 W
2026/09/23 03:19:55.212, NVIDIA GeForce RTX 4060 Ti, 90 %, 5657 MiB, 8188 MiB, 61, 120.89 W
2026/09/23 03:19:56.218, NVIDIA GeForce RTX 4060 Ti, 85 %, 5653 MiB, 8188 MiB, 55, 127.22 W
2026/09/23 03:19:57.225, NVIDIA GeForce RTX 4060 Ti, 68 %, 5653 MiB, 8188 MiB, 59, 130.96 W
2026/09/23 03:19:58.232, NVIDIA GeForce RTX 4060 Ti, 56 %, 5657 MiB, 8188 MiB, 55, 111.79 W
2026/09/23 03:19:59.238, NVIDIA GeForce RTX 4060 Ti, 69 %, 5657 MiB, 8188 MiB, 56, 116.27 W
2026/09/23 03:20:00.244, NVIDIA GeForce RTX 4060 Ti, 72 %, 5653 MiB, 8188 MiB, 54, 104.69 W
2026/09/23 03:20:01.250, NVIDIA GeForce RTX 4060 Ti, 93 %, 5653 MiB, 8188 MiB, 56, 110.40 W
2026/09/23 03:20:02.258, NVIDIA GeForce RTX 4060 Ti, 65 %, 5657 MiB, 8188 MiB, 58, 123.82 W
2026/09/23 03:20:03.263, NVIDIA GeForce RTX 4060 Ti, 56 %, 5657 MiB, 8188 MiB, 56, 112.27 W
2026/09/23 03:20:04.309, NVIDIA GeForce RTX 4060 Ti, 93 %, 5653 MiB, 8188 MiB, 58, 129.54 W
2026/09/23 03:20:05.314, NVIDIA GeForce RTX 4060 Ti, 83 %, 5653 MiB, 8188 MiB, 57, 117.75 W
2026/09/23 03:20:06.321, NVIDIA GeForce RTX 4060 Ti, 69 %, 5658 MiB, 8188 MiB, 58, 118.38 W
2026/09/23 03:20:07.326, NVIDIA GeForce RTX 4060 Ti, 70 %, 5658 MiB, 8188 MiB, 56, 119.12 W
2026/09/23 03:20:08.332, NVIDIA GeForce RTX 4060 Ti, 69 %, 5654 MiB, 8188 MiB, 54, 116.52 W
2026/09/23 03:20:09.340, NVIDIA GeForce RTX 4060 Ti, 64 %, 5654 MiB, 8188 MiB, 53, 115.47 W
2026/09/23 03:20:10.345, NVIDIA GeForce RTX 4060 Ti, 92 %, 5658 MiB, 8188 MiB, 58, 131.74 W
2026/09/23 03:20:11.350, NVIDIA GeForce RTX 4060 Ti, 83 %, 5658 MiB, 8188 MiB, 58, 131.26 W
2026/09/23 03:20:12.357, NVIDIA GeForce RTX 4060 Ti, 78 %, 5654 MiB, 8188 MiB, 58, 122.80 W
2026/09/23 03:20:13.363, NVIDIA GeForce RTX 4060 Ti, 81 %, 5654 MiB, 8188 MiB, 57, 122.77 W
2026/09/23 03:20:14.369, NVIDIA GeForce RTX 4060 Ti, 87 %, 5658 MiB, 8188 MiB, 59, 118.14 W
2026/09/23 03:20:15.379, NVIDIA GeForce RTX 4060 Ti, 80 %, 5658 MiB, 8188 MiB, 58, 127.60 W
2026/09/23 03:20:16.385, NVIDIA GeForce RTX 4060 Ti, 67 %, 5654 MiB, 8188 MiB, 57, 120.33 W
2026/09/23 03:20:17.390, NVIDIA GeForce RTX 4060 Ti, 94 %, 5654 MiB, 8188 MiB, 56, 122.32 W
2026/09/23 03:20:18.397, NVIDIA GeForce RTX 4060 Ti, 86 %, 5658 MiB, 8188 MiB, 57, 118.60 W
2026/09/23 03:20:19.405, NVIDIA GeForce RTX 4060 Ti, 80 %, 5658 MiB, 8188 MiB, 53, 123.75 W
2026/09/23 03:20:20.411, NVIDIA GeForce RTX 4060 Ti, 88 %, 5654 MiB, 8188 MiB, 53, 119.06 W
2026/09/23 03:20:21.451, NVIDIA GeForce RTX 4060 Ti, 90 %, 5654 MiB, 8188 MiB, 55, 123.22 W
2026/09/23 03:20:22.458, NVIDIA GeForce RTX 4060 Ti, 91 %, 5658 MiB, 8188 MiB, 54, 133.39 W
2026/09/23 03:20:23.464, NVIDIA GeForce RTX 4060 Ti, 11 %, 5658 MiB, 8188 MiB, 44, 42.42 W
2026/09/23 03:20:24.471, NVIDIA GeForce RTX 4060 Ti, 0 %, 934 MiB, 8188 MiB, 43, 32.47 W
2026/09/23 03:20:25.477, NVIDIA GeForce RTX 4060 Ti, 0 %, 934 MiB, 8188 MiB, 42, 18.40 W
2026/09/23 03:20:26.482, NVIDIA GeForce RTX 4060 Ti, 1 %, 938 MiB, 8188 MiB, 41, 17.84 W
2026/09/23 03:20:27.488, NVIDIA GeForce RTX 4060 Ti, 94 %, 3170 MiB, 8188 MiB, 51, 47.83 W
2026/09/23 03:20:28.492, NVIDIA GeForce RTX 4060 Ti, 91 %, 3165 MiB, 8188 MiB, 57, 131.50 W
2026/09/23 03:20:29.498, NVIDIA GeForce RTX 4060 Ti, 95 %, 3166 MiB, 8188 MiB, 54, 131.87 W
2026/09/23 03:20:30.504, NVIDIA GeForce RTX 4060 Ti, 90 %, 3170 MiB, 8188 MiB, 54, 126.36 W
2026/09/23 03:20:31.509, NVIDIA GeForce RTX 4060 Ti, 91 %, 3170 MiB, 8188 MiB, 58, 131.89 W
2026/09/23 03:20:32.515, NVIDIA GeForce RTX 4060 Ti, 93 %, 3165 MiB, 8188 MiB, 57, 132.88 W
2026/09/23 03:20:33.520, NVIDIA GeForce RTX 4060 Ti, 96 %, 3165 MiB, 8188 MiB, 57, 133.84 W
2026/09/23 03:20:34.526, NVIDIA GeForce RTX 4060 Ti, 95 %, 3169 MiB, 8188 MiB, 54, 133.52 W
2026/09/23 03:20:35.532, NVIDIA GeForce RTX 4060 Ti, 80 %, 3171 MiB, 8188 MiB, 58, 128.79 W
2026/09/23 03:20:36.538, NVIDIA GeForce RTX 4060 Ti, 95 %, 3174 MiB, 8188 MiB, 58, 134.22 W
2026/09/23 03:20:37.543, NVIDIA GeForce RTX 4060 Ti, 95 %, 3174 MiB, 8188 MiB, 57, 135.39 W
2026/09/23 03:20:38.551, NVIDIA GeForce RTX 4060 Ti, 62 %, 3176 MiB, 8188 MiB, 54, 122.26 W
2026/09/23 03:20:39.558, NVIDIA GeForce RTX 4060 Ti, 94 %, 3176 MiB, 8188 MiB, 58, 134.37 W
2026/09/23 03:20:40.567, NVIDIA GeForce RTX 4060 Ti, 95 %, 3171 MiB, 8188 MiB, 58, 130.85 W
2026/09/23 03:20:41.573, NVIDIA GeForce RTX 4060 Ti, 93 %, 3167 MiB, 8188 MiB, 58, 133.62 W
2026/09/23 03:20:42.580, NVIDIA GeForce RTX 4060 Ti, 91 %, 3171 MiB, 8188 MiB, 57, 130.09 W
2026/09/23 03:20:43.586, NVIDIA GeForce RTX 4060 Ti, 94 %, 3171 MiB, 8188 MiB, 54, 134.89 W
2026/09/23 03:20:44.592, NVIDIA GeForce RTX 4060 Ti, 95 %, 3167 MiB, 8188 MiB, 58, 134.51 W
2026/09/23 03:20:45.598, NVIDIA GeForce RTX 4060 Ti, 95 %, 3167 MiB, 8188 MiB, 58, 134.92 W
2026/09/23 03:20:46.604, NVIDIA GeForce RTX 4060 Ti, 89 %, 3171 MiB, 8188 MiB, 58, 133.67 W
2026/09/23 03:20:47.610, NVIDIA GeForce RTX 4060 Ti, 95 %, 3171 MiB, 8188 MiB, 58, 133.40 W
2026/09/23 03:20:48.616, NVIDIA GeForce RTX 4060 Ti, 95 %, 3167 MiB, 8188 MiB, 58, 135.71 W
2026/09/23 03:20:49.622, NVIDIA GeForce RTX 4060 Ti, 90 %, 3167 MiB, 8188 MiB, 59, 135.05 W
2026/09/23 03:20:50.628, NVIDIA GeForce RTX 4060 Ti, 90 %, 3171 MiB, 8188 MiB, 59, 132.65 W
2026/09/23 03:20:51.634, NVIDIA GeForce RTX 4060 Ti, 94 %, 3171 MiB, 8188 MiB, 58, 134.27 W
2026/09/23 03:20:52.641, NVIDIA GeForce RTX 4060 Ti, 92 %, 3167 MiB, 8188 MiB, 56, 134.46 W
2026/09/23 03:20:53.647, NVIDIA GeForce RTX 4060 Ti, 95 %, 3167 MiB, 8188 MiB, 58, 134.62 W
2026/09/23 03:20:54.654, NVIDIA GeForce RTX 4060 Ti, 95 %, 3171 MiB, 8188 MiB, 58, 129.16 W
2026/09/23 03:20:55.659, NVIDIA GeForce RTX 4060 Ti, 77 %, 3171 MiB, 8188 MiB, 58, 129.03 W
2026/09/23 03:20:56.665, NVIDIA GeForce RTX 4060 Ti, 92 %, 3167 MiB, 8188 MiB, 58, 134.99 W
2026/09/23 03:20:57.671, NVIDIA GeForce RTX 4060 Ti, 95 %, 3167 MiB, 8188 MiB, 58, 135.01 W
2026/09/23 03:20:58.679, NVIDIA GeForce RTX 4060 Ti, 78 %, 3171 MiB, 8188 MiB, 59, 132.59 W
2026/09/23 03:20:59.685, NVIDIA GeForce RTX 4060 Ti, 89 %, 3171 MiB, 8188 MiB, 58, 134.00 W
2026/09/23 03:21:00.692, NVIDIA GeForce RTX 4060 Ti, 89 %, 3167 MiB, 8188 MiB, 58, 133.29 W
2026/09/23 03:21:01.698, NVIDIA GeForce RTX 4060 Ti, 91 %, 3167 MiB, 8188 MiB, 58, 135.09 W
2026/09/23 03:21:02.705, NVIDIA GeForce RTX 4060 Ti, 98 %, 3171 MiB, 8188 MiB, 58, 133.30 W
2026/09/23 03:21:03.711, NVIDIA GeForce RTX 4060 Ti, 96 %, 3171 MiB, 8188 MiB, 58, 132.90 W
2026/09/23 03:21:04.719, NVIDIA GeForce RTX 4060 Ti, 92 %, 3167 MiB, 8188 MiB, 59, 129.94 W
2026/09/23 03:21:05.725, NVIDIA GeForce RTX 4060 Ti, 95 %, 3167 MiB, 8188 MiB, 58, 129.26 W
2026/09/23 03:21:06.730, NVIDIA GeForce RTX 4060 Ti, 94 %, 3171 MiB, 8188 MiB, 58, 134.40 W
2026/09/23 03:21:07.737, NVIDIA GeForce RTX 4060 Ti, 75 %, 3167 MiB, 8188 MiB, 58, 123.97 W
2026/09/23 03:21:08.744, NVIDIA GeForce RTX 4060 Ti, 79 %, 3167 MiB, 8188 MiB, 57, 131.43 W
2026/09/23 03:21:09.749, NVIDIA GeForce RTX 4060 Ti, 91 %, 3167 MiB, 8188 MiB, 59, 135.46 W
2026/09/23 03:21:10.758, NVIDIA GeForce RTX 4060 Ti, 86 %, 3173 MiB, 8188 MiB, 58, 133.58 W
2026/09/23 03:21:11.764, NVIDIA GeForce RTX 4060 Ti, 94 %, 3173 MiB, 8188 MiB, 59, 133.12 W
2026/09/23 03:21:12.770, NVIDIA GeForce RTX 4060 Ti, 86 %, 3169 MiB, 8188 MiB, 58, 131.66 W
2026/09/23 03:21:13.776, NVIDIA GeForce RTX 4060 Ti, 72 %, 3173 MiB, 8188 MiB, 59, 129.94 W
2026/09/23 03:21:14.784, NVIDIA GeForce RTX 4060 Ti, 70 %, 3174 MiB, 8188 MiB, 59, 130.93 W
2026/09/23 03:21:15.790, NVIDIA GeForce RTX 4060 Ti, 92 %, 3169 MiB, 8188 MiB, 57, 133.17 W
2026/09/23 03:21:16.798, NVIDIA GeForce RTX 4060 Ti, 94 %, 3169 MiB, 8188 MiB, 58, 132.82 W
2026/09/23 03:21:17.804, NVIDIA GeForce RTX 4060 Ti, 83 %, 3173 MiB, 8188 MiB, 59, 131.15 W
2026/09/23 03:21:18.811, NVIDIA GeForce RTX 4060 Ti, 95 %, 3173 MiB, 8188 MiB, 54, 132.93 W
2026/09/23 03:21:19.816, NVIDIA GeForce RTX 4060 Ti, 95 %, 3169 MiB, 8188 MiB, 58, 132.81 W
2026/09/23 03:21:20.822, NVIDIA GeForce RTX 4060 Ti, 93 %, 3169 MiB, 8188 MiB, 57, 136.21 W
2026/09/23 03:21:21.827, NVIDIA GeForce RTX 4060 Ti, 90 %, 3173 MiB, 8188 MiB, 59, 135.30 W
2026/09/23 03:21:22.834, NVIDIA GeForce RTX 4060 Ti, 89 %, 3173 MiB, 8188 MiB, 56, 132.55 W
2026/09/23 03:21:23.841, NVIDIA GeForce RTX 4060 Ti, 94 %, 3169 MiB, 8188 MiB, 59, 133.06 W
2026/09/23 03:21:24.846, NVIDIA GeForce RTX 4060 Ti, 95 %, 3169 MiB, 8188 MiB, 59, 134.69 W
2026/09/23 03:21:25.852, NVIDIA GeForce RTX 4060 Ti, 86 %, 3173 MiB, 8188 MiB, 59, 131.48 W
2026/09/23 03:21:26.858, NVIDIA GeForce RTX 4060 Ti, 90 %, 3173 MiB, 8188 MiB, 57, 135.41 W
2026/09/23 03:21:27.864, NVIDIA GeForce RTX 4060 Ti, 93 %, 3169 MiB, 8188 MiB, 55, 131.90 W
2026/09/23 03:21:28.871, NVIDIA GeForce RTX 4060 Ti, 95 %, 3169 MiB, 8188 MiB, 59, 135.18 W
2026/09/23 03:21:29.875, NVIDIA GeForce RTX 4060 Ti, 94 %, 3173 MiB, 8188 MiB, 59, 135.65 W
2026/09/23 03:21:30.880, NVIDIA GeForce RTX 4060 Ti, 95 %, 3173 MiB, 8188 MiB, 59, 135.60 W
2026/09/23 03:21:31.889, NVIDIA GeForce RTX 4060 Ti, 95 %, 3169 MiB, 8188 MiB, 57, 134.57 W
2026/09/23 03:21:32.895, NVIDIA GeForce RTX 4060 Ti, 75 %, 3169 MiB, 8188 MiB, 58, 129.89 W
2026/09/23 03:21:33.903, NVIDIA GeForce RTX 4060 Ti, 87 %, 3173 MiB, 8188 MiB, 59, 133.59 W
2026/09/23 03:21:34.908, NVIDIA GeForce RTX 4060 Ti, 86 %, 3173 MiB, 8188 MiB, 59, 132.42 W
2026/09/23 03:21:35.915, NVIDIA GeForce RTX 4060 Ti, 95 %, 3169 MiB, 8188 MiB, 59, 133.67 W
2026/09/23 03:21:36.920, NVIDIA GeForce RTX 4060 Ti, 93 %, 3169 MiB, 8188 MiB, 59, 127.91 W
2026/09/23 03:21:37.927, NVIDIA GeForce RTX 4060 Ti, 94 %, 3174 MiB, 8188 MiB, 59, 132.49 W
2026/09/23 03:21:38.932, NVIDIA GeForce RTX 4060 Ti, 92 %, 3174 MiB, 8188 MiB, 59, 132.84 W
2026/09/23 03:21:39.937, NVIDIA GeForce RTX 4060 Ti, 92 %, 3175 MiB, 8188 MiB, 59, 133.98 W
2026/09/23 03:21:40.943, NVIDIA GeForce RTX 4060 Ti, 95 %, 3170 MiB, 8188 MiB, 57, 135.38 W
2026/09/23 03:21:41.948, NVIDIA GeForce RTX 4060 Ti, 96 %, 3174 MiB, 8188 MiB, 59, 135.94 W
2026/09/23 03:21:42.955, NVIDIA GeForce RTX 4060 Ti, 86 %, 3174 MiB, 8188 MiB, 58, 134.60 W
2026/09/23 03:21:43.961, NVIDIA GeForce RTX 4060 Ti, 95 %, 3170 MiB, 8188 MiB, 59, 134.61 W
2026/09/23 03:21:44.968, NVIDIA GeForce RTX 4060 Ti, 90 %, 3170 MiB, 8188 MiB, 58, 131.01 W
2026/09/23 03:21:45.975, NVIDIA GeForce RTX 4060 Ti, 95 %, 3173 MiB, 8188 MiB, 59, 134.07 W
2026/09/23 03:21:46.981, NVIDIA GeForce RTX 4060 Ti, 92 %, 3174 MiB, 8188 MiB, 56, 134.92 W
2026/09/23 03:21:47.988, NVIDIA GeForce RTX 4060 Ti, 87 %, 3169 MiB, 8188 MiB, 59, 136.60 W
2026/09/23 03:21:48.995, NVIDIA GeForce RTX 4060 Ti, 97 %, 3169 MiB, 8188 MiB, 59, 134.47 W
2026/09/23 03:21:50.005, NVIDIA GeForce RTX 4060 Ti, 95 %, 3173 MiB, 8188 MiB, 59, 135.49 W
2026/09/23 03:21:51.010, NVIDIA GeForce RTX 4060 Ti, 95 %, 3173 MiB, 8188 MiB, 59, 135.12 W
2026/09/23 03:21:52.015, NVIDIA GeForce RTX 4060 Ti, 91 %, 3169 MiB, 8188 MiB, 59, 133.59 W
2026/09/23 03:21:53.025, NVIDIA GeForce RTX 4060 Ti, 95 %, 3169 MiB, 8188 MiB, 58, 132.12 W
2026/09/23 03:21:54.031, NVIDIA GeForce RTX 4060 Ti, 90 %, 3173 MiB, 8188 MiB, 59, 135.83 W
2026/09/23 03:21:55.038, NVIDIA GeForce RTX 4060 Ti, 95 %, 3173 MiB, 8188 MiB, 59, 132.57 W
2026/09/23 03:21:56.043, NVIDIA GeForce RTX 4060 Ti, 93 %, 3169 MiB, 8188 MiB, 59, 135.28 W
2026/09/23 03:21:57.050, NVIDIA GeForce RTX 4060 Ti, 93 %, 3169 MiB, 8188 MiB, 57, 134.58 W
2026/09/23 03:21:58.056, NVIDIA GeForce RTX 4060 Ti, 67 %, 3173 MiB, 8188 MiB, 56, 131.73 W
2026/09/23 03:21:59.078, NVIDIA GeForce RTX 4060 Ti, 96 %, 3173 MiB, 8188 MiB, 60, 134.45 W
2026/09/23 03:22:00.083, NVIDIA GeForce RTX 4060 Ti, 95 %, 3169 MiB, 8188 MiB, 58, 134.43 W
2026/09/23 03:22:01.089, NVIDIA GeForce RTX 4060 Ti, 93 %, 3169 MiB, 8188 MiB, 59, 134.85 W
2026/09/23 03:22:02.096, NVIDIA GeForce RTX 4060 Ti, 91 %, 3173 MiB, 8188 MiB, 61, 135.02 W
2026/09/23 03:22:03.105, NVIDIA GeForce RTX 4060 Ti, 95 %, 3173 MiB, 8188 MiB, 58, 130.61 W
2026/09/23 03:22:04.110, NVIDIA GeForce RTX 4060 Ti, 90 %, 3169 MiB, 8188 MiB, 57, 133.12 W
2026/09/23 03:22:05.115, NVIDIA GeForce RTX 4060 Ti, 95 %, 3169 MiB, 8188 MiB, 61, 134.01 W
2026/09/23 03:22:06.121, NVIDIA GeForce RTX 4060 Ti, 83 %, 3173 MiB, 8188 MiB, 57, 130.34 W
2026/09/23 03:22:07.131, NVIDIA GeForce RTX 4060 Ti, 87 %, 3173 MiB, 8188 MiB, 59, 133.49 W
2026/09/23 03:22:08.142, NVIDIA GeForce RTX 4060 Ti, 83 %, 3169 MiB, 8188 MiB, 59, 130.48 W
2026/09/23 03:22:09.147, NVIDIA GeForce RTX 4060 Ti, 91 %, 3169 MiB, 8188 MiB, 58, 134.84 W
2026/09/23 03:22:10.153, NVIDIA GeForce RTX 4060 Ti, 94 %, 3173 MiB, 8188 MiB, 59, 133.21 W
2026/09/23 03:22:11.158, NVIDIA GeForce RTX 4060 Ti, 95 %, 3173 MiB, 8188 MiB, 59, 132.14 W
2026/09/23 03:22:12.164, NVIDIA GeForce RTX 4060 Ti, 87 %, 3169 MiB, 8188 MiB, 58, 132.10 W
2026/09/23 03:22:13.172, NVIDIA GeForce RTX 4060 Ti, 93 %, 3174 MiB, 8188 MiB, 58, 126.08 W
2026/09/23 03:22:14.181, NVIDIA GeForce RTX 4060 Ti, 88 %, 3175 MiB, 8188 MiB, 58, 129.36 W
2026/09/23 03:22:15.187, NVIDIA GeForce RTX 4060 Ti, 93 %, 3175 MiB, 8188 MiB, 59, 133.60 W
2026/09/23 03:22:16.193, NVIDIA GeForce RTX 4060 Ti, 57 %, 3175 MiB, 8188 MiB, 59, 126.82 W
2026/09/23 03:22:17.199, NVIDIA GeForce RTX 4060 Ti, 95 %, 3170 MiB, 8188 MiB, 60, 127.02 W
2026/09/23 03:22:18.204, NVIDIA GeForce RTX 4060 Ti, 76 %, 3174 MiB, 8188 MiB, 57, 128.62 W
2026/09/23 03:22:19.210, NVIDIA GeForce RTX 4060 Ti, 87 %, 3174 MiB, 8188 MiB, 59, 126.66 W
2026/09/23 03:22:20.216, NVIDIA GeForce RTX 4060 Ti, 95 %, 3170 MiB, 8188 MiB, 59, 130.90 W
2026/09/23 03:22:21.223, NVIDIA GeForce RTX 4060 Ti, 91 %, 3170 MiB, 8188 MiB, 58, 131.32 W
2026/09/23 03:22:22.227, NVIDIA GeForce RTX 4060 Ti, 86 %, 3174 MiB, 8188 MiB, 57, 125.09 W
2026/09/23 03:22:23.232, NVIDIA GeForce RTX 4060 Ti, 88 %, 3174 MiB, 8188 MiB, 55, 124.77 W
2026/09/23 03:22:24.237, NVIDIA GeForce RTX 4060 Ti, 61 %, 3170 MiB, 8188 MiB, 53, 122.82 W
2026/09/23 03:22:25.242, NVIDIA GeForce RTX 4060 Ti, 94 %, 3170 MiB, 8188 MiB, 59, 132.25 W
2026/09/23 03:22:26.263, NVIDIA GeForce RTX 4060 Ti, 96 %, 3174 MiB, 8188 MiB, 59, 128.85 W
2026/09/23 03:22:27.271, NVIDIA GeForce RTX 4060 Ti, 95 %, 3174 MiB, 8188 MiB, 59, 127.74 W
2026/09/23 03:22:28.280, NVIDIA GeForce RTX 4060 Ti, 96 %, 3170 MiB, 8188 MiB, 55, 133.78 W
2026/09/23 03:22:29.284, NVIDIA GeForce RTX 4060 Ti, 95 %, 3170 MiB, 8188 MiB, 59, 135.37 W
2026/09/23 03:22:30.290, NVIDIA GeForce RTX 4060 Ti, 96 %, 3174 MiB, 8188 MiB, 59, 134.65 W
2026/09/23 03:22:31.295, NVIDIA GeForce RTX 4060 Ti, 80 %, 3174 MiB, 8188 MiB, 59, 128.75 W
2026/09/23 03:22:32.301, NVIDIA GeForce RTX 4060 Ti, 91 %, 3170 MiB, 8188 MiB, 58, 133.57 W
2026/09/23 03:22:33.308, NVIDIA GeForce RTX 4060 Ti, 94 %, 3170 MiB, 8188 MiB, 60, 133.71 W
2026/09/23 03:22:34.314, NVIDIA GeForce RTX 4060 Ti, 92 %, 3174 MiB, 8188 MiB, 59, 133.45 W
2026/09/23 03:22:35.319, NVIDIA GeForce RTX 4060 Ti, 96 %, 3174 MiB, 8188 MiB, 58, 126.42 W
2026/09/23 03:22:36.326, NVIDIA GeForce RTX 4060 Ti, 95 %, 3169 MiB, 8188 MiB, 59, 132.16 W
2026/09/23 03:22:37.331, NVIDIA GeForce RTX 4060 Ti, 93 %, 3169 MiB, 8188 MiB, 57, 124.68 W
2026/09/23 03:22:38.337, NVIDIA GeForce RTX 4060 Ti, 67 %, 3173 MiB, 8188 MiB, 59, 127.04 W
2026/09/23 03:22:39.342, NVIDIA GeForce RTX 4060 Ti, 91 %, 3173 MiB, 8188 MiB, 59, 130.01 W
2026/09/23 03:22:40.348, NVIDIA GeForce RTX 4060 Ti, 84 %, 3169 MiB, 8188 MiB, 58, 132.12 W
2026/09/23 03:22:41.355, NVIDIA GeForce RTX 4060 Ti, 92 %, 3169 MiB, 8188 MiB, 58, 133.70 W
2026/09/23 03:22:42.361, NVIDIA GeForce RTX 4060 Ti, 88 %, 3175 MiB, 8188 MiB, 59, 133.50 W
2026/09/23 03:22:43.367, NVIDIA GeForce RTX 4060 Ti, 87 %, 3175 MiB, 8188 MiB, 58, 130.01 W
2026/09/23 03:22:44.377, NVIDIA GeForce RTX 4060 Ti, 92 %, 3170 MiB, 8188 MiB, 57, 126.89 W
2026/09/23 03:22:45.383, NVIDIA GeForce RTX 4060 Ti, 95 %, 3170 MiB, 8188 MiB, 58, 132.74 W
2026/09/23 03:22:46.389, NVIDIA GeForce RTX 4060 Ti, 95 %, 3174 MiB, 8188 MiB, 58, 133.64 W
2026/09/23 03:22:47.394, NVIDIA GeForce RTX 4060 Ti, 83 %, 3174 MiB, 8188 MiB, 59, 131.86 W
2026/09/23 03:22:48.398, NVIDIA GeForce RTX 4060 Ti, 91 %, 3170 MiB, 8188 MiB, 58, 129.66 W
2026/09/23 03:22:49.411, NVIDIA GeForce RTX 4060 Ti, 79 %, 3170 MiB, 8188 MiB, 58, 128.49 W
2026/09/23 03:22:50.416, NVIDIA GeForce RTX 4060 Ti, 95 %, 3174 MiB, 8188 MiB, 59, 133.36 W
2026/09/23 03:22:51.423, NVIDIA GeForce RTX 4060 Ti, 89 %, 3174 MiB, 8188 MiB, 59, 124.87 W
2026/09/23 03:22:52.429, NVIDIA GeForce RTX 4060 Ti, 76 %, 3169 MiB, 8188 MiB, 59, 125.93 W
2026/09/23 03:22:53.434, NVIDIA GeForce RTX 4060 Ti, 95 %, 3169 MiB, 8188 MiB, 59, 129.43 W
2026/09/23 03:22:54.441, NVIDIA GeForce RTX 4060 Ti, 95 %, 3173 MiB, 8188 MiB, 61, 133.05 W
2026/09/23 03:22:55.446, NVIDIA GeForce RTX 4060 Ti, 87 %, 3173 MiB, 8188 MiB, 56, 131.32 W
2026/09/23 03:22:56.453, NVIDIA GeForce RTX 4060 Ti, 87 %, 3169 MiB, 8188 MiB, 58, 134.37 W
2026/09/23 03:22:57.459, NVIDIA GeForce RTX 4060 Ti, 91 %, 3169 MiB, 8188 MiB, 59, 134.88 W
2026/09/23 03:22:58.465, NVIDIA GeForce RTX 4060 Ti, 95 %, 3173 MiB, 8188 MiB, 59, 133.66 W
2026/09/23 03:22:59.471, NVIDIA GeForce RTX 4060 Ti, 95 %, 3173 MiB, 8188 MiB, 58, 128.49 W
2026/09/23 03:23:00.477, NVIDIA GeForce RTX 4060 Ti, 94 %, 3169 MiB, 8188 MiB, 59, 130.71 W
2026/09/23 03:23:01.482, NVIDIA GeForce RTX 4060 Ti, 83 %, 3169 MiB, 8188 MiB, 59, 132.18 W
2026/09/23 03:23:02.487, NVIDIA GeForce RTX 4060 Ti, 95 %, 3173 MiB, 8188 MiB, 58, 132.04 W
2026/09/23 03:23:03.493, NVIDIA GeForce RTX 4060 Ti, 92 %, 3173 MiB, 8188 MiB, 59, 130.45 W
2026/09/23 03:23:04.499, NVIDIA GeForce RTX 4060 Ti, 94 %, 3169 MiB, 8188 MiB, 59, 132.94 W
2026/09/23 03:23:05.505, NVIDIA GeForce RTX 4060 Ti, 89 %, 3169 MiB, 8188 MiB, 57, 133.57 W
2026/09/23 03:23:06.509, NVIDIA GeForce RTX 4060 Ti, 90 %, 3173 MiB, 8188 MiB, 58, 131.28 W
2026/09/23 03:23:07.515, NVIDIA GeForce RTX 4060 Ti, 80 %, 3173 MiB, 8188 MiB, 58, 128.63 W
2026/09/23 03:23:08.522, NVIDIA GeForce RTX 4060 Ti, 90 %, 3169 MiB, 8188 MiB, 59, 131.12 W
2026/09/23 03:23:09.527, NVIDIA GeForce RTX 4060 Ti, 95 %, 3169 MiB, 8188 MiB, 58, 131.83 W
2026/09/23 03:23:10.532, NVIDIA GeForce RTX 4060 Ti, 96 %, 3173 MiB, 8188 MiB, 58, 131.95 W
2026/09/23 03:23:11.538, NVIDIA GeForce RTX 4060 Ti, 90 %, 3173 MiB, 8188 MiB, 59, 133.47 W
2026/09/23 03:23:12.544, NVIDIA GeForce RTX 4060 Ti, 93 %, 3169 MiB, 8188 MiB, 57, 133.56 W
2026/09/23 03:23:13.549, NVIDIA GeForce RTX 4060 Ti, 94 %, 3169 MiB, 8188 MiB, 57, 134.20 W
2026/09/23 03:23:14.556, NVIDIA GeForce RTX 4060 Ti, 90 %, 3173 MiB, 8188 MiB, 59, 132.49 W
2026/09/23 03:23:15.561, NVIDIA GeForce RTX 4060 Ti, 91 %, 3173 MiB, 8188 MiB, 59, 128.13 W
2026/09/23 03:23:16.566, NVIDIA GeForce RTX 4060 Ti, 95 %, 3174 MiB, 8188 MiB, 59, 133.20 W
2026/09/23 03:23:17.574, NVIDIA GeForce RTX 4060 Ti, 93 %, 3179 MiB, 8188 MiB, 58, 131.64 W
2026/09/23 03:23:18.579, NVIDIA GeForce RTX 4060 Ti, 93 %, 3179 MiB, 8188 MiB, 59, 133.07 W
2026/09/23 03:23:19.585, NVIDIA GeForce RTX 4060 Ti, 94 %, 3179 MiB, 8188 MiB, 59, 133.52 W
2026/09/23 03:23:20.592, NVIDIA GeForce RTX 4060 Ti, 90 %, 3175 MiB, 8188 MiB, 59, 133.68 W
2026/09/23 03:23:21.598, NVIDIA GeForce RTX 4060 Ti, 95 %, 3175 MiB, 8188 MiB, 58, 132.97 W
2026/09/23 03:23:22.604, NVIDIA GeForce RTX 4060 Ti, 95 %, 3180 MiB, 8188 MiB, 58, 129.06 W
2026/09/23 03:23:23.610, NVIDIA GeForce RTX 4060 Ti, 87 %, 3179 MiB, 8188 MiB, 58, 131.31 W
2026/09/23 03:23:24.615, NVIDIA GeForce RTX 4060 Ti, 93 %, 3172 MiB, 8188 MiB, 57, 133.51 W
2026/09/23 03:23:25.620, NVIDIA GeForce RTX 4060 Ti, 94 %, 3171 MiB, 8188 MiB, 58, 128.21 W
2026/09/23 03:23:26.626, NVIDIA GeForce RTX 4060 Ti, 92 %, 3175 MiB, 8188 MiB, 59, 135.78 W
2026/09/23 03:23:27.633, NVIDIA GeForce RTX 4060 Ti, 90 %, 3173 MiB, 8188 MiB, 59, 135.35 W
2026/09/23 03:23:28.640, NVIDIA GeForce RTX 4060 Ti, 88 %, 3169 MiB, 8188 MiB, 55, 133.24 W
2026/09/23 03:23:29.646, NVIDIA GeForce RTX 4060 Ti, 95 %, 3169 MiB, 8188 MiB, 59, 133.47 W
2026/09/23 03:23:30.659, NVIDIA GeForce RTX 4060 Ti, 96 %, 3173 MiB, 8188 MiB, 59, 131.20 W
2026/09/23 03:23:31.664, NVIDIA GeForce RTX 4060 Ti, 90 %, 3173 MiB, 8188 MiB, 59, 133.76 W
2026/09/23 03:23:32.670, NVIDIA GeForce RTX 4060 Ti, 83 %, 3169 MiB, 8188 MiB, 59, 132.82 W
2026/09/23 03:23:33.675, NVIDIA GeForce RTX 4060 Ti, 95 %, 3169 MiB, 8188 MiB, 59, 129.57 W
2026/09/23 03:23:34.681, NVIDIA GeForce RTX 4060 Ti, 95 %, 3173 MiB, 8188 MiB, 57, 129.01 W
2026/09/23 03:23:35.688, NVIDIA GeForce RTX 4060 Ti, 95 %, 3173 MiB, 8188 MiB, 59, 133.29 W
2026/09/23 03:23:36.695, NVIDIA GeForce RTX 4060 Ti, 94 %, 3169 MiB, 8188 MiB, 59, 135.10 W
2026/09/23 03:23:37.700, NVIDIA GeForce RTX 4060 Ti, 83 %, 3169 MiB, 8188 MiB, 58, 132.45 W
2026/09/23 03:23:38.710, NVIDIA GeForce RTX 4060 Ti, 90 %, 3173 MiB, 8188 MiB, 59, 135.34 W
2026/09/23 03:23:39.716, NVIDIA GeForce RTX 4060 Ti, 95 %, 3173 MiB, 8188 MiB, 59, 134.52 W
2026/09/23 03:23:40.722, NVIDIA GeForce RTX 4060 Ti, 86 %, 3169 MiB, 8188 MiB, 59, 134.95 W
2026/09/23 03:23:41.728, NVIDIA GeForce RTX 4060 Ti, 90 %, 3169 MiB, 8188 MiB, 58, 135.71 W
2026/09/23 03:23:42.734, NVIDIA GeForce RTX 4060 Ti, 95 %, 3173 MiB, 8188 MiB, 58, 133.47 W
2026/09/23 03:23:43.740, NVIDIA GeForce RTX 4060 Ti, 91 %, 3173 MiB, 8188 MiB, 59, 133.35 W
2026/09/23 03:23:44.745, NVIDIA GeForce RTX 4060 Ti, 90 %, 3169 MiB, 8188 MiB, 56, 134.42 W
2026/09/23 03:23:45.750, NVIDIA GeForce RTX 4060 Ti, 91 %, 3174 MiB, 8188 MiB, 55, 129.68 W
2026/09/23 03:23:46.757, NVIDIA GeForce RTX 4060 Ti, 93 %, 3174 MiB, 8188 MiB, 59, 133.55 W
2026/09/23 03:23:47.762, NVIDIA GeForce RTX 4060 Ti, 93 %, 3177 MiB, 8188 MiB, 59, 132.45 W
2026/09/23 03:23:48.767, NVIDIA GeForce RTX 4060 Ti, 90 %, 3173 MiB, 8188 MiB, 59, 134.04 W
2026/09/23 03:23:49.774, NVIDIA GeForce RTX 4060 Ti, 90 %, 3177 MiB, 8188 MiB, 58, 133.13 W
2026/09/23 03:23:50.778, NVIDIA GeForce RTX 4060 Ti, 86 %, 3177 MiB, 8188 MiB, 58, 134.00 W
2026/09/23 03:23:51.785, NVIDIA GeForce RTX 4060 Ti, 94 %, 3173 MiB, 8188 MiB, 59, 131.01 W
2026/09/23 03:23:52.791, NVIDIA GeForce RTX 4060 Ti, 91 %, 3169 MiB, 8188 MiB, 58, 135.65 W
2026/09/23 03:23:53.796, NVIDIA GeForce RTX 4060 Ti, 96 %, 3173 MiB, 8188 MiB, 59, 135.47 W
2026/09/23 03:23:54.802, NVIDIA GeForce RTX 4060 Ti, 93 %, 3173 MiB, 8188 MiB, 59, 133.37 W
2026/09/23 03:23:55.808, NVIDIA GeForce RTX 4060 Ti, 95 %, 3169 MiB, 8188 MiB, 59, 133.70 W
2026/09/23 03:23:56.813, NVIDIA GeForce RTX 4060 Ti, 86 %, 3169 MiB, 8188 MiB, 59, 134.65 W
2026/09/23 03:23:57.821, NVIDIA GeForce RTX 4060 Ti, 86 %, 3173 MiB, 8188 MiB, 59, 128.91 W
2026/09/23 03:23:58.827, NVIDIA GeForce RTX 4060 Ti, 87 %, 3173 MiB, 8188 MiB, 59, 131.95 W
2026/09/23 03:23:59.833, NVIDIA GeForce RTX 4060 Ti, 94 %, 3169 MiB, 8188 MiB, 59, 134.85 W
2026/09/23 03:24:00.840, NVIDIA GeForce RTX 4060 Ti, 94 %, 3169 MiB, 8188 MiB, 58, 134.03 W
2026/09/23 03:24:01.845, NVIDIA GeForce RTX 4060 Ti, 82 %, 3173 MiB, 8188 MiB, 56, 130.27 W
2026/09/23 03:24:02.850, NVIDIA GeForce RTX 4060 Ti, 61 %, 3173 MiB, 8188 MiB, 52, 110.70 W
2026/09/23 03:24:03.857, NVIDIA GeForce RTX 4060 Ti, 84 %, 3169 MiB, 8188 MiB, 57, 114.00 W
2026/09/23 03:24:04.861, NVIDIA GeForce RTX 4060 Ti, 84 %, 3169 MiB, 8188 MiB, 52, 103.89 W
2026/09/23 03:24:05.870, NVIDIA GeForce RTX 4060 Ti, 43 %, 3173 MiB, 8188 MiB, 55, 102.06 W
2026/09/23 03:24:06.875, NVIDIA GeForce RTX 4060 Ti, 70 %, 3173 MiB, 8188 MiB, 56, 115.38 W
2026/09/23 03:24:07.881, NVIDIA GeForce RTX 4060 Ti, 71 %, 3169 MiB, 8188 MiB, 57, 114.29 W
2026/09/23 03:24:08.887, NVIDIA GeForce RTX 4060 Ti, 82 %, 3169 MiB, 8188 MiB, 53, 108.19 W
2026/09/23 03:24:09.894, NVIDIA GeForce RTX 4060 Ti, 72 %, 3173 MiB, 8188 MiB, 55, 92.51 W
2026/09/23 03:24:10.899, NVIDIA GeForce RTX 4060 Ti, 67 %, 3173 MiB, 8188 MiB, 56, 101.38 W
2026/09/23 03:24:11.905, NVIDIA GeForce RTX 4060 Ti, 66 %, 3169 MiB, 8188 MiB, 55, 104.12 W
2026/09/23 03:24:12.910, NVIDIA GeForce RTX 4060 Ti, 63 %, 3169 MiB, 8188 MiB, 54, 106.69 W
2026/09/23 03:24:13.916, NVIDIA GeForce RTX 4060 Ti, 51 %, 3173 MiB, 8188 MiB, 52, 99.14 W
2026/09/23 03:24:14.922, NVIDIA GeForce RTX 4060 Ti, 49 %, 3173 MiB, 8188 MiB, 56, 100.13 W
2026/09/23 03:24:15.926, NVIDIA GeForce RTX 4060 Ti, 69 %, 3169 MiB, 8188 MiB, 52, 105.23 W
2026/09/23 03:24:16.932, NVIDIA GeForce RTX 4060 Ti, 56 %, 3169 MiB, 8188 MiB, 56, 100.12 W
2026/09/23 03:24:17.938, NVIDIA GeForce RTX 4060 Ti, 62 %, 3173 MiB, 8188 MiB, 51, 110.79 W
2026/09/23 03:24:18.943, NVIDIA GeForce RTX 4060 Ti, 55 %, 3173 MiB, 8188 MiB, 57, 106.71 W
2026/09/23 03:24:19.948, NVIDIA GeForce RTX 4060 Ti, 48 %, 3174 MiB, 8188 MiB, 52, 102.78 W
2026/09/23 03:24:20.953, NVIDIA GeForce RTX 4060 Ti, 72 %, 3174 MiB, 8188 MiB, 54, 107.14 W
2026/09/23 03:24:21.960, NVIDIA GeForce RTX 4060 Ti, 73 %, 3175 MiB, 8188 MiB, 56, 109.55 W
2026/09/23 03:24:22.965, NVIDIA GeForce RTX 4060 Ti, 56 %, 3175 MiB, 8188 MiB, 55, 106.78 W
2026/09/23 03:24:23.971, NVIDIA GeForce RTX 4060 Ti, 40 %, 3170 MiB, 8188 MiB, 55, 95.24 W
2026/09/23 03:24:24.980, NVIDIA GeForce RTX 4060 Ti, 72 %, 3170 MiB, 8188 MiB, 55, 113.50 W
2026/09/23 03:24:25.985, NVIDIA GeForce RTX 4060 Ti, 75 %, 3174 MiB, 8188 MiB, 56, 105.48 W
2026/09/23 03:24:26.991, NVIDIA GeForce RTX 4060 Ti, 59 %, 3174 MiB, 8188 MiB, 54, 106.14 W
2026/09/23 03:24:27.996, NVIDIA GeForce RTX 4060 Ti, 11 %, 3170 MiB, 8188 MiB, 44, 73.70 W
2026/09/23 03:24:29.001, NVIDIA GeForce RTX 4060 Ti, 0 %, 934 MiB, 8188 MiB, 43, 33.62 W
2026/09/23 03:24:30.007, NVIDIA GeForce RTX 4060 Ti, 1 %, 938 MiB, 8188 MiB, 42, 23.59 W
2026/09/23 03:24:31.024, NVIDIA GeForce RTX 4060 Ti, 1 %, 938 MiB, 8188 MiB, 41, 17.41 W
2026/09/23 03:24:32.030, NVIDIA GeForce RTX 4060 Ti, 0 %, 933 MiB, 8188 MiB, 41, 17.16 W
2026/09/23 03:24:33.036, NVIDIA GeForce RTX 4060 Ti, 0 %, 1253 MiB, 8188 MiB, 40, 15.78 W
2026/09/23 03:24:34.042, NVIDIA GeForce RTX 4060 Ti, 90 %, 6669 MiB, 8188 MiB, 47, 35.85 W
2026/09/23 03:24:35.047, NVIDIA GeForce RTX 4060 Ti, 77 %, 7117 MiB, 8188 MiB, 53, 120.55 W
2026/09/23 03:24:36.054, NVIDIA GeForce RTX 4060 Ti, 84 %, 7115 MiB, 8188 MiB, 50, 120.80 W
2026/09/23 03:24:37.059, NVIDIA GeForce RTX 4060 Ti, 56 %, 7115 MiB, 8188 MiB, 51, 111.95 W
2026/09/23 03:24:38.065, NVIDIA GeForce RTX 4060 Ti, 78 %, 7119 MiB, 8188 MiB, 50, 119.64 W
2026/09/23 03:24:39.072, NVIDIA GeForce RTX 4060 Ti, 95 %, 7119 MiB, 8188 MiB, 58, 126.59 W
2026/09/23 03:24:40.083, NVIDIA GeForce RTX 4060 Ti, 74 %, 7115 MiB, 8188 MiB, 55, 118.93 W
2026/09/23 03:24:41.096, NVIDIA GeForce RTX 4060 Ti, 91 %, 7115 MiB, 8188 MiB, 54, 114.58 W
2026/09/23 03:24:42.102, NVIDIA GeForce RTX 4060 Ti, 89 %, 7119 MiB, 8188 MiB, 53, 119.77 W
2026/09/23 03:24:43.107, NVIDIA GeForce RTX 4060 Ti, 86 %, 7119 MiB, 8188 MiB, 54, 118.93 W
2026/09/23 03:24:44.113, NVIDIA GeForce RTX 4060 Ti, 85 %, 7115 MiB, 8188 MiB, 55, 121.85 W
2026/09/23 03:24:45.119, NVIDIA GeForce RTX 4060 Ti, 86 %, 7115 MiB, 8188 MiB, 55, 129.82 W
2026/09/23 03:24:46.125, NVIDIA GeForce RTX 4060 Ti, 81 %, 7119 MiB, 8188 MiB, 52, 121.28 W
2026/09/23 03:24:47.131, NVIDIA GeForce RTX 4060 Ti, 95 %, 7119 MiB, 8188 MiB, 55, 132.91 W
2026/09/23 03:24:48.139, NVIDIA GeForce RTX 4060 Ti, 80 %, 7115 MiB, 8188 MiB, 56, 125.24 W
2026/09/23 03:24:49.144, NVIDIA GeForce RTX 4060 Ti, 89 %, 7120 MiB, 8188 MiB, 55, 125.07 W
2026/09/23 03:24:50.150, NVIDIA GeForce RTX 4060 Ti, 77 %, 7120 MiB, 8188 MiB, 55, 130.12 W
2026/09/23 03:24:51.156, NVIDIA GeForce RTX 4060 Ti, 67 %, 7123 MiB, 8188 MiB, 56, 113.15 W
2026/09/23 03:24:52.162, NVIDIA GeForce RTX 4060 Ti, 89 %, 7128 MiB, 8188 MiB, 59, 120.85 W
2026/09/23 03:24:53.166, NVIDIA GeForce RTX 4060 Ti, 91 %, 7128 MiB, 8188 MiB, 54, 131.93 W
2026/09/23 03:24:54.172, NVIDIA GeForce RTX 4060 Ti, 94 %, 7128 MiB, 8188 MiB, 55, 129.71 W
2026/09/23 03:24:55.177, NVIDIA GeForce RTX 4060 Ti, 83 %, 7128 MiB, 8188 MiB, 54, 111.08 W
2026/09/23 03:24:56.184, NVIDIA GeForce RTX 4060 Ti, 79 %, 7123 MiB, 8188 MiB, 54, 108.75 W
2026/09/23 03:24:57.190, NVIDIA GeForce RTX 4060 Ti, 90 %, 7115 MiB, 8188 MiB, 55, 117.65 W
2026/09/23 03:24:58.212, NVIDIA GeForce RTX 4060 Ti, 82 %, 7120 MiB, 8188 MiB, 56, 122.42 W
2026/09/23 03:24:59.220, NVIDIA GeForce RTX 4060 Ti, 87 %, 7120 MiB, 8188 MiB, 55, 118.01 W
2026/09/23 03:25:00.225, NVIDIA GeForce RTX 4060 Ti, 90 %, 7116 MiB, 8188 MiB, 53, 113.91 W
2026/09/23 03:25:01.230, NVIDIA GeForce RTX 4060 Ti, 84 %, 7116 MiB, 8188 MiB, 57, 124.33 W
2026/09/23 03:25:02.237, NVIDIA GeForce RTX 4060 Ti, 82 %, 7120 MiB, 8188 MiB, 59, 127.31 W
2026/09/23 03:25:03.248, NVIDIA GeForce RTX 4060 Ti, 72 %, 7120 MiB, 8188 MiB, 51, 108.86 W
2026/09/23 03:25:04.255, NVIDIA GeForce RTX 4060 Ti, 0 %, 7116 MiB, 8188 MiB, 45, 74.29 W
2026/09/23 03:25:05.261, NVIDIA GeForce RTX 4060 Ti, 92 %, 7116 MiB, 8188 MiB, 60, 115.64 W
2026/09/23 03:25:06.266, NVIDIA GeForce RTX 4060 Ti, 56 %, 7120 MiB, 8188 MiB, 50, 107.45 W
2026/09/23 03:25:07.272, NVIDIA GeForce RTX 4060 Ti, 87 %, 7120 MiB, 8188 MiB, 54, 126.26 W
2026/09/23 03:25:08.281, NVIDIA GeForce RTX 4060 Ti, 86 %, 7116 MiB, 8188 MiB, 59, 128.92 W
2026/09/23 03:25:09.288, NVIDIA GeForce RTX 4060 Ti, 94 %, 7116 MiB, 8188 MiB, 52, 122.39 W
2026/09/23 03:25:10.292, NVIDIA GeForce RTX 4060 Ti, 80 %, 7120 MiB, 8188 MiB, 50, 112.69 W
2026/09/23 03:25:11.298, NVIDIA GeForce RTX 4060 Ti, 84 %, 7120 MiB, 8188 MiB, 56, 123.97 W
2026/09/23 03:25:12.304, NVIDIA GeForce RTX 4060 Ti, 65 %, 7120 MiB, 8188 MiB, 51, 89.83 W
2026/09/23 03:25:13.310, NVIDIA GeForce RTX 4060 Ti, 74 %, 7115 MiB, 8188 MiB, 57, 112.93 W
2026/09/23 03:25:14.316, NVIDIA GeForce RTX 4060 Ti, 72 %, 7120 MiB, 8188 MiB, 54, 121.27 W
2026/09/23 03:25:15.323, NVIDIA GeForce RTX 4060 Ti, 90 %, 7120 MiB, 8188 MiB, 52, 120.08 W
2026/09/23 03:25:16.328, NVIDIA GeForce RTX 4060 Ti, 94 %, 7116 MiB, 8188 MiB, 53, 122.67 W
2026/09/23 03:25:17.334, NVIDIA GeForce RTX 4060 Ti, 89 %, 7116 MiB, 8188 MiB, 55, 127.88 W
2026/09/23 03:25:18.339, NVIDIA GeForce RTX 4060 Ti, 66 %, 7120 MiB, 8188 MiB, 53, 112.36 W
2026/09/23 03:25:19.345, NVIDIA GeForce RTX 4060 Ti, 89 %, 7120 MiB, 8188 MiB, 57, 127.66 W
2026/09/23 03:25:20.351, NVIDIA GeForce RTX 4060 Ti, 90 %, 7115 MiB, 8188 MiB, 60, 123.47 W
2026/09/23 03:25:21.357, NVIDIA GeForce RTX 4060 Ti, 92 %, 7115 MiB, 8188 MiB, 54, 111.03 W
2026/09/23 03:25:22.365, NVIDIA GeForce RTX 4060 Ti, 69 %, 7120 MiB, 8188 MiB, 54, 127.50 W
2026/09/23 03:25:23.372, NVIDIA GeForce RTX 4060 Ti, 89 %, 7120 MiB, 8188 MiB, 54, 121.98 W
2026/09/23 03:25:24.381, NVIDIA GeForce RTX 4060 Ti, 59 %, 7115 MiB, 8188 MiB, 52, 120.46 W
2026/09/23 03:25:25.388, NVIDIA GeForce RTX 4060 Ti, 78 %, 7116 MiB, 8188 MiB, 60, 127.30 W
2026/09/23 03:25:26.396, NVIDIA GeForce RTX 4060 Ti, 72 %, 7121 MiB, 8188 MiB, 55, 127.21 W
2026/09/23 03:25:27.404, NVIDIA GeForce RTX 4060 Ti, 81 %, 7121 MiB, 8188 MiB, 54, 123.56 W
2026/09/23 03:25:28.410, NVIDIA GeForce RTX 4060 Ti, 85 %, 7121 MiB, 8188 MiB, 59, 127.00 W
2026/09/23 03:25:29.417, NVIDIA GeForce RTX 4060 Ti, 75 %, 7117 MiB, 8188 MiB, 52, 116.62 W
2026/09/23 03:25:30.423, NVIDIA GeForce RTX 4060 Ti, 77 %, 7121 MiB, 8188 MiB, 54, 122.63 W
2026/09/23 03:25:31.430, NVIDIA GeForce RTX 4060 Ti, 84 %, 7121 MiB, 8188 MiB, 56, 121.67 W
2026/09/23 03:25:32.436, NVIDIA GeForce RTX 4060 Ti, 70 %, 7116 MiB, 8188 MiB, 55, 115.20 W
2026/09/23 03:25:33.445, NVIDIA GeForce RTX 4060 Ti, 80 %, 7116 MiB, 8188 MiB, 60, 124.68 W
2026/09/23 03:25:34.450, NVIDIA GeForce RTX 4060 Ti, 62 %, 7121 MiB, 8188 MiB, 56, 124.46 W
2026/09/23 03:25:35.456, NVIDIA GeForce RTX 4060 Ti, 62 %, 7121 MiB, 8188 MiB, 56, 123.04 W
2026/09/23 03:25:36.462, NVIDIA GeForce RTX 4060 Ti, 67 %, 7116 MiB, 8188 MiB, 61, 122.91 W
2026/09/23 03:25:37.473, NVIDIA GeForce RTX 4060 Ti, 72 %, 7116 MiB, 8188 MiB, 54, 121.60 W
2026/09/23 03:25:38.480, NVIDIA GeForce RTX 4060 Ti, 55 %, 7121 MiB, 8188 MiB, 58, 107.56 W
2026/09/23 03:25:39.487, NVIDIA GeForce RTX 4060 Ti, 87 %, 7121 MiB, 8188 MiB, 58, 125.43 W
2026/09/23 03:25:40.492, NVIDIA GeForce RTX 4060 Ti, 82 %, 7116 MiB, 8188 MiB, 58, 126.23 W
2026/09/23 03:25:41.498, NVIDIA GeForce RTX 4060 Ti, 71 %, 7116 MiB, 8188 MiB, 54, 127.34 W
2026/09/23 03:25:42.505, NVIDIA GeForce RTX 4060 Ti, 91 %, 7120 MiB, 8188 MiB, 61, 118.72 W
2026/09/23 03:25:43.510, NVIDIA GeForce RTX 4060 Ti, 61 %, 7121 MiB, 8188 MiB, 51, 114.68 W
2026/09/23 03:25:44.517, NVIDIA GeForce RTX 4060 Ti, 78 %, 7121 MiB, 8188 MiB, 57, 128.57 W
2026/09/23 03:25:45.524, NVIDIA GeForce RTX 4060 Ti, 91 %, 7116 MiB, 8188 MiB, 57, 129.91 W
2026/09/23 03:25:46.530, NVIDIA GeForce RTX 4060 Ti, 86 %, 7120 MiB, 8188 MiB, 58, 124.07 W
2026/09/23 03:25:47.537, NVIDIA GeForce RTX 4060 Ti, 90 %, 7120 MiB, 8188 MiB, 60, 128.47 W
2026/09/23 03:25:48.542, NVIDIA GeForce RTX 4060 Ti, 84 %, 7116 MiB, 8188 MiB, 56, 124.80 W
2026/09/23 03:25:49.575, NVIDIA GeForce RTX 4060 Ti, 68 %, 7116 MiB, 8188 MiB, 55, 120.79 W
2026/09/23 03:25:50.587, NVIDIA GeForce RTX 4060 Ti, 80 %, 7120 MiB, 8188 MiB, 57, 126.28 W
2026/09/23 03:25:51.593, NVIDIA GeForce RTX 4060 Ti, 94 %, 7120 MiB, 8188 MiB, 56, 127.96 W
2026/09/23 03:25:52.599, NVIDIA GeForce RTX 4060 Ti, 83 %, 7116 MiB, 8188 MiB, 55, 118.23 W
2026/09/23 03:25:53.609, NVIDIA GeForce RTX 4060 Ti, 84 %, 7116 MiB, 8188 MiB, 55, 124.16 W
2026/09/23 03:25:54.614, NVIDIA GeForce RTX 4060 Ti, 85 %, 7120 MiB, 8188 MiB, 56, 120.28 W
2026/09/23 03:25:55.622, NVIDIA GeForce RTX 4060 Ti, 91 %, 7122 MiB, 8188 MiB, 56, 129.66 W
2026/09/23 03:25:56.629, NVIDIA GeForce RTX 4060 Ti, 93 %, 7121 MiB, 8188 MiB, 56, 125.68 W
2026/09/23 03:25:57.636, NVIDIA GeForce RTX 4060 Ti, 70 %, 7116 MiB, 8188 MiB, 55, 115.33 W
2026/09/23 03:25:58.643, NVIDIA GeForce RTX 4060 Ti, 83 %, 7121 MiB, 8188 MiB, 56, 126.84 W
2026/09/23 03:25:59.648, NVIDIA GeForce RTX 4060 Ti, 77 %, 7121 MiB, 8188 MiB, 54, 127.72 W
2026/09/23 03:26:00.657, NVIDIA GeForce RTX 4060 Ti, 90 %, 7116 MiB, 8188 MiB, 57, 122.87 W
2026/09/23 03:26:01.665, NVIDIA GeForce RTX 4060 Ti, 94 %, 7116 MiB, 8188 MiB, 56, 129.36 W
2026/09/23 03:26:02.671, NVIDIA GeForce RTX 4060 Ti, 89 %, 7121 MiB, 8188 MiB, 56, 124.02 W
2026/09/23 03:26:03.677, NVIDIA GeForce RTX 4060 Ti, 90 %, 7121 MiB, 8188 MiB, 51, 120.48 W
2026/09/23 03:26:04.683, NVIDIA GeForce RTX 4060 Ti, 60 %, 7116 MiB, 8188 MiB, 53, 113.52 W
2026/09/23 03:26:05.689, NVIDIA GeForce RTX 4060 Ti, 89 %, 7116 MiB, 8188 MiB, 59, 120.90 W
2026/09/23 03:26:06.695, NVIDIA GeForce RTX 4060 Ti, 89 %, 7120 MiB, 8188 MiB, 60, 113.44 W
2026/09/23 03:26:07.706, NVIDIA GeForce RTX 4060 Ti, 66 %, 7120 MiB, 8188 MiB, 55, 123.36 W
2026/09/23 03:26:08.711, NVIDIA GeForce RTX 4060 Ti, 88 %, 7116 MiB, 8188 MiB, 56, 111.98 W
2026/09/23 03:26:09.717, NVIDIA GeForce RTX 4060 Ti, 76 %, 7116 MiB, 8188 MiB, 56, 127.87 W
2026/09/23 03:26:10.723, NVIDIA GeForce RTX 4060 Ti, 89 %, 7120 MiB, 8188 MiB, 60, 124.47 W
2026/09/23 03:26:11.728, NVIDIA GeForce RTX 4060 Ti, 76 %, 7120 MiB, 8188 MiB, 52, 121.23 W
2026/09/23 03:26:12.735, NVIDIA GeForce RTX 4060 Ti, 81 %, 7116 MiB, 8188 MiB, 55, 124.29 W
2026/09/23 03:26:13.742, NVIDIA GeForce RTX 4060 Ti, 84 %, 7120 MiB, 8188 MiB, 56, 125.27 W
2026/09/23 03:26:14.747, NVIDIA GeForce RTX 4060 Ti, 92 %, 7120 MiB, 8188 MiB, 58, 112.73 W
2026/09/23 03:26:15.754, NVIDIA GeForce RTX 4060 Ti, 89 %, 7120 MiB, 8188 MiB, 56, 119.21 W
2026/09/23 03:26:16.759, NVIDIA GeForce RTX 4060 Ti, 92 %, 7115 MiB, 8188 MiB, 58, 113.27 W
2026/09/23 03:26:17.766, NVIDIA GeForce RTX 4060 Ti, 68 %, 7120 MiB, 8188 MiB, 49, 111.02 W
2026/09/23 03:26:18.772, NVIDIA GeForce RTX 4060 Ti, 89 %, 7120 MiB, 8188 MiB, 56, 131.05 W
2026/09/23 03:26:19.782, NVIDIA GeForce RTX 4060 Ti, 87 %, 7115 MiB, 8188 MiB, 56, 121.57 W
2026/09/23 03:26:20.787, NVIDIA GeForce RTX 4060 Ti, 63 %, 7115 MiB, 8188 MiB, 55, 118.33 W
2026/09/23 03:26:21.792, NVIDIA GeForce RTX 4060 Ti, 20 %, 7120 MiB, 8188 MiB, 57, 106.95 W
2026/09/23 03:26:22.800, NVIDIA GeForce RTX 4060 Ti, 55 %, 7120 MiB, 8188 MiB, 57, 118.11 W
2026/09/23 03:26:23.806, NVIDIA GeForce RTX 4060 Ti, 89 %, 7115 MiB, 8188 MiB, 57, 132.00 W
2026/09/23 03:26:24.812, NVIDIA GeForce RTX 4060 Ti, 63 %, 7115 MiB, 8188 MiB, 57, 122.76 W
2026/09/23 03:26:25.824, NVIDIA GeForce RTX 4060 Ti, 77 %, 7120 MiB, 8188 MiB, 52, 111.61 W
2026/09/23 03:26:26.830, NVIDIA GeForce RTX 4060 Ti, 87 %, 7120 MiB, 8188 MiB, 58, 125.53 W
2026/09/23 03:26:27.837, NVIDIA GeForce RTX 4060 Ti, 63 %, 7115 MiB, 8188 MiB, 55, 116.61 W
2026/09/23 03:26:28.846, NVIDIA GeForce RTX 4060 Ti, 78 %, 7121 MiB, 8188 MiB, 55, 115.45 W
2026/09/23 03:26:29.873, NVIDIA GeForce RTX 4060 Ti, 75 %, 7121 MiB, 8188 MiB, 59, 127.96 W
2026/09/23 03:26:30.879, NVIDIA GeForce RTX 4060 Ti, 70 %, 7121 MiB, 8188 MiB, 56, 122.04 W
2026/09/23 03:26:31.886, NVIDIA GeForce RTX 4060 Ti, 66 %, 7121 MiB, 8188 MiB, 56, 117.34 W
2026/09/23 03:26:32.892, NVIDIA GeForce RTX 4060 Ti, 82 %, 7117 MiB, 8188 MiB, 61, 126.98 W
2026/09/23 03:26:33.901, NVIDIA GeForce RTX 4060 Ti, 83 %, 7121 MiB, 8188 MiB, 56, 124.12 W
2026/09/23 03:26:34.907, NVIDIA GeForce RTX 4060 Ti, 88 %, 7121 MiB, 8188 MiB, 54, 124.68 W
2026/09/23 03:26:35.912, NVIDIA GeForce RTX 4060 Ti, 77 %, 7116 MiB, 8188 MiB, 56, 119.14 W
2026/09/23 03:26:36.919, NVIDIA GeForce RTX 4060 Ti, 84 %, 7116 MiB, 8188 MiB, 54, 125.90 W
2026/09/23 03:26:37.938, NVIDIA GeForce RTX 4060 Ti, 77 %, 7121 MiB, 8188 MiB, 56, 118.28 W
2026/09/23 03:26:38.944, NVIDIA GeForce RTX 4060 Ti, 79 %, 7121 MiB, 8188 MiB, 56, 124.18 W
2026/09/23 03:26:39.951, NVIDIA GeForce RTX 4060 Ti, 80 %, 7116 MiB, 8188 MiB, 52, 118.05 W
2026/09/23 03:26:40.957, NVIDIA GeForce RTX 4060 Ti, 95 %, 7116 MiB, 8188 MiB, 53, 121.65 W
2026/09/23 03:26:41.963, NVIDIA GeForce RTX 4060 Ti, 77 %, 7120 MiB, 8188 MiB, 61, 130.30 W
2026/09/23 03:26:42.969, NVIDIA GeForce RTX 4060 Ti, 92 %, 7120 MiB, 8188 MiB, 56, 127.04 W
2026/09/23 03:26:43.976, NVIDIA GeForce RTX 4060 Ti, 83 %, 7116 MiB, 8188 MiB, 60, 128.46 W
2026/09/23 03:26:44.998, NVIDIA GeForce RTX 4060 Ti, 89 %, 7116 MiB, 8188 MiB, 57, 124.51 W
2026/09/23 03:26:46.004, NVIDIA GeForce RTX 4060 Ti, 77 %, 7120 MiB, 8188 MiB, 57, 120.19 W
2026/09/23 03:26:47.010, NVIDIA GeForce RTX 4060 Ti, 88 %, 7120 MiB, 8188 MiB, 56, 124.93 W
2026/09/23 03:26:48.014, NVIDIA GeForce RTX 4060 Ti, 85 %, 7116 MiB, 8188 MiB, 56, 123.96 W
2026/09/23 03:26:49.021, NVIDIA GeForce RTX 4060 Ti, 92 %, 7116 MiB, 8188 MiB, 60, 125.18 W
2026/09/23 03:26:50.027, NVIDIA GeForce RTX 4060 Ti, 79 %, 7120 MiB, 8188 MiB, 55, 118.66 W
2026/09/23 03:26:51.033, NVIDIA GeForce RTX 4060 Ti, 84 %, 7120 MiB, 8188 MiB, 59, 126.82 W
2026/09/23 03:26:52.068, NVIDIA GeForce RTX 4060 Ti, 92 %, 7116 MiB, 8188 MiB, 55, 117.77 W
2026/09/23 03:26:53.073, NVIDIA GeForce RTX 4060 Ti, 86 %, 7116 MiB, 8188 MiB, 57, 128.11 W
2026/09/23 03:26:54.079, NVIDIA GeForce RTX 4060 Ti, 85 %, 7120 MiB, 8188 MiB, 56, 129.17 W
2026/09/23 03:26:55.085, NVIDIA GeForce RTX 4060 Ti, 83 %, 7120 MiB, 8188 MiB, 57, 126.31 W
2026/09/23 03:26:56.091, NVIDIA GeForce RTX 4060 Ti, 87 %, 7115 MiB, 8188 MiB, 56, 123.41 W
2026/09/23 03:26:57.101, NVIDIA GeForce RTX 4060 Ti, 94 %, 7115 MiB, 8188 MiB, 56, 125.52 W
2026/09/23 03:26:58.108, NVIDIA GeForce RTX 4060 Ti, 87 %, 7121 MiB, 8188 MiB, 56, 128.13 W
2026/09/23 03:26:59.123, NVIDIA GeForce RTX 4060 Ti, 88 %, 7121 MiB, 8188 MiB, 60, 119.02 W
2026/09/23 03:27:00.131, NVIDIA GeForce RTX 4060 Ti, 68 %, 7121 MiB, 8188 MiB, 59, 120.44 W
2026/09/23 03:27:01.136, NVIDIA GeForce RTX 4060 Ti, 50 %, 7117 MiB, 8188 MiB, 53, 118.43 W
2026/09/23 03:27:02.145, NVIDIA GeForce RTX 4060 Ti, 82 %, 7121 MiB, 8188 MiB, 58, 121.26 W
2026/09/23 03:27:03.150, NVIDIA GeForce RTX 4060 Ti, 89 %, 7121 MiB, 8188 MiB, 61, 134.15 W
2026/09/23 03:27:04.158, NVIDIA GeForce RTX 4060 Ti, 67 %, 7116 MiB, 8188 MiB, 54, 121.14 W
2026/09/23 03:27:05.163, NVIDIA GeForce RTX 4060 Ti, 94 %, 7116 MiB, 8188 MiB, 56, 120.71 W
2026/09/23 03:27:06.171, NVIDIA GeForce RTX 4060 Ti, 84 %, 7121 MiB, 8188 MiB, 61, 117.72 W
2026/09/23 03:27:07.183, NVIDIA GeForce RTX 4060 Ti, 85 %, 7121 MiB, 8188 MiB, 57, 126.84 W
2026/09/23 03:27:08.189, NVIDIA GeForce RTX 4060 Ti, 94 %, 7116 MiB, 8188 MiB, 56, 120.11 W
2026/09/23 03:27:09.195, NVIDIA GeForce RTX 4060 Ti, 89 %, 7116 MiB, 8188 MiB, 58, 118.93 W
2026/09/23 03:27:10.201, NVIDIA GeForce RTX 4060 Ti, 86 %, 7120 MiB, 8188 MiB, 56, 121.55 W
2026/09/23 03:27:11.207, NVIDIA GeForce RTX 4060 Ti, 57 %, 7120 MiB, 8188 MiB, 52, 117.07 W
2026/09/23 03:27:12.213, NVIDIA GeForce RTX 4060 Ti, 95 %, 7116 MiB, 8188 MiB, 56, 124.51 W
2026/09/23 03:27:13.220, NVIDIA GeForce RTX 4060 Ti, 84 %, 7116 MiB, 8188 MiB, 58, 126.60 W
2026/09/23 03:27:14.226, NVIDIA GeForce RTX 4060 Ti, 87 %, 7120 MiB, 8188 MiB, 56, 119.03 W
2026/09/23 03:27:15.231, NVIDIA GeForce RTX 4060 Ti, 94 %, 7120 MiB, 8188 MiB, 55, 118.22 W
2026/09/23 03:27:16.269, NVIDIA GeForce RTX 4060 Ti, 85 %, 7115 MiB, 8188 MiB, 60, 127.22 W
2026/09/23 03:27:17.276, NVIDIA GeForce RTX 4060 Ti, 73 %, 7115 MiB, 8188 MiB, 58, 118.03 W
2026/09/23 03:27:18.282, NVIDIA GeForce RTX 4060 Ti, 58 %, 7120 MiB, 8188 MiB, 52, 114.81 W
2026/09/23 03:27:19.288, NVIDIA GeForce RTX 4060 Ti, 84 %, 7120 MiB, 8188 MiB, 56, 126.67 W
2026/09/23 03:27:20.294, NVIDIA GeForce RTX 4060 Ti, 74 %, 7115 MiB, 8188 MiB, 57, 123.23 W
2026/09/23 03:27:21.302, NVIDIA GeForce RTX 4060 Ti, 94 %, 7115 MiB, 8188 MiB, 55, 120.27 W
2026/09/23 03:27:22.307, NVIDIA GeForce RTX 4060 Ti, 82 %, 7120 MiB, 8188 MiB, 56, 124.97 W
2026/09/23 03:27:23.312, NVIDIA GeForce RTX 4060 Ti, 52 %, 7120 MiB, 8188 MiB, 56, 121.91 W
2026/09/23 03:27:24.324, NVIDIA GeForce RTX 4060 Ti, 45 %, 7115 MiB, 8188 MiB, 52, 82.89 W
2026/09/23 03:27:25.331, NVIDIA GeForce RTX 4060 Ti, 55 %, 7131 MiB, 8188 MiB, 53, 85.15 W
2026/09/23 03:27:26.339, NVIDIA GeForce RTX 4060 Ti, 67 %, 7136 MiB, 8188 MiB, 55, 84.47 W
2026/09/23 03:27:27.345, NVIDIA GeForce RTX 4060 Ti, 41 %, 7136 MiB, 8188 MiB, 52, 80.95 W
2026/09/23 03:27:28.350, NVIDIA GeForce RTX 4060 Ti, 39 %, 7131 MiB, 8188 MiB, 52, 91.35 W
2026/09/23 03:27:29.357, NVIDIA GeForce RTX 4060 Ti, 42 %, 7131 MiB, 8188 MiB, 55, 84.23 W
2026/09/23 03:27:30.364, NVIDIA GeForce RTX 4060 Ti, 41 %, 7136 MiB, 8188 MiB, 51, 73.11 W
2026/09/23 03:27:31.371, NVIDIA GeForce RTX 4060 Ti, 32 %, 7136 MiB, 8188 MiB, 49, 79.81 W
2026/09/23 03:27:32.376, NVIDIA GeForce RTX 4060 Ti, 40 %, 7137 MiB, 8188 MiB, 49, 73.90 W
2026/09/23 03:27:33.385, NVIDIA GeForce RTX 4060 Ti, 37 %, 7131 MiB, 8188 MiB, 50, 84.37 W
2026/09/23 03:27:34.390, NVIDIA GeForce RTX 4060 Ti, 37 %, 7136 MiB, 8188 MiB, 50, 74.84 W
2026/09/23 03:27:35.395, NVIDIA GeForce RTX 4060 Ti, 44 %, 7136 MiB, 8188 MiB, 50, 80.36 W
2026/09/23 03:27:36.401, NVIDIA GeForce RTX 4060 Ti, 36 %, 7132 MiB, 8188 MiB, 50, 78.44 W
2026/09/23 03:27:37.407, NVIDIA GeForce RTX 4060 Ti, 32 %, 7132 MiB, 8188 MiB, 48, 76.71 W
2026/09/23 03:27:38.413, NVIDIA GeForce RTX 4060 Ti, 28 %, 7136 MiB, 8188 MiB, 51, 80.31 W
2026/09/23 03:27:39.418, NVIDIA GeForce RTX 4060 Ti, 42 %, 7136 MiB, 8188 MiB, 48, 76.20 W
2026/09/23 03:27:40.424, NVIDIA GeForce RTX 4060 Ti, 59 %, 7132 MiB, 8188 MiB, 53, 88.18 W
2026/09/23 03:27:41.471, NVIDIA GeForce RTX 4060 Ti, 45 %, 7132 MiB, 8188 MiB, 51, 88.14 W
2026/09/23 03:27:42.476, NVIDIA GeForce RTX 4060 Ti, 47 %, 7136 MiB, 8188 MiB, 54, 82.83 W
2026/09/23 03:27:43.481, NVIDIA GeForce RTX 4060 Ti, 45 %, 7136 MiB, 8188 MiB, 48, 81.07 W
2026/09/23 03:27:44.489, NVIDIA GeForce RTX 4060 Ti, 54 %, 7131 MiB, 8188 MiB, 49, 92.46 W
2026/09/23 03:27:45.494, NVIDIA GeForce RTX 4060 Ti, 31 %, 7131 MiB, 8188 MiB, 47, 81.16 W
2026/09/23 03:27:46.502, NVIDIA GeForce RTX 4060 Ti, 43 %, 7136 MiB, 8188 MiB, 47, 77.23 W
2026/09/23 03:27:47.507, NVIDIA GeForce RTX 4060 Ti, 39 %, 7136 MiB, 8188 MiB, 47, 80.48 W
2026/09/23 03:27:48.514, NVIDIA GeForce RTX 4060 Ti, 25 %, 7131 MiB, 8188 MiB, 47, 77.06 W
2026/09/23 03:27:49.519, NVIDIA GeForce RTX 4060 Ti, 48 %, 7131 MiB, 8188 MiB, 54, 86.91 W
2026/09/23 03:27:50.525, NVIDIA GeForce RTX 4060 Ti, 38 %, 7136 MiB, 8188 MiB, 54, 81.41 W
2026/09/23 03:27:51.531, NVIDIA GeForce RTX 4060 Ti, 0 %, 938 MiB, 8188 MiB, 42, 39.05 W
2026/09/23 03:27:52.537, NVIDIA GeForce RTX 4060 Ti, 0 %, 933 MiB, 8188 MiB, 41, 28.95 W
2026/09/23 03:27:53.544, NVIDIA GeForce RTX 4060 Ti, 1 %, 933 MiB, 8188 MiB, 40, 17.65 W
2026/09/23 03:27:54.567, NVIDIA GeForce RTX 4060 Ti, 1 %, 938 MiB, 8188 MiB, 40, 17.47 W
2026/09/23 03:27:55.574, NVIDIA GeForce RTX 4060 Ti, 1 %, 938 MiB, 8188 MiB, 40, 13.92 W
2026/09/23 03:27:56.581, NVIDIA GeForce RTX 4060 Ti, 3 %, 933 MiB, 8188 MiB, 40, 12.47 W
2026/09/23 03:27:57.591, NVIDIA GeForce RTX 4060 Ti, 0 %, 933 MiB, 8188 MiB, 41, 29.38 W
2026/09/23 03:27:58.600, NVIDIA GeForce RTX 4060 Ti, 0 %, 938 MiB, 8188 MiB, 41, 29.08 W
2026/09/23 03:27:59.607, NVIDIA GeForce RTX 4060 Ti, 0 %, 938 MiB, 8188 MiB, 40, 28.99 W
2026/09/23 03:28:00.615, NVIDIA GeForce RTX 4060 Ti, 0 %, 939 MiB, 8188 MiB, 39, 18.41 W
2026/09/23 03:28:01.621, NVIDIA GeForce RTX 4060 Ti, 3 %, 939 MiB, 8188 MiB, 39, 8.47 W
2026/09/23 03:28:02.629, NVIDIA GeForce RTX 4060 Ti, 4 %, 939 MiB, 8188 MiB, 39, 6.98 W
2026/09/23 03:28:03.638, NVIDIA GeForce RTX 4060 Ti, 4 %, 942 MiB, 8188 MiB, 39, 7.28 W
2026/09/23 03:28:04.646, NVIDIA GeForce RTX 4060 Ti, 3 %, 940 MiB, 8188 MiB, 39, 6.89 W
2026/09/23 03:28:05.654, NVIDIA GeForce RTX 4060 Ti, 4 %, 936 MiB, 8188 MiB, 39, 6.85 W
2026/09/23 03:28:06.663, NVIDIA GeForce RTX 4060 Ti, 5 %, 940 MiB, 8188 MiB, 39, 7.24 W
2026/09/23 03:28:07.672, NVIDIA GeForce RTX 4060 Ti, 4 %, 940 MiB, 8188 MiB, 39, 7.27 W
2026/09/23 03:28:08.680, NVIDIA GeForce RTX 4060 Ti, 4 %, 933 MiB, 8188 MiB, 39, 7.23 W
2026/09/23 03:28:09.687, NVIDIA GeForce RTX 4060 Ti, 4 %, 933 MiB, 8188 MiB, 39, 7.23 W
2026/09/23 03:28:10.695, NVIDIA GeForce RTX 4060 Ti, 4 %, 937 MiB, 8188 MiB, 39, 7.41 W
2026/09/23 03:28:11.703, NVIDIA GeForce RTX 4060 Ti, 3 %, 937 MiB, 8188 MiB, 39, 7.07 W
2026/09/23 03:28:12.710, NVIDIA GeForce RTX 4060 Ti, 3 %, 932 MiB, 8188 MiB, 39, 6.97 W
2026/09/23 03:28:13.717, NVIDIA GeForce RTX 4060 Ti, 4 %, 932 MiB, 8188 MiB, 39, 6.62 W
2026/09/23 03:28:14.723, NVIDIA GeForce RTX 4060 Ti, 6 %, 1106 MiB, 8188 MiB, 39, 6.78 W
2026/09/23 03:28:15.729, NVIDIA GeForce RTX 4060 Ti, 100 %, 4286 MiB, 8188 MiB, 50, 60.22 W
2026/09/23 03:28:16.736, NVIDIA GeForce RTX 4060 Ti, 96 %, 4660 MiB, 8188 MiB, 54, 129.35 W
2026/09/23 03:28:17.742, NVIDIA GeForce RTX 4060 Ti, 100 %, 4665 MiB, 8188 MiB, 56, 129.38 W
2026/09/23 03:28:18.747, NVIDIA GeForce RTX 4060 Ti, 96 %, 4669 MiB, 8188 MiB, 56, 130.30 W
2026/09/23 03:28:19.753, NVIDIA GeForce RTX 4060 Ti, 96 %, 4669 MiB, 8188 MiB, 56, 130.12 W
2026/09/23 03:28:20.758, NVIDIA GeForce RTX 4060 Ti, 95 %, 4665 MiB, 8188 MiB, 56, 128.44 W
2026/09/23 03:28:21.765, NVIDIA GeForce RTX 4060 Ti, 94 %, 4669 MiB, 8188 MiB, 52, 127.51 W
2026/09/23 03:28:22.770, NVIDIA GeForce RTX 4060 Ti, 96 %, 4669 MiB, 8188 MiB, 58, 132.02 W
2026/09/23 03:28:23.777, NVIDIA GeForce RTX 4060 Ti, 100 %, 4665 MiB, 8188 MiB, 58, 128.00 W
2026/09/23 03:28:24.783, NVIDIA GeForce RTX 4060 Ti, 95 %, 4663 MiB, 8188 MiB, 58, 131.35 W
2026/09/23 03:28:25.789, NVIDIA GeForce RTX 4060 Ti, 100 %, 4666 MiB, 8188 MiB, 57, 130.40 W
2026/09/23 03:28:26.795, NVIDIA GeForce RTX 4060 Ti, 100 %, 4665 MiB, 8188 MiB, 58, 133.25 W
2026/09/23 03:28:27.801, NVIDIA GeForce RTX 4060 Ti, 96 %, 4661 MiB, 8188 MiB, 57, 129.99 W
2026/09/23 03:28:28.806, NVIDIA GeForce RTX 4060 Ti, 96 %, 4661 MiB, 8188 MiB, 58, 129.74 W
2026/09/23 03:28:29.817, NVIDIA GeForce RTX 4060 Ti, 100 %, 4665 MiB, 8188 MiB, 58, 129.21 W
2026/09/23 03:28:30.824, NVIDIA GeForce RTX 4060 Ti, 100 %, 4665 MiB, 8188 MiB, 57, 129.75 W
2026/09/23 03:28:31.830, NVIDIA GeForce RTX 4060 Ti, 100 %, 4661 MiB, 8188 MiB, 59, 131.63 W
2026/09/23 03:28:32.836, NVIDIA GeForce RTX 4060 Ti, 95 %, 4661 MiB, 8188 MiB, 59, 132.20 W
2026/09/23 03:28:33.842, NVIDIA GeForce RTX 4060 Ti, 95 %, 4665 MiB, 8188 MiB, 58, 129.95 W
2026/09/23 03:28:34.848, NVIDIA GeForce RTX 4060 Ti, 95 %, 4665 MiB, 8188 MiB, 59, 135.18 W
2026/09/23 03:28:35.854, NVIDIA GeForce RTX 4060 Ti, 95 %, 4661 MiB, 8188 MiB, 58, 130.90 W
2026/09/23 03:28:36.860, NVIDIA GeForce RTX 4060 Ti, 100 %, 4666 MiB, 8188 MiB, 59, 132.97 W
2026/09/23 03:28:37.866, NVIDIA GeForce RTX 4060 Ti, 96 %, 4666 MiB, 8188 MiB, 59, 134.80 W
2026/09/23 03:28:38.873, NVIDIA GeForce RTX 4060 Ti, 100 %, 4666 MiB, 8188 MiB, 58, 131.22 W
2026/09/23 03:28:39.880, NVIDIA GeForce RTX 4060 Ti, 95 %, 4666 MiB, 8188 MiB, 59, 131.50 W
2026/09/23 03:28:40.886, NVIDIA GeForce RTX 4060 Ti, 95 %, 4662 MiB, 8188 MiB, 59, 133.28 W
2026/09/23 03:28:41.892, NVIDIA GeForce RTX 4060 Ti, 99 %, 4668 MiB, 8188 MiB, 60, 136.44 W
2026/09/23 03:28:42.897, NVIDIA GeForce RTX 4060 Ti, 100 %, 4668 MiB, 8188 MiB, 59, 131.84 W
2026/09/23 03:28:43.903, NVIDIA GeForce RTX 4060 Ti, 100 %, 4664 MiB, 8188 MiB, 58, 130.01 W
2026/09/23 03:28:44.910, NVIDIA GeForce RTX 4060 Ti, 100 %, 4664 MiB, 8188 MiB, 58, 131.89 W
2026/09/23 03:28:45.916, NVIDIA GeForce RTX 4060 Ti, 100 %, 4668 MiB, 8188 MiB, 56, 135.85 W
2026/09/23 03:28:46.923, NVIDIA GeForce RTX 4060 Ti, 100 %, 4668 MiB, 8188 MiB, 58, 130.84 W
2026/09/23 03:28:47.933, NVIDIA GeForce RTX 4060 Ti, 100 %, 4664 MiB, 8188 MiB, 57, 130.07 W
2026/09/23 03:28:48.939, NVIDIA GeForce RTX 4060 Ti, 94 %, 4664 MiB, 8188 MiB, 59, 129.51 W
2026/09/23 03:28:49.949, NVIDIA GeForce RTX 4060 Ti, 96 %, 4668 MiB, 8188 MiB, 59, 134.45 W
2026/09/23 03:28:50.955, NVIDIA GeForce RTX 4060 Ti, 95 %, 4667 MiB, 8188 MiB, 59, 133.39 W
2026/09/23 03:28:51.961, NVIDIA GeForce RTX 4060 Ti, 95 %, 4662 MiB, 8188 MiB, 59, 132.16 W
2026/09/23 03:28:52.968, NVIDIA GeForce RTX 4060 Ti, 93 %, 4663 MiB, 8188 MiB, 59, 130.12 W
2026/09/23 03:28:53.974, NVIDIA GeForce RTX 4060 Ti, 100 %, 4667 MiB, 8188 MiB, 59, 130.63 W
2026/09/23 03:28:54.979, NVIDIA GeForce RTX 4060 Ti, 95 %, 4667 MiB, 8188 MiB, 57, 130.44 W
2026/09/23 03:28:55.988, NVIDIA GeForce RTX 4060 Ti, 94 %, 4663 MiB, 8188 MiB, 59, 131.14 W
2026/09/23 03:28:56.994, NVIDIA GeForce RTX 4060 Ti, 94 %, 4663 MiB, 8188 MiB, 59, 132.40 W
2026/09/23 03:28:58.000, NVIDIA GeForce RTX 4060 Ti, 100 %, 4667 MiB, 8188 MiB, 59, 128.60 W
2026/09/23 03:28:59.007, NVIDIA GeForce RTX 4060 Ti, 100 %, 4667 MiB, 8188 MiB, 58, 130.04 W
2026/09/23 03:29:00.014, NVIDIA GeForce RTX 4060 Ti, 96 %, 4662 MiB, 8188 MiB, 59, 131.63 W
2026/09/23 03:29:01.021, NVIDIA GeForce RTX 4060 Ti, 96 %, 4662 MiB, 8188 MiB, 60, 135.38 W
2026/09/23 03:29:02.026, NVIDIA GeForce RTX 4060 Ti, 100 %, 4667 MiB, 8188 MiB, 58, 133.07 W
2026/09/23 03:29:03.032, NVIDIA GeForce RTX 4060 Ti, 100 %, 4667 MiB, 8188 MiB, 59, 129.72 W
2026/09/23 03:29:04.037, NVIDIA GeForce RTX 4060 Ti, 95 %, 4662 MiB, 8188 MiB, 55, 130.56 W
2026/09/23 03:29:05.044, NVIDIA GeForce RTX 4060 Ti, 96 %, 4662 MiB, 8188 MiB, 59, 132.25 W
2026/09/23 03:29:06.051, NVIDIA GeForce RTX 4060 Ti, 95 %, 4668 MiB, 8188 MiB, 58, 129.36 W
2026/09/23 03:29:07.057, NVIDIA GeForce RTX 4060 Ti, 100 %, 4668 MiB, 8188 MiB, 59, 130.85 W
2026/09/23 03:29:08.064, NVIDIA GeForce RTX 4060 Ti, 95 %, 4672 MiB, 8188 MiB, 59, 131.10 W
2026/09/23 03:29:09.073, NVIDIA GeForce RTX 4060 Ti, 96 %, 4672 MiB, 8188 MiB, 59, 135.19 W
2026/09/23 03:29:10.080, NVIDIA GeForce RTX 4060 Ti, 96 %, 4672 MiB, 8188 MiB, 60, 134.01 W
2026/09/23 03:29:11.086, NVIDIA GeForce RTX 4060 Ti, 100 %, 4672 MiB, 8188 MiB, 59, 129.81 W
2026/09/23 03:29:12.092, NVIDIA GeForce RTX 4060 Ti, 100 %, 4672 MiB, 8188 MiB, 58, 130.74 W
2026/09/23 03:29:13.098, NVIDIA GeForce RTX 4060 Ti, 95 %, 4677 MiB, 8188 MiB, 59, 129.74 W
2026/09/23 03:29:14.104, NVIDIA GeForce RTX 4060 Ti, 100 %, 4678 MiB, 8188 MiB, 59, 131.20 W
2026/09/23 03:29:15.110, NVIDIA GeForce RTX 4060 Ti, 100 %, 4678 MiB, 8188 MiB, 58, 130.19 W
2026/09/23 03:29:16.116, NVIDIA GeForce RTX 4060 Ti, 100 %, 4677 MiB, 8188 MiB, 59, 129.78 W
2026/09/23 03:29:17.125, NVIDIA GeForce RTX 4060 Ti, 97 %, 4672 MiB, 8188 MiB, 59, 130.01 W
2026/09/23 03:29:18.133, NVIDIA GeForce RTX 4060 Ti, 94 %, 4667 MiB, 8188 MiB, 58, 133.34 W
2026/09/23 03:29:19.139, NVIDIA GeForce RTX 4060 Ti, 96 %, 4671 MiB, 8188 MiB, 60, 135.04 W
2026/09/23 03:29:20.145, NVIDIA GeForce RTX 4060 Ti, 96 %, 4671 MiB, 8188 MiB, 59, 131.01 W
2026/09/23 03:29:21.150, NVIDIA GeForce RTX 4060 Ti, 100 %, 4665 MiB, 8188 MiB, 58, 132.74 W
2026/09/23 03:29:22.156, NVIDIA GeForce RTX 4060 Ti, 95 %, 4665 MiB, 8188 MiB, 59, 135.18 W
2026/09/23 03:29:23.162, NVIDIA GeForce RTX 4060 Ti, 100 %, 4669 MiB, 8188 MiB, 59, 133.53 W
2026/09/23 03:29:24.170, NVIDIA GeForce RTX 4060 Ti, 96 %, 4669 MiB, 8188 MiB, 60, 136.33 W
2026/09/23 03:29:25.177, NVIDIA GeForce RTX 4060 Ti, 100 %, 4665 MiB, 8188 MiB, 59, 134.20 W
2026/09/23 03:29:26.181, NVIDIA GeForce RTX 4060 Ti, 96 %, 4665 MiB, 8188 MiB, 59, 132.25 W
2026/09/23 03:29:27.188, NVIDIA GeForce RTX 4060 Ti, 95 %, 4669 MiB, 8188 MiB, 58, 130.96 W
2026/09/23 03:29:28.201, NVIDIA GeForce RTX 4060 Ti, 96 %, 4669 MiB, 8188 MiB, 59, 131.34 W
2026/09/23 03:29:29.207, NVIDIA GeForce RTX 4060 Ti, 94 %, 4665 MiB, 8188 MiB, 60, 133.18 W
2026/09/23 03:29:30.214, NVIDIA GeForce RTX 4060 Ti, 95 %, 4665 MiB, 8188 MiB, 59, 130.62 W
2026/09/23 03:29:31.219, NVIDIA GeForce RTX 4060 Ti, 100 %, 4669 MiB, 8188 MiB, 58, 130.41 W
2026/09/23 03:29:32.228, NVIDIA GeForce RTX 4060 Ti, 95 %, 4669 MiB, 8188 MiB, 60, 136.70 W
2026/09/23 03:29:33.235, NVIDIA GeForce RTX 4060 Ti, 100 %, 4665 MiB, 8188 MiB, 56, 133.12 W
2026/09/23 03:29:34.241, NVIDIA GeForce RTX 4060 Ti, 95 %, 4665 MiB, 8188 MiB, 58, 130.85 W
2026/09/23 03:29:35.248, NVIDIA GeForce RTX 4060 Ti, 96 %, 4669 MiB, 8188 MiB, 59, 131.65 W
2026/09/23 03:29:36.255, NVIDIA GeForce RTX 4060 Ti, 100 %, 4669 MiB, 8188 MiB, 58, 132.78 W
2026/09/23 03:29:37.261, NVIDIA GeForce RTX 4060 Ti, 100 %, 4665 MiB, 8188 MiB, 59, 132.80 W
2026/09/23 03:29:38.266, NVIDIA GeForce RTX 4060 Ti, 97 %, 4665 MiB, 8188 MiB, 59, 130.77 W
2026/09/23 03:29:39.273, NVIDIA GeForce RTX 4060 Ti, 100 %, 4669 MiB, 8188 MiB, 59, 132.97 W
2026/09/23 03:29:40.279, NVIDIA GeForce RTX 4060 Ti, 95 %, 4669 MiB, 8188 MiB, 59, 128.85 W
2026/09/23 03:29:41.285, NVIDIA GeForce RTX 4060 Ti, 100 %, 4665 MiB, 8188 MiB, 56, 133.04 W
2026/09/23 03:29:42.291, NVIDIA GeForce RTX 4060 Ti, 100 %, 4665 MiB, 8188 MiB, 59, 134.31 W
2026/09/23 03:29:43.297, NVIDIA GeForce RTX 4060 Ti, 95 %, 4669 MiB, 8188 MiB, 59, 134.18 W
2026/09/23 03:29:44.303, NVIDIA GeForce RTX 4060 Ti, 100 %, 4669 MiB, 8188 MiB, 55, 131.19 W
2026/09/23 03:29:45.309, NVIDIA GeForce RTX 4060 Ti, 100 %, 4665 MiB, 8188 MiB, 59, 131.45 W
2026/09/23 03:29:46.314, NVIDIA GeForce RTX 4060 Ti, 100 %, 4665 MiB, 8188 MiB, 60, 132.39 W
2026/09/23 03:29:47.320, NVIDIA GeForce RTX 4060 Ti, 100 %, 4670 MiB, 8188 MiB, 57, 131.22 W
2026/09/23 03:29:48.327, NVIDIA GeForce RTX 4060 Ti, 100 %, 4671 MiB, 8188 MiB, 59, 130.63 W
2026/09/23 03:29:49.333, NVIDIA GeForce RTX 4060 Ti, 100 %, 4671 MiB, 8188 MiB, 58, 132.34 W
2026/09/23 03:29:50.339, NVIDIA GeForce RTX 4060 Ti, 96 %, 4666 MiB, 8188 MiB, 59, 132.94 W
2026/09/23 03:29:51.345, NVIDIA GeForce RTX 4060 Ti, 95 %, 4670 MiB, 8188 MiB, 59, 130.75 W
2026/09/23 03:29:52.350, NVIDIA GeForce RTX 4060 Ti, 95 %, 4670 MiB, 8188 MiB, 61, 135.99 W
2026/09/23 03:29:53.357, NVIDIA GeForce RTX 4060 Ti, 96 %, 4666 MiB, 8188 MiB, 59, 133.77 W
2026/09/23 03:29:54.363, NVIDIA GeForce RTX 4060 Ti, 100 %, 4670 MiB, 8188 MiB, 59, 131.48 W
2026/09/23 03:29:55.369, NVIDIA GeForce RTX 4060 Ti, 95 %, 4670 MiB, 8188 MiB, 59, 132.07 W
2026/09/23 03:29:56.375, NVIDIA GeForce RTX 4060 Ti, 95 %, 4665 MiB, 8188 MiB, 59, 132.18 W
2026/09/23 03:29:57.381, NVIDIA GeForce RTX 4060 Ti, 100 %, 4665 MiB, 8188 MiB, 59, 131.03 W
2026/09/23 03:29:58.388, NVIDIA GeForce RTX 4060 Ti, 100 %, 4669 MiB, 8188 MiB, 59, 130.97 W
2026/09/23 03:29:59.394, NVIDIA GeForce RTX 4060 Ti, 93 %, 4669 MiB, 8188 MiB, 60, 132.85 W
2026/09/23 03:30:00.400, NVIDIA GeForce RTX 4060 Ti, 96 %, 4665 MiB, 8188 MiB, 59, 131.37 W
2026/09/23 03:30:01.406, NVIDIA GeForce RTX 4060 Ti, 95 %, 4665 MiB, 8188 MiB, 60, 135.60 W
2026/09/23 03:30:02.412, NVIDIA GeForce RTX 4060 Ti, 96 %, 4669 MiB, 8188 MiB, 59, 130.74 W
2026/09/23 03:30:03.418, NVIDIA GeForce RTX 4060 Ti, 100 %, 4669 MiB, 8188 MiB, 59, 130.67 W
2026/09/23 03:30:04.425, NVIDIA GeForce RTX 4060 Ti, 96 %, 4665 MiB, 8188 MiB, 59, 132.00 W
2026/09/23 03:30:05.430, NVIDIA GeForce RTX 4060 Ti, 100 %, 4665 MiB, 8188 MiB, 59, 132.26 W
2026/09/23 03:30:06.436, NVIDIA GeForce RTX 4060 Ti, 98 %, 4669 MiB, 8188 MiB, 58, 131.34 W
2026/09/23 03:30:07.443, NVIDIA GeForce RTX 4060 Ti, 96 %, 4669 MiB, 8188 MiB, 60, 134.63 W
2026/09/23 03:30:08.448, NVIDIA GeForce RTX 4060 Ti, 95 %, 4665 MiB, 8188 MiB, 60, 132.58 W
2026/09/23 03:30:09.455, NVIDIA GeForce RTX 4060 Ti, 96 %, 4665 MiB, 8188 MiB, 59, 130.99 W
2026/09/23 03:30:10.462, NVIDIA GeForce RTX 4060 Ti, 96 %, 4669 MiB, 8188 MiB, 58, 132.74 W
2026/09/23 03:30:11.468, NVIDIA GeForce RTX 4060 Ti, 100 %, 4669 MiB, 8188 MiB, 59, 134.93 W
2026/09/23 03:30:12.476, NVIDIA GeForce RTX 4060 Ti, 95 %, 4665 MiB, 8188 MiB, 58, 132.35 W
2026/09/23 03:30:13.482, NVIDIA GeForce RTX 4060 Ti, 95 %, 4665 MiB, 8188 MiB, 59, 132.61 W
2026/09/23 03:30:14.489, NVIDIA GeForce RTX 4060 Ti, 96 %, 4669 MiB, 8188 MiB, 59, 137.10 W
2026/09/23 03:30:15.494, NVIDIA GeForce RTX 4060 Ti, 100 %, 4669 MiB, 8188 MiB, 59, 132.97 W
2026/09/23 03:30:16.500, NVIDIA GeForce RTX 4060 Ti, 95 %, 4670 MiB, 8188 MiB, 58, 134.24 W
2026/09/23 03:30:17.506, NVIDIA GeForce RTX 4060 Ti, 98 %, 4670 MiB, 8188 MiB, 58, 130.05 W
2026/09/23 03:30:18.512, NVIDIA GeForce RTX 4060 Ti, 96 %, 4670 MiB, 8188 MiB, 61, 136.62 W
2026/09/23 03:30:19.520, NVIDIA GeForce RTX 4060 Ti, 100 %, 4670 MiB, 8188 MiB, 59, 133.78 W
2026/09/23 03:30:20.525, NVIDIA GeForce RTX 4060 Ti, 100 %, 4666 MiB, 8188 MiB, 60, 130.74 W
2026/09/23 03:30:21.532, NVIDIA GeForce RTX 4060 Ti, 94 %, 4666 MiB, 8188 MiB, 60, 133.57 W
2026/09/23 03:30:22.539, NVIDIA GeForce RTX 4060 Ti, 100 %, 4670 MiB, 8188 MiB, 60, 131.02 W
2026/09/23 03:30:23.545, NVIDIA GeForce RTX 4060 Ti, 96 %, 4670 MiB, 8188 MiB, 59, 131.04 W
2026/09/23 03:30:24.551, NVIDIA GeForce RTX 4060 Ti, 96 %, 4666 MiB, 8188 MiB, 61, 133.06 W
2026/09/23 03:30:25.565, NVIDIA GeForce RTX 4060 Ti, 95 %, 4666 MiB, 8188 MiB, 59, 135.62 W
2026/09/23 03:30:26.571, NVIDIA GeForce RTX 4060 Ti, 96 %, 4670 MiB, 8188 MiB, 60, 132.79 W
2026/09/23 03:30:27.579, NVIDIA GeForce RTX 4060 Ti, 100 %, 4670 MiB, 8188 MiB, 59, 135.54 W
2026/09/23 03:30:28.585, NVIDIA GeForce RTX 4060 Ti, 100 %, 4666 MiB, 8188 MiB, 59, 131.09 W
2026/09/23 03:30:29.591, NVIDIA GeForce RTX 4060 Ti, 96 %, 4666 MiB, 8188 MiB, 60, 134.72 W
2026/09/23 03:30:30.596, NVIDIA GeForce RTX 4060 Ti, 100 %, 4670 MiB, 8188 MiB, 59, 133.48 W
2026/09/23 03:30:31.601, NVIDIA GeForce RTX 4060 Ti, 100 %, 4670 MiB, 8188 MiB, 60, 132.92 W
2026/09/23 03:30:32.608, NVIDIA GeForce RTX 4060 Ti, 96 %, 4666 MiB, 8188 MiB, 60, 136.62 W
2026/09/23 03:30:33.614, NVIDIA GeForce RTX 4060 Ti, 92 %, 4666 MiB, 8188 MiB, 60, 136.83 W
2026/09/23 03:30:34.620, NVIDIA GeForce RTX 4060 Ti, 99 %, 4670 MiB, 8188 MiB, 60, 132.01 W
2026/09/23 03:30:35.626, NVIDIA GeForce RTX 4060 Ti, 95 %, 4670 MiB, 8188 MiB, 58, 130.87 W
2026/09/23 03:30:36.633, NVIDIA GeForce RTX 4060 Ti, 100 %, 4665 MiB, 8188 MiB, 60, 134.67 W
2026/09/23 03:30:37.639, NVIDIA GeForce RTX 4060 Ti, 100 %, 4665 MiB, 8188 MiB, 59, 136.01 W
2026/09/23 03:30:38.644, NVIDIA GeForce RTX 4060 Ti, 100 %, 4669 MiB, 8188 MiB, 60, 131.38 W
2026/09/23 03:30:39.650, NVIDIA GeForce RTX 4060 Ti, 96 %, 4669 MiB, 8188 MiB, 59, 131.50 W
2026/09/23 03:30:40.657, NVIDIA GeForce RTX 4060 Ti, 100 %, 4665 MiB, 8188 MiB, 59, 131.50 W
2026/09/23 03:30:41.663, NVIDIA GeForce RTX 4060 Ti, 95 %, 4665 MiB, 8188 MiB, 59, 130.57 W
2026/09/23 03:30:42.670, NVIDIA GeForce RTX 4060 Ti, 100 %, 4669 MiB, 8188 MiB, 58, 132.50 W
2026/09/23 03:30:43.676, NVIDIA GeForce RTX 4060 Ti, 96 %, 4669 MiB, 8188 MiB, 60, 135.03 W
2026/09/23 03:30:44.684, NVIDIA GeForce RTX 4060 Ti, 100 %, 4665 MiB, 8188 MiB, 60, 133.94 W
2026/09/23 03:30:45.690, NVIDIA GeForce RTX 4060 Ti, 100 %, 4665 MiB, 8188 MiB, 59, 132.22 W
2026/09/23 03:30:46.696, NVIDIA GeForce RTX 4060 Ti, 100 %, 4669 MiB, 8188 MiB, 60, 131.35 W
2026/09/23 03:30:47.702, NVIDIA GeForce RTX 4060 Ti, 100 %, 4669 MiB, 8188 MiB, 59, 133.22 W
2026/09/23 03:30:48.707, NVIDIA GeForce RTX 4060 Ti, 94 %, 4665 MiB, 8188 MiB, 57, 132.38 W
2026/09/23 03:30:49.712, NVIDIA GeForce RTX 4060 Ti, 96 %, 4665 MiB, 8188 MiB, 59, 134.04 W
2026/09/23 03:30:50.717, NVIDIA GeForce RTX 4060 Ti, 94 %, 4669 MiB, 8188 MiB, 60, 134.40 W
2026/09/23 03:30:51.723, NVIDIA GeForce RTX 4060 Ti, 100 %, 4669 MiB, 8188 MiB, 59, 133.27 W
2026/09/23 03:30:52.728, NVIDIA GeForce RTX 4060 Ti, 97 %, 4665 MiB, 8188 MiB, 59, 136.50 W
2026/09/23 03:30:53.734, NVIDIA GeForce RTX 4060 Ti, 100 %, 4665 MiB, 8188 MiB, 59, 129.56 W
2026/09/23 03:30:54.739, NVIDIA GeForce RTX 4060 Ti, 96 %, 4669 MiB, 8188 MiB, 57, 132.33 W
2026/09/23 03:30:55.745, NVIDIA GeForce RTX 4060 Ti, 96 %, 4670 MiB, 8188 MiB, 59, 130.93 W
2026/09/23 03:30:56.789, NVIDIA GeForce RTX 4060 Ti, 99 %, 4665 MiB, 8188 MiB, 59, 132.09 W
2026/09/23 03:30:57.795, NVIDIA GeForce RTX 4060 Ti, 96 %, 4665 MiB, 8188 MiB, 59, 131.09 W
2026/09/23 03:30:58.801, NVIDIA GeForce RTX 4060 Ti, 100 %, 4669 MiB, 8188 MiB, 60, 135.27 W
2026/09/23 03:30:59.809, NVIDIA GeForce RTX 4060 Ti, 96 %, 4669 MiB, 8188 MiB, 60, 134.03 W
2026/09/23 03:31:00.815, NVIDIA GeForce RTX 4060 Ti, 95 %, 4665 MiB, 8188 MiB, 60, 135.90 W
2026/09/23 03:31:01.821, NVIDIA GeForce RTX 4060 Ti, 95 %, 4665 MiB, 8188 MiB, 59, 132.35 W
2026/09/23 03:31:02.827, NVIDIA GeForce RTX 4060 Ti, 95 %, 4669 MiB, 8188 MiB, 59, 131.88 W
2026/09/23 03:31:03.833, NVIDIA GeForce RTX 4060 Ti, 100 %, 4669 MiB, 8188 MiB, 59, 135.45 W
2026/09/23 03:31:04.839, NVIDIA GeForce RTX 4060 Ti, 94 %, 4665 MiB, 8188 MiB, 59, 130.12 W
2026/09/23 03:31:05.844, NVIDIA GeForce RTX 4060 Ti, 95 %, 4665 MiB, 8188 MiB, 58, 130.69 W
2026/09/23 03:31:06.850, NVIDIA GeForce RTX 4060 Ti, 100 %, 4669 MiB, 8188 MiB, 56, 133.18 W
2026/09/23 03:31:07.857, NVIDIA GeForce RTX 4060 Ti, 100 %, 4669 MiB, 8188 MiB, 59, 135.89 W
2026/09/23 03:31:08.864, NVIDIA GeForce RTX 4060 Ti, 99 %, 4665 MiB, 8188 MiB, 59, 131.09 W
2026/09/23 03:31:09.871, NVIDIA GeForce RTX 4060 Ti, 95 %, 4665 MiB, 8188 MiB, 58, 130.23 W
2026/09/23 03:31:10.877, NVIDIA GeForce RTX 4060 Ti, 100 %, 4669 MiB, 8188 MiB, 59, 133.41 W
2026/09/23 03:31:11.883, NVIDIA GeForce RTX 4060 Ti, 96 %, 4669 MiB, 8188 MiB, 59, 130.40 W
2026/09/23 03:31:12.889, NVIDIA GeForce RTX 4060 Ti, 100 %, 4665 MiB, 8188 MiB, 59, 130.73 W
2026/09/23 03:31:13.893, NVIDIA GeForce RTX 4060 Ti, 94 %, 4665 MiB, 8188 MiB, 58, 131.98 W
2026/09/23 03:31:14.899, NVIDIA GeForce RTX 4060 Ti, 95 %, 4669 MiB, 8188 MiB, 59, 132.37 W
2026/09/23 03:31:15.905, NVIDIA GeForce RTX 4060 Ti, 100 %, 4669 MiB, 8188 MiB, 58, 130.85 W
2026/09/23 03:31:16.911, NVIDIA GeForce RTX 4060 Ti, 96 %, 4665 MiB, 8188 MiB, 59, 133.21 W
2026/09/23 03:31:17.916, NVIDIA GeForce RTX 4060 Ti, 91 %, 4665 MiB, 8188 MiB, 61, 135.50 W
2026/09/23 03:31:18.925, NVIDIA GeForce RTX 4060 Ti, 95 %, 4669 MiB, 8188 MiB, 59, 133.49 W
2026/09/23 03:31:19.932, NVIDIA GeForce RTX 4060 Ti, 100 %, 4669 MiB, 8188 MiB, 59, 131.81 W
2026/09/23 03:31:20.938, NVIDIA GeForce RTX 4060 Ti, 100 %, 4665 MiB, 8188 MiB, 59, 136.92 W
2026/09/23 03:31:21.944, NVIDIA GeForce RTX 4060 Ti, 95 %, 4665 MiB, 8188 MiB, 59, 129.91 W
2026/09/23 03:31:22.968, NVIDIA GeForce RTX 4060 Ti, 100 %, 4669 MiB, 8188 MiB, 58, 131.87 W
2026/09/23 03:31:23.974, NVIDIA GeForce RTX 4060 Ti, 100 %, 4670 MiB, 8188 MiB, 59, 130.84 W
2026/09/23 03:31:24.981, NVIDIA GeForce RTX 4060 Ti, 100 %, 4670 MiB, 8188 MiB, 59, 132.94 W
2026/09/23 03:31:25.988, NVIDIA GeForce RTX 4060 Ti, 96 %, 4665 MiB, 8188 MiB, 60, 139.11 W
2026/09/23 03:31:26.995, NVIDIA GeForce RTX 4060 Ti, 100 %, 4669 MiB, 8188 MiB, 59, 133.78 W
2026/09/23 03:31:28.001, NVIDIA GeForce RTX 4060 Ti, 100 %, 4669 MiB, 8188 MiB, 59, 131.41 W
2026/09/23 03:31:29.007, NVIDIA GeForce RTX 4060 Ti, 95 %, 4669 MiB, 8188 MiB, 58, 131.32 W
2026/09/23 03:31:30.013, NVIDIA GeForce RTX 4060 Ti, 95 %, 4665 MiB, 8188 MiB, 59, 130.64 W
2026/09/23 03:31:31.019, NVIDIA GeForce RTX 4060 Ti, 100 %, 4669 MiB, 8188 MiB, 59, 131.48 W
2026/09/23 03:31:32.032, NVIDIA GeForce RTX 4060 Ti, 95 %, 4669 MiB, 8188 MiB, 60, 133.68 W
2026/09/23 03:31:33.038, NVIDIA GeForce RTX 4060 Ti, 100 %, 4665 MiB, 8188 MiB, 58, 132.51 W
2026/09/23 03:31:34.043, NVIDIA GeForce RTX 4060 Ti, 97 %, 4665 MiB, 8188 MiB, 60, 131.91 W
2026/09/23 03:31:35.050, NVIDIA GeForce RTX 4060 Ti, 94 %, 4669 MiB, 8188 MiB, 59, 133.33 W
2026/09/23 03:31:36.057, NVIDIA GeForce RTX 4060 Ti, 96 %, 4669 MiB, 8188 MiB, 60, 135.98 W
2026/09/23 03:31:37.063, NVIDIA GeForce RTX 4060 Ti, 100 %, 4665 MiB, 8188 MiB, 58, 131.10 W
2026/09/23 03:31:38.069, NVIDIA GeForce RTX 4060 Ti, 100 %, 4665 MiB, 8188 MiB, 60, 130.07 W
2026/09/23 03:31:39.075, NVIDIA GeForce RTX 4060 Ti, 100 %, 4669 MiB, 8188 MiB, 59, 131.85 W
2026/09/23 03:31:40.082, NVIDIA GeForce RTX 4060 Ti, 100 %, 4669 MiB, 8188 MiB, 57, 134.11 W
2026/09/23 03:31:41.088, NVIDIA GeForce RTX 4060 Ti, 95 %, 4665 MiB, 8188 MiB, 60, 134.51 W
2026/09/23 03:31:42.096, NVIDIA GeForce RTX 4060 Ti, 96 %, 4665 MiB, 8188 MiB, 59, 129.70 W
2026/09/23 03:31:43.103, NVIDIA GeForce RTX 4060 Ti, 100 %, 4669 MiB, 8188 MiB, 59, 131.28 W
2026/09/23 03:31:44.109, NVIDIA GeForce RTX 4060 Ti, 96 %, 4669 MiB, 8188 MiB, 59, 133.21 W
2026/09/23 03:31:45.116, NVIDIA GeForce RTX 4060 Ti, 100 %, 4665 MiB, 8188 MiB, 59, 131.55 W
2026/09/23 03:31:46.122, NVIDIA GeForce RTX 4060 Ti, 96 %, 4665 MiB, 8188 MiB, 59, 131.83 W
2026/09/23 03:31:47.128, NVIDIA GeForce RTX 4060 Ti, 100 %, 4669 MiB, 8188 MiB, 59, 131.29 W
2026/09/23 03:31:48.133, NVIDIA GeForce RTX 4060 Ti, 95 %, 4669 MiB, 8188 MiB, 59, 131.08 W
2026/09/23 03:31:49.139, NVIDIA GeForce RTX 4060 Ti, 95 %, 4665 MiB, 8188 MiB, 61, 135.85 W
2026/09/23 03:31:50.162, NVIDIA GeForce RTX 4060 Ti, 96 %, 4665 MiB, 8188 MiB, 60, 133.44 W
2026/09/23 03:31:51.169, NVIDIA GeForce RTX 4060 Ti, 95 %, 4669 MiB, 8188 MiB, 58, 130.34 W
2026/09/23 03:31:52.175, NVIDIA GeForce RTX 4060 Ti, 95 %, 4669 MiB, 8188 MiB, 59, 131.33 W
2026/09/23 03:31:53.181, NVIDIA GeForce RTX 4060 Ti, 100 %, 4665 MiB, 8188 MiB, 59, 131.27 W
2026/09/23 03:31:54.189, NVIDIA GeForce RTX 4060 Ti, 100 %, 4665 MiB, 8188 MiB, 59, 131.08 W
2026/09/23 03:31:55.195, NVIDIA GeForce RTX 4060 Ti, 95 %, 4669 MiB, 8188 MiB, 58, 130.24 W
2026/09/23 03:31:56.200, NVIDIA GeForce RTX 4060 Ti, 100 %, 4669 MiB, 8188 MiB, 59, 133.04 W
2026/09/23 03:31:57.207, NVIDIA GeForce RTX 4060 Ti, 96 %, 4665 MiB, 8188 MiB, 59, 131.99 W
2026/09/23 03:31:58.212, NVIDIA GeForce RTX 4060 Ti, 100 %, 4670 MiB, 8188 MiB, 59, 132.25 W
2026/09/23 03:31:59.222, NVIDIA GeForce RTX 4060 Ti, 95 %, 4670 MiB, 8188 MiB, 55, 131.26 W
2026/09/23 03:32:00.227, NVIDIA GeForce RTX 4060 Ti, 100 %, 4670 MiB, 8188 MiB, 58, 133.97 W
2026/09/23 03:32:01.234, NVIDIA GeForce RTX 4060 Ti, 100 %, 4666 MiB, 8188 MiB, 59, 130.95 W
2026/09/23 03:32:02.240, NVIDIA GeForce RTX 4060 Ti, 100 %, 4666 MiB, 8188 MiB, 58, 132.81 W
2026/09/23 03:32:03.247, NVIDIA GeForce RTX 4060 Ti, 100 %, 4670 MiB, 8188 MiB, 59, 130.76 W
2026/09/23 03:32:04.252, NVIDIA GeForce RTX 4060 Ti, 96 %, 4670 MiB, 8188 MiB, 59, 130.90 W
2026/09/23 03:32:05.258, NVIDIA GeForce RTX 4060 Ti, 100 %, 4665 MiB, 8188 MiB, 59, 131.13 W
2026/09/23 03:32:06.265, NVIDIA GeForce RTX 4060 Ti, 95 %, 4665 MiB, 8188 MiB, 59, 131.00 W
2026/09/23 03:32:07.273, NVIDIA GeForce RTX 4060 Ti, 96 %, 4669 MiB, 8188 MiB, 59, 131.37 W
2026/09/23 03:32:08.279, NVIDIA GeForce RTX 4060 Ti, 95 %, 4669 MiB, 8188 MiB, 56, 133.12 W
2026/09/23 03:32:09.286, NVIDIA GeForce RTX 4060 Ti, 97 %, 4665 MiB, 8188 MiB, 60, 132.39 W
2026/09/23 03:32:10.292, NVIDIA GeForce RTX 4060 Ti, 100 %, 4665 MiB, 8188 MiB, 59, 131.52 W
2026/09/23 03:32:11.299, NVIDIA GeForce RTX 4060 Ti, 100 %, 4669 MiB, 8188 MiB, 59, 135.19 W
2026/09/23 03:32:12.306, NVIDIA GeForce RTX 4060 Ti, 95 %, 4669 MiB, 8188 MiB, 59, 131.87 W
2026/09/23 03:32:13.312, NVIDIA GeForce RTX 4060 Ti, 95 %, 4665 MiB, 8188 MiB, 60, 137.97 W
2026/09/23 03:32:14.317, NVIDIA GeForce RTX 4060 Ti, 96 %, 4665 MiB, 8188 MiB, 59, 133.71 W
2026/09/23 03:32:15.325, NVIDIA GeForce RTX 4060 Ti, 94 %, 4669 MiB, 8188 MiB, 58, 131.98 W
2026/09/23 03:32:16.331, NVIDIA GeForce RTX 4060 Ti, 95 %, 4669 MiB, 8188 MiB, 59, 132.32 W
2026/09/23 03:32:17.337, NVIDIA GeForce RTX 4060 Ti, 100 %, 4665 MiB, 8188 MiB, 58, 131.33 W
2026/09/23 03:32:18.343, NVIDIA GeForce RTX 4060 Ti, 94 %, 4665 MiB, 8188 MiB, 59, 130.45 W
2026/09/23 03:32:19.348, NVIDIA GeForce RTX 4060 Ti, 94 %, 4669 MiB, 8188 MiB, 58, 132.72 W
2026/09/23 03:32:20.355, NVIDIA GeForce RTX 4060 Ti, 100 %, 4669 MiB, 8188 MiB, 59, 133.26 W
2026/09/23 03:32:21.360, NVIDIA GeForce RTX 4060 Ti, 99 %, 4665 MiB, 8188 MiB, 59, 130.89 W
2026/09/23 03:32:22.365, NVIDIA GeForce RTX 4060 Ti, 96 %, 4669 MiB, 8188 MiB, 59, 130.65 W
2026/09/23 03:32:23.372, NVIDIA GeForce RTX 4060 Ti, 96 %, 4669 MiB, 8188 MiB, 58, 135.65 W
2026/09/23 03:32:24.378, NVIDIA GeForce RTX 4060 Ti, 100 %, 4665 MiB, 8188 MiB, 61, 135.80 W
2026/09/23 03:32:25.385, NVIDIA GeForce RTX 4060 Ti, 96 %, 4665 MiB, 8188 MiB, 59, 132.08 W
2026/09/23 03:32:26.390, NVIDIA GeForce RTX 4060 Ti, 95 %, 4669 MiB, 8188 MiB, 59, 131.35 W
2026/09/23 03:32:27.397, NVIDIA GeForce RTX 4060 Ti, 95 %, 4670 MiB, 8188 MiB, 60, 130.71 W
2026/09/23 03:32:28.404, NVIDIA GeForce RTX 4060 Ti, 94 %, 4669 MiB, 8188 MiB, 59, 130.87 W
2026/09/23 03:32:29.409, NVIDIA GeForce RTX 4060 Ti, 100 %, 4665 MiB, 8188 MiB, 60, 133.72 W
2026/09/23 03:32:30.415, NVIDIA GeForce RTX 4060 Ti, 95 %, 4669 MiB, 8188 MiB, 58, 131.29 W
2026/09/23 03:32:31.423, NVIDIA GeForce RTX 4060 Ti, 100 %, 4669 MiB, 8188 MiB, 59, 133.27 W
2026/09/23 03:32:32.428, NVIDIA GeForce RTX 4060 Ti, 100 %, 4664 MiB, 8188 MiB, 61, 134.71 W
2026/09/23 03:32:33.434, NVIDIA GeForce RTX 4060 Ti, 95 %, 4665 MiB, 8188 MiB, 58, 130.26 W
2026/09/23 03:32:34.440, NVIDIA GeForce RTX 4060 Ti, 95 %, 4669 MiB, 8188 MiB, 59, 130.94 W
2026/09/23 03:32:35.445, NVIDIA GeForce RTX 4060 Ti, 95 %, 4669 MiB, 8188 MiB, 58, 131.23 W
2026/09/23 03:32:36.452, NVIDIA GeForce RTX 4060 Ti, 100 %, 4665 MiB, 8188 MiB, 60, 134.82 W
2026/09/23 03:32:37.458, NVIDIA GeForce RTX 4060 Ti, 100 %, 4665 MiB, 8188 MiB, 59, 131.32 W
2026/09/23 03:32:38.465, NVIDIA GeForce RTX 4060 Ti, 100 %, 4669 MiB, 8188 MiB, 59, 133.69 W
2026/09/23 03:32:39.471, NVIDIA GeForce RTX 4060 Ti, 100 %, 4669 MiB, 8188 MiB, 60, 137.35 W
2026/09/23 03:32:40.478, NVIDIA GeForce RTX 4060 Ti, 100 %, 4665 MiB, 8188 MiB, 60, 130.66 W
2026/09/23 03:32:41.483, NVIDIA GeForce RTX 4060 Ti, 95 %, 4665 MiB, 8188 MiB, 59, 131.13 W
2026/09/23 03:32:42.488, NVIDIA GeForce RTX 4060 Ti, 94 %, 4669 MiB, 8188 MiB, 59, 134.91 W
2026/09/23 03:32:43.494, NVIDIA GeForce RTX 4060 Ti, 100 %, 4669 MiB, 8188 MiB, 60, 133.41 W
2026/09/23 03:32:44.500, NVIDIA GeForce RTX 4060 Ti, 95 %, 4665 MiB, 8188 MiB, 59, 132.70 W
2026/09/23 03:32:45.507, NVIDIA GeForce RTX 4060 Ti, 100 %, 4665 MiB, 8188 MiB, 60, 136.10 W
2026/09/23 03:32:46.513, NVIDIA GeForce RTX 4060 Ti, 95 %, 4669 MiB, 8188 MiB, 59, 133.87 W
2026/09/23 03:32:47.519, NVIDIA GeForce RTX 4060 Ti, 96 %, 4669 MiB, 8188 MiB, 59, 132.43 W
2026/09/23 03:32:48.525, NVIDIA GeForce RTX 4060 Ti, 100 %, 4665 MiB, 8188 MiB, 59, 131.42 W
2026/09/23 03:32:49.533, NVIDIA GeForce RTX 4060 Ti, 93 %, 4665 MiB, 8188 MiB, 61, 137.41 W
2026/09/23 03:32:50.539, NVIDIA GeForce RTX 4060 Ti, 100 %, 4669 MiB, 8188 MiB, 58, 134.46 W
2026/09/23 03:32:51.544, NVIDIA GeForce RTX 4060 Ti, 100 %, 4669 MiB, 8188 MiB, 59, 133.69 W
2026/09/23 03:32:52.550, NVIDIA GeForce RTX 4060 Ti, 95 %, 4665 MiB, 8188 MiB, 60, 130.30 W
2026/09/23 03:32:53.556, NVIDIA GeForce RTX 4060 Ti, 95 %, 4665 MiB, 8188 MiB, 59, 134.57 W
2026/09/23 03:32:54.561, NVIDIA GeForce RTX 4060 Ti, 96 %, 4669 MiB, 8188 MiB, 61, 134.40 W
2026/09/23 03:32:55.568, NVIDIA GeForce RTX 4060 Ti, 100 %, 4669 MiB, 8188 MiB, 59, 136.63 W
2026/09/23 03:32:56.579, NVIDIA GeForce RTX 4060 Ti, 100 %, 4665 MiB, 8188 MiB, 59, 131.20 W
2026/09/23 03:32:57.586, NVIDIA GeForce RTX 4060 Ti, 96 %, 4665 MiB, 8188 MiB, 59, 130.81 W
2026/09/23 03:32:58.593, NVIDIA GeForce RTX 4060 Ti, 94 %, 4669 MiB, 8188 MiB, 59, 130.75 W
2026/09/23 03:32:59.598, NVIDIA GeForce RTX 4060 Ti, 100 %, 4669 MiB, 8188 MiB, 59, 131.43 W
2026/09/23 03:33:00.604, NVIDIA GeForce RTX 4060 Ti, 97 %, 4665 MiB, 8188 MiB, 59, 131.24 W
2026/09/23 03:33:01.611, NVIDIA GeForce RTX 4060 Ti, 100 %, 4670 MiB, 8188 MiB, 59, 132.57 W
2026/09/23 03:33:02.616, NVIDIA GeForce RTX 4060 Ti, 96 %, 4670 MiB, 8188 MiB, 60, 133.08 W
2026/09/23 03:33:03.624, NVIDIA GeForce RTX 4060 Ti, 99 %, 4670 MiB, 8188 MiB, 60, 131.76 W
2026/09/23 03:33:04.630, NVIDIA GeForce RTX 4060 Ti, 96 %, 4670 MiB, 8188 MiB, 60, 133.01 W
2026/09/23 03:33:05.636, NVIDIA GeForce RTX 4060 Ti, 100 %, 4666 MiB, 8188 MiB, 59, 132.76 W
2026/09/23 03:33:06.641, NVIDIA GeForce RTX 4060 Ti, 94 %, 4670 MiB, 8188 MiB, 60, 130.28 W
2026/09/23 03:33:07.647, NVIDIA GeForce RTX 4060 Ti, 97 %, 4670 MiB, 8188 MiB, 60, 130.71 W
2026/09/23 03:33:08.652, NVIDIA GeForce RTX 4060 Ti, 96 %, 4666 MiB, 8188 MiB, 60, 137.42 W
2026/09/23 03:33:09.659, NVIDIA GeForce RTX 4060 Ti, 100 %, 4666 MiB, 8188 MiB, 60, 132.57 W
2026/09/23 03:33:10.665, NVIDIA GeForce RTX 4060 Ti, 100 %, 4670 MiB, 8188 MiB, 59, 135.66 W
2026/09/23 03:33:11.671, NVIDIA GeForce RTX 4060 Ti, 97 %, 4670 MiB, 8188 MiB, 59, 133.15 W
2026/09/23 03:33:12.678, NVIDIA GeForce RTX 4060 Ti, 96 %, 4665 MiB, 8188 MiB, 58, 131.97 W
2026/09/23 03:33:13.684, NVIDIA GeForce RTX 4060 Ti, 95 %, 4666 MiB, 8188 MiB, 58, 132.36 W
2026/09/23 03:33:14.691, NVIDIA GeForce RTX 4060 Ti, 96 %, 4670 MiB, 8188 MiB, 60, 135.27 W
2026/09/23 03:33:15.697, NVIDIA GeForce RTX 4060 Ti, 100 %, 4670 MiB, 8188 MiB, 59, 131.46 W
2026/09/23 03:33:16.705, NVIDIA GeForce RTX 4060 Ti, 100 %, 4666 MiB, 8188 MiB, 59, 134.59 W
2026/09/23 03:33:17.710, NVIDIA GeForce RTX 4060 Ti, 94 %, 4670 MiB, 8188 MiB, 59, 132.83 W
2026/09/23 03:33:18.717, NVIDIA GeForce RTX 4060 Ti, 95 %, 4674 MiB, 8188 MiB, 58, 130.71 W
2026/09/23 03:33:19.723, NVIDIA GeForce RTX 4060 Ti, 90 %, 4674 MiB, 8188 MiB, 61, 135.91 W
2026/09/23 03:33:20.728, NVIDIA GeForce RTX 4060 Ti, 94 %, 4670 MiB, 8188 MiB, 59, 130.92 W
2026/09/23 03:33:21.734, NVIDIA GeForce RTX 4060 Ti, 100 %, 4670 MiB, 8188 MiB, 59, 132.03 W
2026/09/23 03:33:22.740, NVIDIA GeForce RTX 4060 Ti, 96 %, 4674 MiB, 8188 MiB, 57, 136.72 W
2026/09/23 03:33:23.745, NVIDIA GeForce RTX 4060 Ti, 95 %, 4674 MiB, 8188 MiB, 60, 132.38 W
2026/09/23 03:33:24.752, NVIDIA GeForce RTX 4060 Ti, 96 %, 4667 MiB, 8188 MiB, 59, 131.32 W
2026/09/23 03:33:25.759, NVIDIA GeForce RTX 4060 Ti, 96 %, 4666 MiB, 8188 MiB, 60, 131.94 W
2026/09/23 03:33:26.764, NVIDIA GeForce RTX 4060 Ti, 95 %, 4670 MiB, 8188 MiB, 59, 130.68 W
2026/09/23 03:33:27.770, NVIDIA GeForce RTX 4060 Ti, 100 %, 4670 MiB, 8188 MiB, 59, 132.64 W
2026/09/23 03:33:28.776, NVIDIA GeForce RTX 4060 Ti, 100 %, 4666 MiB, 8188 MiB, 59, 131.77 W
2026/09/23 03:33:29.792, NVIDIA GeForce RTX 4060 Ti, 96 %, 4671 MiB, 8188 MiB, 59, 131.35 W
2026/09/23 03:33:30.798, NVIDIA GeForce RTX 4060 Ti, 100 %, 4671 MiB, 8188 MiB, 60, 133.76 W
2026/09/23 03:33:31.804, NVIDIA GeForce RTX 4060 Ti, 94 %, 4672 MiB, 8188 MiB, 59, 131.43 W
2026/09/23 03:33:32.811, NVIDIA GeForce RTX 4060 Ti, 95 %, 4670 MiB, 8188 MiB, 61, 131.96 W
2026/09/23 03:33:33.817, NVIDIA GeForce RTX 4060 Ti, 96 %, 4666 MiB, 8188 MiB, 56, 132.99 W
2026/09/23 03:33:34.822, NVIDIA GeForce RTX 4060 Ti, 100 %, 4670 MiB, 8188 MiB, 59, 133.58 W
2026/09/23 03:33:35.828, NVIDIA GeForce RTX 4060 Ti, 96 %, 4671 MiB, 8188 MiB, 59, 132.82 W
2026/09/23 03:33:36.835, NVIDIA GeForce RTX 4060 Ti, 97 %, 4665 MiB, 8188 MiB, 59, 133.51 W
2026/09/23 03:33:37.839, NVIDIA GeForce RTX 4060 Ti, 96 %, 4665 MiB, 8188 MiB, 59, 134.64 W
2026/09/23 03:33:38.845, NVIDIA GeForce RTX 4060 Ti, 95 %, 4669 MiB, 8188 MiB, 60, 133.62 W
2026/09/23 03:33:39.850, NVIDIA GeForce RTX 4060 Ti, 95 %, 4669 MiB, 8188 MiB, 58, 131.47 W
2026/09/23 03:33:40.857, NVIDIA GeForce RTX 4060 Ti, 98 %, 4665 MiB, 8188 MiB, 60, 131.59 W
2026/09/23 03:33:41.863, NVIDIA GeForce RTX 4060 Ti, 95 %, 4665 MiB, 8188 MiB, 58, 128.77 W
2026/09/23 03:33:42.869, NVIDIA GeForce RTX 4060 Ti, 94 %, 4669 MiB, 8188 MiB, 59, 130.24 W
2026/09/23 03:33:43.876, NVIDIA GeForce RTX 4060 Ti, 100 %, 4669 MiB, 8188 MiB, 60, 131.55 W
2026/09/23 03:33:44.882, NVIDIA GeForce RTX 4060 Ti, 100 %, 4665 MiB, 8188 MiB, 61, 139.01 W
2026/09/23 03:33:45.889, NVIDIA GeForce RTX 4060 Ti, 95 %, 4665 MiB, 8188 MiB, 59, 133.53 W
2026/09/23 03:33:46.896, NVIDIA GeForce RTX 4060 Ti, 96 %, 4669 MiB, 8188 MiB, 59, 132.66 W
2026/09/23 03:33:47.902, NVIDIA GeForce RTX 4060 Ti, 96 %, 4669 MiB, 8188 MiB, 59, 132.77 W
2026/09/23 03:33:48.908, NVIDIA GeForce RTX 4060 Ti, 100 %, 4665 MiB, 8188 MiB, 57, 132.50 W
2026/09/23 03:33:49.917, NVIDIA GeForce RTX 4060 Ti, 94 %, 4665 MiB, 8188 MiB, 59, 134.14 W
2026/09/23 03:33:50.957, NVIDIA GeForce RTX 4060 Ti, 100 %, 4669 MiB, 8188 MiB, 59, 130.65 W
2026/09/23 03:33:51.962, NVIDIA GeForce RTX 4060 Ti, 95 %, 4669 MiB, 8188 MiB, 60, 135.26 W
2026/09/23 03:33:52.970, NVIDIA GeForce RTX 4060 Ti, 96 %, 4665 MiB, 8188 MiB, 60, 132.73 W
2026/09/23 03:33:53.977, NVIDIA GeForce RTX 4060 Ti, 95 %, 4665 MiB, 8188 MiB, 59, 133.60 W
2026/09/23 03:33:54.983, NVIDIA GeForce RTX 4060 Ti, 100 %, 4669 MiB, 8188 MiB, 59, 133.39 W
2026/09/23 03:33:55.989, NVIDIA GeForce RTX 4060 Ti, 100 %, 4669 MiB, 8188 MiB, 60, 136.03 W
2026/09/23 03:33:56.995, NVIDIA GeForce RTX 4060 Ti, 96 %, 4665 MiB, 8188 MiB, 60, 131.30 W
2026/09/23 03:33:58.000, NVIDIA GeForce RTX 4060 Ti, 100 %, 4665 MiB, 8188 MiB, 59, 131.50 W
2026/09/23 03:33:59.007, NVIDIA GeForce RTX 4060 Ti, 100 %, 4669 MiB, 8188 MiB, 60, 131.82 W
2026/09/23 03:34:00.013, NVIDIA GeForce RTX 4060 Ti, 95 %, 4669 MiB, 8188 MiB, 59, 133.60 W
2026/09/23 03:34:01.021, NVIDIA GeForce RTX 4060 Ti, 94 %, 4665 MiB, 8188 MiB, 58, 131.39 W
2026/09/23 03:34:02.027, NVIDIA GeForce RTX 4060 Ti, 95 %, 4665 MiB, 8188 MiB, 59, 132.12 W
2026/09/23 03:34:03.033, NVIDIA GeForce RTX 4060 Ti, 100 %, 4669 MiB, 8188 MiB, 59, 131.50 W
2026/09/23 03:34:04.039, NVIDIA GeForce RTX 4060 Ti, 91 %, 4670 MiB, 8188 MiB, 59, 132.53 W
2026/09/23 03:34:05.045, NVIDIA GeForce RTX 4060 Ti, 91 %, 4670 MiB, 8188 MiB, 60, 132.77 W
2026/09/23 03:34:06.051, NVIDIA GeForce RTX 4060 Ti, 94 %, 4665 MiB, 8188 MiB, 59, 132.06 W
2026/09/23 03:34:07.056, NVIDIA GeForce RTX 4060 Ti, 96 %, 4670 MiB, 8188 MiB, 59, 131.76 W
2026/09/23 03:34:08.062, NVIDIA GeForce RTX 4060 Ti, 95 %, 4670 MiB, 8188 MiB, 58, 131.49 W
2026/09/23 03:34:09.070, NVIDIA GeForce RTX 4060 Ti, 95 %, 4666 MiB, 8188 MiB, 60, 134.10 W
2026/09/23 03:34:10.076, NVIDIA GeForce RTX 4060 Ti, 100 %, 4666 MiB, 8188 MiB, 58, 131.18 W
2026/09/23 03:34:11.083, NVIDIA GeForce RTX 4060 Ti, 96 %, 4669 MiB, 8188 MiB, 60, 131.87 W
2026/09/23 03:34:12.088, NVIDIA GeForce RTX 4060 Ti, 100 %, 4669 MiB, 8188 MiB, 59, 132.94 W
2026/09/23 03:34:13.093, NVIDIA GeForce RTX 4060 Ti, 96 %, 4665 MiB, 8188 MiB, 60, 133.68 W
2026/09/23 03:34:14.100, NVIDIA GeForce RTX 4060 Ti, 95 %, 4665 MiB, 8188 MiB, 59, 135.69 W
2026/09/23 03:34:15.105, NVIDIA GeForce RTX 4060 Ti, 95 %, 4669 MiB, 8188 MiB, 57, 132.48 W
2026/09/23 03:34:16.111, NVIDIA GeForce RTX 4060 Ti, 96 %, 4669 MiB, 8188 MiB, 60, 140.68 W
2026/09/23 03:34:17.117, NVIDIA GeForce RTX 4060 Ti, 95 %, 4665 MiB, 8188 MiB, 60, 136.57 W
2026/09/23 03:34:18.123, NVIDIA GeForce RTX 4060 Ti, 100 %, 4665 MiB, 8188 MiB, 59, 133.29 W
2026/09/23 03:34:19.129, NVIDIA GeForce RTX 4060 Ti, 95 %, 4669 MiB, 8188 MiB, 59, 131.57 W
2026/09/23 03:34:20.135, NVIDIA GeForce RTX 4060 Ti, 100 %, 4669 MiB, 8188 MiB, 59, 133.30 W
2026/09/23 03:34:21.141, NVIDIA GeForce RTX 4060 Ti, 96 %, 4665 MiB, 8188 MiB, 60, 133.62 W
2026/09/23 03:34:22.148, NVIDIA GeForce RTX 4060 Ti, 100 %, 4665 MiB, 8188 MiB, 58, 132.04 W
2026/09/23 03:34:23.154, NVIDIA GeForce RTX 4060 Ti, 94 %, 4669 MiB, 8188 MiB, 58, 132.67 W
2026/09/23 03:34:24.159, NVIDIA GeForce RTX 4060 Ti, 100 %, 4669 MiB, 8188 MiB, 59, 131.40 W
2026/09/23 03:34:25.169, NVIDIA GeForce RTX 4060 Ti, 100 %, 4665 MiB, 8188 MiB, 59, 134.59 W
2026/09/23 03:34:26.176, NVIDIA GeForce RTX 4060 Ti, 95 %, 4665 MiB, 8188 MiB, 60, 134.07 W
2026/09/23 03:34:27.181, NVIDIA GeForce RTX 4060 Ti, 95 %, 4669 MiB, 8188 MiB, 60, 131.98 W
2026/09/23 03:34:28.187, NVIDIA GeForce RTX 4060 Ti, 92 %, 4669 MiB, 8188 MiB, 61, 135.45 W
2026/09/23 03:34:29.193, NVIDIA GeForce RTX 4060 Ti, 90 %, 4665 MiB, 8188 MiB, 60, 134.19 W
2026/09/23 03:34:30.198, NVIDIA GeForce RTX 4060 Ti, 100 %, 4665 MiB, 8188 MiB, 59, 132.66 W
2026/09/23 03:34:31.205, NVIDIA GeForce RTX 4060 Ti, 100 %, 4669 MiB, 8188 MiB, 59, 132.80 W
2026/09/23 03:34:32.212, NVIDIA GeForce RTX 4060 Ti, 100 %, 4669 MiB, 8188 MiB, 59, 134.52 W
2026/09/23 03:34:33.219, NVIDIA GeForce RTX 4060 Ti, 100 %, 4670 MiB, 8188 MiB, 59, 130.86 W
2026/09/23 03:34:34.224, NVIDIA GeForce RTX 4060 Ti, 96 %, 4670 MiB, 8188 MiB, 60, 131.98 W
2026/09/23 03:34:35.240, NVIDIA GeForce RTX 4060 Ti, 100 %, 4670 MiB, 8188 MiB, 60, 131.87 W
2026/09/23 03:34:36.246, NVIDIA GeForce RTX 4060 Ti, 100 %, 4671 MiB, 8188 MiB, 59, 131.94 W
2026/09/23 03:34:37.254, NVIDIA GeForce RTX 4060 Ti, 95 %, 4671 MiB, 8188 MiB, 57, 135.70 W
2026/09/23 03:34:38.260, NVIDIA GeForce RTX 4060 Ti, 94 %, 4667 MiB, 8188 MiB, 56, 131.17 W
2026/09/23 03:34:39.266, NVIDIA GeForce RTX 4060 Ti, 100 %, 4671 MiB, 8188 MiB, 58, 131.17 W
2026/09/23 03:34:40.272, NVIDIA GeForce RTX 4060 Ti, 100 %, 4671 MiB, 8188 MiB, 59, 131.50 W
2026/09/23 03:34:41.281, NVIDIA GeForce RTX 4060 Ti, 100 %, 4666 MiB, 8188 MiB, 59, 131.61 W
2026/09/23 03:34:42.287, NVIDIA GeForce RTX 4060 Ti, 100 %, 4666 MiB, 8188 MiB, 60, 132.31 W
2026/09/23 03:34:43.297, NVIDIA GeForce RTX 4060 Ti, 100 %, 4670 MiB, 8188 MiB, 59, 131.93 W
2026/09/23 03:34:44.302, NVIDIA GeForce RTX 4060 Ti, 93 %, 4670 MiB, 8188 MiB, 59, 130.94 W
2026/09/23 03:34:45.307, NVIDIA GeForce RTX 4060 Ti, 100 %, 4666 MiB, 8188 MiB, 59, 130.71 W
2026/09/23 03:34:46.313, NVIDIA GeForce RTX 4060 Ti, 98 %, 4666 MiB, 8188 MiB, 59, 131.43 W
2026/09/23 03:34:47.319, NVIDIA GeForce RTX 4060 Ti, 100 %, 4670 MiB, 8188 MiB, 60, 133.80 W
2026/09/23 03:34:48.325, NVIDIA GeForce RTX 4060 Ti, 100 %, 4670 MiB, 8188 MiB, 59, 133.67 W
2026/09/23 03:34:49.332, NVIDIA GeForce RTX 4060 Ti, 92 %, 4666 MiB, 8188 MiB, 59, 133.57 W
2026/09/23 03:34:50.338, NVIDIA GeForce RTX 4060 Ti, 100 %, 4670 MiB, 8188 MiB, 58, 138.62 W
2026/09/23 03:34:51.344, NVIDIA GeForce RTX 4060 Ti, 96 %, 4670 MiB, 8188 MiB, 59, 130.90 W
2026/09/23 03:34:52.350, NVIDIA GeForce RTX 4060 Ti, 100 %, 4666 MiB, 8188 MiB, 60, 131.09 W
2026/09/23 03:34:53.356, NVIDIA GeForce RTX 4060 Ti, 96 %, 4666 MiB, 8188 MiB, 59, 131.50 W
2026/09/23 03:34:54.362, NVIDIA GeForce RTX 4060 Ti, 96 %, 4670 MiB, 8188 MiB, 60, 134.41 W
2026/09/23 03:34:55.369, NVIDIA GeForce RTX 4060 Ti, 100 %, 4670 MiB, 8188 MiB, 60, 133.50 W
2026/09/23 03:34:56.374, NVIDIA GeForce RTX 4060 Ti, 100 %, 4666 MiB, 8188 MiB, 59, 130.89 W
2026/09/23 03:34:57.379, NVIDIA GeForce RTX 4060 Ti, 95 %, 4666 MiB, 8188 MiB, 59, 130.73 W
2026/09/23 03:34:58.386, NVIDIA GeForce RTX 4060 Ti, 95 %, 4670 MiB, 8188 MiB, 56, 137.27 W
2026/09/23 03:34:59.392, NVIDIA GeForce RTX 4060 Ti, 96 %, 4670 MiB, 8188 MiB, 60, 133.63 W
2026/09/23 03:35:00.397, NVIDIA GeForce RTX 4060 Ti, 100 %, 4666 MiB, 8188 MiB, 60, 133.42 W
2026/09/23 03:35:01.404, NVIDIA GeForce RTX 4060 Ti, 94 %, 4666 MiB, 8188 MiB, 59, 131.93 W
2026/09/23 03:35:02.411, NVIDIA GeForce RTX 4060 Ti, 100 %, 4670 MiB, 8188 MiB, 58, 131.52 W
2026/09/23 03:35:03.417, NVIDIA GeForce RTX 4060 Ti, 100 %, 4670 MiB, 8188 MiB, 58, 133.33 W
2026/09/23 03:35:04.423, NVIDIA GeForce RTX 4060 Ti, 95 %, 4665 MiB, 8188 MiB, 59, 134.13 W
2026/09/23 03:35:05.428, NVIDIA GeForce RTX 4060 Ti, 92 %, 4665 MiB, 8188 MiB, 60, 136.49 W
2026/09/23 03:35:06.434, NVIDIA GeForce RTX 4060 Ti, 95 %, 4669 MiB, 8188 MiB, 59, 135.78 W
2026/09/23 03:35:07.439, NVIDIA GeForce RTX 4060 Ti, 95 %, 4669 MiB, 8188 MiB, 59, 131.40 W
2026/09/23 03:35:08.444, NVIDIA GeForce RTX 4060 Ti, 94 %, 4665 MiB, 8188 MiB, 59, 133.03 W
2026/09/23 03:35:09.450, NVIDIA GeForce RTX 4060 Ti, 100 %, 4670 MiB, 8188 MiB, 59, 132.51 W
2026/09/23 03:35:10.456, NVIDIA GeForce RTX 4060 Ti, 100 %, 4670 MiB, 8188 MiB, 58, 131.76 W
2026/09/23 03:35:11.463, NVIDIA GeForce RTX 4060 Ti, 100 %, 4670 MiB, 8188 MiB, 59, 132.33 W
2026/09/23 03:35:12.470, NVIDIA GeForce RTX 4060 Ti, 100 %, 4670 MiB, 8188 MiB, 59, 133.15 W
2026/09/23 03:35:13.476, NVIDIA GeForce RTX 4060 Ti, 96 %, 4666 MiB, 8188 MiB, 60, 131.27 W
2026/09/23 03:35:14.482, NVIDIA GeForce RTX 4060 Ti, 96 %, 4670 MiB, 8188 MiB, 59, 133.26 W
2026/09/23 03:35:15.486, NVIDIA GeForce RTX 4060 Ti, 100 %, 4670 MiB, 8188 MiB, 59, 129.43 W
2026/09/23 03:35:16.491, NVIDIA GeForce RTX 4060 Ti, 100 %, 4666 MiB, 8188 MiB, 60, 133.75 W
2026/09/23 03:35:17.497, NVIDIA GeForce RTX 4060 Ti, 92 %, 4666 MiB, 8188 MiB, 59, 134.84 W
2026/09/23 03:35:18.504, NVIDIA GeForce RTX 4060 Ti, 95 %, 4670 MiB, 8188 MiB, 59, 132.21 W
2026/09/23 03:35:19.510, NVIDIA GeForce RTX 4060 Ti, 95 %, 4670 MiB, 8188 MiB, 59, 132.09 W
2026/09/23 03:35:20.521, NVIDIA GeForce RTX 4060 Ti, 100 %, 4665 MiB, 8188 MiB, 59, 131.78 W
2026/09/23 03:35:21.528, NVIDIA GeForce RTX 4060 Ti, 100 %, 4666 MiB, 8188 MiB, 55, 133.62 W
2026/09/23 03:35:22.533, NVIDIA GeForce RTX 4060 Ti, 95 %, 4670 MiB, 8188 MiB, 58, 130.83 W
2026/09/23 03:35:23.539, NVIDIA GeForce RTX 4060 Ti, 95 %, 4670 MiB, 8188 MiB, 59, 130.31 W
2026/09/23 03:35:24.545, NVIDIA GeForce RTX 4060 Ti, 94 %, 4665 MiB, 8188 MiB, 59, 135.08 W
2026/09/23 03:35:25.551, NVIDIA GeForce RTX 4060 Ti, 100 %, 4665 MiB, 8188 MiB, 60, 133.84 W
2026/09/23 03:35:26.557, NVIDIA GeForce RTX 4060 Ti, 94 %, 4669 MiB, 8188 MiB, 59, 132.90 W
2026/09/23 03:35:27.564, NVIDIA GeForce RTX 4060 Ti, 95 %, 4669 MiB, 8188 MiB, 59, 130.16 W
2026/09/23 03:35:28.571, NVIDIA GeForce RTX 4060 Ti, 100 %, 4665 MiB, 8188 MiB, 57, 131.69 W
2026/09/23 03:35:29.577, NVIDIA GeForce RTX 4060 Ti, 96 %, 4665 MiB, 8188 MiB, 59, 136.89 W
2026/09/23 03:35:30.583, NVIDIA GeForce RTX 4060 Ti, 94 %, 4669 MiB, 8188 MiB, 61, 134.63 W
2026/09/23 03:35:31.590, NVIDIA GeForce RTX 4060 Ti, 96 %, 4669 MiB, 8188 MiB, 58, 134.98 W
2026/09/23 03:35:32.596, NVIDIA GeForce RTX 4060 Ti, 95 %, 4665 MiB, 8188 MiB, 59, 130.93 W
2026/09/23 03:35:33.601, NVIDIA GeForce RTX 4060 Ti, 100 %, 4665 MiB, 8188 MiB, 59, 133.91 W
2026/09/23 03:35:34.608, NVIDIA GeForce RTX 4060 Ti, 100 %, 4669 MiB, 8188 MiB, 58, 133.96 W
2026/09/23 03:35:35.616, NVIDIA GeForce RTX 4060 Ti, 96 %, 4669 MiB, 8188 MiB, 60, 132.59 W
2026/09/23 03:35:36.623, NVIDIA GeForce RTX 4060 Ti, 100 %, 4665 MiB, 8188 MiB, 57, 133.75 W
2026/09/23 03:35:37.629, NVIDIA GeForce RTX 4060 Ti, 97 %, 4665 MiB, 8188 MiB, 60, 131.42 W
2026/09/23 03:35:38.637, NVIDIA GeForce RTX 4060 Ti, 100 %, 4670 MiB, 8188 MiB, 59, 132.03 W
2026/09/23 03:35:39.642, NVIDIA GeForce RTX 4060 Ti, 100 %, 4670 MiB, 8188 MiB, 60, 130.60 W
2026/09/23 03:35:40.648, NVIDIA GeForce RTX 4060 Ti, 96 %, 4670 MiB, 8188 MiB, 61, 132.51 W
2026/09/23 03:35:41.654, NVIDIA GeForce RTX 4060 Ti, 95 %, 4671 MiB, 8188 MiB, 60, 134.85 W
2026/09/23 03:35:42.659, NVIDIA GeForce RTX 4060 Ti, 95 %, 4671 MiB, 8188 MiB, 60, 133.38 W
2026/09/23 03:35:43.665, NVIDIA GeForce RTX 4060 Ti, 94 %, 4671 MiB, 8188 MiB, 58, 133.50 W
2026/09/23 03:35:44.672, NVIDIA GeForce RTX 4060 Ti, 100 %, 4672 MiB, 8188 MiB, 59, 130.58 W
2026/09/23 03:35:45.680, NVIDIA GeForce RTX 4060 Ti, 95 %, 4672 MiB, 8188 MiB, 60, 135.08 W
2026/09/23 03:35:46.686, NVIDIA GeForce RTX 4060 Ti, 95 %, 4671 MiB, 8188 MiB, 61, 134.83 W
2026/09/23 03:35:47.692, NVIDIA GeForce RTX 4060 Ti, 100 %, 4671 MiB, 8188 MiB, 59, 132.00 W
2026/09/23 03:35:48.698, NVIDIA GeForce RTX 4060 Ti, 95 %, 4680 MiB, 8188 MiB, 59, 130.58 W
2026/09/23 03:35:49.705, NVIDIA GeForce RTX 4060 Ti, 100 %, 4680 MiB, 8188 MiB, 60, 133.49 W
2026/09/23 03:35:50.711, NVIDIA GeForce RTX 4060 Ti, 100 %, 4680 MiB, 8188 MiB, 59, 132.71 W
2026/09/23 03:35:51.716, NVIDIA GeForce RTX 4060 Ti, 95 %, 4676 MiB, 8188 MiB, 59, 133.73 W
2026/09/23 03:35:52.722, NVIDIA GeForce RTX 4060 Ti, 100 %, 4677 MiB, 8188 MiB, 60, 135.52 W
2026/09/23 03:35:53.729, NVIDIA GeForce RTX 4060 Ti, 96 %, 4672 MiB, 8188 MiB, 60, 135.17 W
2026/09/23 03:35:54.736, NVIDIA GeForce RTX 4060 Ti, 100 %, 4672 MiB, 8188 MiB, 59, 133.95 W
2026/09/23 03:35:55.744, NVIDIA GeForce RTX 4060 Ti, 96 %, 4668 MiB, 8188 MiB, 60, 132.66 W
2026/09/23 03:35:56.753, NVIDIA GeForce RTX 4060 Ti, 100 %, 4668 MiB, 8188 MiB, 59, 132.17 W
2026/09/23 03:35:57.760, NVIDIA GeForce RTX 4060 Ti, 96 %, 4672 MiB, 8188 MiB, 60, 133.19 W
2026/09/23 03:35:58.766, NVIDIA GeForce RTX 4060 Ti, 95 %, 4672 MiB, 8188 MiB, 59, 130.99 W
2026/09/23 03:35:59.773, NVIDIA GeForce RTX 4060 Ti, 100 %, 4668 MiB, 8188 MiB, 59, 133.56 W
2026/09/23 03:36:00.780, NVIDIA GeForce RTX 4060 Ti, 95 %, 4668 MiB, 8188 MiB, 58, 130.88 W
2026/09/23 03:36:01.785, NVIDIA GeForce RTX 4060 Ti, 100 %, 4672 MiB, 8188 MiB, 59, 131.67 W
2026/09/23 03:36:02.790, NVIDIA GeForce RTX 4060 Ti, 95 %, 4672 MiB, 8188 MiB, 61, 138.16 W
2026/09/23 03:36:03.796, NVIDIA GeForce RTX 4060 Ti, 96 %, 4668 MiB, 8188 MiB, 59, 134.98 W
2026/09/23 03:36:04.802, NVIDIA GeForce RTX 4060 Ti, 100 %, 4672 MiB, 8188 MiB, 60, 132.45 W
2026/09/23 03:36:05.808, NVIDIA GeForce RTX 4060 Ti, 95 %, 4672 MiB, 8188 MiB, 61, 132.89 W
2026/09/23 03:36:06.815, NVIDIA GeForce RTX 4060 Ti, 100 %, 4672 MiB, 8188 MiB, 59, 131.46 W
2026/09/23 03:36:07.821, NVIDIA GeForce RTX 4060 Ti, 100 %, 4668 MiB, 8188 MiB, 59, 130.77 W
2026/09/23 03:36:08.829, NVIDIA GeForce RTX 4060 Ti, 100 %, 4672 MiB, 8188 MiB, 60, 134.18 W
2026/09/23 03:36:09.834, NVIDIA GeForce RTX 4060 Ti, 96 %, 4672 MiB, 8188 MiB, 59, 132.13 W
2026/09/23 03:36:10.840, NVIDIA GeForce RTX 4060 Ti, 100 %, 4668 MiB, 8188 MiB, 59, 135.76 W
2026/09/23 03:36:11.846, NVIDIA GeForce RTX 4060 Ti, 96 %, 4668 MiB, 8188 MiB, 59, 131.44 W
2026/09/23 03:36:12.853, NVIDIA GeForce RTX 4060 Ti, 94 %, 4672 MiB, 8188 MiB, 59, 131.57 W
2026/09/23 03:36:13.859, NVIDIA GeForce RTX 4060 Ti, 96 %, 4672 MiB, 8188 MiB, 59, 132.79 W
2026/09/23 03:36:14.869, NVIDIA GeForce RTX 4060 Ti, 99 %, 4668 MiB, 8188 MiB, 60, 134.17 W
2026/09/23 03:36:15.875, NVIDIA GeForce RTX 4060 Ti, 100 %, 4668 MiB, 8188 MiB, 59, 131.52 W
2026/09/23 03:36:16.882, NVIDIA GeForce RTX 4060 Ti, 96 %, 4672 MiB, 8188 MiB, 59, 132.28 W
2026/09/23 03:36:17.888, NVIDIA GeForce RTX 4060 Ti, 100 %, 4672 MiB, 8188 MiB, 60, 132.97 W
2026/09/23 03:36:18.896, NVIDIA GeForce RTX 4060 Ti, 95 %, 4668 MiB, 8188 MiB, 59, 133.14 W
2026/09/23 03:36:19.902, NVIDIA GeForce RTX 4060 Ti, 100 %, 4673 MiB, 8188 MiB, 60, 132.30 W
2026/09/23 03:36:20.908, NVIDIA GeForce RTX 4060 Ti, 100 %, 4673 MiB, 8188 MiB, 57, 131.47 W
2026/09/23 03:36:21.914, NVIDIA GeForce RTX 4060 Ti, 95 %, 4673 MiB, 8188 MiB, 61, 134.84 W
2026/09/23 03:36:22.921, NVIDIA GeForce RTX 4060 Ti, 95 %, 4673 MiB, 8188 MiB, 61, 137.55 W
2026/09/23 03:36:23.926, NVIDIA GeForce RTX 4060 Ti, 100 %, 4669 MiB, 8188 MiB, 59, 131.96 W
2026/09/23 03:36:24.932, NVIDIA GeForce RTX 4060 Ti, 100 %, 4673 MiB, 8188 MiB, 60, 135.94 W
2026/09/23 03:36:25.939, NVIDIA GeForce RTX 4060 Ti, 100 %, 4673 MiB, 8188 MiB, 59, 130.74 W
2026/09/23 03:36:26.946, NVIDIA GeForce RTX 4060 Ti, 100 %, 4669 MiB, 8188 MiB, 60, 132.04 W
2026/09/23 03:36:27.951, NVIDIA GeForce RTX 4060 Ti, 95 %, 4669 MiB, 8188 MiB, 60, 131.32 W
2026/09/23 03:36:28.956, NVIDIA GeForce RTX 4060 Ti, 96 %, 4673 MiB, 8188 MiB, 60, 136.35 W
2026/09/23 03:36:29.963, NVIDIA GeForce RTX 4060 Ti, 93 %, 4673 MiB, 8188 MiB, 59, 132.32 W
2026/09/23 03:36:30.969, NVIDIA GeForce RTX 4060 Ti, 100 %, 4668 MiB, 8188 MiB, 60, 136.20 W
2026/09/23 03:36:31.977, NVIDIA GeForce RTX 4060 Ti, 100 %, 4669 MiB, 8188 MiB, 59, 131.95 W
2026/09/23 03:36:32.982, NVIDIA GeForce RTX 4060 Ti, 96 %, 4673 MiB, 8188 MiB, 60, 137.92 W
2026/09/23 03:36:33.988, NVIDIA GeForce RTX 4060 Ti, 95 %, 4673 MiB, 8188 MiB, 60, 135.62 W
2026/09/23 03:36:34.995, NVIDIA GeForce RTX 4060 Ti, 94 %, 4668 MiB, 8188 MiB, 60, 131.46 W
2026/09/23 03:36:36.001, NVIDIA GeForce RTX 4060 Ti, 96 %, 4668 MiB, 8188 MiB, 59, 133.90 W
2026/09/23 03:36:37.007, NVIDIA GeForce RTX 4060 Ti, 96 %, 4672 MiB, 8188 MiB, 59, 131.41 W
2026/09/23 03:36:38.012, NVIDIA GeForce RTX 4060 Ti, 95 %, 4672 MiB, 8188 MiB, 59, 133.83 W
2026/09/23 03:36:39.019, NVIDIA GeForce RTX 4060 Ti, 100 %, 4668 MiB, 8188 MiB, 60, 132.11 W
2026/09/23 03:36:40.025, NVIDIA GeForce RTX 4060 Ti, 93 %, 4668 MiB, 8188 MiB, 59, 134.09 W
2026/09/23 03:36:41.031, NVIDIA GeForce RTX 4060 Ti, 93 %, 4672 MiB, 8188 MiB, 61, 141.98 W
2026/09/23 03:36:42.037, NVIDIA GeForce RTX 4060 Ti, 93 %, 4672 MiB, 8188 MiB, 61, 139.59 W
2026/09/23 03:36:43.042, NVIDIA GeForce RTX 4060 Ti, 100 %, 4668 MiB, 8188 MiB, 60, 136.12 W
2026/09/23 03:36:44.047, NVIDIA GeForce RTX 4060 Ti, 92 %, 4668 MiB, 8188 MiB, 62, 139.10 W
2026/09/23 03:36:45.057, NVIDIA GeForce RTX 4060 Ti, 100 %, 4672 MiB, 8188 MiB, 59, 137.05 W
2026/09/23 03:36:46.063, NVIDIA GeForce RTX 4060 Ti, 96 %, 4672 MiB, 8188 MiB, 60, 135.76 W
2026/09/23 03:36:47.073, NVIDIA GeForce RTX 4060 Ti, 100 %, 4668 MiB, 8188 MiB, 59, 140.00 W
2026/09/23 03:36:48.078, NVIDIA GeForce RTX 4060 Ti, 91 %, 4668 MiB, 8188 MiB, 59, 138.17 W
2026/09/23 03:36:49.084, NVIDIA GeForce RTX 4060 Ti, 96 %, 4674 MiB, 8188 MiB, 61, 141.59 W
2026/09/23 03:36:50.092, NVIDIA GeForce RTX 4060 Ti, 96 %, 4674 MiB, 8188 MiB, 61, 139.78 W
2026/09/23 03:36:51.097, NVIDIA GeForce RTX 4060 Ti, 92 %, 4674 MiB, 8188 MiB, 62, 144.60 W
2026/09/23 03:36:52.105, NVIDIA GeForce RTX 4060 Ti, 92 %, 4670 MiB, 8188 MiB, 61, 142.71 W
2026/09/23 03:36:53.110, NVIDIA GeForce RTX 4060 Ti, 93 %, 4674 MiB, 8188 MiB, 62, 138.53 W
2026/09/23 03:36:54.116, NVIDIA GeForce RTX 4060 Ti, 96 %, 4673 MiB, 8188 MiB, 62, 144.87 W
2026/09/23 03:36:55.122, NVIDIA GeForce RTX 4060 Ti, 96 %, 4669 MiB, 8188 MiB, 60, 140.51 W
2026/09/23 03:36:56.133, NVIDIA GeForce RTX 4060 Ti, 90 %, 4669 MiB, 8188 MiB, 57, 141.99 W
2026/09/23 03:36:57.139, NVIDIA GeForce RTX 4060 Ti, 93 %, 4673 MiB, 8188 MiB, 62, 141.33 W
2026/09/23 03:36:58.145, NVIDIA GeForce RTX 4060 Ti, 95 %, 4673 MiB, 8188 MiB, 60, 141.70 W
2026/09/23 03:36:59.152, NVIDIA GeForce RTX 4060 Ti, 92 %, 4669 MiB, 8188 MiB, 62, 139.57 W
2026/09/23 03:37:00.157, NVIDIA GeForce RTX 4060 Ti, 96 %, 4669 MiB, 8188 MiB, 61, 142.45 W
2026/09/23 03:37:01.164, NVIDIA GeForce RTX 4060 Ti, 96 %, 4673 MiB, 8188 MiB, 61, 144.38 W
2026/09/23 03:37:02.170, NVIDIA GeForce RTX 4060 Ti, 91 %, 4673 MiB, 8188 MiB, 61, 141.85 W
2026/09/23 03:37:03.175, NVIDIA GeForce RTX 4060 Ti, 91 %, 4668 MiB, 8188 MiB, 61, 140.79 W
2026/09/23 03:37:04.181, NVIDIA GeForce RTX 4060 Ti, 92 %, 4668 MiB, 8188 MiB, 61, 141.75 W
2026/09/23 03:37:05.187, NVIDIA GeForce RTX 4060 Ti, 96 %, 4672 MiB, 8188 MiB, 61, 140.19 W
2026/09/23 03:37:06.193, NVIDIA GeForce RTX 4060 Ti, 91 %, 4672 MiB, 8188 MiB, 61, 141.58 W
2026/09/23 03:37:07.199, NVIDIA GeForce RTX 4060 Ti, 95 %, 4668 MiB, 8188 MiB, 61, 137.65 W
2026/09/23 03:37:08.206, NVIDIA GeForce RTX 4060 Ti, 96 %, 4668 MiB, 8188 MiB, 62, 140.69 W
2026/09/23 03:37:09.212, NVIDIA GeForce RTX 4060 Ti, 92 %, 4672 MiB, 8188 MiB, 60, 137.69 W
2026/09/23 03:37:10.219, NVIDIA GeForce RTX 4060 Ti, 95 %, 4672 MiB, 8188 MiB, 61, 144.66 W
2026/09/23 03:37:11.225, NVIDIA GeForce RTX 4060 Ti, 92 %, 4668 MiB, 8188 MiB, 62, 143.56 W
2026/09/23 03:37:12.230, NVIDIA GeForce RTX 4060 Ti, 92 %, 4668 MiB, 8188 MiB, 62, 141.96 W
2026/09/23 03:37:13.236, NVIDIA GeForce RTX 4060 Ti, 95 %, 4672 MiB, 8188 MiB, 58, 141.82 W
2026/09/23 03:37:14.242, NVIDIA GeForce RTX 4060 Ti, 96 %, 4672 MiB, 8188 MiB, 60, 143.76 W
2026/09/23 03:37:15.248, NVIDIA GeForce RTX 4060 Ti, 92 %, 4668 MiB, 8188 MiB, 62, 141.51 W
2026/09/23 03:37:16.254, NVIDIA GeForce RTX 4060 Ti, 93 %, 4668 MiB, 8188 MiB, 62, 141.46 W
2026/09/23 03:37:17.260, NVIDIA GeForce RTX 4060 Ti, 95 %, 4672 MiB, 8188 MiB, 62, 144.46 W
2026/09/23 03:37:18.267, NVIDIA GeForce RTX 4060 Ti, 92 %, 4672 MiB, 8188 MiB, 62, 142.44 W
2026/09/23 03:37:19.273, NVIDIA GeForce RTX 4060 Ti, 96 %, 4668 MiB, 8188 MiB, 61, 143.30 W
2026/09/23 03:37:20.280, NVIDIA GeForce RTX 4060 Ti, 89 %, 4668 MiB, 8188 MiB, 59, 141.76 W
2026/09/23 03:37:21.286, NVIDIA GeForce RTX 4060 Ti, 96 %, 4672 MiB, 8188 MiB, 61, 141.75 W
2026/09/23 03:37:22.291, NVIDIA GeForce RTX 4060 Ti, 92 %, 4673 MiB, 8188 MiB, 62, 142.08 W
2026/09/23 03:37:23.297, NVIDIA GeForce RTX 4060 Ti, 93 %, 4673 MiB, 8188 MiB, 60, 142.32 W
2026/09/23 03:37:24.305, NVIDIA GeForce RTX 4060 Ti, 88 %, 4668 MiB, 8188 MiB, 62, 141.19 W
2026/09/23 03:37:25.310, NVIDIA GeForce RTX 4060 Ti, 15 %, 4672 MiB, 8188 MiB, 46, 50.01 W
2026/09/23 03:37:26.314, NVIDIA GeForce RTX 4060 Ti, 14 %, 4672 MiB, 8188 MiB, 45, 34.41 W
2026/09/23 03:37:27.321, NVIDIA GeForce RTX 4060 Ti, 2 %, 948 MiB, 8188 MiB, 43, 20.40 W
2026/09/23 03:37:28.327, NVIDIA GeForce RTX 4060 Ti, 15 %, 954 MiB, 8188 MiB, 43, 18.99 W
2026/09/23 03:37:29.333, NVIDIA GeForce RTX 4060 Ti, 21 %, 958 MiB, 8188 MiB, 43, 19.24 W
2026/09/23 03:37:30.342, NVIDIA GeForce RTX 4060 Ti, 22 %, 958 MiB, 8188 MiB, 42, 17.45 W
2026/09/23 03:37:31.352, NVIDIA GeForce RTX 4060 Ti, 36 %, 954 MiB, 8188 MiB, 42, 13.35 W
2026/09/23 03:37:32.362, NVIDIA GeForce RTX 4060 Ti, 38 %, 954 MiB, 8188 MiB, 42, 11.58 W
2026/09/23 03:37:33.369, NVIDIA GeForce RTX 4060 Ti, 35 %, 958 MiB, 8188 MiB, 41, 9.42 W
2026/09/23 03:37:34.374, NVIDIA GeForce RTX 4060 Ti, 39 %, 958 MiB, 8188 MiB, 41, 9.53 W
2026/09/23 03:37:35.382, NVIDIA GeForce RTX 4060 Ti, 35 %, 954 MiB, 8188 MiB, 41, 9.50 W
2026/09/23 03:37:36.388, NVIDIA GeForce RTX 4060 Ti, 38 %, 958 MiB, 8188 MiB, 41, 9.41 W
2026/09/23 03:37:37.396, NVIDIA GeForce RTX 4060 Ti, 35 %, 959 MiB, 8188 MiB, 41, 9.42 W
2026/09/23 03:37:38.410, NVIDIA GeForce RTX 4060 Ti, 36 %, 959 MiB, 8188 MiB, 40, 9.47 W
2026/09/23 03:37:39.426, NVIDIA GeForce RTX 4060 Ti, 40 %, 959 MiB, 8188 MiB, 40, 9.40 W
2026/09/23 03:37:40.434, NVIDIA GeForce RTX 4060 Ti, 26 %, 954 MiB, 8188 MiB, 40, 10.59 W
2026/09/23 03:37:41.440, NVIDIA GeForce RTX 4060 Ti, 26 %, 958 MiB, 8188 MiB, 40, 12.80 W
2026/09/23 03:37:42.445, NVIDIA GeForce RTX 4060 Ti, 39 %, 959 MiB, 8188 MiB, 40, 10.85 W
2026/09/23 03:37:43.450, NVIDIA GeForce RTX 4060 Ti, 38 %, 954 MiB, 8188 MiB, 40, 9.22 W
2026/09/23 03:37:44.469, NVIDIA GeForce RTX 4060 Ti, 39 %, 954 MiB, 8188 MiB, 40, 9.16 W
2026/09/23 03:37:45.475, NVIDIA GeForce RTX 4060 Ti, 31 %, 958 MiB, 8188 MiB, 40, 11.08 W
2026/09/23 03:37:46.480, NVIDIA GeForce RTX 4060 Ti, 32 %, 958 MiB, 8188 MiB, 40, 12.88 W
2026/09/23 03:37:47.485, NVIDIA GeForce RTX 4060 Ti, 35 %, 954 MiB, 8188 MiB, 40, 10.26 W
2026/09/23 03:37:48.492, NVIDIA GeForce RTX 4060 Ti, 31 %, 954 MiB, 8188 MiB, 40, 9.10 W
2026/09/23 03:37:49.500, NVIDIA GeForce RTX 4060 Ti, 36 %, 958 MiB, 8188 MiB, 40, 9.10 W
2026/09/23 03:37:50.508, NVIDIA GeForce RTX 4060 Ti, 32 %, 958 MiB, 8188 MiB, 40, 9.03 W
2026/09/23 03:37:51.515, NVIDIA GeForce RTX 4060 Ti, 28 %, 960 MiB, 8188 MiB, 40, 9.06 W
2026/09/23 03:37:52.521, NVIDIA GeForce RTX 4060 Ti, 2 %, 960 MiB, 8188 MiB, 40, 7.93 W
2026/09/23 03:37:53.528, NVIDIA GeForce RTX 4060 Ti, 19 %, 963 MiB, 8188 MiB, 40, 8.48 W
2026/09/23 03:37:54.534, NVIDIA GeForce RTX 4060 Ti, 20 %, 963 MiB, 8188 MiB, 40, 8.63 W
2026/09/23 03:37:55.540, NVIDIA GeForce RTX 4060 Ti, 28 %, 958 MiB, 8188 MiB, 40, 8.48 W
2026/09/23 03:37:56.546, NVIDIA GeForce RTX 4060 Ti, 34 %, 958 MiB, 8188 MiB, 40, 8.47 W
2026/09/23 03:37:57.552, NVIDIA GeForce RTX 4060 Ti, 34 %, 962 MiB, 8188 MiB, 40, 8.47 W
2026/09/23 03:37:58.559, NVIDIA GeForce RTX 4060 Ti, 31 %, 959 MiB, 8188 MiB, 40, 8.52 W
2026/09/23 03:37:59.566, NVIDIA GeForce RTX 4060 Ti, 26 %, 953 MiB, 8188 MiB, 39, 7.93 W
2026/09/23 03:38:00.574, NVIDIA GeForce RTX 4060 Ti, 0 %, 953 MiB, 8188 MiB, 41, 23.72 W
2026/09/23 03:38:01.580, NVIDIA GeForce RTX 4060 Ti, 0 %, 957 MiB, 8188 MiB, 41, 28.58 W
2026/09/23 03:38:02.587, NVIDIA GeForce RTX 4060 Ti, 0 %, 957 MiB, 8188 MiB, 41, 28.87 W
2026/09/23 03:38:03.596, NVIDIA GeForce RTX 4060 Ti, 14 %, 957 MiB, 8188 MiB, 40, 21.79 W
2026/09/23 03:38:04.602, NVIDIA GeForce RTX 4060 Ti, 20 %, 956 MiB, 8188 MiB, 40, 12.85 W
2026/09/23 03:38:05.611, NVIDIA GeForce RTX 4060 Ti, 29 %, 960 MiB, 8188 MiB, 40, 11.92 W
2026/09/23 03:38:06.616, NVIDIA GeForce RTX 4060 Ti, 31 %, 960 MiB, 8188 MiB, 40, 9.05 W
2026/09/23 03:38:07.621, NVIDIA GeForce RTX 4060 Ti, 38 %, 956 MiB, 8188 MiB, 40, 9.03 W
2026/09/23 03:38:08.629, NVIDIA GeForce RTX 4060 Ti, 37 %, 956 MiB, 8188 MiB, 40, 9.04 W
2026/09/23 03:38:09.634, NVIDIA GeForce RTX 4060 Ti, 33 %, 960 MiB, 8188 MiB, 40, 9.05 W
2026/09/23 03:38:10.640, NVIDIA GeForce RTX 4060 Ti, 33 %, 960 MiB, 8188 MiB, 40, 8.89 W
2026/09/23 03:38:11.648, NVIDIA GeForce RTX 4060 Ti, 34 %, 956 MiB, 8188 MiB, 40, 8.93 W
2026/09/23 03:38:12.653, NVIDIA GeForce RTX 4060 Ti, 34 %, 961 MiB, 8188 MiB, 40, 8.96 W
2026/09/23 03:38:13.659, NVIDIA GeForce RTX 4060 Ti, 35 %, 961 MiB, 8188 MiB, 39, 9.02 W
2026/09/23 03:38:14.664, NVIDIA GeForce RTX 4060 Ti, 34 %, 961 MiB, 8188 MiB, 39, 8.86 W
2026/09/23 03:38:15.673, NVIDIA GeForce RTX 4060 Ti, 37 %, 957 MiB, 8188 MiB, 39, 8.86 W
2026/09/23 03:38:16.678, NVIDIA GeForce RTX 4060 Ti, 38 %, 957 MiB, 8188 MiB, 39, 8.90 W
2026/09/23 03:38:17.683, NVIDIA GeForce RTX 4060 Ti, 38 %, 965 MiB, 8188 MiB, 39, 8.99 W
2026/09/23 03:38:18.690, NVIDIA GeForce RTX 4060 Ti, 36 %, 965 MiB, 8188 MiB, 39, 9.01 W
2026/09/23 03:38:19.697, NVIDIA GeForce RTX 4060 Ti, 36 %, 961 MiB, 8188 MiB, 39, 9.02 W
2026/09/23 03:38:20.705, NVIDIA GeForce RTX 4060 Ti, 36 %, 961 MiB, 8188 MiB, 39, 8.96 W
2026/09/23 03:38:21.711, NVIDIA GeForce RTX 4060 Ti, 32 %, 965 MiB, 8188 MiB, 39, 9.01 W
2026/09/23 03:38:22.716, NVIDIA GeForce RTX 4060 Ti, 32 %, 965 MiB, 8188 MiB, 39, 8.99 W
2026/09/23 03:38:23.727, NVIDIA GeForce RTX 4060 Ti, 38 %, 961 MiB, 8188 MiB, 39, 9.03 W
2026/09/23 03:38:24.733, NVIDIA GeForce RTX 4060 Ti, 38 %, 958 MiB, 8188 MiB, 39, 9.07 W
2026/09/23 03:38:25.739, NVIDIA GeForce RTX 4060 Ti, 40 %, 961 MiB, 8188 MiB, 39, 9.15 W
2026/09/23 03:38:26.745, NVIDIA GeForce RTX 4060 Ti, 32 %, 963 MiB, 8188 MiB, 39, 9.11 W
2026/09/23 03:38:27.753, NVIDIA GeForce RTX 4060 Ti, 28 %, 962 MiB, 8188 MiB, 39, 12.06 W
2026/09/23 03:38:28.759, NVIDIA GeForce RTX 4060 Ti, 38 %, 956 MiB, 8188 MiB, 39, 12.51 W
2026/09/23 03:38:29.765, NVIDIA GeForce RTX 4060 Ti, 1 %, 960 MiB, 8188 MiB, 40, 15.23 W
2026/09/23 03:38:30.769, NVIDIA GeForce RTX 4060 Ti, 0 %, 960 MiB, 8188 MiB, 40, 29.95 W
2026/09/23 03:38:31.774, NVIDIA GeForce RTX 4060 Ti, 0 %, 956 MiB, 8188 MiB, 40, 29.04 W
2026/09/23 03:38:32.781, NVIDIA GeForce RTX 4060 Ti, 0 %, 956 MiB, 8188 MiB, 40, 29.06 W
2026/09/23 03:38:33.788, NVIDIA GeForce RTX 4060 Ti, 5 %, 964 MiB, 8188 MiB, 39, 18.90 W
2026/09/23 03:38:34.796, NVIDIA GeForce RTX 4060 Ti, 32 %, 964 MiB, 8188 MiB, 39, 12.88 W
2026/09/23 03:38:35.802, NVIDIA GeForce RTX 4060 Ti, 31 %, 960 MiB, 8188 MiB, 39, 12.80 W
2026/09/23 03:38:36.808, NVIDIA GeForce RTX 4060 Ti, 33 %, 960 MiB, 8188 MiB, 39, 10.49 W
2026/09/23 03:38:37.814, NVIDIA GeForce RTX 4060 Ti, 38 %, 964 MiB, 8188 MiB, 39, 9.12 W
2026/09/23 03:38:38.825, NVIDIA GeForce RTX 4060 Ti, 41 %, 959 MiB, 8188 MiB, 39, 8.97 W
2026/09/23 03:38:39.834, NVIDIA GeForce RTX 4060 Ti, 30 %, 959 MiB, 8188 MiB, 39, 8.98 W
2026/09/23 03:38:40.839, NVIDIA GeForce RTX 4060 Ti, 30 %, 963 MiB, 8188 MiB, 39, 9.01 W
2026/09/23 03:38:41.844, NVIDIA GeForce RTX 4060 Ti, 40 %, 963 MiB, 8188 MiB, 39, 9.16 W
2026/09/23 03:38:42.851, NVIDIA GeForce RTX 4060 Ti, 38 %, 959 MiB, 8188 MiB, 39, 9.17 W
2026/09/23 03:38:43.863, NVIDIA GeForce RTX 4060 Ti, 35 %, 959 MiB, 8188 MiB, 39, 9.11 W
2026/09/23 03:38:44.868, NVIDIA GeForce RTX 4060 Ti, 41 %, 963 MiB, 8188 MiB, 39, 9.15 W
2026/09/23 03:38:45.876, NVIDIA GeForce RTX 4060 Ti, 33 %, 963 MiB, 8188 MiB, 39, 9.18 W
2026/09/23 03:38:46.881, NVIDIA GeForce RTX 4060 Ti, 31 %, 959 MiB, 8188 MiB, 39, 9.19 W
2026/09/23 03:38:47.889, NVIDIA GeForce RTX 4060 Ti, 33 %, 959 MiB, 8188 MiB, 39, 9.04 W
2026/09/23 03:38:48.895, NVIDIA GeForce RTX 4060 Ti, 32 %, 963 MiB, 8188 MiB, 39, 9.24 W
2026/09/23 03:38:49.902, NVIDIA GeForce RTX 4060 Ti, 36 %, 963 MiB, 8188 MiB, 39, 9.26 W
2026/09/23 03:38:50.910, NVIDIA GeForce RTX 4060 Ti, 34 %, 958 MiB, 8188 MiB, 39, 9.07 W
2026/09/23 03:38:51.916, NVIDIA GeForce RTX 4060 Ti, 35 %, 959 MiB, 8188 MiB, 39, 8.99 W
2026/09/23 03:38:52.923, NVIDIA GeForce RTX 4060 Ti, 40 %, 963 MiB, 8188 MiB, 39, 9.06 W
2026/09/23 03:38:53.933, NVIDIA GeForce RTX 4060 Ti, 41 %, 963 MiB, 8188 MiB, 39, 9.05 W
2026/09/23 03:38:54.940, NVIDIA GeForce RTX 4060 Ti, 37 %, 959 MiB, 8188 MiB, 39, 9.05 W
2026/09/23 03:38:55.945, NVIDIA GeForce RTX 4060 Ti, 38 %, 964 MiB, 8188 MiB, 39, 9.11 W
2026/09/23 03:38:56.952, NVIDIA GeForce RTX 4060 Ti, 29 %, 964 MiB, 8188 MiB, 39, 8.87 W
2026/09/23 03:38:57.957, NVIDIA GeForce RTX 4060 Ti, 8 %, 967 MiB, 8188 MiB, 39, 7.61 W
2026/09/23 03:38:58.963, NVIDIA GeForce RTX 4060 Ti, 3 %, 967 MiB, 8188 MiB, 39, 7.43 W
2026/09/23 03:38:59.970, NVIDIA GeForce RTX 4060 Ti, 3 %, 960 MiB, 8188 MiB, 39, 6.75 W
2026/09/23 03:39:00.978, NVIDIA GeForce RTX 4060 Ti, 3 %, 965 MiB, 8188 MiB, 39, 7.05 W
2026/09/23 03:39:01.985, NVIDIA GeForce RTX 4060 Ti, 6 %, 967 MiB, 8188 MiB, 39, 7.24 W
2026/09/23 03:39:02.992, NVIDIA GeForce RTX 4060 Ti, 44 %, 960 MiB, 8188 MiB, 39, 8.93 W
2026/09/23 03:39:03.998, NVIDIA GeForce RTX 4060 Ti, 31 %, 961 MiB, 8188 MiB, 39, 8.99 W
2026/09/23 03:39:05.005, NVIDIA GeForce RTX 4060 Ti, 38 %, 965 MiB, 8188 MiB, 39, 8.96 W
2026/09/23 03:39:06.023, NVIDIA GeForce RTX 4060 Ti, 38 %, 965 MiB, 8188 MiB, 39, 9.10 W
2026/09/23 03:39:07.032, NVIDIA GeForce RTX 4060 Ti, 37 %, 965 MiB, 8188 MiB, 39, 8.99 W
2026/09/23 03:39:08.040, NVIDIA GeForce RTX 4060 Ti, 41 %, 961 MiB, 8188 MiB, 39, 9.00 W
2026/09/23 03:39:09.046, NVIDIA GeForce RTX 4060 Ti, 38 %, 965 MiB, 8188 MiB, 39, 9.16 W
2026/09/23 03:39:10.052, NVIDIA GeForce RTX 4060 Ti, 39 %, 965 MiB, 8188 MiB, 39, 9.16 W
2026/09/23 03:39:11.058, NVIDIA GeForce RTX 4060 Ti, 37 %, 961 MiB, 8188 MiB, 39, 9.05 W
2026/09/23 03:39:12.064, NVIDIA GeForce RTX 4060 Ti, 40 %, 961 MiB, 8188 MiB, 39, 8.93 W
2026/09/23 03:39:13.073, NVIDIA GeForce RTX 4060 Ti, 38 %, 965 MiB, 8188 MiB, 38, 9.03 W
2026/09/23 03:39:14.080, NVIDIA GeForce RTX 4060 Ti, 37 %, 965 MiB, 8188 MiB, 38, 9.10 W
2026/09/23 03:39:15.086, NVIDIA GeForce RTX 4060 Ti, 40 %, 961 MiB, 8188 MiB, 38, 9.10 W
2026/09/23 03:39:16.093, NVIDIA GeForce RTX 4060 Ti, 37 %, 961 MiB, 8188 MiB, 38, 9.05 W
2026/09/23 03:39:17.098, NVIDIA GeForce RTX 4060 Ti, 38 %, 965 MiB, 8188 MiB, 38, 9.05 W
2026/09/23 03:39:18.104, NVIDIA GeForce RTX 4060 Ti, 45 %, 965 MiB, 8188 MiB, 38, 9.08 W
2026/09/23 03:39:19.113, NVIDIA GeForce RTX 4060 Ti, 42 %, 965 MiB, 8188 MiB, 38, 9.06 W
2026/09/23 03:39:20.120, NVIDIA GeForce RTX 4060 Ti, 40 %, 961 MiB, 8188 MiB, 38, 9.10 W
2026/09/23 03:39:21.128, NVIDIA GeForce RTX 4060 Ti, 39 %, 965 MiB, 8188 MiB, 38, 8.97 W
2026/09/23 03:39:22.134, NVIDIA GeForce RTX 4060 Ti, 36 %, 965 MiB, 8188 MiB, 38, 8.90 W
2026/09/23 03:39:23.139, NVIDIA GeForce RTX 4060 Ti, 37 %, 961 MiB, 8188 MiB, 38, 9.20 W
2026/09/23 03:39:24.146, NVIDIA GeForce RTX 4060 Ti, 37 %, 961 MiB, 8188 MiB, 38, 8.97 W
2026/09/23 03:39:25.157, NVIDIA GeForce RTX 4060 Ti, 39 %, 965 MiB, 8188 MiB, 38, 9.14 W
2026/09/23 03:39:26.161, NVIDIA GeForce RTX 4060 Ti, 42 %, 965 MiB, 8188 MiB, 38, 9.32 W
2026/09/23 03:39:27.169, NVIDIA GeForce RTX 4060 Ti, 2 %, 961 MiB, 8188 MiB, 38, 8.15 W
2026/09/23 03:39:28.175, NVIDIA GeForce RTX 4060 Ti, 33 %, 961 MiB, 8188 MiB, 38, 7.93 W
2026/09/23 03:39:29.181, NVIDIA GeForce RTX 4060 Ti, 5 %, 965 MiB, 8188 MiB, 38, 6.90 W
2026/09/23 03:39:30.187, NVIDIA GeForce RTX 4060 Ti, 34 %, 965 MiB, 8188 MiB, 38, 7.14 W
2026/09/23 03:39:31.193, NVIDIA GeForce RTX 4060 Ti, 27 %, 967 MiB, 8188 MiB, 38, 7.07 W
2026/09/23 03:39:32.216, NVIDIA GeForce RTX 4060 Ti, 43 %, 963 MiB, 8188 MiB, 38, 7.64 W
2026/09/23 03:39:33.242, NVIDIA GeForce RTX 4060 Ti, 38 %, 967 MiB, 8188 MiB, 38, 8.92 W
2026/09/23 03:39:34.254, NVIDIA GeForce RTX 4060 Ti, 39 %, 968 MiB, 8188 MiB, 38, 9.00 W
2026/09/23 03:39:35.260, NVIDIA GeForce RTX 4060 Ti, 34 %, 963 MiB, 8188 MiB, 38, 9.00 W
2026/09/23 03:39:36.266, NVIDIA GeForce RTX 4060 Ti, 37 %, 963 MiB, 8188 MiB, 38, 8.98 W
2026/09/23 03:39:37.272, NVIDIA GeForce RTX 4060 Ti, 34 %, 967 MiB, 8188 MiB, 38, 9.05 W
2026/09/23 03:39:38.278, NVIDIA GeForce RTX 4060 Ti, 34 %, 967 MiB, 8188 MiB, 38, 8.93 W
2026/09/23 03:39:39.285, NVIDIA GeForce RTX 4060 Ti, 37 %, 963 MiB, 8188 MiB, 38, 8.88 W
2026/09/23 03:39:40.292, NVIDIA GeForce RTX 4060 Ti, 38 %, 963 MiB, 8188 MiB, 38, 8.84 W
2026/09/23 03:39:41.300, NVIDIA GeForce RTX 4060 Ti, 7 %, 967 MiB, 8188 MiB, 39, 27.24 W
2026/09/23 03:39:42.306, NVIDIA GeForce RTX 4060 Ti, 7 %, 967 MiB, 8188 MiB, 39, 32.05 W
2026/09/23 03:39:43.311, NVIDIA GeForce RTX 4060 Ti, 7 %, 963 MiB, 8188 MiB, 40, 31.91 W
2026/09/23 03:39:44.317, NVIDIA GeForce RTX 4060 Ti, 13 %, 963 MiB, 8188 MiB, 40, 28.01 W
2026/09/23 03:39:45.323, NVIDIA GeForce RTX 4060 Ti, 18 %, 967 MiB, 8188 MiB, 38, 13.06 W
2026/09/23 03:39:46.328, NVIDIA GeForce RTX 4060 Ti, 22 %, 968 MiB, 8188 MiB, 38, 12.84 W
2026/09/23 03:39:47.335, NVIDIA GeForce RTX 4060 Ti, 23 %, 968 MiB, 8188 MiB, 38, 12.52 W
2026/09/23 03:39:48.343, NVIDIA GeForce RTX 4060 Ti, 30 %, 963 MiB, 8188 MiB, 38, 10.34 W
2026/09/23 03:39:49.349, NVIDIA GeForce RTX 4060 Ti, 32 %, 967 MiB, 8188 MiB, 38, 8.95 W
2026/09/23 03:39:50.356, NVIDIA GeForce RTX 4060 Ti, 33 %, 967 MiB, 8188 MiB, 38, 8.90 W
2026/09/23 03:39:51.362, NVIDIA GeForce RTX 4060 Ti, 34 %, 963 MiB, 8188 MiB, 38, 8.83 W
2026/09/23 03:39:52.367, NVIDIA GeForce RTX 4060 Ti, 35 %, 963 MiB, 8188 MiB, 38, 8.79 W
2026/09/23 03:39:53.372, NVIDIA GeForce RTX 4060 Ti, 37 %, 967 MiB, 8188 MiB, 38, 8.83 W
2026/09/23 03:39:54.379, NVIDIA GeForce RTX 4060 Ti, 35 %, 967 MiB, 8188 MiB, 38, 8.89 W
2026/09/23 03:39:55.384, NVIDIA GeForce RTX 4060 Ti, 39 %, 963 MiB, 8188 MiB, 38, 8.85 W
2026/09/23 03:39:56.390, NVIDIA GeForce RTX 4060 Ti, 36 %, 963 MiB, 8188 MiB, 38, 8.73 W
2026/09/23 03:39:57.402, NVIDIA GeForce RTX 4060 Ti, 40 %, 967 MiB, 8188 MiB, 38, 8.77 W
2026/09/23 03:39:58.409, NVIDIA GeForce RTX 4060 Ti, 35 %, 967 MiB, 8188 MiB, 38, 8.74 W
2026/09/23 03:39:59.416, NVIDIA GeForce RTX 4060 Ti, 36 %, 963 MiB, 8188 MiB, 38, 8.68 W
2026/09/23 03:40:00.446, NVIDIA GeForce RTX 4060 Ti, 37 %, 969 MiB, 8188 MiB, 38, 8.79 W
2026/09/23 03:40:01.451, NVIDIA GeForce RTX 4060 Ti, 35 %, 969 MiB, 8188 MiB, 38, 8.76 W
2026/09/23 03:40:02.460, NVIDIA GeForce RTX 4060 Ti, 39 %, 969 MiB, 8188 MiB, 38, 8.75 W
2026/09/23 03:40:03.466, NVIDIA GeForce RTX 4060 Ti, 36 %, 969 MiB, 8188 MiB, 38, 8.68 W
2026/09/23 03:40:04.472, NVIDIA GeForce RTX 4060 Ti, 35 %, 965 MiB, 8188 MiB, 38, 8.73 W
2026/09/23 03:40:05.476, NVIDIA GeForce RTX 4060 Ti, 2 %, 969 MiB, 8188 MiB, 38, 8.56 W
2026/09/23 03:40:06.489, NVIDIA GeForce RTX 4060 Ti, 35 %, 969 MiB, 8188 MiB, 37, 9.02 W
2026/09/23 03:40:07.509, NVIDIA GeForce RTX 4060 Ti, 0 %, 964 MiB, 8188 MiB, 39, 28.26 W
2026/09/23 03:40:08.514, NVIDIA GeForce RTX 4060 Ti, 4 %, 964 MiB, 8188 MiB, 39, 28.99 W
2026/09/23 03:40:09.519, NVIDIA GeForce RTX 4060 Ti, 0 %, 968 MiB, 8188 MiB, 39, 28.98 W
2026/09/23 03:40:10.524, NVIDIA GeForce RTX 4060 Ti, 17 %, 968 MiB, 8188 MiB, 39, 23.80 W
2026/09/23 03:40:11.532, NVIDIA GeForce RTX 4060 Ti, 21 %, 968 MiB, 8188 MiB, 38, 13.27 W
2026/09/23 03:40:12.543, NVIDIA GeForce RTX 4060 Ti, 18 %, 964 MiB, 8188 MiB, 38, 12.88 W
2026/09/23 03:40:13.550, NVIDIA GeForce RTX 4060 Ti, 21 %, 968 MiB, 8188 MiB, 38, 12.75 W
2026/09/23 03:40:14.556, NVIDIA GeForce RTX 4060 Ti, 29 %, 968 MiB, 8188 MiB, 38, 11.06 W
2026/09/23 03:40:15.575, NVIDIA GeForce RTX 4060 Ti, 30 %, 963 MiB, 8188 MiB, 38, 9.04 W
2026/09/23 03:40:16.581, NVIDIA GeForce RTX 4060 Ti, 34 %, 963 MiB, 8188 MiB, 38, 9.02 W
2026/09/23 03:40:17.586, NVIDIA GeForce RTX 4060 Ti, 33 %, 967 MiB, 8188 MiB, 38, 9.01 W
2026/09/23 03:40:18.594, NVIDIA GeForce RTX 4060 Ti, 34 %, 967 MiB, 8188 MiB, 38, 8.89 W
2026/09/23 03:40:19.600, NVIDIA GeForce RTX 4060 Ti, 40 %, 963 MiB, 8188 MiB, 38, 9.02 W
2026/09/23 03:40:20.606, NVIDIA GeForce RTX 4060 Ti, 38 %, 963 MiB, 8188 MiB, 38, 9.04 W
2026/09/23 03:40:21.613, NVIDIA GeForce RTX 4060 Ti, 39 %, 967 MiB, 8188 MiB, 38, 9.12 W
2026/09/23 03:40:22.617, NVIDIA GeForce RTX 4060 Ti, 36 %, 967 MiB, 8188 MiB, 38, 9.01 W
2026/09/23 03:40:23.623, NVIDIA GeForce RTX 4060 Ti, 30 %, 963 MiB, 8188 MiB, 38, 8.96 W
2026/09/23 03:40:24.630, NVIDIA GeForce RTX 4060 Ti, 37 %, 963 MiB, 8188 MiB, 37, 8.95 W
2026/09/23 03:40:25.637, NVIDIA GeForce RTX 4060 Ti, 32 %, 967 MiB, 8188 MiB, 37, 9.01 W
2026/09/23 03:40:26.644, NVIDIA GeForce RTX 4060 Ti, 32 %, 967 MiB, 8188 MiB, 37, 8.89 W
2026/09/23 03:40:27.652, NVIDIA GeForce RTX 4060 Ti, 35 %, 963 MiB, 8188 MiB, 37, 8.91 W
2026/09/23 03:40:28.658, NVIDIA GeForce RTX 4060 Ti, 36 %, 963 MiB, 8188 MiB, 37, 8.84 W
2026/09/23 03:40:29.664, NVIDIA GeForce RTX 4060 Ti, 45 %, 967 MiB, 8188 MiB, 37, 9.00 W
2026/09/23 03:40:30.671, NVIDIA GeForce RTX 4060 Ti, 33 %, 967 MiB, 8188 MiB, 37, 8.97 W
2026/09/23 03:40:31.678, NVIDIA GeForce RTX 4060 Ti, 34 %, 963 MiB, 8188 MiB, 37, 8.97 W
2026/09/23 03:40:32.684, NVIDIA GeForce RTX 4060 Ti, 33 %, 963 MiB, 8188 MiB, 37, 9.02 W
2026/09/23 03:40:33.691, NVIDIA GeForce RTX 4060 Ti, 31 %, 967 MiB, 8188 MiB, 37, 9.04 W
2026/09/23 03:40:34.700, NVIDIA GeForce RTX 4060 Ti, 36 %, 967 MiB, 8188 MiB, 37, 8.99 W
2026/09/23 03:40:35.712, NVIDIA GeForce RTX 4060 Ti, 38 %, 963 MiB, 8188 MiB, 37, 9.02 W
2026/09/23 03:40:36.716, NVIDIA GeForce RTX 4060 Ti, 38 %, 963 MiB, 8188 MiB, 37, 8.97 W
2026/09/23 03:40:37.726, NVIDIA GeForce RTX 4060 Ti, 41 %, 967 MiB, 8188 MiB, 37, 9.12 W
2026/09/23 03:40:38.731, NVIDIA GeForce RTX 4060 Ti, 28 %, 968 MiB, 8188 MiB, 37, 9.13 W
2026/09/23 03:40:39.739, NVIDIA GeForce RTX 4060 Ti, 23 %, 968 MiB, 8188 MiB, 37, 8.45 W
2026/09/23 03:40:40.744, NVIDIA GeForce RTX 4060 Ti, 3 %, 963 MiB, 8188 MiB, 37, 7.68 W
2026/09/23 03:40:41.751, NVIDIA GeForce RTX 4060 Ti, 3 %, 967 MiB, 8188 MiB, 37, 6.89 W
2026/09/23 03:40:42.757, NVIDIA GeForce RTX 4060 Ti, 3 %, 967 MiB, 8188 MiB, 37, 7.08 W
2026/09/23 03:40:43.763, NVIDIA GeForce RTX 4060 Ti, 0 %, 963 MiB, 8188 MiB, 38, 20.13 W
2026/09/23 03:40:44.811, NVIDIA GeForce RTX 4060 Ti, 2 %, 963 MiB, 8188 MiB, 38, 29.55 W
2026/09/23 03:40:45.816, NVIDIA GeForce RTX 4060 Ti, 0 %, 967 MiB, 8188 MiB, 38, 29.18 W
2026/09/23 03:40:46.822, NVIDIA GeForce RTX 4060 Ti, 0 %, 963 MiB, 8188 MiB, 37, 17.73 W
2026/09/23 03:40:47.828, NVIDIA GeForce RTX 4060 Ti, 2 %, 963 MiB, 8188 MiB, 37, 8.98 W
2026/09/23 03:40:48.835, NVIDIA GeForce RTX 4060 Ti, 57 %, 967 MiB, 8188 MiB, 37, 7.57 W
2026/09/23 03:40:49.841, NVIDIA GeForce RTX 4060 Ti, 36 %, 967 MiB, 8188 MiB, 37, 11.15 W
2026/09/23 03:40:50.848, NVIDIA GeForce RTX 4060 Ti, 34 %, 963 MiB, 8188 MiB, 37, 12.77 W
2026/09/23 03:40:51.852, NVIDIA GeForce RTX 4060 Ti, 37 %, 963 MiB, 8188 MiB, 37, 12.04 W
2026/09/23 03:40:52.859, NVIDIA GeForce RTX 4060 Ti, 33 %, 967 MiB, 8188 MiB, 37, 12.72 W
2026/09/23 03:40:53.865, NVIDIA GeForce RTX 4060 Ti, 41 %, 967 MiB, 8188 MiB, 37, 10.81 W
2026/09/23 03:40:54.872, NVIDIA GeForce RTX 4060 Ti, 36 %, 963 MiB, 8188 MiB, 37, 11.96 W
2026/09/23 03:40:55.880, NVIDIA GeForce RTX 4060 Ti, 33 %, 963 MiB, 8188 MiB, 37, 12.44 W
2026/09/23 03:40:56.886, NVIDIA GeForce RTX 4060 Ti, 25 %, 968 MiB, 8188 MiB, 37, 13.02 W
2026/09/23 03:40:57.892, NVIDIA GeForce RTX 4060 Ti, 9 %, 968 MiB, 8188 MiB, 39, 32.34 W
2026/09/23 03:40:58.898, NVIDIA GeForce RTX 4060 Ti, 8 %, 968 MiB, 8188 MiB, 39, 32.13 W
2026/09/23 03:40:59.903, NVIDIA GeForce RTX 4060 Ti, 8 %, 964 MiB, 8188 MiB, 39, 32.36 W
2026/09/23 03:41:00.909, NVIDIA GeForce RTX 4060 Ti, 18 %, 968 MiB, 8188 MiB, 38, 18.48 W
2026/09/23 03:41:01.915, NVIDIA GeForce RTX 4060 Ti, 22 %, 968 MiB, 8188 MiB, 37, 13.28 W
2026/09/23 03:41:02.922, NVIDIA GeForce RTX 4060 Ti, 24 %, 963 MiB, 8188 MiB, 37, 12.83 W
2026/09/23 03:41:03.927, NVIDIA GeForce RTX 4060 Ti, 27 %, 964 MiB, 8188 MiB, 37, 12.66 W
2026/09/23 03:41:04.933, NVIDIA GeForce RTX 4060 Ti, 27 %, 968 MiB, 8188 MiB, 37, 12.29 W
2026/09/23 03:41:05.939, NVIDIA GeForce RTX 4060 Ti, 33 %, 968 MiB, 8188 MiB, 37, 9.05 W
2026/09/23 03:41:06.945, NVIDIA GeForce RTX 4060 Ti, 34 %, 963 MiB, 8188 MiB, 37, 8.91 W
2026/09/23 03:41:07.950, NVIDIA GeForce RTX 4060 Ti, 33 %, 969 MiB, 8188 MiB, 37, 8.93 W
2026/09/23 03:41:08.957, NVIDIA GeForce RTX 4060 Ti, 33 %, 971 MiB, 8188 MiB, 37, 8.92 W
2026/09/23 03:41:09.963, NVIDIA GeForce RTX 4060 Ti, 1 %, 971 MiB, 8188 MiB, 37, 8.66 W
2026/09/23 03:41:10.985, NVIDIA GeForce RTX 4060 Ti, 40 %, 971 MiB, 8188 MiB, 37, 7.82 W
2026/09/23 03:41:11.990, NVIDIA GeForce RTX 4060 Ti, 3 %, 967 MiB, 8188 MiB, 37, 7.03 W
2026/09/23 03:41:12.997, NVIDIA GeForce RTX 4060 Ti, 22 %, 971 MiB, 8188 MiB, 37, 6.87 W
2026/09/23 03:41:14.004, NVIDIA GeForce RTX 4060 Ti, 4 %, 967 MiB, 8188 MiB, 37, 7.25 W
2026/09/23 03:41:15.011, NVIDIA GeForce RTX 4060 Ti, 38 %, 963 MiB, 8188 MiB, 37, 8.05 W
2026/09/23 03:41:16.017, NVIDIA GeForce RTX 4060 Ti, 35 %, 963 MiB, 8188 MiB, 37, 8.96 W
2026/09/23 03:41:17.021, NVIDIA GeForce RTX 4060 Ti, 38 %, 967 MiB, 8188 MiB, 37, 8.99 W
2026/09/23 03:41:18.027, NVIDIA GeForce RTX 4060 Ti, 38 %, 968 MiB, 8188 MiB, 37, 9.05 W
2026/09/23 03:41:19.033, NVIDIA GeForce RTX 4060 Ti, 38 %, 963 MiB, 8188 MiB, 37, 9.01 W
2026/09/23 03:41:20.040, NVIDIA GeForce RTX 4060 Ti, 37 %, 963 MiB, 8188 MiB, 37, 9.05 W
2026/09/23 03:41:21.046, NVIDIA GeForce RTX 4060 Ti, 36 %, 967 MiB, 8188 MiB, 37, 8.96 W
2026/09/23 03:41:22.053, NVIDIA GeForce RTX 4060 Ti, 39 %, 967 MiB, 8188 MiB, 37, 9.02 W
2026/09/23 03:41:23.058, NVIDIA GeForce RTX 4060 Ti, 38 %, 963 MiB, 8188 MiB, 37, 8.95 W
2026/09/23 03:41:24.064, NVIDIA GeForce RTX 4060 Ti, 36 %, 963 MiB, 8188 MiB, 37, 8.93 W
2026/09/23 03:41:25.070, NVIDIA GeForce RTX 4060 Ti, 40 %, 967 MiB, 8188 MiB, 37, 8.93 W
2026/09/23 03:41:26.076, NVIDIA GeForce RTX 4060 Ti, 38 %, 967 MiB, 8188 MiB, 37, 8.95 W
2026/09/23 03:41:27.082, NVIDIA GeForce RTX 4060 Ti, 37 %, 963 MiB, 8188 MiB, 37, 8.84 W
2026/09/23 03:41:28.092, NVIDIA GeForce RTX 4060 Ti, 39 %, 963 MiB, 8188 MiB, 37, 8.89 W
2026/09/23 03:41:29.098, NVIDIA GeForce RTX 4060 Ti, 40 %, 967 MiB, 8188 MiB, 37, 8.90 W
2026/09/23 03:41:30.104, NVIDIA GeForce RTX 4060 Ti, 38 %, 967 MiB, 8188 MiB, 37, 8.97 W
2026/09/23 03:41:31.110, NVIDIA GeForce RTX 4060 Ti, 40 %, 963 MiB, 8188 MiB, 37, 8.86 W
2026/09/23 03:41:32.115, NVIDIA GeForce RTX 4060 Ti, 35 %, 963 MiB, 8188 MiB, 37, 8.83 W
2026/09/23 03:41:33.121, NVIDIA GeForce RTX 4060 Ti, 37 %, 967 MiB, 8188 MiB, 37, 8.86 W
2026/09/23 03:41:34.128, NVIDIA GeForce RTX 4060 Ti, 38 %, 967 MiB, 8188 MiB, 37, 8.86 W
2026/09/23 03:41:35.133, NVIDIA GeForce RTX 4060 Ti, 39 %, 963 MiB, 8188 MiB, 37, 8.85 W
2026/09/23 03:41:36.138, NVIDIA GeForce RTX 4060 Ti, 37 %, 963 MiB, 8188 MiB, 37, 8.81 W
2026/09/23 03:41:37.144, NVIDIA GeForce RTX 4060 Ti, 3 %, 967 MiB, 8188 MiB, 37, 8.33 W
2026/09/23 03:41:38.149, NVIDIA GeForce RTX 4060 Ti, 43 %, 967 MiB, 8188 MiB, 37, 7.81 W
2026/09/23 03:41:39.155, NVIDIA GeForce RTX 4060 Ti, 4 %, 963 MiB, 8188 MiB, 36, 6.78 W
2026/09/23 03:41:40.164, NVIDIA GeForce RTX 4060 Ti, 5 %, 963 MiB, 8188 MiB, 36, 6.93 W
2026/09/23 03:41:41.170, NVIDIA GeForce RTX 4060 Ti, 0 %, 967 MiB, 8188 MiB, 37, 15.07 W
2026/09/23 03:41:42.176, NVIDIA GeForce RTX 4060 Ti, 8 %, 968 MiB, 8188 MiB, 38, 31.06 W
2026/09/23 03:41:43.181, NVIDIA GeForce RTX 4060 Ti, 9 %, 962 MiB, 8188 MiB, 38, 32.06 W
2026/09/23 03:41:44.185, NVIDIA GeForce RTX 4060 Ti, 12 %, 963 MiB, 8188 MiB, 38, 30.75 W
2026/09/23 03:41:45.190, NVIDIA GeForce RTX 4060 Ti, 20 %, 967 MiB, 8188 MiB, 37, 13.67 W
2026/09/23 03:41:46.195, NVIDIA GeForce RTX 4060 Ti, 21 %, 967 MiB, 8188 MiB, 37, 12.92 W
2026/09/23 03:41:47.200, NVIDIA GeForce RTX 4060 Ti, 26 %, 963 MiB, 8188 MiB, 37, 12.65 W
2026/09/23 03:41:48.206, NVIDIA GeForce RTX 4060 Ti, 28 %, 963 MiB, 8188 MiB, 37, 12.53 W
2026/09/23 03:41:49.212, NVIDIA GeForce RTX 4060 Ti, 35 %, 967 MiB, 8188 MiB, 37, 11.90 W
2026/09/23 03:41:50.217, NVIDIA GeForce RTX 4060 Ti, 36 %, 967 MiB, 8188 MiB, 37, 8.94 W
2026/09/23 03:41:51.223, NVIDIA GeForce RTX 4060 Ti, 34 %, 963 MiB, 8188 MiB, 37, 8.92 W
2026/09/23 03:41:52.228, NVIDIA GeForce RTX 4060 Ti, 37 %, 963 MiB, 8188 MiB, 37, 8.89 W
2026/09/23 03:41:53.232, NVIDIA GeForce RTX 4060 Ti, 39 %, 967 MiB, 8188 MiB, 37, 8.97 W
2026/09/23 03:41:54.238, NVIDIA GeForce RTX 4060 Ti, 33 %, 967 MiB, 8188 MiB, 37, 8.87 W
2026/09/23 03:41:55.243, NVIDIA GeForce RTX 4060 Ti, 35 %, 963 MiB, 8188 MiB, 37, 8.84 W
2026/09/23 03:41:56.249, NVIDIA GeForce RTX 4060 Ti, 38 %, 963 MiB, 8188 MiB, 37, 8.80 W
2026/09/23 03:41:57.253, NVIDIA GeForce RTX 4060 Ti, 38 %, 967 MiB, 8188 MiB, 37, 8.91 W
2026/09/23 03:41:58.259, NVIDIA GeForce RTX 4060 Ti, 44 %, 967 MiB, 8188 MiB, 37, 9.29 W
2026/09/23 03:41:59.264, NVIDIA GeForce RTX 4060 Ti, 37 %, 963 MiB, 8188 MiB, 37, 12.72 W
2026/09/23 03:42:00.270, NVIDIA GeForce RTX 4060 Ti, 39 %, 963 MiB, 8188 MiB, 37, 12.85 W
2026/09/23 03:42:01.275, NVIDIA GeForce RTX 4060 Ti, 40 %, 967 MiB, 8188 MiB, 37, 12.20 W
2026/09/23 03:42:02.285, NVIDIA GeForce RTX 4060 Ti, 1 %, 967 MiB, 8188 MiB, 36, 11.96 W
2026/09/23 03:42:03.295, NVIDIA GeForce RTX 4060 Ti, 4 %, 963 MiB, 8188 MiB, 38, 24.75 W
2026/09/23 03:42:04.301, NVIDIA GeForce RTX 4060 Ti, 0 %, 963 MiB, 8188 MiB, 38, 28.52 W
2026/09/23 03:42:05.306, NVIDIA GeForce RTX 4060 Ti, 0 %, 967 MiB, 8188 MiB, 38, 28.96 W
2026/09/23 03:42:06.311, NVIDIA GeForce RTX 4060 Ti, 0 %, 967 MiB, 8188 MiB, 38, 26.27 W
2026/09/23 03:42:07.317, NVIDIA GeForce RTX 4060 Ti, 30 %, 963 MiB, 8188 MiB, 37, 12.49 W
2026/09/23 03:42:08.323, NVIDIA GeForce RTX 4060 Ti, 31 %, 963 MiB, 8188 MiB, 37, 12.64 W
2026/09/23 03:42:09.327, NVIDIA GeForce RTX 4060 Ti, 32 %, 967 MiB, 8188 MiB, 37, 12.60 W
2026/09/23 03:42:10.337, NVIDIA GeForce RTX 4060 Ti, 37 %, 967 MiB, 8188 MiB, 37, 10.35 W
2026/09/23 03:42:11.355, NVIDIA GeForce RTX 4060 Ti, 38 %, 969 MiB, 8188 MiB, 37, 9.01 W
2026/09/23 03:42:12.365, NVIDIA GeForce RTX 4060 Ti, 38 %, 963 MiB, 8188 MiB, 37, 9.01 W
2026/09/23 03:42:13.370, NVIDIA GeForce RTX 4060 Ti, 36 %, 968 MiB, 8188 MiB, 37, 8.93 W
2026/09/23 03:42:14.384, NVIDIA GeForce RTX 4060 Ti, 32 %, 968 MiB, 8188 MiB, 37, 8.98 W
2026/09/23 03:42:15.390, NVIDIA GeForce RTX 4060 Ti, 35 %, 964 MiB, 8188 MiB, 37, 8.94 W
2026/09/23 03:42:16.411, NVIDIA GeForce RTX 4060 Ti, 37 %, 964 MiB, 8188 MiB, 37, 8.93 W
2026/09/23 03:42:17.417, NVIDIA GeForce RTX 4060 Ti, 38 %, 968 MiB, 8188 MiB, 37, 8.95 W
2026/09/23 03:42:18.422, NVIDIA GeForce RTX 4060 Ti, 40 %, 968 MiB, 8188 MiB, 37, 8.98 W
2026/09/23 03:42:19.430, NVIDIA GeForce RTX 4060 Ti, 40 %, 963 MiB, 8188 MiB, 37, 8.89 W
2026/09/23 03:42:20.435, NVIDIA GeForce RTX 4060 Ti, 39 %, 963 MiB, 8188 MiB, 37, 8.85 W
2026/09/23 03:42:21.446, NVIDIA GeForce RTX 4060 Ti, 36 %, 967 MiB, 8188 MiB, 37, 8.96 W
2026/09/23 03:42:22.456, NVIDIA GeForce RTX 4060 Ti, 36 %, 967 MiB, 8188 MiB, 37, 8.86 W
2026/09/23 03:42:23.462, NVIDIA GeForce RTX 4060 Ti, 34 %, 968 MiB, 8188 MiB, 36, 8.85 W
2026/09/23 03:42:24.466, NVIDIA GeForce RTX 4060 Ti, 36 %, 968 MiB, 8188 MiB, 36, 8.93 W
2026/09/23 03:42:25.472, NVIDIA GeForce RTX 4060 Ti, 37 %, 968 MiB, 8188 MiB, 36, 9.90 W
2026/09/23 03:42:26.478, NVIDIA GeForce RTX 4060 Ti, 34 %, 968 MiB, 8188 MiB, 37, 12.43 W
2026/09/23 03:42:27.483, NVIDIA GeForce RTX 4060 Ti, 34 %, 963 MiB, 8188 MiB, 37, 10.83 W
2026/09/23 03:42:28.488, NVIDIA GeForce RTX 4060 Ti, 39 %, 963 MiB, 8188 MiB, 36, 8.89 W
2026/09/23 03:42:29.495, NVIDIA GeForce RTX 4060 Ti, 24 %, 967 MiB, 8188 MiB, 36, 8.82 W
2026/09/23 03:42:30.501, NVIDIA GeForce RTX 4060 Ti, 2 %, 967 MiB, 8188 MiB, 36, 7.74 W
2026/09/23 03:42:31.512, NVIDIA GeForce RTX 4060 Ti, 2 %, 963 MiB, 8188 MiB, 36, 7.09 W
2026/09/23 03:42:32.540, NVIDIA GeForce RTX 4060 Ti, 3 %, 963 MiB, 8188 MiB, 36, 6.76 W
2026/09/23 03:42:33.556, NVIDIA GeForce RTX 4060 Ti, 15 %, 967 MiB, 8188 MiB, 36, 7.07 W
2026/09/23 03:42:34.561, NVIDIA GeForce RTX 4060 Ti, 53 %, 967 MiB, 8188 MiB, 36, 7.35 W
2026/09/23 03:42:35.573, NVIDIA GeForce RTX 4060 Ti, 38 %, 963 MiB, 8188 MiB, 36, 8.76 W
2026/09/23 03:42:36.579, NVIDIA GeForce RTX 4060 Ti, 40 %, 963 MiB, 8188 MiB, 36, 8.79 W
2026/09/23 03:42:37.588, NVIDIA GeForce RTX 4060 Ti, 35 %, 967 MiB, 8188 MiB, 36, 8.94 W
2026/09/23 03:42:38.593, NVIDIA GeForce RTX 4060 Ti, 41 %, 967 MiB, 8188 MiB, 36, 8.90 W
2026/09/23 03:42:39.598, NVIDIA GeForce RTX 4060 Ti, 36 %, 963 MiB, 8188 MiB, 36, 8.85 W
2026/09/23 03:42:40.604, NVIDIA GeForce RTX 4060 Ti, 34 %, 963 MiB, 8188 MiB, 36, 10.73 W
2026/09/23 03:42:41.610, NVIDIA GeForce RTX 4060 Ti, 32 %, 967 MiB, 8188 MiB, 36, 12.49 W
2026/09/23 03:42:42.615, NVIDIA GeForce RTX 4060 Ti, 34 %, 967 MiB, 8188 MiB, 36, 11.20 W
2026/09/23 03:42:43.626, NVIDIA GeForce RTX 4060 Ti, 34 %, 963 MiB, 8188 MiB, 36, 12.40 W
2026/09/23 03:42:44.631, NVIDIA GeForce RTX 4060 Ti, 39 %, 963 MiB, 8188 MiB, 36, 10.55 W
2026/09/23 03:42:45.636, NVIDIA GeForce RTX 4060 Ti, 39 %, 967 MiB, 8188 MiB, 36, 8.93 W
2026/09/23 03:42:46.643, NVIDIA GeForce RTX 4060 Ti, 41 %, 967 MiB, 8188 MiB, 36, 8.88 W
2026/09/23 03:42:47.649, NVIDIA GeForce RTX 4060 Ti, 39 %, 963 MiB, 8188 MiB, 36, 8.86 W
2026/09/23 03:42:48.656, NVIDIA GeForce RTX 4060 Ti, 35 %, 963 MiB, 8188 MiB, 36, 8.86 W
2026/09/23 03:42:49.661, NVIDIA GeForce RTX 4060 Ti, 34 %, 967 MiB, 8188 MiB, 36, 10.53 W
2026/09/23 03:42:50.668, NVIDIA GeForce RTX 4060 Ti, 29 %, 967 MiB, 8188 MiB, 36, 12.34 W
2026/09/23 03:42:51.674, NVIDIA GeForce RTX 4060 Ti, 36 %, 968 MiB, 8188 MiB, 36, 10.20 W
2026/09/23 03:42:52.681, NVIDIA GeForce RTX 4060 Ti, 38 %, 968 MiB, 8188 MiB, 36, 8.91 W
2026/09/23 03:42:53.687, NVIDIA GeForce RTX 4060 Ti, 39 %, 968 MiB, 8188 MiB, 36, 8.93 W
2026/09/23 03:42:54.694, NVIDIA GeForce RTX 4060 Ti, 42 %, 968 MiB, 8188 MiB, 36, 9.27 W
2026/09/23 03:42:55.699, NVIDIA GeForce RTX 4060 Ti, 31 %, 964 MiB, 8188 MiB, 36, 12.42 W
2026/09/23 03:42:56.705, NVIDIA GeForce RTX 4060 Ti, 41 %, 964 MiB, 8188 MiB, 36, 11.51 W
2026/09/23 03:42:57.711, NVIDIA GeForce RTX 4060 Ti, 1 %, 968 MiB, 8188 MiB, 36, 8.52 W
2026/09/23 03:42:58.723, NVIDIA GeForce RTX 4060 Ti, 23 %, 968 MiB, 8188 MiB, 36, 7.53 W
2026/09/23 03:42:59.729, NVIDIA GeForce RTX 4060 Ti, 3 %, 964 MiB, 8188 MiB, 36, 6.79 W
2026/09/23 03:43:00.735, NVIDIA GeForce RTX 4060 Ti, 4 %, 964 MiB, 8188 MiB, 36, 6.88 W
2026/09/23 03:43:01.741, NVIDIA GeForce RTX 4060 Ti, 5 %, 968 MiB, 8188 MiB, 36, 6.87 W
2026/09/23 03:43:02.748, NVIDIA GeForce RTX 4060 Ti, 3 %, 988 MiB, 8188 MiB, 36, 7.84 W
2026/09/23 03:43:03.754, NVIDIA GeForce RTX 4060 Ti, 3 %, 983 MiB, 8188 MiB, 36, 7.38 W
2026/09/23 03:43:04.761, NVIDIA GeForce RTX 4060 Ti, 0 %, 983 MiB, 8188 MiB, 37, 23.29 W
2026/09/23 03:43:05.768, NVIDIA GeForce RTX 4060 Ti, 0 %, 987 MiB, 8188 MiB, 37, 28.61 W
2026/09/23 03:43:06.773, NVIDIA GeForce RTX 4060 Ti, 0 %, 987 MiB, 8188 MiB, 37, 28.92 W
2026/09/23 03:43:07.781, NVIDIA GeForce RTX 4060 Ti, 18 %, 983 MiB, 8188 MiB, 36, 18.99 W
2026/09/23 03:43:08.788, NVIDIA GeForce RTX 4060 Ti, 27 %, 983 MiB, 8188 MiB, 36, 13.39 W
2026/09/23 03:43:09.796, NVIDIA GeForce RTX 4060 Ti, 34 %, 987 MiB, 8188 MiB, 36, 13.39 W
2026/09/23 03:43:10.803, NVIDIA GeForce RTX 4060 Ti, 34 %, 987 MiB, 8188 MiB, 36, 13.11 W
2026/09/23 03:43:11.810, NVIDIA GeForce RTX 4060 Ti, 40 %, 983 MiB, 8188 MiB, 36, 9.79 W
2026/09/23 03:43:12.816, NVIDIA GeForce RTX 4060 Ti, 32 %, 987 MiB, 8188 MiB, 36, 9.48 W
2026/09/23 03:43:13.822, NVIDIA GeForce RTX 4060 Ti, 26 %, 987 MiB, 8188 MiB, 36, 11.57 W
2026/09/23 03:43:14.829, NVIDIA GeForce RTX 4060 Ti, 31 %, 983 MiB, 8188 MiB, 36, 12.87 W
2026/09/23 03:43:15.839, NVIDIA GeForce RTX 4060 Ti, 9 %, 983 MiB, 8188 MiB, 38, 29.67 W
2026/09/23 03:43:16.845, NVIDIA GeForce RTX 4060 Ti, 10 %, 987 MiB, 8188 MiB, 38, 32.92 W
2026/09/23 03:43:17.852, NVIDIA GeForce RTX 4060 Ti, 8 %, 992 MiB, 8188 MiB, 38, 32.97 W
2026/09/23 03:43:18.859, NVIDIA GeForce RTX 4060 Ti, 21 %, 988 MiB, 8188 MiB, 37, 20.28 W
2026/09/23 03:43:19.867, NVIDIA GeForce RTX 4060 Ti, 24 %, 988 MiB, 8188 MiB, 36, 13.93 W
2026/09/23 03:43:20.873, NVIDIA GeForce RTX 4060 Ti, 27 %, 994 MiB, 8188 MiB, 36, 13.86 W
2026/09/23 03:43:21.881, NVIDIA GeForce RTX 4060 Ti, 28 %, 997 MiB, 8188 MiB, 36, 13.81 W
2026/09/23 03:43:22.886, NVIDIA GeForce RTX 4060 Ti, 23 %, 998 MiB, 8188 MiB, 36, 13.46 W
2026/09/23 03:43:23.895, NVIDIA GeForce RTX 4060 Ti, 31 %, 998 MiB, 8188 MiB, 36, 12.84 W
2026/09/23 03:43:24.903, NVIDIA GeForce RTX 4060 Ti, 33 %, 998 MiB, 8188 MiB, 36, 9.53 W
2026/09/23 03:43:25.911, NVIDIA GeForce RTX 4060 Ti, 33 %, 997 MiB, 8188 MiB, 36, 9.62 W
2026/09/23 03:43:26.920, NVIDIA GeForce RTX 4060 Ti, 38 %, 993 MiB, 8188 MiB, 36, 9.64 W
2026/09/23 03:43:27.929, NVIDIA GeForce RTX 4060 Ti, 40 %, 989 MiB, 8188 MiB, 36, 9.42 W
2026/09/23 03:43:28.938, NVIDIA GeForce RTX 4060 Ti, 42 %, 993 MiB, 8188 MiB, 36, 9.48 W
2026/09/23 03:43:29.948, NVIDIA GeForce RTX 4060 Ti, 42 %, 992 MiB, 8188 MiB, 36, 9.67 W
2026/09/23 03:43:30.956, NVIDIA GeForce RTX 4060 Ti, 44 %, 986 MiB, 8188 MiB, 36, 9.78 W
2026/09/23 03:43:31.967, NVIDIA GeForce RTX 4060 Ti, 33 %, 986 MiB, 8188 MiB, 36, 9.67 W
2026/09/23 03:43:32.973, NVIDIA GeForce RTX 4060 Ti, 40 %, 991 MiB, 8188 MiB, 36, 9.62 W
2026/09/23 03:43:33.978, NVIDIA GeForce RTX 4060 Ti, 41 %, 991 MiB, 8188 MiB, 36, 11.11 W
2026/09/23 03:43:34.986, NVIDIA GeForce RTX 4060 Ti, 29 %, 987 MiB, 8188 MiB, 36, 10.05 W
2026/09/23 03:43:36.000, NVIDIA GeForce RTX 4060 Ti, 7 %, 987 MiB, 8188 MiB, 36, 14.02 W
2026/09/23 03:43:37.005, NVIDIA GeForce RTX 4060 Ti, 0 %, 991 MiB, 8188 MiB, 37, 29.25 W
2026/09/23 03:43:38.011, NVIDIA GeForce RTX 4060 Ti, 0 %, 991 MiB, 8188 MiB, 37, 28.64 W
2026/09/23 03:43:39.017, NVIDIA GeForce RTX 4060 Ti, 0 %, 987 MiB, 8188 MiB, 37, 29.06 W
2026/09/23 03:43:40.023, NVIDIA GeForce RTX 4060 Ti, 20 %, 987 MiB, 8188 MiB, 36, 14.83 W
2026/09/23 03:43:41.030, NVIDIA GeForce RTX 4060 Ti, 26 %, 990 MiB, 8188 MiB, 36, 13.63 W
2026/09/23 03:43:42.037, NVIDIA GeForce RTX 4060 Ti, 28 %, 990 MiB, 8188 MiB, 36, 13.18 W
2026/09/23 03:43:43.043, NVIDIA GeForce RTX 4060 Ti, 37 %, 986 MiB, 8188 MiB, 36, 12.81 W
2026/09/23 03:43:44.054, NVIDIA GeForce RTX 4060 Ti, 41 %, 986 MiB, 8188 MiB, 36, 9.66 W
2026/09/23 03:43:45.062, NVIDIA GeForce RTX 4060 Ti, 44 %, 990 MiB, 8188 MiB, 36, 9.84 W
2026/09/23 03:43:46.070, NVIDIA GeForce RTX 4060 Ti, 38 %, 990 MiB, 8188 MiB, 36, 13.05 W
2026/09/23 03:43:47.077, NVIDIA GeForce RTX 4060 Ti, 43 %, 986 MiB, 8188 MiB, 36, 12.10 W
2026/09/23 03:43:48.086, NVIDIA GeForce RTX 4060 Ti, 37 %, 986 MiB, 8188 MiB, 36, 9.53 W
2026/09/23 03:43:49.093, NVIDIA GeForce RTX 4060 Ti, 37 %, 990 MiB, 8188 MiB, 37, 11.06 W
2026/09/23 03:43:50.101, NVIDIA GeForce RTX 4060 Ti, 5 %, 990 MiB, 8188 MiB, 38, 31.52 W
2026/09/23 03:43:51.109, NVIDIA GeForce RTX 4060 Ti, 11 %, 986 MiB, 8188 MiB, 38, 32.74 W
2026/09/23 03:43:52.116, NVIDIA GeForce RTX 4060 Ti, 11 %, 991 MiB, 8188 MiB, 38, 32.29 W
2026/09/23 03:43:53.123, NVIDIA GeForce RTX 4060 Ti, 19 %, 991 MiB, 8188 MiB, 36, 15.28 W
2026/09/23 03:43:54.144, NVIDIA GeForce RTX 4060 Ti, 26 %, 991 MiB, 8188 MiB, 36, 13.86 W
2026/09/23 03:43:55.158, NVIDIA GeForce RTX 4060 Ti, 29 %, 991 MiB, 8188 MiB, 36, 13.50 W
2026/09/23 03:43:56.165, NVIDIA GeForce RTX 4060 Ti, 28 %, 986 MiB, 8188 MiB, 36, 13.59 W
2026/09/23 03:43:57.178, NVIDIA GeForce RTX 4060 Ti, 32 %, 992 MiB, 8188 MiB, 36, 13.30 W
2026/09/23 03:43:58.184, NVIDIA GeForce RTX 4060 Ti, 33 %, 992 MiB, 8188 MiB, 36, 13.12 W
2026/09/23 03:43:59.190, NVIDIA GeForce RTX 4060 Ti, 39 %, 992 MiB, 8188 MiB, 36, 11.02 W
2026/09/23 03:44:00.196, NVIDIA GeForce RTX 4060 Ti, 32 %, 987 MiB, 8188 MiB, 36, 10.93 W
2026/09/23 03:44:01.204, NVIDIA GeForce RTX 4060 Ti, 38 %, 992 MiB, 8188 MiB, 36, 13.04 W
2026/09/23 03:44:02.211, NVIDIA GeForce RTX 4060 Ti, 43 %, 992 MiB, 8188 MiB, 36, 11.18 W
2026/09/23 03:44:03.222, NVIDIA GeForce RTX 4060 Ti, 39 %, 986 MiB, 8188 MiB, 36, 12.96 W
2026/09/23 03:44:04.230, NVIDIA GeForce RTX 4060 Ti, 40 %, 991 MiB, 8188 MiB, 36, 12.02 W
2026/09/23 03:44:05.241, NVIDIA GeForce RTX 4060 Ti, 34 %, 991 MiB, 8188 MiB, 36, 7.76 W
2026/09/23 03:44:06.251, NVIDIA GeForce RTX 4060 Ti, 39 %, 991 MiB, 8188 MiB, 36, 7.84 W
2026/09/23 03:44:07.256, NVIDIA GeForce RTX 4060 Ti, 4 %, 991 MiB, 8188 MiB, 36, 6.85 W
2026/09/23 03:44:08.262, NVIDIA GeForce RTX 4060 Ti, 46 %, 986 MiB, 8188 MiB, 36, 7.26 W
2026/09/23 03:44:09.269, NVIDIA GeForce RTX 4060 Ti, 31 %, 990 MiB, 8188 MiB, 36, 7.28 W
2026/09/23 03:44:10.276, NVIDIA GeForce RTX 4060 Ti, 46 %, 990 MiB, 8188 MiB, 36, 8.25 W
2026/09/23 03:44:11.285, NVIDIA GeForce RTX 4060 Ti, 11 %, 985 MiB, 8188 MiB, 37, 19.84 W
2026/09/23 03:44:12.290, NVIDIA GeForce RTX 4060 Ti, 8 %, 985 MiB, 8188 MiB, 37, 32.70 W
2026/09/23 03:44:13.301, NVIDIA GeForce RTX 4060 Ti, 10 %, 989 MiB, 8188 MiB, 38, 32.98 W
2026/09/23 03:44:14.311, NVIDIA GeForce RTX 4060 Ti, 10 %, 989 MiB, 8188 MiB, 38, 29.14 W
2026/09/23 03:44:15.317, NVIDIA GeForce RTX 4060 Ti, 18 %, 985 MiB, 8188 MiB, 36, 13.94 W
2026/09/23 03:44:16.333, NVIDIA GeForce RTX 4060 Ti, 21 %, 985 MiB, 8188 MiB, 36, 13.67 W
2026/09/23 03:44:17.339, NVIDIA GeForce RTX 4060 Ti, 26 %, 989 MiB, 8188 MiB, 36, 13.47 W
2026/09/23 03:44:18.347, NVIDIA GeForce RTX 4060 Ti, 31 %, 989 MiB, 8188 MiB, 36, 13.39 W
2026/09/23 03:44:19.353, NVIDIA GeForce RTX 4060 Ti, 34 %, 985 MiB, 8188 MiB, 36, 13.09 W
2026/09/23 03:44:20.362, NVIDIA GeForce RTX 4060 Ti, 37 %, 985 MiB, 8188 MiB, 36, 11.74 W
2026/09/23 03:44:21.369, NVIDIA GeForce RTX 4060 Ti, 8 %, 989 MiB, 8188 MiB, 38, 30.21 W
2026/09/23 03:44:22.375, NVIDIA GeForce RTX 4060 Ti, 9 %, 989 MiB, 8188 MiB, 38, 32.80 W
2026/09/23 03:44:23.380, NVIDIA GeForce RTX 4060 Ti, 9 %, 984 MiB, 8188 MiB, 38, 33.06 W
2026/09/23 03:44:24.385, NVIDIA GeForce RTX 4060 Ti, 19 %, 984 MiB, 8188 MiB, 38, 29.09 W
2026/09/23 03:44:25.392, NVIDIA GeForce RTX 4060 Ti, 22 %, 989 MiB, 8188 MiB, 37, 14.11 W
2026/09/23 03:44:26.399, NVIDIA GeForce RTX 4060 Ti, 22 %, 990 MiB, 8188 MiB, 36, 13.63 W
2026/09/23 03:44:27.406, NVIDIA GeForce RTX 4060 Ti, 29 %, 985 MiB, 8188 MiB, 36, 13.58 W
2026/09/23 03:44:28.414, NVIDIA GeForce RTX 4060 Ti, 27 %, 985 MiB, 8188 MiB, 36, 13.42 W
2026/09/23 03:44:29.419, NVIDIA GeForce RTX 4060 Ti, 35 %, 989 MiB, 8188 MiB, 36, 13.36 W
2026/09/23 03:44:30.426, NVIDIA GeForce RTX 4060 Ti, 35 %, 989 MiB, 8188 MiB, 36, 12.30 W
2026/09/23 03:44:31.434, NVIDIA GeForce RTX 4060 Ti, 34 %, 985 MiB, 8188 MiB, 36, 9.50 W
2026/09/23 03:44:32.443, NVIDIA GeForce RTX 4060 Ti, 9 %, 985 MiB, 8188 MiB, 38, 31.05 W
2026/09/23 03:44:33.449, NVIDIA GeForce RTX 4060 Ti, 4 %, 989 MiB, 8188 MiB, 38, 31.75 W
2026/09/23 03:44:34.456, NVIDIA GeForce RTX 4060 Ti, 6 %, 989 MiB, 8188 MiB, 37, 29.98 W
2026/09/23 03:44:35.462, NVIDIA GeForce RTX 4060 Ti, 0 %, 985 MiB, 8188 MiB, 37, 24.58 W
2026/09/23 03:44:36.469, NVIDIA GeForce RTX 4060 Ti, 21 %, 985 MiB, 8188 MiB, 36, 10.69 W
2026/09/23 03:44:37.475, NVIDIA GeForce RTX 4060 Ti, 29 %, 989 MiB, 8188 MiB, 36, 8.47 W
2026/09/23 03:44:38.482, NVIDIA GeForce RTX 4060 Ti, 49 %, 1009 MiB, 8188 MiB, 36, 7.92 W
2026/09/23 03:44:39.490, NVIDIA GeForce RTX 4060 Ti, 40 %, 1004 MiB, 8188 MiB, 36, 11.54 W
2026/09/23 03:44:40.495, NVIDIA GeForce RTX 4060 Ti, 6 %, 1004 MiB, 8188 MiB, 38, 32.32 W
2026/09/23 03:44:41.501, NVIDIA GeForce RTX 4060 Ti, 7 %, 1009 MiB, 8188 MiB, 38, 32.37 W
2026/09/23 03:44:42.510, NVIDIA GeForce RTX 4060 Ti, 7 %, 1009 MiB, 8188 MiB, 38, 32.32 W
2026/09/23 03:44:43.516, NVIDIA GeForce RTX 4060 Ti, 15 %, 1004 MiB, 8188 MiB, 38, 25.25 W
2026/09/23 03:44:44.525, NVIDIA GeForce RTX 4060 Ti, 19 %, 1004 MiB, 8188 MiB, 37, 13.20 W
2026/09/23 03:44:45.531, NVIDIA GeForce RTX 4060 Ti, 21 %, 1009 MiB, 8188 MiB, 37, 13.13 W
2026/09/23 03:44:46.538, NVIDIA GeForce RTX 4060 Ti, 25 %, 1009 MiB, 8188 MiB, 36, 13.02 W
2026/09/23 03:44:47.548, NVIDIA GeForce RTX 4060 Ti, 32 %, 1004 MiB, 8188 MiB, 36, 10.49 W
2026/09/23 03:44:48.554, NVIDIA GeForce RTX 4060 Ti, 28 %, 1004 MiB, 8188 MiB, 36, 9.42 W
2026/09/23 03:44:49.561, NVIDIA GeForce RTX 4060 Ti, 34 %, 1009 MiB, 8188 MiB, 36, 9.49 W
2026/09/23 03:44:50.569, NVIDIA GeForce RTX 4060 Ti, 34 %, 1009 MiB, 8188 MiB, 36, 9.51 W
2026/09/23 03:44:51.578, NVIDIA GeForce RTX 4060 Ti, 36 %, 1004 MiB, 8188 MiB, 36, 9.46 W
2026/09/23 03:44:52.588, NVIDIA GeForce RTX 4060 Ti, 42 %, 1009 MiB, 8188 MiB, 36, 9.21 W
2026/09/23 03:44:53.597, NVIDIA GeForce RTX 4060 Ti, 38 %, 1009 MiB, 8188 MiB, 36, 9.61 W
2026/09/23 03:44:54.605, NVIDIA GeForce RTX 4060 Ti, 42 %, 1009 MiB, 8188 MiB, 36, 9.48 W
2026/09/23 03:44:55.613, NVIDIA GeForce RTX 4060 Ti, 36 %, 1005 MiB, 8188 MiB, 36, 9.48 W
2026/09/23 03:44:56.620, NVIDIA GeForce RTX 4060 Ti, 32 %, 1005 MiB, 8188 MiB, 36, 9.40 W
2026/09/23 03:44:57.627, NVIDIA GeForce RTX 4060 Ti, 36 %, 1009 MiB, 8188 MiB, 36, 9.52 W
2026/09/23 03:44:58.635, NVIDIA GeForce RTX 4060 Ti, 35 %, 1009 MiB, 8188 MiB, 37, 12.10 W
2026/09/23 03:44:59.647, NVIDIA GeForce RTX 4060 Ti, 10 %, 1005 MiB, 8188 MiB, 38, 32.69 W
2026/09/23 03:45:00.656, NVIDIA GeForce RTX 4060 Ti, 9 %, 1005 MiB, 8188 MiB, 38, 32.84 W
2026/09/23 03:45:01.663, NVIDIA GeForce RTX 4060 Ti, 10 %, 1009 MiB, 8188 MiB, 38, 33.05 W
2026/09/23 03:45:02.669, NVIDIA GeForce RTX 4060 Ti, 21 %, 1010 MiB, 8188 MiB, 37, 24.32 W
2026/09/23 03:45:03.675, NVIDIA GeForce RTX 4060 Ti, 22 %, 1010 MiB, 8188 MiB, 37, 13.77 W
2026/09/23 03:45:04.681, NVIDIA GeForce RTX 4060 Ti, 20 %, 1004 MiB, 8188 MiB, 36, 13.43 W
2026/09/23 03:45:05.690, NVIDIA GeForce RTX 4060 Ti, 25 %, 1009 MiB, 8188 MiB, 36, 13.28 W
2026/09/23 03:45:06.696, NVIDIA GeForce RTX 4060 Ti, 30 %, 1009 MiB, 8188 MiB, 36, 12.99 W
2026/09/23 03:45:07.702, NVIDIA GeForce RTX 4060 Ti, 10 %, 1005 MiB, 8188 MiB, 38, 27.44 W
2026/09/23 03:45:08.712, NVIDIA GeForce RTX 4060 Ti, 10 %, 1005 MiB, 8188 MiB, 38, 32.85 W
2026/09/23 03:45:09.721, NVIDIA GeForce RTX 4060 Ti, 0 %, 1010 MiB, 8188 MiB, 38, 31.70 W
2026/09/23 03:45:10.728, NVIDIA GeForce RTX 4060 Ti, 13 %, 1010 MiB, 8188 MiB, 37, 20.28 W
2026/09/23 03:45:11.735, NVIDIA GeForce RTX 4060 Ti, 2 %, 1004 MiB, 8188 MiB, 36, 10.52 W
2026/09/23 03:45:12.741, NVIDIA GeForce RTX 4060 Ti, 25 %, 1004 MiB, 8188 MiB, 36, 8.04 W
2026/09/23 03:45:13.751, NVIDIA GeForce RTX 4060 Ti, 34 %, 1009 MiB, 8188 MiB, 36, 7.47 W
2026/09/23 03:45:14.757, NVIDIA GeForce RTX 4060 Ti, 46 %, 1009 MiB, 8188 MiB, 36, 7.75 W
2026/09/23 03:45:15.764, NVIDIA GeForce RTX 4060 Ti, 37 %, 1005 MiB, 8188 MiB, 36, 9.28 W
2026/09/23 03:45:16.771, NVIDIA GeForce RTX 4060 Ti, 9 %, 1005 MiB, 8188 MiB, 38, 24.73 W
2026/09/23 03:45:17.779, NVIDIA GeForce RTX 4060 Ti, 8 %, 1009 MiB, 8188 MiB, 38, 32.53 W
2026/09/23 03:45:18.784, NVIDIA GeForce RTX 4060 Ti, 10 %, 1009 MiB, 8188 MiB, 38, 32.70 W
2026/09/23 03:45:19.789, NVIDIA GeForce RTX 4060 Ti, 20 %, 1004 MiB, 8188 MiB, 37, 20.81 W
2026/09/23 03:45:20.796, NVIDIA GeForce RTX 4060 Ti, 25 %, 1004 MiB, 8188 MiB, 37, 13.51 W
2026/09/23 03:45:21.803, NVIDIA GeForce RTX 4060 Ti, 27 %, 1009 MiB, 8188 MiB, 37, 13.50 W
2026/09/23 03:45:22.809, NVIDIA GeForce RTX 4060 Ti, 23 %, 1009 MiB, 8188 MiB, 37, 13.10 W
2026/09/23 03:45:23.814, NVIDIA GeForce RTX 4060 Ti, 25 %, 1004 MiB, 8188 MiB, 36, 13.01 W
2026/09/23 03:45:24.821, NVIDIA GeForce RTX 4060 Ti, 29 %, 1009 MiB, 8188 MiB, 36, 12.93 W
2026/09/23 03:45:25.833, NVIDIA GeForce RTX 4060 Ti, 38 %, 1009 MiB, 8188 MiB, 36, 10.24 W
2026/09/23 03:45:26.840, NVIDIA GeForce RTX 4060 Ti, 34 %, 1009 MiB, 8188 MiB, 36, 9.31 W
2026/09/23 03:45:27.847, NVIDIA GeForce RTX 4060 Ti, 10 %, 1004 MiB, 8188 MiB, 38, 27.86 W
2026/09/23 03:45:28.866, NVIDIA GeForce RTX 4060 Ti, 10 %, 1009 MiB, 8188 MiB, 38, 32.96 W
2026/09/23 03:45:29.872, NVIDIA GeForce RTX 4060 Ti, 8 %, 1009 MiB, 8188 MiB, 38, 33.11 W
2026/09/23 03:45:30.882, NVIDIA GeForce RTX 4060 Ti, 16 %, 1004 MiB, 8188 MiB, 37, 20.98 W
2026/09/23 03:45:31.887, NVIDIA GeForce RTX 4060 Ti, 21 %, 1010 MiB, 8188 MiB, 37, 13.80 W
2026/09/23 03:45:32.897, NVIDIA GeForce RTX 4060 Ti, 23 %, 1010 MiB, 8188 MiB, 37, 13.40 W
2026/09/23 03:45:33.910, NVIDIA GeForce RTX 4060 Ti, 26 %, 1010 MiB, 8188 MiB, 37, 12.92 W
2026/09/23 03:45:34.924, NVIDIA GeForce RTX 4060 Ti, 30 %, 1011 MiB, 8188 MiB, 36, 12.25 W
2026/09/23 03:45:35.930, NVIDIA GeForce RTX 4060 Ti, 35 %, 1011 MiB, 8188 MiB, 36, 9.23 W
2026/09/23 03:45:36.938, NVIDIA GeForce RTX 4060 Ti, 36 %, 1010 MiB, 8188 MiB, 36, 9.45 W
2026/09/23 03:45:37.945, NVIDIA GeForce RTX 4060 Ti, 39 %, 1010 MiB, 8188 MiB, 36, 9.41 W
2026/09/23 03:45:38.952, NVIDIA GeForce RTX 4060 Ti, 33 %, 1006 MiB, 8188 MiB, 36, 9.23 W
2026/09/23 03:45:39.960, NVIDIA GeForce RTX 4060 Ti, 35 %, 1006 MiB, 8188 MiB, 36, 9.33 W
2026/09/23 03:45:40.970, NVIDIA GeForce RTX 4060 Ti, 37 %, 1010 MiB, 8188 MiB, 36, 9.35 W
2026/09/23 03:45:41.979, NVIDIA GeForce RTX 4060 Ti, 35 %, 1010 MiB, 8188 MiB, 36, 9.42 W
2026/09/23 03:45:42.986, NVIDIA GeForce RTX 4060 Ti, 36 %, 1005 MiB, 8188 MiB, 36, 9.28 W
2026/09/23 03:45:43.994, NVIDIA GeForce RTX 4060 Ti, 8 %, 1005 MiB, 8188 MiB, 37, 19.34 W
2026/09/23 03:45:45.001, NVIDIA GeForce RTX 4060 Ti, 7 %, 1009 MiB, 8188 MiB, 38, 32.11 W
2026/09/23 03:45:46.008, NVIDIA GeForce RTX 4060 Ti, 9 %, 1009 MiB, 8188 MiB, 38, 31.81 W
2026/09/23 03:45:47.015, NVIDIA GeForce RTX 4060 Ti, 5 %, 1004 MiB, 8188 MiB, 38, 29.35 W
2026/09/23 03:45:48.021, NVIDIA GeForce RTX 4060 Ti, 1 %, 1004 MiB, 8188 MiB, 37, 13.52 W
2026/09/23 03:45:49.027, NVIDIA GeForce RTX 4060 Ti, 2 %, 1009 MiB, 8188 MiB, 36, 8.97 W
2026/09/23 03:45:50.034, NVIDIA GeForce RTX 4060 Ti, 4 %, 1009 MiB, 8188 MiB, 36, 7.19 W
2026/09/23 03:45:51.041, NVIDIA GeForce RTX 4060 Ti, 4 %, 1004 MiB, 8188 MiB, 36, 9.46 W
2026/09/23 03:45:52.047, NVIDIA GeForce RTX 4060 Ti, 7 %, 952 MiB, 8188 MiB, 38, 31.21 W
2026/09/23 03:45:53.055, NVIDIA GeForce RTX 4060 Ti, 7 %, 957 MiB, 8188 MiB, 38, 31.94 W
2026/09/23 03:45:54.061, NVIDIA GeForce RTX 4060 Ti, 6 %, 957 MiB, 8188 MiB, 38, 31.93 W
2026/09/23 03:45:55.071, NVIDIA GeForce RTX 4060 Ti, 19 %, 953 MiB, 8188 MiB, 37, 17.12 W
2026/09/23 03:45:56.079, NVIDIA GeForce RTX 4060 Ti, 17 %, 952 MiB, 8188 MiB, 37, 13.14 W
2026/09/23 03:45:57.085, NVIDIA GeForce RTX 4060 Ti, 23 %, 957 MiB, 8188 MiB, 37, 12.84 W
2026/09/23 03:45:58.104, NVIDIA GeForce RTX 4060 Ti, 25 %, 957 MiB, 8188 MiB, 37, 12.76 W
2026/09/23 03:45:59.110, NVIDIA GeForce RTX 4060 Ti, 33 %, 952 MiB, 8188 MiB, 37, 12.66 W
2026/09/23 03:46:00.117, NVIDIA GeForce RTX 4060 Ti, 37 %, 952 MiB, 8188 MiB, 36, 9.43 W
2026/09/23 03:46:01.127, NVIDIA GeForce RTX 4060 Ti, 41 %, 957 MiB, 8188 MiB, 36, 9.09 W
2026/09/23 03:46:02.142, NVIDIA GeForce RTX 4060 Ti, 40 %, 957 MiB, 8188 MiB, 36, 9.19 W
2026/09/23 03:46:03.148, NVIDIA GeForce RTX 4060 Ti, 41 %, 952 MiB, 8188 MiB, 36, 9.12 W
2026/09/23 03:46:04.159, NVIDIA GeForce RTX 4060 Ti, 29 %, 952 MiB, 8188 MiB, 36, 9.00 W
2026/09/23 03:46:05.165, NVIDIA GeForce RTX 4060 Ti, 32 %, 957 MiB, 8188 MiB, 36, 9.12 W
2026/09/23 03:46:06.185, NVIDIA GeForce RTX 4060 Ti, 37 %, 958 MiB, 8188 MiB, 36, 9.12 W
2026/09/23 03:46:07.191, NVIDIA GeForce RTX 4060 Ti, 38 %, 952 MiB, 8188 MiB, 36, 9.06 W
2026/09/23 03:46:08.197, NVIDIA GeForce RTX 4060 Ti, 38 %, 953 MiB, 8188 MiB, 36, 9.12 W
2026/09/23 03:46:09.204, NVIDIA GeForce RTX 4060 Ti, 43 %, 957 MiB, 8188 MiB, 36, 9.18 W
2026/09/23 03:46:10.212, NVIDIA GeForce RTX 4060 Ti, 40 %, 957 MiB, 8188 MiB, 36, 9.13 W
2026/09/23 03:46:11.219, NVIDIA GeForce RTX 4060 Ti, 38 %, 953 MiB, 8188 MiB, 36, 9.11 W
2026/09/23 03:46:12.227, NVIDIA GeForce RTX 4060 Ti, 34 %, 953 MiB, 8188 MiB, 36, 9.13 W
2026/09/23 03:46:13.232, NVIDIA GeForce RTX 4060 Ti, 36 %, 957 MiB, 8188 MiB, 36, 9.17 W
2026/09/23 03:46:14.241, NVIDIA GeForce RTX 4060 Ti, 32 %, 957 MiB, 8188 MiB, 36, 9.08 W
2026/09/23 03:46:15.277, NVIDIA GeForce RTX 4060 Ti, 11 %, 952 MiB, 8188 MiB, 36, 7.52 W
2026/09/23 03:46:16.284, NVIDIA GeForce RTX 4060 Ti, 33 %, 952 MiB, 8188 MiB, 36, 7.91 W
2026/09/23 03:46:17.290, NVIDIA GeForce RTX 4060 Ti, 33 %, 957 MiB, 8188 MiB, 36, 8.49 W
2026/09/23 03:46:18.296, NVIDIA GeForce RTX 4060 Ti, 34 %, 957 MiB, 8188 MiB, 36, 8.48 W
2026/09/23 03:46:19.303, NVIDIA GeForce RTX 4060 Ti, 33 %, 952 MiB, 8188 MiB, 36, 8.51 W
2026/09/23 03:46:20.309, NVIDIA GeForce RTX 4060 Ti, 27 %, 952 MiB, 8188 MiB, 36, 8.44 W
2026/09/23 03:46:21.316, NVIDIA GeForce RTX 4060 Ti, 30 %, 957 MiB, 8188 MiB, 36, 8.53 W
2026/09/23 03:46:22.323, NVIDIA GeForce RTX 4060 Ti, 33 %, 957 MiB, 8188 MiB, 36, 8.54 W
2026/09/23 03:46:23.327, NVIDIA GeForce RTX 4060 Ti, 4 %, 952 MiB, 8188 MiB, 36, 7.81 W
2026/09/23 03:46:24.333, NVIDIA GeForce RTX 4060 Ti, 4 %, 952 MiB, 8188 MiB, 36, 6.71 W
2026/09/23 03:46:25.341, NVIDIA GeForce RTX 4060 Ti, 5 %, 957 MiB, 8188 MiB, 36, 7.03 W
2026/09/23 03:46:26.348, NVIDIA GeForce RTX 4060 Ti, 3 %, 957 MiB, 8188 MiB, 36, 7.24 W
2026/09/23 03:46:27.354, NVIDIA GeForce RTX 4060 Ti, 36 %, 958 MiB, 8188 MiB, 36, 8.34 W
2026/09/23 03:46:28.362, NVIDIA GeForce RTX 4060 Ti, 7 %, 958 MiB, 8188 MiB, 37, 15.57 W
2026/09/23 03:46:29.368, NVIDIA GeForce RTX 4060 Ti, 7 %, 962 MiB, 8188 MiB, 37, 32.02 W
2026/09/23 03:46:30.373, NVIDIA GeForce RTX 4060 Ti, 6 %, 963 MiB, 8188 MiB, 38, 32.02 W
2026/09/23 03:46:31.379, NVIDIA GeForce RTX 4060 Ti, 13 %, 958 MiB, 8188 MiB, 38, 27.56 W
2026/09/23 03:46:32.386, NVIDIA GeForce RTX 4060 Ti, 18 %, 958 MiB, 8188 MiB, 36, 13.25 W
2026/09/23 03:46:33.392, NVIDIA GeForce RTX 4060 Ti, 20 %, 962 MiB, 8188 MiB, 36, 13.04 W
2026/09/23 03:46:34.401, NVIDIA GeForce RTX 4060 Ti, 25 %, 964 MiB, 8188 MiB, 36, 12.78 W
2026/09/23 03:46:35.408, NVIDIA GeForce RTX 4060 Ti, 33 %, 964 MiB, 8188 MiB, 36, 11.87 W
2026/09/23 03:46:36.414, NVIDIA GeForce RTX 4060 Ti, 31 %, 963 MiB, 8188 MiB, 36, 9.23 W
2026/09/23 03:46:37.423, NVIDIA GeForce RTX 4060 Ti, 34 %, 963 MiB, 8188 MiB, 36, 9.05 W
2026/09/23 03:46:38.432, NVIDIA GeForce RTX 4060 Ti, 32 %, 963 MiB, 8188 MiB, 36, 9.18 W
2026/09/23 03:46:39.440, NVIDIA GeForce RTX 4060 Ti, 35 %, 959 MiB, 8188 MiB, 36, 9.09 W
2026/09/23 03:46:40.448, NVIDIA GeForce RTX 4060 Ti, 31 %, 959 MiB, 8188 MiB, 36, 8.90 W
2026/09/23 03:46:41.455, NVIDIA GeForce RTX 4060 Ti, 36 %, 963 MiB, 8188 MiB, 36, 9.06 W
2026/09/23 03:46:42.461, NVIDIA GeForce RTX 4060 Ti, 38 %, 963 MiB, 8188 MiB, 36, 8.97 W
2026/09/23 03:46:43.469, NVIDIA GeForce RTX 4060 Ti, 36 %, 958 MiB, 8188 MiB, 36, 8.94 W
2026/09/23 03:46:44.480, NVIDIA GeForce RTX 4060 Ti, 33 %, 958 MiB, 8188 MiB, 36, 8.96 W
2026/09/23 03:46:45.487, NVIDIA GeForce RTX 4060 Ti, 36 %, 962 MiB, 8188 MiB, 36, 8.82 W
2026/09/23 03:46:46.494, NVIDIA GeForce RTX 4060 Ti, 40 %, 962 MiB, 8188 MiB, 36, 8.80 W
2026/09/23 03:46:47.503, NVIDIA GeForce RTX 4060 Ti, 38 %, 958 MiB, 8188 MiB, 36, 8.93 W
2026/09/23 03:46:48.509, NVIDIA GeForce RTX 4060 Ti, 34 %, 958 MiB, 8188 MiB, 36, 8.80 W
2026/09/23 03:46:49.515, NVIDIA GeForce RTX 4060 Ti, 35 %, 962 MiB, 8188 MiB, 36, 8.82 W
2026/09/23 03:46:50.520, NVIDIA GeForce RTX 4060 Ti, 32 %, 962 MiB, 8188 MiB, 36, 8.81 W
2026/09/23 03:46:51.525, NVIDIA GeForce RTX 4060 Ti, 41 %, 958 MiB, 8188 MiB, 36, 8.89 W
2026/09/23 03:46:52.530, NVIDIA GeForce RTX 4060 Ti, 25 %, 958 MiB, 8188 MiB, 36, 8.96 W
2026/09/23 03:46:53.534, NVIDIA GeForce RTX 4060 Ti, 4 %, 962 MiB, 8188 MiB, 36, 8.06 W
2026/09/23 03:46:54.541, NVIDIA GeForce RTX 4060 Ti, 4 %, 962 MiB, 8188 MiB, 36, 7.49 W
2026/09/23 03:46:55.548, NVIDIA GeForce RTX 4060 Ti, 0 %, 958 MiB, 8188 MiB, 37, 26.60 W
2026/09/23 03:46:56.554, NVIDIA GeForce RTX 4060 Ti, 0 %, 958 MiB, 8188 MiB, 37, 28.65 W
2026/09/23 03:46:57.559, NVIDIA GeForce RTX 4060 Ti, 8 %, 964 MiB, 8188 MiB, 37, 29.63 W
2026/09/23 03:46:58.566, NVIDIA GeForce RTX 4060 Ti, 16 %, 964 MiB, 8188 MiB, 38, 24.84 W
2026/09/23 03:46:59.571, NVIDIA GeForce RTX 4060 Ti, 21 %, 960 MiB, 8188 MiB, 36, 13.87 W
2026/09/23 03:47:00.580, NVIDIA GeForce RTX 4060 Ti, 25 %, 960 MiB, 8188 MiB, 36, 13.40 W
2026/09/23 03:47:01.586, NVIDIA GeForce RTX 4060 Ti, 23 %, 964 MiB, 8188 MiB, 36, 12.87 W
2026/09/23 03:47:02.594, NVIDIA GeForce RTX 4060 Ti, 26 %, 964 MiB, 8188 MiB, 36, 12.77 W
2026/09/23 03:47:03.601, NVIDIA GeForce RTX 4060 Ti, 27 %, 960 MiB, 8188 MiB, 36, 10.46 W
2026/09/23 03:47:04.609, NVIDIA GeForce RTX 4060 Ti, 34 %, 960 MiB, 8188 MiB, 36, 9.05 W
2026/09/23 03:47:05.618, NVIDIA GeForce RTX 4060 Ti, 33 %, 964 MiB, 8188 MiB, 36, 9.12 W
2026/09/23 03:47:06.625, NVIDIA GeForce RTX 4060 Ti, 31 %, 965 MiB, 8188 MiB, 36, 8.95 W
2026/09/23 03:47:07.632, NVIDIA GeForce RTX 4060 Ti, 33 %, 965 MiB, 8188 MiB, 36, 8.93 W
2026/09/23 03:47:08.638, NVIDIA GeForce RTX 4060 Ti, 35 %, 959 MiB, 8188 MiB, 36, 9.04 W
2026/09/23 03:47:09.645, NVIDIA GeForce RTX 4060 Ti, 42 %, 964 MiB, 8188 MiB, 36, 9.10 W
2026/09/23 03:47:10.651, NVIDIA GeForce RTX 4060 Ti, 35 %, 965 MiB, 8188 MiB, 36, 9.16 W
2026/09/23 03:47:11.659, NVIDIA GeForce RTX 4060 Ti, 33 %, 965 MiB, 8188 MiB, 36, 8.93 W
2026/09/23 03:47:12.668, NVIDIA GeForce RTX 4060 Ti, 36 %, 965 MiB, 8188 MiB, 36, 9.02 W
2026/09/23 03:47:13.676, NVIDIA GeForce RTX 4060 Ti, 35 %, 965 MiB, 8188 MiB, 36, 9.02 W
2026/09/23 03:47:14.682, NVIDIA GeForce RTX 4060 Ti, 41 %, 965 MiB, 8188 MiB, 36, 8.90 W
2026/09/23 03:47:15.691, NVIDIA GeForce RTX 4060 Ti, 29 %, 961 MiB, 8188 MiB, 36, 9.01 W
2026/09/23 03:47:16.696, NVIDIA GeForce RTX 4060 Ti, 35 %, 961 MiB, 8188 MiB, 36, 8.95 W
2026/09/23 03:47:17.704, NVIDIA GeForce RTX 4060 Ti, 37 %, 965 MiB, 8188 MiB, 36, 9.06 W
2026/09/23 03:47:18.709, NVIDIA GeForce RTX 4060 Ti, 39 %, 965 MiB, 8188 MiB, 36, 8.99 W
2026/09/23 03:47:19.716, NVIDIA GeForce RTX 4060 Ti, 1 %, 965 MiB, 8188 MiB, 36, 8.61 W
2026/09/23 03:47:20.730, NVIDIA GeForce RTX 4060 Ti, 29 %, 960 MiB, 8188 MiB, 36, 7.95 W
2026/09/23 03:47:21.736, NVIDIA GeForce RTX 4060 Ti, 4 %, 965 MiB, 8188 MiB, 36, 6.72 W
2026/09/23 03:47:22.742, NVIDIA GeForce RTX 4060 Ti, 17 %, 965 MiB, 8188 MiB, 36, 7.12 W
2026/09/23 03:47:23.749, NVIDIA GeForce RTX 4060 Ti, 7 %, 960 MiB, 8188 MiB, 36, 7.09 W
2026/09/23 03:47:24.755, NVIDIA GeForce RTX 4060 Ti, 42 %, 962 MiB, 8188 MiB, 36, 8.02 W
2026/09/23 03:47:25.767, NVIDIA GeForce RTX 4060 Ti, 36 %, 966 MiB, 8188 MiB, 36, 9.03 W
2026/09/23 03:47:26.772, NVIDIA GeForce RTX 4060 Ti, 31 %, 966 MiB, 8188 MiB, 36, 8.93 W
2026/09/23 03:47:27.778, NVIDIA GeForce RTX 4060 Ti, 36 %, 962 MiB, 8188 MiB, 36, 8.88 W
2026/09/23 03:47:28.783, NVIDIA GeForce RTX 4060 Ti, 36 %, 962 MiB, 8188 MiB, 36, 8.91 W
2026/09/23 03:47:29.790, NVIDIA GeForce RTX 4060 Ti, 39 %, 966 MiB, 8188 MiB, 36, 9.14 W
2026/09/23 03:47:30.796, NVIDIA GeForce RTX 4060 Ti, 35 %, 966 MiB, 8188 MiB, 36, 9.07 W
2026/09/23 03:47:31.802, NVIDIA GeForce RTX 4060 Ti, 33 %, 962 MiB, 8188 MiB, 36, 9.12 W
2026/09/23 03:47:32.809, NVIDIA GeForce RTX 4060 Ti, 34 %, 962 MiB, 8188 MiB, 36, 9.01 W
2026/09/23 03:47:33.814, NVIDIA GeForce RTX 4060 Ti, 36 %, 966 MiB, 8188 MiB, 36, 9.12 W
2026/09/23 03:47:34.822, NVIDIA GeForce RTX 4060 Ti, 32 %, 966 MiB, 8188 MiB, 36, 9.02 W
2026/09/23 03:47:35.829, NVIDIA GeForce RTX 4060 Ti, 37 %, 962 MiB, 8188 MiB, 36, 9.07 W
2026/09/23 03:47:36.837, NVIDIA GeForce RTX 4060 Ti, 39 %, 966 MiB, 8188 MiB, 36, 8.99 W
2026/09/23 03:47:37.842, NVIDIA GeForce RTX 4060 Ti, 39 %, 966 MiB, 8188 MiB, 36, 9.05 W
2026/09/23 03:47:38.857, NVIDIA GeForce RTX 4060 Ti, 39 %, 962 MiB, 8188 MiB, 36, 9.00 W
2026/09/23 03:47:39.864, NVIDIA GeForce RTX 4060 Ti, 41 %, 967 MiB, 8188 MiB, 36, 9.04 W
2026/09/23 03:47:40.871, NVIDIA GeForce RTX 4060 Ti, 33 %, 967 MiB, 8188 MiB, 36, 9.05 W
2026/09/23 03:47:41.879, NVIDIA GeForce RTX 4060 Ti, 35 %, 967 MiB, 8188 MiB, 36, 9.05 W
2026/09/23 03:47:42.886, NVIDIA GeForce RTX 4060 Ti, 35 %, 967 MiB, 8188 MiB, 36, 8.88 W
2026/09/23 03:47:43.893, NVIDIA GeForce RTX 4060 Ti, 37 %, 962 MiB, 8188 MiB, 36, 9.00 W
2026/09/23 03:47:44.899, NVIDIA GeForce RTX 4060 Ti, 39 %, 967 MiB, 8188 MiB, 36, 9.02 W
2026/09/23 03:47:45.906, NVIDIA GeForce RTX 4060 Ti, 3 %, 967 MiB, 8188 MiB, 36, 8.48 W
2026/09/23 03:47:46.913, NVIDIA GeForce RTX 4060 Ti, 23 %, 968 MiB, 8188 MiB, 35, 7.12 W
2026/09/23 03:47:47.930, NVIDIA GeForce RTX 4060 Ti, 0 %, 963 MiB, 8188 MiB, 37, 25.26 W
2026/09/23 03:47:48.936, NVIDIA GeForce RTX 4060 Ti, 4 %, 967 MiB, 8188 MiB, 37, 28.61 W
2026/09/23 03:47:49.941, NVIDIA GeForce RTX 4060 Ti, 1 %, 967 MiB, 8188 MiB, 37, 29.09 W
2026/09/23 03:47:50.948, NVIDIA GeForce RTX 4060 Ti, 22 %, 965 MiB, 8188 MiB, 36, 16.45 W
2026/09/23 03:47:51.964, NVIDIA GeForce RTX 4060 Ti, 25 %, 965 MiB, 8188 MiB, 36, 12.73 W
2026/09/23 03:47:52.971, NVIDIA GeForce RTX 4060 Ti, 28 %, 969 MiB, 8188 MiB, 36, 11.45 W
2026/09/23 03:47:53.979, NVIDIA GeForce RTX 4060 Ti, 40 %, 969 MiB, 8188 MiB, 36, 8.88 W
2026/09/23 03:47:54.986, NVIDIA GeForce RTX 4060 Ti, 38 %, 965 MiB, 8188 MiB, 36, 8.89 W
2026/09/23 03:47:55.993, NVIDIA GeForce RTX 4060 Ti, 35 %, 965 MiB, 8188 MiB, 36, 8.83 W
2026/09/23 03:47:57.000, NVIDIA GeForce RTX 4060 Ti, 30 %, 969 MiB, 8188 MiB, 36, 8.79 W
2026/09/23 03:47:58.006, NVIDIA GeForce RTX 4060 Ti, 38 %, 969 MiB, 8188 MiB, 36, 8.89 W
2026/09/23 03:47:59.012, NVIDIA GeForce RTX 4060 Ti, 34 %, 965 MiB, 8188 MiB, 36, 8.87 W
2026/09/23 03:48:00.024, NVIDIA GeForce RTX 4060 Ti, 35 %, 965 MiB, 8188 MiB, 36, 8.88 W
2026/09/23 03:48:01.033, NVIDIA GeForce RTX 4060 Ti, 41 %, 969 MiB, 8188 MiB, 36, 8.91 W
2026/09/23 03:48:02.044, NVIDIA GeForce RTX 4060 Ti, 39 %, 969 MiB, 8188 MiB, 36, 8.92 W
2026/09/23 03:48:03.050, NVIDIA GeForce RTX 4060 Ti, 12 %, 965 MiB, 8188 MiB, 35, 12.78 W
2026/09/23 03:48:04.055, NVIDIA GeForce RTX 4060 Ti, 9 %, 964 MiB, 8188 MiB, 37, 32.59 W
2026/09/23 03:48:05.061, NVIDIA GeForce RTX 4060 Ti, 10 %, 969 MiB, 8188 MiB, 37, 32.37 W
2026/09/23 03:48:06.068, NVIDIA GeForce RTX 4060 Ti, 9 %, 969 MiB, 8188 MiB, 37, 32.72 W
2026/09/23 03:48:07.074, NVIDIA GeForce RTX 4060 Ti, 19 %, 965 MiB, 8188 MiB, 36, 16.47 W
2026/09/23 03:48:08.082, NVIDIA GeForce RTX 4060 Ti, 20 %, 965 MiB, 8188 MiB, 36, 13.18 W
2026/09/23 03:48:09.091, NVIDIA GeForce RTX 4060 Ti, 25 %, 969 MiB, 8188 MiB, 36, 13.05 W
2026/09/23 03:48:10.096, NVIDIA GeForce RTX 4060 Ti, 30 %, 969 MiB, 8188 MiB, 36, 12.74 W
2026/09/23 03:48:11.105, NVIDIA GeForce RTX 4060 Ti, 28 %, 964 MiB, 8188 MiB, 36, 12.61 W
2026/09/23 03:48:12.112, NVIDIA GeForce RTX 4060 Ti, 38 %, 965 MiB, 8188 MiB, 36, 9.89 W
2026/09/23 03:48:13.119, NVIDIA GeForce RTX 4060 Ti, 35 %, 969 MiB, 8188 MiB, 36, 8.93 W
2026/09/23 03:48:14.125, NVIDIA GeForce RTX 4060 Ti, 35 %, 970 MiB, 8188 MiB, 36, 9.14 W
2026/09/23 03:48:15.134, NVIDIA GeForce RTX 4060 Ti, 34 %, 964 MiB, 8188 MiB, 36, 8.97 W
2026/09/23 03:48:16.142, NVIDIA GeForce RTX 4060 Ti, 37 %, 964 MiB, 8188 MiB, 36, 8.98 W
2026/09/23 03:48:17.149, NVIDIA GeForce RTX 4060 Ti, 18 %, 968 MiB, 8188 MiB, 36, 8.76 W
2026/09/23 03:48:18.155, NVIDIA GeForce RTX 4060 Ti, 11 %, 973 MiB, 8188 MiB, 35, 7.50 W
2026/09/23 03:48:19.162, NVIDIA GeForce RTX 4060 Ti, 3 %, 969 MiB, 8188 MiB, 35, 7.42 W
2026/09/23 03:48:20.170, NVIDIA GeForce RTX 4060 Ti, 3 %, 969 MiB, 8188 MiB, 35, 6.81 W
2026/09/23 03:48:21.177, NVIDIA GeForce RTX 4060 Ti, 5 %, 973 MiB, 8188 MiB, 35, 7.07 W
2026/09/23 03:48:22.184, NVIDIA GeForce RTX 4060 Ti, 8 %, 973 MiB, 8188 MiB, 35, 7.24 W
2026/09/23 03:48:23.194, NVIDIA GeForce RTX 4060 Ti, 35 %, 969 MiB, 8188 MiB, 36, 11.16 W
2026/09/23 03:48:24.200, NVIDIA GeForce RTX 4060 Ti, 8 %, 969 MiB, 8188 MiB, 37, 31.91 W
2026/09/23 03:48:25.222, NVIDIA GeForce RTX 4060 Ti, 9 %, 971 MiB, 8188 MiB, 37, 32.27 W
2026/09/23 03:48:26.227, NVIDIA GeForce RTX 4060 Ti, 9 %, 970 MiB, 8188 MiB, 37, 31.84 W
2026/09/23 03:48:27.238, NVIDIA GeForce RTX 4060 Ti, 21 %, 966 MiB, 8188 MiB, 36, 13.42 W
2026/09/23 03:48:28.260, NVIDIA GeForce RTX 4060 Ti, 24 %, 966 MiB, 8188 MiB, 36, 13.16 W
2026/09/23 03:48:29.267, NVIDIA GeForce RTX 4060 Ti, 27 %, 970 MiB, 8188 MiB, 36, 13.05 W
2026/09/23 03:48:30.277, NVIDIA GeForce RTX 4060 Ti, 29 %, 970 MiB, 8188 MiB, 36, 12.81 W
2026/09/23 03:48:31.288, NVIDIA GeForce RTX 4060 Ti, 34 %, 966 MiB, 8188 MiB, 36, 11.90 W
2026/09/23 03:48:32.293, NVIDIA GeForce RTX 4060 Ti, 31 %, 966 MiB, 8188 MiB, 36, 8.91 W
2026/09/23 03:48:33.303, NVIDIA GeForce RTX 4060 Ti, 33 %, 970 MiB, 8188 MiB, 36, 9.06 W
2026/09/23 03:48:34.312, NVIDIA GeForce RTX 4060 Ti, 35 %, 970 MiB, 8188 MiB, 36, 8.99 W
2026/09/23 03:48:35.322, NVIDIA GeForce RTX 4060 Ti, 37 %, 964 MiB, 8188 MiB, 36, 8.97 W
2026/09/23 03:48:36.330, NVIDIA GeForce RTX 4060 Ti, 36 %, 964 MiB, 8188 MiB, 36, 8.85 W
2026/09/23 03:48:37.337, NVIDIA GeForce RTX 4060 Ti, 40 %, 969 MiB, 8188 MiB, 36, 8.86 W
2026/09/23 03:48:38.343, NVIDIA GeForce RTX 4060 Ti, 35 %, 969 MiB, 8188 MiB, 36, 8.87 W
2026/09/23 03:48:39.350, NVIDIA GeForce RTX 4060 Ti, 36 %, 964 MiB, 8188 MiB, 36, 8.84 W
2026/09/23 03:48:40.356, NVIDIA GeForce RTX 4060 Ti, 36 %, 964 MiB, 8188 MiB, 35, 8.90 W
2026/09/23 03:48:41.363, NVIDIA GeForce RTX 4060 Ti, 35 %, 968 MiB, 8188 MiB, 35, 8.96 W
2026/09/23 03:48:42.371, NVIDIA GeForce RTX 4060 Ti, 39 %, 968 MiB, 8188 MiB, 35, 8.94 W
2026/09/23 03:48:43.377, NVIDIA GeForce RTX 4060 Ti, 34 %, 969 MiB, 8188 MiB, 35, 8.93 W
2026/09/23 03:48:44.390, NVIDIA GeForce RTX 4060 Ti, 39 %, 963 MiB, 8188 MiB, 35, 8.88 W
2026/09/23 03:48:45.398, NVIDIA GeForce RTX 4060 Ti, 41 %, 968 MiB, 8188 MiB, 35, 8.85 W
2026/09/23 03:48:46.411, NVIDIA GeForce RTX 4060 Ti, 38 %, 968 MiB, 8188 MiB, 35, 8.95 W
2026/09/23 03:48:47.418, NVIDIA GeForce RTX 4060 Ti, 29 %, 963 MiB, 8188 MiB, 35, 8.84 W
2026/09/23 03:48:48.424, NVIDIA GeForce RTX 4060 Ti, 32 %, 963 MiB, 8188 MiB, 35, 8.79 W
2026/09/23 03:48:49.429, NVIDIA GeForce RTX 4060 Ti, 30 %, 968 MiB, 8188 MiB, 35, 8.78 W
2026/09/23 03:48:50.447, NVIDIA GeForce RTX 4060 Ti, 26 %, 968 MiB, 8188 MiB, 35, 8.27 W
2026/09/23 03:48:51.464, NVIDIA GeForce RTX 4060 Ti, 3 %, 964 MiB, 8188 MiB, 35, 7.70 W
2026/09/23 03:48:52.471, NVIDIA GeForce RTX 4060 Ti, 3 %, 964 MiB, 8188 MiB, 35, 6.84 W
2026/09/23 03:48:53.477, NVIDIA GeForce RTX 4060 Ti, 0 %, 968 MiB, 8188 MiB, 35, 10.63 W
2026/09/23 03:48:54.482, NVIDIA GeForce RTX 4060 Ti, 0 %, 968 MiB, 8188 MiB, 36, 28.64 W
2026/09/23 03:48:55.488, NVIDIA GeForce RTX 4060 Ti, 0 %, 964 MiB, 8188 MiB, 36, 28.78 W
2026/09/23 03:48:56.493, NVIDIA GeForce RTX 4060 Ti, 0 %, 964 MiB, 8188 MiB, 37, 29.42 W
2026/09/23 03:48:57.499, NVIDIA GeForce RTX 4060 Ti, 1 %, 968 MiB, 8188 MiB, 37, 23.66 W
2026/09/23 03:48:58.504, NVIDIA GeForce RTX 4060 Ti, 3 %, 968 MiB, 8188 MiB, 35, 9.94 W
2026/09/23 03:48:59.511, NVIDIA GeForce RTX 4060 Ti, 3 %, 963 MiB, 8188 MiB, 35, 6.82 W
2026/09/23 03:49:00.515, NVIDIA GeForce RTX 4060 Ti, 34 %, 963 MiB, 8188 MiB, 35, 8.91 W
2026/09/23 03:49:01.521, NVIDIA GeForce RTX 4060 Ti, 36 %, 968 MiB, 8188 MiB, 36, 12.67 W
2026/09/23 03:49:02.526, NVIDIA GeForce RTX 4060 Ti, 35 %, 968 MiB, 8188 MiB, 36, 11.97 W
2026/09/23 03:49:03.532, NVIDIA GeForce RTX 4060 Ti, 35 %, 963 MiB, 8188 MiB, 35, 12.62 W
2026/09/23 03:49:04.538, NVIDIA GeForce RTX 4060 Ti, 41 %, 963 MiB, 8188 MiB, 36, 11.06 W
2026/09/23 03:49:05.544, NVIDIA GeForce RTX 4060 Ti, 38 %, 968 MiB, 8188 MiB, 35, 11.41 W
2026/09/23 03:49:06.552, NVIDIA GeForce RTX 4060 Ti, 35 %, 968 MiB, 8188 MiB, 36, 12.76 W
2026/09/23 03:49:07.558, NVIDIA GeForce RTX 4060 Ti, 34 %, 963 MiB, 8188 MiB, 36, 12.56 W
2026/09/23 03:49:08.563, NVIDIA GeForce RTX 4060 Ti, 31 %, 963 MiB, 8188 MiB, 35, 11.92 W
2026/09/23 03:49:09.569, NVIDIA GeForce RTX 4060 Ti, 34 %, 967 MiB, 8188 MiB, 35, 12.70 W
2026/09/23 03:49:10.577, NVIDIA GeForce RTX 4060 Ti, 35 %, 967 MiB, 8188 MiB, 35, 12.27 W
2026/09/23 03:49:11.582, NVIDIA GeForce RTX 4060 Ti, 35 %, 963 MiB, 8188 MiB, 35, 10.62 W
2026/09/23 03:49:12.587, NVIDIA GeForce RTX 4060 Ti, 30 %, 963 MiB, 8188 MiB, 35, 12.59 W
2026/09/23 03:49:13.593, NVIDIA GeForce RTX 4060 Ti, 39 %, 967 MiB, 8188 MiB, 35, 11.36 W
2026/09/23 03:49:14.599, NVIDIA GeForce RTX 4060 Ti, 36 %, 967 MiB, 8188 MiB, 35, 12.66 W
2026/09/23 03:49:15.604, NVIDIA GeForce RTX 4060 Ti, 40 %, 963 MiB, 8188 MiB, 35, 11.19 W
2026/09/23 03:49:16.611, NVIDIA GeForce RTX 4060 Ti, 32 %, 963 MiB, 8188 MiB, 35, 12.42 W
2026/09/23 03:49:17.616, NVIDIA GeForce RTX 4060 Ti, 36 %, 967 MiB, 8188 MiB, 35, 12.63 W
2026/09/23 03:49:18.636, NVIDIA GeForce RTX 4060 Ti, 33 %, 969 MiB, 8188 MiB, 35, 8.48 W
2026/09/23 03:49:19.641, NVIDIA GeForce RTX 4060 Ti, 3 %, 969 MiB, 8188 MiB, 35, 7.45 W
2026/09/23 03:49:20.648, NVIDIA GeForce RTX 4060 Ti, 3 %, 963 MiB, 8188 MiB, 35, 6.63 W
2026/09/23 03:49:21.655, NVIDIA GeForce RTX 4060 Ti, 4 %, 968 MiB, 8188 MiB, 35, 7.18 W
2026/09/23 03:49:22.662, NVIDIA GeForce RTX 4060 Ti, 3 %, 968 MiB, 8188 MiB, 35, 6.75 W
2026/09/23 03:49:23.670, NVIDIA GeForce RTX 4060 Ti, 39 %, 964 MiB, 8188 MiB, 35, 9.73 W
2026/09/23 03:49:24.675, NVIDIA GeForce RTX 4060 Ti, 31 %, 964 MiB, 8188 MiB, 35, 12.55 W
2026/09/23 03:49:25.688, NVIDIA GeForce RTX 4060 Ti, 41 %, 968 MiB, 8188 MiB, 35, 10.76 W
2026/09/23 03:49:26.693, NVIDIA GeForce RTX 4060 Ti, 37 %, 968 MiB, 8188 MiB, 35, 11.63 W
2026/09/23 03:49:27.699, NVIDIA GeForce RTX 4060 Ti, 39 %, 964 MiB, 8188 MiB, 35, 12.50 W
2026/09/23 03:49:28.706, NVIDIA GeForce RTX 4060 Ti, 38 %, 964 MiB, 8188 MiB, 35, 11.94 W
2026/09/23 03:49:29.712, NVIDIA GeForce RTX 4060 Ti, 37 %, 968 MiB, 8188 MiB, 35, 12.66 W
2026/09/23 03:49:30.718, NVIDIA GeForce RTX 4060 Ti, 38 %, 968 MiB, 8188 MiB, 35, 10.36 W
2026/09/23 03:49:31.723, NVIDIA GeForce RTX 4060 Ti, 12 %, 963 MiB, 8188 MiB, 37, 27.55 W
2026/09/23 03:49:32.728, NVIDIA GeForce RTX 4060 Ti, 11 %, 963 MiB, 8188 MiB, 37, 32.62 W
2026/09/23 03:49:33.734, NVIDIA GeForce RTX 4060 Ti, 11 %, 968 MiB, 8188 MiB, 37, 32.60 W
2026/09/23 03:49:34.739, NVIDIA GeForce RTX 4060 Ti, 20 %, 968 MiB, 8188 MiB, 36, 22.56 W
2026/09/23 03:49:35.745, NVIDIA GeForce RTX 4060 Ti, 19 %, 963 MiB, 8188 MiB, 36, 13.53 W
2026/09/23 03:49:36.750, NVIDIA GeForce RTX 4060 Ti, 27 %, 963 MiB, 8188 MiB, 36, 13.19 W
2026/09/23 03:49:37.756, NVIDIA GeForce RTX 4060 Ti, 26 %, 968 MiB, 8188 MiB, 36, 13.10 W
2026/09/23 03:49:38.762, NVIDIA GeForce RTX 4060 Ti, 32 %, 968 MiB, 8188 MiB, 36, 12.98 W
2026/09/23 03:49:39.768, NVIDIA GeForce RTX 4060 Ti, 0 %, 963 MiB, 8188 MiB, 35, 11.99 W
2026/09/23 03:49:40.774, NVIDIA GeForce RTX 4060 Ti, 34 %, 963 MiB, 8188 MiB, 35, 8.11 W
2026/09/23 03:49:41.779, NVIDIA GeForce RTX 4060 Ti, 4 %, 968 MiB, 8188 MiB, 35, 7.30 W
2026/09/23 03:49:42.787, NVIDIA GeForce RTX 4060 Ti, 15 %, 968 MiB, 8188 MiB, 36, 10.48 W
2026/09/23 03:49:43.793, NVIDIA GeForce RTX 4060 Ti, 2 %, 963 MiB, 8188 MiB, 36, 28.87 W
2026/09/23 03:49:44.800, NVIDIA GeForce RTX 4060 Ti, 12 %, 963 MiB, 8188 MiB, 37, 31.01 W
2026/09/23 03:49:45.820, NVIDIA GeForce RTX 4060 Ti, 11 %, 968 MiB, 8188 MiB, 37, 33.03 W
2026/09/23 03:49:46.826, NVIDIA GeForce RTX 4060 Ti, 23 %, 967 MiB, 8188 MiB, 36, 21.10 W
2026/09/23 03:49:47.832, NVIDIA GeForce RTX 4060 Ti, 23 %, 969 MiB, 8188 MiB, 36, 13.64 W
2026/09/23 03:49:48.838, NVIDIA GeForce RTX 4060 Ti, 26 %, 969 MiB, 8188 MiB, 36, 13.27 W
2026/09/23 03:49:49.843, NVIDIA GeForce RTX 4060 Ti, 29 %, 969 MiB, 8188 MiB, 36, 13.12 W
2026/09/23 03:49:50.849, NVIDIA GeForce RTX 4060 Ti, 29 %, 969 MiB, 8188 MiB, 36, 12.90 W
2026/09/23 03:49:51.855, NVIDIA GeForce RTX 4060 Ti, 34 %, 963 MiB, 8188 MiB, 36, 12.73 W
2026/09/23 03:49:52.862, NVIDIA GeForce RTX 4060 Ti, 34 %, 968 MiB, 8188 MiB, 36, 12.67 W
2026/09/23 03:49:53.869, NVIDIA GeForce RTX 4060 Ti, 32 %, 968 MiB, 8188 MiB, 36, 12.64 W
2026/09/23 03:49:54.875, NVIDIA GeForce RTX 4060 Ti, 33 %, 963 MiB, 8188 MiB, 36, 12.01 W
2026/09/23 03:49:55.881, NVIDIA GeForce RTX 4060 Ti, 36 %, 964 MiB, 8188 MiB, 36, 12.75 W
2026/09/23 03:49:56.887, NVIDIA GeForce RTX 4060 Ti, 37 %, 968 MiB, 8188 MiB, 35, 9.37 W
2026/09/23 03:49:57.894, NVIDIA GeForce RTX 4060 Ti, 34 %, 968 MiB, 8188 MiB, 35, 9.76 W
2026/09/23 03:49:58.901, NVIDIA GeForce RTX 4060 Ti, 36 %, 963 MiB, 8188 MiB, 36, 12.73 W
2026/09/23 03:49:59.908, NVIDIA GeForce RTX 4060 Ti, 43 %, 963 MiB, 8188 MiB, 35, 11.34 W
2026/09/23 03:50:00.914, NVIDIA GeForce RTX 4060 Ti, 35 %, 967 MiB, 8188 MiB, 35, 12.61 W
2026/09/23 03:50:01.920, NVIDIA GeForce RTX 4060 Ti, 1 %, 967 MiB, 8188 MiB, 35, 11.15 W
2026/09/23 03:50:02.929, NVIDIA GeForce RTX 4060 Ti, 9 %, 963 MiB, 8188 MiB, 35, 12.50 W
2026/09/23 03:50:03.932, NVIDIA GeForce RTX 4060 Ti, 0 %, 963 MiB, 8188 MiB, 36, 28.70 W
2026/09/23 03:50:04.939, NVIDIA GeForce RTX 4060 Ti, 3 %, 967 MiB, 8188 MiB, 36, 28.75 W
2026/09/23 03:50:05.944, NVIDIA GeForce RTX 4060 Ti, 0 %, 967 MiB, 8188 MiB, 37, 28.60 W
2026/09/23 03:50:06.950, NVIDIA GeForce RTX 4060 Ti, 27 %, 963 MiB, 8188 MiB, 36, 17.54 W
2026/09/23 03:50:07.956, NVIDIA GeForce RTX 4060 Ti, 30 %, 963 MiB, 8188 MiB, 36, 12.71 W
2026/09/23 03:50:08.961, NVIDIA GeForce RTX 4060 Ti, 32 %, 967 MiB, 8188 MiB, 36, 12.64 W
2026/09/23 03:50:09.966, NVIDIA GeForce RTX 4060 Ti, 35 %, 967 MiB, 8188 MiB, 36, 11.62 W
2026/09/23 03:50:10.972, NVIDIA GeForce RTX 4060 Ti, 34 %, 963 MiB, 8188 MiB, 36, 8.89 W
2026/09/23 03:50:11.977, NVIDIA GeForce RTX 4060 Ti, 27 %, 963 MiB, 8188 MiB, 36, 11.69 W
2026/09/23 03:50:12.982, NVIDIA GeForce RTX 4060 Ti, 32 %, 967 MiB, 8188 MiB, 36, 12.29 W
2026/09/23 03:50:13.988, NVIDIA GeForce RTX 4060 Ti, 40 %, 967 MiB, 8188 MiB, 35, 9.01 W
2026/09/23 03:50:14.993, NVIDIA GeForce RTX 4060 Ti, 38 %, 963 MiB, 8188 MiB, 35, 8.86 W
2026/09/23 03:50:15.999, NVIDIA GeForce RTX 4060 Ti, 39 %, 963 MiB, 8188 MiB, 35, 8.88 W
2026/09/23 03:50:17.005, NVIDIA GeForce RTX 4060 Ti, 33 %, 967 MiB, 8188 MiB, 35, 8.84 W
2026/09/23 03:50:18.021, NVIDIA GeForce RTX 4060 Ti, 40 %, 967 MiB, 8188 MiB, 35, 8.96 W
2026/09/23 03:50:19.026, NVIDIA GeForce RTX 4060 Ti, 41 %, 963 MiB, 8188 MiB, 35, 8.91 W
2026/09/23 03:50:20.032, NVIDIA GeForce RTX 4060 Ti, 35 %, 963 MiB, 8188 MiB, 35, 8.91 W
2026/09/23 03:50:21.038, NVIDIA GeForce RTX 4060 Ti, 39 %, 967 MiB, 8188 MiB, 35, 8.95 W
2026/09/23 03:50:22.047, NVIDIA GeForce RTX 4060 Ti, 33 %, 967 MiB, 8188 MiB, 35, 8.95 W
2026/09/23 03:50:23.055, NVIDIA GeForce RTX 4060 Ti, 37 %, 969 MiB, 8188 MiB, 35, 8.90 W
2026/09/23 03:50:24.062, NVIDIA GeForce RTX 4060 Ti, 39 %, 963 MiB, 8188 MiB, 35, 8.97 W
2026/09/23 03:50:25.067, NVIDIA GeForce RTX 4060 Ti, 40 %, 968 MiB, 8188 MiB, 35, 9.06 W
2026/09/23 03:50:26.074, NVIDIA GeForce RTX 4060 Ti, 36 %, 968 MiB, 8188 MiB, 35, 12.37 W
2026/09/23 03:50:27.080, NVIDIA GeForce RTX 4060 Ti, 39 %, 964 MiB, 8188 MiB, 35, 12.12 W
2026/09/23 03:50:28.085, NVIDIA GeForce RTX 4060 Ti, 43 %, 964 MiB, 8188 MiB, 35, 8.96 W
2026/09/23 03:50:29.091, NVIDIA GeForce RTX 4060 Ti, 38 %, 968 MiB, 8188 MiB, 35, 9.01 W
2026/09/23 03:50:30.103, NVIDIA GeForce RTX 4060 Ti, 1 %, 968 MiB, 8188 MiB, 35, 8.60 W
2026/09/23 03:50:31.112, NVIDIA GeForce RTX 4060 Ti, 0 %, 964 MiB, 8188 MiB, 36, 24.42 W
2026/09/23 03:50:32.117, NVIDIA GeForce RTX 4060 Ti, 0 %, 964 MiB, 8188 MiB, 36, 28.58 W
2026/09/23 03:50:33.123, NVIDIA GeForce RTX 4060 Ti, 0 %, 968 MiB, 8188 MiB, 37, 28.72 W
2026/09/23 03:50:34.129, NVIDIA GeForce RTX 4060 Ti, 0 %, 968 MiB, 8188 MiB, 37, 28.92 W
2026/09/23 03:50:35.136, NVIDIA GeForce RTX 4060 Ti, 22 %, 964 MiB, 8188 MiB, 36, 15.43 W
2026/09/23 03:50:36.142, NVIDIA GeForce RTX 4060 Ti, 25 %, 964 MiB, 8188 MiB, 36, 13.20 W
2026/09/23 03:50:37.147, NVIDIA GeForce RTX 4060 Ti, 29 %, 969 MiB, 8188 MiB, 36, 12.92 W
2026/09/23 03:50:38.153, NVIDIA GeForce RTX 4060 Ti, 30 %, 969 MiB, 8188 MiB, 36, 12.77 W
2026/09/23 03:50:39.159, NVIDIA GeForce RTX 4060 Ti, 32 %, 969 MiB, 8188 MiB, 36, 12.65 W
2026/09/23 03:50:40.165, NVIDIA GeForce RTX 4060 Ti, 28 %, 964 MiB, 8188 MiB, 36, 12.31 W
2026/09/23 03:50:41.195, NVIDIA GeForce RTX 4060 Ti, 35 %, 968 MiB, 8188 MiB, 36, 10.21 W
2026/09/23 03:50:42.200, NVIDIA GeForce RTX 4060 Ti, 31 %, 968 MiB, 8188 MiB, 36, 12.64 W
2026/09/23 03:50:43.208, NVIDIA GeForce RTX 4060 Ti, 11 %, 964 MiB, 8188 MiB, 37, 25.94 W
2026/09/23 03:50:44.213, NVIDIA GeForce RTX 4060 Ti, 11 %, 964 MiB, 8188 MiB, 37, 32.81 W
2026/09/23 03:50:45.219, NVIDIA GeForce RTX 4060 Ti, 11 %, 968 MiB, 8188 MiB, 37, 32.84 W
2026/09/23 03:50:46.228, NVIDIA GeForce RTX 4060 Ti, 11 %, 968 MiB, 8188 MiB, 37, 31.18 W
2026/09/23 03:50:47.233, NVIDIA GeForce RTX 4060 Ti, 22 %, 964 MiB, 8188 MiB, 36, 14.22 W
2026/09/23 03:50:48.239, NVIDIA GeForce RTX 4060 Ti, 26 %, 964 MiB, 8188 MiB, 36, 13.30 W
2026/09/23 03:50:49.245, NVIDIA GeForce RTX 4060 Ti, 26 %, 968 MiB, 8188 MiB, 36, 13.15 W
2026/09/23 03:50:50.251, NVIDIA GeForce RTX 4060 Ti, 28 %, 968 MiB, 8188 MiB, 36, 12.97 W
2026/09/23 03:50:51.258, NVIDIA GeForce RTX 4060 Ti, 30 %, 964 MiB, 8188 MiB, 36, 12.77 W
2026/09/23 03:50:52.264, NVIDIA GeForce RTX 4060 Ti, 33 %, 969 MiB, 8188 MiB, 36, 12.74 W
2026/09/23 03:50:53.270, NVIDIA GeForce RTX 4060 Ti, 40 %, 970 MiB, 8188 MiB, 36, 10.15 W
2026/09/23 03:50:54.275, NVIDIA GeForce RTX 4060 Ti, 41 %, 970 MiB, 8188 MiB, 36, 9.07 W
2026/09/23 03:50:55.281, NVIDIA GeForce RTX 4060 Ti, 35 %, 970 MiB, 8188 MiB, 36, 12.27 W
2026/09/23 03:50:56.288, NVIDIA GeForce RTX 4060 Ti, 35 %, 965 MiB, 8188 MiB, 36, 12.10 W
2026/09/23 03:50:57.297, NVIDIA GeForce RTX 4060 Ti, 16 %, 969 MiB, 8188 MiB, 35, 7.76 W
2026/09/23 03:50:58.303, NVIDIA GeForce RTX 4060 Ti, 4 %, 969 MiB, 8188 MiB, 35, 7.51 W
2026/09/23 03:50:59.308, NVIDIA GeForce RTX 4060 Ti, 4 %, 964 MiB, 8188 MiB, 35, 6.61 W
2026/09/23 03:51:00.314, NVIDIA GeForce RTX 4060 Ti, 0 %, 964 MiB, 8188 MiB, 36, 25.47 W
2026/09/23 03:51:01.321, NVIDIA GeForce RTX 4060 Ti, 5 %, 989 MiB, 8188 MiB, 37, 29.02 W
2026/09/23 03:51:02.332, NVIDIA GeForce RTX 4060 Ti, 10 %, 989 MiB, 8188 MiB, 37, 29.47 W
2026/09/23 03:51:03.339, NVIDIA GeForce RTX 4060 Ti, 0 %, 984 MiB, 8188 MiB, 37, 27.26 W
2026/09/23 03:51:04.344, NVIDIA GeForce RTX 4060 Ti, 2 %, 984 MiB, 8188 MiB, 36, 10.10 W
2026/09/23 03:51:05.350, NVIDIA GeForce RTX 4060 Ti, 3 %, 989 MiB, 8188 MiB, 35, 9.78 W
2026/09/23 03:51:06.358, NVIDIA GeForce RTX 4060 Ti, 5 %, 988 MiB, 8188 MiB, 35, 7.07 W
2026/09/23 03:51:07.366, NVIDIA GeForce RTX 4060 Ti, 37 %, 984 MiB, 8188 MiB, 36, 9.29 W
2026/09/23 03:51:08.375, NVIDIA GeForce RTX 4060 Ti, 39 %, 984 MiB, 8188 MiB, 36, 9.46 W
2026/09/23 03:51:09.407, NVIDIA GeForce RTX 4060 Ti, 39 %, 989 MiB, 8188 MiB, 36, 9.42 W
2026/09/23 03:51:10.414, NVIDIA GeForce RTX 4060 Ti, 39 %, 989 MiB, 8188 MiB, 36, 9.43 W
2026/09/23 03:51:11.423, NVIDIA GeForce RTX 4060 Ti, 38 %, 984 MiB, 8188 MiB, 36, 9.39 W
2026/09/23 03:51:12.430, NVIDIA GeForce RTX 4060 Ti, 44 %, 984 MiB, 8188 MiB, 36, 9.34 W
2026/09/23 03:51:13.439, NVIDIA GeForce RTX 4060 Ti, 7 %, 989 MiB, 8188 MiB, 37, 26.10 W
2026/09/23 03:51:14.443, NVIDIA GeForce RTX 4060 Ti, 7 %, 989 MiB, 8188 MiB, 37, 31.94 W
2026/09/23 03:51:15.450, NVIDIA GeForce RTX 4060 Ti, 7 %, 989 MiB, 8188 MiB, 37, 31.84 W
2026/09/23 03:51:16.455, NVIDIA GeForce RTX 4060 Ti, 15 %, 984 MiB, 8188 MiB, 37, 27.90 W
2026/09/23 03:51:17.460, NVIDIA GeForce RTX 4060 Ti, 20 %, 989 MiB, 8188 MiB, 36, 13.65 W
2026/09/23 03:51:18.465, NVIDIA GeForce RTX 4060 Ti, 27 %, 989 MiB, 8188 MiB, 36, 13.49 W
2026/09/23 03:51:19.472, NVIDIA GeForce RTX 4060 Ti, 28 %, 984 MiB, 8188 MiB, 36, 13.14 W
2026/09/23 03:51:20.479, NVIDIA GeForce RTX 4060 Ti, 31 %, 984 MiB, 8188 MiB, 36, 13.01 W
2026/09/23 03:51:21.487, NVIDIA GeForce RTX 4060 Ti, 38 %, 988 MiB, 8188 MiB, 36, 10.95 W
2026/09/23 03:51:22.494, NVIDIA GeForce RTX 4060 Ti, 33 %, 988 MiB, 8188 MiB, 36, 9.60 W
2026/09/23 03:51:23.500, NVIDIA GeForce RTX 4060 Ti, 35 %, 984 MiB, 8188 MiB, 36, 9.52 W
2026/09/23 03:51:24.507, NVIDIA GeForce RTX 4060 Ti, 38 %, 984 MiB, 8188 MiB, 36, 9.40 W
2026/09/23 03:51:25.524, NVIDIA GeForce RTX 4060 Ti, 38 %, 988 MiB, 8188 MiB, 36, 10.57 W
2026/09/23 03:51:26.539, NVIDIA GeForce RTX 4060 Ti, 33 %, 989 MiB, 8188 MiB, 36, 13.01 W
2026/09/23 03:51:27.545, NVIDIA GeForce RTX 4060 Ti, 44 %, 989 MiB, 8188 MiB, 36, 11.47 W
2026/09/23 03:51:28.553, NVIDIA GeForce RTX 4060 Ti, 42 %, 983 MiB, 8188 MiB, 36, 9.56 W
2026/09/23 03:51:29.560, NVIDIA GeForce RTX 4060 Ti, 39 %, 988 MiB, 8188 MiB, 36, 9.43 W
2026/09/23 03:51:30.568, NVIDIA GeForce RTX 4060 Ti, 38 %, 988 MiB, 8188 MiB, 36, 9.47 W
2026/09/23 03:51:31.577, NVIDIA GeForce RTX 4060 Ti, 32 %, 984 MiB, 8188 MiB, 36, 11.24 W
2026/09/23 03:51:32.583, NVIDIA GeForce RTX 4060 Ti, 32 %, 984 MiB, 8188 MiB, 36, 12.83 W
2026/09/23 03:51:33.596, NVIDIA GeForce RTX 4060 Ti, 42 %, 988 MiB, 8188 MiB, 36, 10.55 W
2026/09/23 03:51:34.602, NVIDIA GeForce RTX 4060 Ti, 14 %, 988 MiB, 8188 MiB, 36, 12.88 W
2026/09/23 03:51:35.609, NVIDIA GeForce RTX 4060 Ti, 2 %, 983 MiB, 8188 MiB, 37, 30.13 W
2026/09/23 03:51:36.614, NVIDIA GeForce RTX 4060 Ti, 0 %, 983 MiB, 8188 MiB, 37, 29.76 W
2026/09/23 03:51:37.620, NVIDIA GeForce RTX 4060 Ti, 0 %, 988 MiB, 8188 MiB, 37, 28.64 W
2026/09/23 03:51:38.626, NVIDIA GeForce RTX 4060 Ti, 0 %, 988 MiB, 8188 MiB, 37, 21.99 W
2026/09/23 03:51:39.632, NVIDIA GeForce RTX 4060 Ti, 2 %, 983 MiB, 8188 MiB, 36, 11.02 W
2026/09/23 03:51:40.639, NVIDIA GeForce RTX 4060 Ti, 6 %, 983 MiB, 8188 MiB, 37, 19.60 W
2026/09/23 03:51:41.645, NVIDIA GeForce RTX 4060 Ti, 7 %, 988 MiB, 8188 MiB, 37, 32.22 W
2026/09/23 03:51:42.653, NVIDIA GeForce RTX 4060 Ti, 9 %, 988 MiB, 8188 MiB, 37, 32.56 W
2026/09/23 03:51:43.663, NVIDIA GeForce RTX 4060 Ti, 19 %, 983 MiB, 8188 MiB, 36, 25.50 W
2026/09/23 03:51:44.668, NVIDIA GeForce RTX 4060 Ti, 18 %, 983 MiB, 8188 MiB, 36, 14.06 W
2026/09/23 03:51:45.675, NVIDIA GeForce RTX 4060 Ti, 29 %, 987 MiB, 8188 MiB, 36, 13.67 W
2026/09/23 03:51:46.683, NVIDIA GeForce RTX 4060 Ti, 11 %, 987 MiB, 8188 MiB, 37, 24.55 W
2026/09/23 03:51:47.689, NVIDIA GeForce RTX 4060 Ti, 7 %, 983 MiB, 8188 MiB, 37, 32.22 W
2026/09/23 03:51:48.695, NVIDIA GeForce RTX 4060 Ti, 7 %, 983 MiB, 8188 MiB, 37, 32.15 W
2026/09/23 03:51:49.702, NVIDIA GeForce RTX 4060 Ti, 13 %, 987 MiB, 8188 MiB, 36, 23.06 W
2026/09/23 03:51:50.708, NVIDIA GeForce RTX 4060 Ti, 21 %, 987 MiB, 8188 MiB, 36, 13.19 W
2026/09/23 03:51:51.715, NVIDIA GeForce RTX 4060 Ti, 28 %, 983 MiB, 8188 MiB, 36, 13.23 W
2026/09/23 03:51:52.722, NVIDIA GeForce RTX 4060 Ti, 28 %, 983 MiB, 8188 MiB, 36, 12.93 W
2026/09/23 03:51:53.728, NVIDIA GeForce RTX 4060 Ti, 35 %, 987 MiB, 8188 MiB, 36, 12.99 W
2026/09/23 03:51:54.736, NVIDIA GeForce RTX 4060 Ti, 36 %, 988 MiB, 8188 MiB, 36, 10.74 W
2026/09/23 03:51:55.744, NVIDIA GeForce RTX 4060 Ti, 9 %, 989 MiB, 8188 MiB, 37, 22.26 W
2026/09/23 03:51:56.748, NVIDIA GeForce RTX 4060 Ti, 8 %, 989 MiB, 8188 MiB, 37, 32.55 W
2026/09/23 03:51:57.756, NVIDIA GeForce RTX 4060 Ti, 9 %, 992 MiB, 8188 MiB, 37, 32.56 W
2026/09/23 03:51:58.763, NVIDIA GeForce RTX 4060 Ti, 16 %, 992 MiB, 8188 MiB, 36, 23.27 W
2026/09/23 03:51:59.768, NVIDIA GeForce RTX 4060 Ti, 20 %, 992 MiB, 8188 MiB, 36, 13.41 W
2026/09/23 03:52:00.779, NVIDIA GeForce RTX 4060 Ti, 30 %, 993 MiB, 8188 MiB, 36, 13.19 W
2026/09/23 03:52:01.803, NVIDIA GeForce RTX 4060 Ti, 31 %, 993 MiB, 8188 MiB, 36, 13.27 W
2026/09/23 03:52:02.812, NVIDIA GeForce RTX 4060 Ti, 31 %, 992 MiB, 8188 MiB, 36, 12.97 W
2026/09/23 03:52:03.822, NVIDIA GeForce RTX 4060 Ti, 42 %, 985 MiB, 8188 MiB, 36, 12.44 W
2026/09/23 03:52:04.828, NVIDIA GeForce RTX 4060 Ti, 32 %, 989 MiB, 8188 MiB, 36, 12.65 W
2026/09/23 03:52:05.834, NVIDIA GeForce RTX 4060 Ti, 13 %, 989 MiB, 8188 MiB, 36, 11.54 W
2026/09/23 03:52:06.844, NVIDIA GeForce RTX 4060 Ti, 3 %, 985 MiB, 8188 MiB, 36, 7.42 W
2026/09/23 03:52:07.856, NVIDIA GeForce RTX 4060 Ti, 3 %, 985 MiB, 8188 MiB, 36, 7.68 W
2026/09/23 03:52:08.865, NVIDIA GeForce RTX 4060 Ti, 3 %, 989 MiB, 8188 MiB, 36, 6.64 W
2026/09/23 03:52:09.872, NVIDIA GeForce RTX 4060 Ti, 4 %, 989 MiB, 8188 MiB, 36, 7.21 W
2026/09/23 03:52:10.878, NVIDIA GeForce RTX 4060 Ti, 3 %, 985 MiB, 8188 MiB, 36, 7.01 W
2026/09/23 03:52:11.883, NVIDIA GeForce RTX 4060 Ti, 45 %, 985 MiB, 8188 MiB, 36, 9.05 W
2026/09/23 03:52:12.891, NVIDIA GeForce RTX 4060 Ti, 37 %, 989 MiB, 8188 MiB, 36, 9.40 W
2026/09/23 03:52:13.901, NVIDIA GeForce RTX 4060 Ti, 31 %, 989 MiB, 8188 MiB, 36, 9.47 W
2026/09/23 03:52:14.907, NVIDIA GeForce RTX 4060 Ti, 39 %, 984 MiB, 8188 MiB, 36, 9.62 W
2026/09/23 03:52:15.918, NVIDIA GeForce RTX 4060 Ti, 34 %, 985 MiB, 8188 MiB, 36, 9.34 W
2026/09/23 03:52:16.929, NVIDIA GeForce RTX 4060 Ti, 40 %, 989 MiB, 8188 MiB, 36, 9.35 W
2026/09/23 03:52:17.937, NVIDIA GeForce RTX 4060 Ti, 38 %, 989 MiB, 8188 MiB, 36, 9.45 W
2026/09/23 03:52:18.944, NVIDIA GeForce RTX 4060 Ti, 41 %, 985 MiB, 8188 MiB, 36, 9.38 W
2026/09/23 03:52:19.950, NVIDIA GeForce RTX 4060 Ti, 37 %, 985 MiB, 8188 MiB, 36, 9.36 W
2026/09/23 03:52:20.957, NVIDIA GeForce RTX 4060 Ti, 27 %, 989 MiB, 8188 MiB, 36, 9.32 W
2026/09/23 03:52:21.963, NVIDIA GeForce RTX 4060 Ti, 30 %, 989 MiB, 8188 MiB, 36, 9.55 W
2026/09/23 03:52:22.968, NVIDIA GeForce RTX 4060 Ti, 36 %, 984 MiB, 8188 MiB, 36, 9.24 W
2026/09/23 03:52:23.980, NVIDIA GeForce RTX 4060 Ti, 37 %, 984 MiB, 8188 MiB, 36, 9.34 W
2026/09/23 03:52:24.988, NVIDIA GeForce RTX 4060 Ti, 43 %, 989 MiB, 8188 MiB, 36, 9.40 W
2026/09/23 03:52:25.996, NVIDIA GeForce RTX 4060 Ti, 39 %, 989 MiB, 8188 MiB, 36, 9.50 W
2026/09/23 03:52:27.003, NVIDIA GeForce RTX 4060 Ti, 47 %, 984 MiB, 8188 MiB, 36, 9.41 W
2026/09/23 03:52:28.012, NVIDIA GeForce RTX 4060 Ti, 42 %, 984 MiB, 8188 MiB, 36, 9.42 W
2026/09/23 03:52:29.020, NVIDIA GeForce RTX 4060 Ti, 37 %, 989 MiB, 8188 MiB, 36, 9.35 W
2026/09/23 03:52:30.026, NVIDIA GeForce RTX 4060 Ti, 9 %, 989 MiB, 8188 MiB, 37, 28.76 W
2026/09/23 03:52:31.033, NVIDIA GeForce RTX 4060 Ti, 10 %, 984 MiB, 8188 MiB, 37, 32.37 W
2026/09/23 03:52:32.048, NVIDIA GeForce RTX 4060 Ti, 10 %, 984 MiB, 8188 MiB, 37, 32.55 W
2026/09/23 03:52:33.055, NVIDIA GeForce RTX 4060 Ti, 25 %, 990 MiB, 8188 MiB, 36, 18.96 W
2026/09/23 03:52:34.065, NVIDIA GeForce RTX 4060 Ti, 25 %, 991 MiB, 8188 MiB, 36, 13.93 W
2026/09/23 03:52:35.074, NVIDIA GeForce RTX 4060 Ti, 26 %, 991 MiB, 8188 MiB, 36, 13.55 W
2026/09/23 03:52:36.079, NVIDIA GeForce RTX 4060 Ti, 29 %, 985 MiB, 8188 MiB, 36, 13.41 W
2026/09/23 03:52:37.087, NVIDIA GeForce RTX 4060 Ti, 18 %, 989 MiB, 8188 MiB, 36, 12.99 W
2026/09/23 03:52:38.094, NVIDIA GeForce RTX 4060 Ti, 30 %, 989 MiB, 8188 MiB, 36, 10.01 W
2026/09/23 03:52:39.100, NVIDIA GeForce RTX 4060 Ti, 3 %, 985 MiB, 8188 MiB, 36, 7.69 W
2026/09/23 03:52:40.106, NVIDIA GeForce RTX 4060 Ti, 3 %, 985 MiB, 8188 MiB, 35, 6.49 W
2026/09/23 03:52:41.113, NVIDIA GeForce RTX 4060 Ti, 5 %, 989 MiB, 8188 MiB, 36, 7.11 W
2026/09/23 03:52:42.119, NVIDIA GeForce RTX 4060 Ti, 0 %, 989 MiB, 8188 MiB, 36, 15.72 W
2026/09/23 03:52:43.126, NVIDIA GeForce RTX 4060 Ti, 6 %, 1005 MiB, 8188 MiB, 37, 30.49 W
2026/09/23 03:52:44.135, NVIDIA GeForce RTX 4060 Ti, 8 %, 1005 MiB, 8188 MiB, 37, 31.91 W
2026/09/23 03:52:45.142, NVIDIA GeForce RTX 4060 Ti, 6 %, 1009 MiB, 8188 MiB, 37, 31.81 W
2026/09/23 03:52:46.153, NVIDIA GeForce RTX 4060 Ti, 19 %, 1009 MiB, 8188 MiB, 36, 16.82 W
2026/09/23 03:52:47.161, NVIDIA GeForce RTX 4060 Ti, 23 %, 1004 MiB, 8188 MiB, 36, 13.33 W
2026/09/23 03:52:48.178, NVIDIA GeForce RTX 4060 Ti, 26 %, 1004 MiB, 8188 MiB, 36, 13.14 W
2026/09/23 03:52:49.192, NVIDIA GeForce RTX 4060 Ti, 32 %, 1008 MiB, 8188 MiB, 36, 12.96 W
2026/09/23 03:52:50.201, NVIDIA GeForce RTX 4060 Ti, 32 %, 1008 MiB, 8188 MiB, 36, 13.00 W
2026/09/23 03:52:51.209, NVIDIA GeForce RTX 4060 Ti, 39 %, 1004 MiB, 8188 MiB, 36, 9.85 W
2026/09/23 03:52:52.217, NVIDIA GeForce RTX 4060 Ti, 40 %, 1004 MiB, 8188 MiB, 36, 9.30 W
2026/09/23 03:52:53.225, NVIDIA GeForce RTX 4060 Ti, 39 %, 1008 MiB, 8188 MiB, 36, 9.49 W
2026/09/23 03:52:54.232, NVIDIA GeForce RTX 4060 Ti, 35 %, 1008 MiB, 8188 MiB, 36, 9.57 W
2026/09/23 03:52:55.238, NVIDIA GeForce RTX 4060 Ti, 33 %, 1004 MiB, 8188 MiB, 36, 9.47 W
2026/09/23 03:52:56.244, NVIDIA GeForce RTX 4060 Ti, 37 %, 1004 MiB, 8188 MiB, 36, 9.41 W
2026/09/23 03:52:57.249, NVIDIA GeForce RTX 4060 Ti, 40 %, 1008 MiB, 8188 MiB, 36, 9.45 W
2026/09/23 03:52:58.256, NVIDIA GeForce RTX 4060 Ti, 10 %, 1008 MiB, 8188 MiB, 37, 25.20 W
2026/09/23 03:52:59.261, NVIDIA GeForce RTX 4060 Ti, 11 %, 1009 MiB, 8188 MiB, 37, 32.33 W
2026/09/23 03:53:00.269, NVIDIA GeForce RTX 4060 Ti, 11 %, 1009 MiB, 8188 MiB, 37, 32.70 W
2026/09/23 03:53:01.275, NVIDIA GeForce RTX 4060 Ti, 10 %, 1009 MiB, 8188 MiB, 37, 30.75 W
2026/09/23 03:53:02.282, NVIDIA GeForce RTX 4060 Ti, 16 %, 1011 MiB, 8188 MiB, 36, 13.94 W
2026/09/23 03:53:03.287, NVIDIA GeForce RTX 4060 Ti, 21 %, 1005 MiB, 8188 MiB, 36, 13.59 W
2026/09/23 03:53:04.293, NVIDIA GeForce RTX 4060 Ti, 25 %, 1005 MiB, 8188 MiB, 36, 13.26 W
2026/09/23 03:53:05.300, NVIDIA GeForce RTX 4060 Ti, 31 %, 1010 MiB, 8188 MiB, 36, 13.19 W
2026/09/23 03:53:06.309, NVIDIA GeForce RTX 4060 Ti, 30 %, 1010 MiB, 8188 MiB, 36, 13.14 W
2026/09/23 03:53:07.315, NVIDIA GeForce RTX 4060 Ti, 35 %, 1005 MiB, 8188 MiB, 36, 11.46 W
2026/09/23 03:53:08.323, NVIDIA GeForce RTX 4060 Ti, 42 %, 1005 MiB, 8188 MiB, 36, 9.25 W
2026/09/23 03:53:09.329, NVIDIA GeForce RTX 4060 Ti, 40 %, 1009 MiB, 8188 MiB, 36, 9.39 W
2026/09/23 03:53:10.334, NVIDIA GeForce RTX 4060 Ti, 37 %, 1009 MiB, 8188 MiB, 36, 9.53 W
2026/09/23 03:53:11.343, NVIDIA GeForce RTX 4060 Ti, 10 %, 1005 MiB, 8188 MiB, 37, 30.32 W
2026/09/23 03:53:12.348, NVIDIA GeForce RTX 4060 Ti, 8 %, 1005 MiB, 8188 MiB, 37, 32.13 W
2026/09/23 03:53:13.352, NVIDIA GeForce RTX 4060 Ti, 0 %, 1009 MiB, 8188 MiB, 37, 29.10 W
2026/09/23 03:53:14.369, NVIDIA GeForce RTX 4060 Ti, 0 %, 1009 MiB, 8188 MiB, 37, 26.09 W
2026/09/23 03:53:15.374, NVIDIA GeForce RTX 4060 Ti, 1 %, 1004 MiB, 8188 MiB, 36, 11.15 W
2026/09/23 03:53:16.381, NVIDIA GeForce RTX 4060 Ti, 2 %, 1004 MiB, 8188 MiB, 36, 9.05 W
2026/09/23 03:53:17.387, NVIDIA GeForce RTX 4060 Ti, 38 %, 1013 MiB, 8188 MiB, 36, 7.43 W
2026/09/23 03:53:18.393, NVIDIA GeForce RTX 4060 Ti, 37 %, 1013 MiB, 8188 MiB, 36, 9.19 W
2026/09/23 03:53:19.401, NVIDIA GeForce RTX 4060 Ti, 40 %, 1009 MiB, 8188 MiB, 36, 9.23 W
2026/09/23 03:53:20.409, NVIDIA GeForce RTX 4060 Ti, 37 %, 1009 MiB, 8188 MiB, 36, 9.01 W
2026/09/23 03:53:21.415, NVIDIA GeForce RTX 4060 Ti, 39 %, 1013 MiB, 8188 MiB, 36, 9.19 W
2026/09/23 03:53:22.427, NVIDIA GeForce RTX 4060 Ti, 36 %, 1013 MiB, 8188 MiB, 36, 9.17 W
2026/09/23 03:53:23.436, NVIDIA GeForce RTX 4060 Ti, 8 %, 1009 MiB, 8188 MiB, 37, 16.11 W
2026/09/23 03:53:24.442, NVIDIA GeForce RTX 4060 Ti, 7 %, 1006 MiB, 8188 MiB, 37, 31.65 W
2026/09/23 03:53:25.449, NVIDIA GeForce RTX 4060 Ti, 7 %, 1010 MiB, 8188 MiB, 37, 31.79 W
2026/09/23 03:53:26.456, NVIDIA GeForce RTX 4060 Ti, 14 %, 1009 MiB, 8188 MiB, 37, 27.25 W
2026/09/23 03:53:27.462, NVIDIA GeForce RTX 4060 Ti, 17 %, 1004 MiB, 8188 MiB, 36, 13.57 W
2026/09/23 03:53:28.468, NVIDIA GeForce RTX 4060 Ti, 21 %, 1004 MiB, 8188 MiB, 36, 13.00 W
2026/09/23 03:53:29.473, NVIDIA GeForce RTX 4060 Ti, 25 %, 1008 MiB, 8188 MiB, 36, 12.71 W
2026/09/23 03:53:30.480, NVIDIA GeForce RTX 4060 Ti, 32 %, 1009 MiB, 8188 MiB, 36, 11.84 W
2026/09/23 03:53:31.487, NVIDIA GeForce RTX 4060 Ti, 34 %, 1004 MiB, 8188 MiB, 36, 9.23 W
2026/09/23 03:53:32.497, NVIDIA GeForce RTX 4060 Ti, 8 %, 1004 MiB, 8188 MiB, 37, 18.03 W
2026/09/23 03:53:33.502, NVIDIA GeForce RTX 4060 Ti, 7 %, 1009 MiB, 8188 MiB, 37, 32.06 W
2026/09/23 03:53:34.510, NVIDIA GeForce RTX 4060 Ti, 7 %, 1009 MiB, 8188 MiB, 37, 32.08 W
2026/09/23 03:53:35.515, NVIDIA GeForce RTX 4060 Ti, 14 %, 1004 MiB, 8188 MiB, 37, 27.37 W
2026/09/23 03:53:36.521, NVIDIA GeForce RTX 4060 Ti, 17 %, 1004 MiB, 8188 MiB, 36, 13.38 W
2026/09/23 03:53:37.559, NVIDIA GeForce RTX 4060 Ti, 21 %, 1010 MiB, 8188 MiB, 36, 13.23 W
2026/09/23 03:53:38.567, NVIDIA GeForce RTX 4060 Ti, 26 %, 1010 MiB, 8188 MiB, 36, 12.91 W
2026/09/23 03:53:39.572, NVIDIA GeForce RTX 4060 Ti, 31 %, 1005 MiB, 8188 MiB, 36, 11.61 W
2026/09/23 03:53:40.579, NVIDIA GeForce RTX 4060 Ti, 34 %, 1005 MiB, 8188 MiB, 36, 9.34 W
2026/09/23 03:53:41.585, NVIDIA GeForce RTX 4060 Ti, 8 %, 1010 MiB, 8188 MiB, 37, 20.01 W
2026/09/23 03:53:42.591, NVIDIA GeForce RTX 4060 Ti, 7 %, 1010 MiB, 8188 MiB, 37, 31.89 W
2026/09/23 03:53:43.596, NVIDIA GeForce RTX 4060 Ti, 9 %, 1005 MiB, 8188 MiB, 37, 31.97 W
2026/09/23 03:53:44.601, NVIDIA GeForce RTX 4060 Ti, 15 %, 1005 MiB, 8188 MiB, 38, 26.17 W
2026/09/23 03:53:45.607, NVIDIA GeForce RTX 4060 Ti, 16 %, 1010 MiB, 8188 MiB, 36, 13.90 W
2026/09/23 03:53:46.612, NVIDIA GeForce RTX 4060 Ti, 23 %, 1010 MiB, 8188 MiB, 36, 13.46 W
2026/09/23 03:53:47.619, NVIDIA GeForce RTX 4060 Ti, 28 %, 1005 MiB, 8188 MiB, 36, 13.02 W
2026/09/23 03:53:48.624, NVIDIA GeForce RTX 4060 Ti, 30 %, 1005 MiB, 8188 MiB, 36, 12.98 W
2026/09/23 03:53:49.636, NVIDIA GeForce RTX 4060 Ti, 39 %, 1010 MiB, 8188 MiB, 36, 12.29 W
2026/09/23 03:53:50.642, NVIDIA GeForce RTX 4060 Ti, 39 %, 1010 MiB, 8188 MiB, 36, 9.23 W
2026/09/23 03:53:51.651, NVIDIA GeForce RTX 4060 Ti, 39 %, 1005 MiB, 8188 MiB, 36, 9.24 W
2026/09/23 03:53:52.658, NVIDIA GeForce RTX 4060 Ti, 20 %, 1005 MiB, 8188 MiB, 36, 8.42 W
2026/09/23 03:53:53.665, NVIDIA GeForce RTX 4060 Ti, 6 %, 1010 MiB, 8188 MiB, 36, 7.43 W
2026/09/23 03:53:54.671, NVIDIA GeForce RTX 4060 Ti, 2 %, 1010 MiB, 8188 MiB, 36, 7.52 W
2026/09/23 03:53:55.677, NVIDIA GeForce RTX 4060 Ti, 2 %, 1005 MiB, 8188 MiB, 36, 6.58 W
2026/09/23 03:53:56.684, NVIDIA GeForce RTX 4060 Ti, 3 %, 1005 MiB, 8188 MiB, 36, 7.39 W
2026/09/23 03:53:57.693, NVIDIA GeForce RTX 4060 Ti, 4 %, 1009 MiB, 8188 MiB, 36, 6.95 W
2026/09/23 03:53:58.700, NVIDIA GeForce RTX 4060 Ti, 38 %, 957 MiB, 8188 MiB, 36, 8.11 W
2026/09/23 03:53:59.707, NVIDIA GeForce RTX 4060 Ti, 35 %, 953 MiB, 8188 MiB, 36, 8.82 W
2026/09/23 03:54:00.713, NVIDIA GeForce RTX 4060 Ti, 40 %, 953 MiB, 8188 MiB, 36, 8.80 W
2026/09/23 03:54:01.732, NVIDIA GeForce RTX 4060 Ti, 39 %, 958 MiB, 8188 MiB, 36, 8.86 W
2026/09/23 03:54:02.738, NVIDIA GeForce RTX 4060 Ti, 35 %, 958 MiB, 8188 MiB, 36, 8.89 W
2026/09/23 03:54:03.749, NVIDIA GeForce RTX 4060 Ti, 39 %, 952 MiB, 8188 MiB, 36, 8.93 W
2026/09/23 03:54:04.754, NVIDIA GeForce RTX 4060 Ti, 39 %, 952 MiB, 8188 MiB, 36, 8.78 W
2026/09/23 03:54:05.761, NVIDIA GeForce RTX 4060 Ti, 37 %, 956 MiB, 8188 MiB, 36, 8.93 W
2026/09/23 03:54:06.768, NVIDIA GeForce RTX 4060 Ti, 39 %, 958 MiB, 8188 MiB, 36, 8.90 W
2026/09/23 03:54:07.776, NVIDIA GeForce RTX 4060 Ti, 37 %, 958 MiB, 8188 MiB, 36, 8.94 W
2026/09/23 03:54:08.782, NVIDIA GeForce RTX 4060 Ti, 37 %, 958 MiB, 8188 MiB, 36, 8.90 W
2026/09/23 03:54:09.788, NVIDIA GeForce RTX 4060 Ti, 33 %, 958 MiB, 8188 MiB, 36, 8.94 W
2026/09/23 03:54:10.795, NVIDIA GeForce RTX 4060 Ti, 37 %, 958 MiB, 8188 MiB, 36, 8.92 W
2026/09/23 03:54:11.802, NVIDIA GeForce RTX 4060 Ti, 41 %, 953 MiB, 8188 MiB, 36, 8.88 W
2026/09/23 03:54:12.808, NVIDIA GeForce RTX 4060 Ti, 43 %, 953 MiB, 8188 MiB, 36, 8.87 W
2026/09/23 03:54:13.813, NVIDIA GeForce RTX 4060 Ti, 34 %, 957 MiB, 8188 MiB, 36, 9.11 W
2026/09/23 03:54:14.820, NVIDIA GeForce RTX 4060 Ti, 36 %, 957 MiB, 8188 MiB, 36, 9.05 W
2026/09/23 03:54:15.825, NVIDIA GeForce RTX 4060 Ti, 41 %, 952 MiB, 8188 MiB, 36, 9.03 W
2026/09/23 03:54:16.832, NVIDIA GeForce RTX 4060 Ti, 9 %, 952 MiB, 8188 MiB, 37, 25.77 W
2026/09/23 03:54:17.838, NVIDIA GeForce RTX 4060 Ti, 8 %, 956 MiB, 8188 MiB, 37, 32.23 W
2026/09/23 03:54:18.843, NVIDIA GeForce RTX 4060 Ti, 9 %, 956 MiB, 8188 MiB, 37, 32.28 W
2026/09/23 03:54:19.848, NVIDIA GeForce RTX 4060 Ti, 17 %, 956 MiB, 8188 MiB, 36, 20.66 W
2026/09/23 03:54:20.854, NVIDIA GeForce RTX 4060 Ti, 23 %, 957 MiB, 8188 MiB, 36, 13.22 W
2026/09/23 03:54:21.865, NVIDIA GeForce RTX 4060 Ti, 27 %, 957 MiB, 8188 MiB, 36, 13.03 W
2026/09/23 03:54:22.874, NVIDIA GeForce RTX 4060 Ti, 0 %, 957 MiB, 8188 MiB, 36, 12.12 W
2026/09/23 03:54:23.886, NVIDIA GeForce RTX 4060 Ti, 27 %, 952 MiB, 8188 MiB, 36, 9.46 W
2026/09/23 03:54:24.892, NVIDIA GeForce RTX 4060 Ti, 24 %, 956 MiB, 8188 MiB, 36, 8.53 W
2026/09/23 03:54:25.899, NVIDIA GeForce RTX 4060 Ti, 30 %, 956 MiB, 8188 MiB, 36, 8.55 W
2026/09/23 03:54:26.905, NVIDIA GeForce RTX 4060 Ti, 31 %, 952 MiB, 8188 MiB, 36, 8.50 W
2026/09/23 03:54:27.911, NVIDIA GeForce RTX 4060 Ti, 31 %, 952 MiB, 8188 MiB, 36, 8.37 W
2026/09/23 03:54:28.919, NVIDIA GeForce RTX 4060 Ti, 31 %, 956 MiB, 8188 MiB, 36, 8.44 W
2026/09/23 03:54:29.923, NVIDIA GeForce RTX 4060 Ti, 3 %, 956 MiB, 8188 MiB, 37, 19.95 W
2026/09/23 03:54:30.928, NVIDIA GeForce RTX 4060 Ti, 0 %, 952 MiB, 8188 MiB, 37, 28.98 W
2026/09/23 03:54:31.934, NVIDIA GeForce RTX 4060 Ti, 0 %, 952 MiB, 8188 MiB, 37, 28.38 W
2026/09/23 03:54:32.945, NVIDIA GeForce RTX 4060 Ti, 1 %, 956 MiB, 8188 MiB, 37, 28.92 W
2026/09/23 03:54:33.955, NVIDIA GeForce RTX 4060 Ti, 24 %, 960 MiB, 8188 MiB, 36, 17.12 W
2026/09/23 03:54:34.961, NVIDIA GeForce RTX 4060 Ti, 32 %, 956 MiB, 8188 MiB, 36, 12.77 W
2026/09/23 03:54:35.967, NVIDIA GeForce RTX 4060 Ti, 33 %, 956 MiB, 8188 MiB, 36, 12.49 W
2026/09/23 03:54:36.980, NVIDIA GeForce RTX 4060 Ti, 34 %, 960 MiB, 8188 MiB, 36, 9.94 W
2026/09/23 03:54:37.989, NVIDIA GeForce RTX 4060 Ti, 31 %, 961 MiB, 8188 MiB, 36, 8.97 W
2026/09/23 03:54:39.014, NVIDIA GeForce RTX 4060 Ti, 36 %, 954 MiB, 8188 MiB, 36, 8.95 W
2026/09/23 03:54:40.021, NVIDIA GeForce RTX 4060 Ti, 36 %, 955 MiB, 8188 MiB, 36, 8.83 W
2026/09/23 03:54:41.027, NVIDIA GeForce RTX 4060 Ti, 46 %, 960 MiB, 8188 MiB, 36, 8.82 W
2026/09/23 03:54:42.043, NVIDIA GeForce RTX 4060 Ti, 37 %, 961 MiB, 8188 MiB, 36, 8.97 W
2026/09/23 03:54:43.050, NVIDIA GeForce RTX 4060 Ti, 42 %, 957 MiB, 8188 MiB, 36, 8.91 W
2026/09/23 03:54:44.067, NVIDIA GeForce RTX 4060 Ti, 36 %, 957 MiB, 8188 MiB, 36, 8.92 W
2026/09/23 03:54:45.076, NVIDIA GeForce RTX 4060 Ti, 38 %, 961 MiB, 8188 MiB, 36, 9.00 W
2026/09/23 03:54:46.083, NVIDIA GeForce RTX 4060 Ti, 35 %, 961 MiB, 8188 MiB, 36, 8.97 W
2026/09/23 03:54:47.088, NVIDIA GeForce RTX 4060 Ti, 35 %, 956 MiB, 8188 MiB, 36, 8.85 W
2026/09/23 03:54:48.097, NVIDIA GeForce RTX 4060 Ti, 39 %, 956 MiB, 8188 MiB, 36, 8.83 W
2026/09/23 03:54:49.101, NVIDIA GeForce RTX 4060 Ti, 43 %, 961 MiB, 8188 MiB, 36, 8.89 W
2026/09/23 03:54:50.106, NVIDIA GeForce RTX 4060 Ti, 36 %, 961 MiB, 8188 MiB, 36, 8.84 W
2026/09/23 03:54:51.115, NVIDIA GeForce RTX 4060 Ti, 43 %, 956 MiB, 8188 MiB, 36, 8.88 W
2026/09/23 03:54:52.120, NVIDIA GeForce RTX 4060 Ti, 39 %, 956 MiB, 8188 MiB, 36, 8.89 W
2026/09/23 03:54:53.133, NVIDIA GeForce RTX 4060 Ti, 43 %, 961 MiB, 8188 MiB, 36, 8.90 W
2026/09/23 03:54:54.142, NVIDIA GeForce RTX 4060 Ti, 41 %, 960 MiB, 8188 MiB, 36, 8.95 W
2026/09/23 03:54:55.149, NVIDIA GeForce RTX 4060 Ti, 37 %, 956 MiB, 8188 MiB, 36, 8.87 W
2026/09/23 03:54:56.174, NVIDIA GeForce RTX 4060 Ti, 26 %, 956 MiB, 8188 MiB, 35, 8.79 W
2026/09/23 03:54:57.183, NVIDIA GeForce RTX 4060 Ti, 14 %, 960 MiB, 8188 MiB, 35, 7.55 W
2026/09/23 03:54:58.189, NVIDIA GeForce RTX 4060 Ti, 4 %, 960 MiB, 8188 MiB, 35, 7.29 W
2026/09/23 03:54:59.196, NVIDIA GeForce RTX 4060 Ti, 4 %, 956 MiB, 8188 MiB, 35, 6.39 W
2026/09/23 03:55:00.202, NVIDIA GeForce RTX 4060 Ti, 4 %, 956 MiB, 8188 MiB, 35, 6.98 W
2026/09/23 03:55:01.209, NVIDIA GeForce RTX 4060 Ti, 1 %, 964 MiB, 8188 MiB, 36, 18.97 W
2026/09/23 03:55:02.217, NVIDIA GeForce RTX 4060 Ti, 7 %, 964 MiB, 8188 MiB, 37, 31.36 W
2026/09/23 03:55:03.223, NVIDIA GeForce RTX 4060 Ti, 8 %, 960 MiB, 8188 MiB, 37, 31.53 W
2026/09/23 03:55:04.230, NVIDIA GeForce RTX 4060 Ti, 8 %, 960 MiB, 8188 MiB, 37, 31.21 W
2026/09/23 03:55:05.236, NVIDIA GeForce RTX 4060 Ti, 17 %, 964 MiB, 8188 MiB, 36, 14.11 W
2026/09/23 03:55:06.249, NVIDIA GeForce RTX 4060 Ti, 18 %, 964 MiB, 8188 MiB, 36, 12.97 W
2026/09/23 03:55:07.258, NVIDIA GeForce RTX 4060 Ti, 22 %, 960 MiB, 8188 MiB, 36, 12.69 W
2026/09/23 03:55:08.264, NVIDIA GeForce RTX 4060 Ti, 27 %, 960 MiB, 8188 MiB, 36, 12.69 W
2026/09/23 03:55:09.270, NVIDIA GeForce RTX 4060 Ti, 32 %, 964 MiB, 8188 MiB, 36, 10.42 W
2026/09/23 03:55:10.277, NVIDIA GeForce RTX 4060 Ti, 36 %, 965 MiB, 8188 MiB, 36, 9.11 W
2026/09/23 03:55:11.284, NVIDIA GeForce RTX 4060 Ti, 31 %, 965 MiB, 8188 MiB, 36, 8.98 W
2026/09/23 03:55:12.289, NVIDIA GeForce RTX 4060 Ti, 39 %, 959 MiB, 8188 MiB, 36, 8.95 W
2026/09/23 03:55:13.295, NVIDIA GeForce RTX 4060 Ti, 31 %, 964 MiB, 8188 MiB, 36, 8.95 W
2026/09/23 03:55:14.299, NVIDIA GeForce RTX 4060 Ti, 36 %, 964 MiB, 8188 MiB, 35, 8.97 W
2026/09/23 03:55:15.307, NVIDIA GeForce RTX 4060 Ti, 34 %, 959 MiB, 8188 MiB, 35, 8.88 W
2026/09/23 03:55:16.316, NVIDIA GeForce RTX 4060 Ti, 33 %, 959 MiB, 8188 MiB, 35, 8.85 W
2026/09/23 03:55:17.326, NVIDIA GeForce RTX 4060 Ti, 38 %, 964 MiB, 8188 MiB, 35, 8.84 W
2026/09/23 03:55:18.332, NVIDIA GeForce RTX 4060 Ti, 39 %, 964 MiB, 8188 MiB, 35, 8.96 W
2026/09/23 03:55:19.338, NVIDIA GeForce RTX 4060 Ti, 37 %, 960 MiB, 8188 MiB, 35, 9.04 W
2026/09/23 03:55:20.347, NVIDIA GeForce RTX 4060 Ti, 33 %, 960 MiB, 8188 MiB, 35, 8.93 W
2026/09/23 03:55:21.353, NVIDIA GeForce RTX 4060 Ti, 32 %, 964 MiB, 8188 MiB, 35, 8.96 W
2026/09/23 03:55:22.362, NVIDIA GeForce RTX 4060 Ti, 34 %, 964 MiB, 8188 MiB, 35, 8.99 W
2026/09/23 03:55:23.368, NVIDIA GeForce RTX 4060 Ti, 36 %, 959 MiB, 8188 MiB, 35, 8.88 W
2026/09/23 03:55:24.374, NVIDIA GeForce RTX 4060 Ti, 36 %, 959 MiB, 8188 MiB, 35, 8.86 W
2026/09/23 03:55:25.381, NVIDIA GeForce RTX 4060 Ti, 35 %, 963 MiB, 8188 MiB, 35, 8.99 W
2026/09/23 03:55:26.387, NVIDIA GeForce RTX 4060 Ti, 14 %, 963 MiB, 8188 MiB, 35, 8.29 W
2026/09/23 03:55:27.396, NVIDIA GeForce RTX 4060 Ti, 26 %, 959 MiB, 8188 MiB, 35, 7.78 W
2026/09/23 03:55:28.402, NVIDIA GeForce RTX 4060 Ti, 3 %, 959 MiB, 8188 MiB, 35, 6.65 W
2026/09/23 03:55:29.410, NVIDIA GeForce RTX 4060 Ti, 15 %, 964 MiB, 8188 MiB, 35, 7.12 W
2026/09/23 03:55:30.417, NVIDIA GeForce RTX 4060 Ti, 3 %, 964 MiB, 8188 MiB, 35, 7.14 W
2026/09/23 03:55:31.424, NVIDIA GeForce RTX 4060 Ti, 8 %, 961 MiB, 8188 MiB, 37, 21.36 W
2026/09/23 03:55:32.430, NVIDIA GeForce RTX 4060 Ti, 8 %, 961 MiB, 8188 MiB, 37, 31.51 W
2026/09/23 03:55:33.435, NVIDIA GeForce RTX 4060 Ti, 7 %, 966 MiB, 8188 MiB, 37, 31.47 W
2026/09/23 03:55:34.439, NVIDIA GeForce RTX 4060 Ti, 15 %, 966 MiB, 8188 MiB, 37, 27.79 W
2026/09/23 03:55:35.444, NVIDIA GeForce RTX 4060 Ti, 22 %, 961 MiB, 8188 MiB, 36, 13.47 W
2026/09/23 03:55:36.450, NVIDIA GeForce RTX 4060 Ti, 26 %, 961 MiB, 8188 MiB, 36, 13.29 W
2026/09/23 03:55:37.457, NVIDIA GeForce RTX 4060 Ti, 23 %, 966 MiB, 8188 MiB, 36, 13.04 W
2026/09/23 03:55:38.463, NVIDIA GeForce RTX 4060 Ti, 28 %, 966 MiB, 8188 MiB, 36, 12.95 W
2026/09/23 03:55:39.488, NVIDIA GeForce RTX 4060 Ti, 31 %, 961 MiB, 8188 MiB, 35, 12.84 W
2026/09/23 03:55:40.495, NVIDIA GeForce RTX 4060 Ti, 35 %, 961 MiB, 8188 MiB, 35, 9.78 W
2026/09/23 03:55:41.502, NVIDIA GeForce RTX 4060 Ti, 32 %, 965 MiB, 8188 MiB, 35, 9.19 W
2026/09/23 03:55:42.510, NVIDIA GeForce RTX 4060 Ti, 39 %, 965 MiB, 8188 MiB, 35, 9.16 W
2026/09/23 03:55:43.518, NVIDIA GeForce RTX 4060 Ti, 36 %, 966 MiB, 8188 MiB, 35, 9.14 W
2026/09/23 03:55:44.526, NVIDIA GeForce RTX 4060 Ti, 39 %, 966 MiB, 8188 MiB, 35, 8.98 W
2026/09/23 03:55:45.531, NVIDIA GeForce RTX 4060 Ti, 34 %, 966 MiB, 8188 MiB, 35, 9.03 W
2026/09/23 03:55:46.536, NVIDIA GeForce RTX 4060 Ti, 37 %, 967 MiB, 8188 MiB, 35, 9.05 W
2026/09/23 03:55:47.540, NVIDIA GeForce RTX 4060 Ti, 34 %, 967 MiB, 8188 MiB, 35, 9.01 W
2026/09/23 03:55:48.547, NVIDIA GeForce RTX 4060 Ti, 33 %, 962 MiB, 8188 MiB, 35, 10.45 W
2026/09/23 03:55:49.553, NVIDIA GeForce RTX 4060 Ti, 35 %, 966 MiB, 8188 MiB, 35, 12.82 W
2026/09/23 03:55:50.563, NVIDIA GeForce RTX 4060 Ti, 36 %, 966 MiB, 8188 MiB, 35, 10.91 W
2026/09/23 03:55:51.568, NVIDIA GeForce RTX 4060 Ti, 38 %, 962 MiB, 8188 MiB, 35, 9.12 W
2026/09/23 03:55:52.575, NVIDIA GeForce RTX 4060 Ti, 4 %, 962 MiB, 8188 MiB, 35, 8.73 W
2026/09/23 03:55:53.584, NVIDIA GeForce RTX 4060 Ti, 41 %, 966 MiB, 8188 MiB, 35, 7.88 W
2026/09/23 03:55:54.590, NVIDIA GeForce RTX 4060 Ti, 4 %, 966 MiB, 8188 MiB, 35, 7.05 W
2026/09/23 03:55:55.597, NVIDIA GeForce RTX 4060 Ti, 25 %, 962 MiB, 8188 MiB, 35, 6.90 W
2026/09/23 03:55:56.603, NVIDIA GeForce RTX 4060 Ti, 11 %, 962 MiB, 8188 MiB, 35, 7.17 W
2026/09/23 03:55:57.610, NVIDIA GeForce RTX 4060 Ti, 39 %, 968 MiB, 8188 MiB, 35, 8.03 W
2026/09/23 03:55:58.619, NVIDIA GeForce RTX 4060 Ti, 37 %, 968 MiB, 8188 MiB, 35, 8.70 W
2026/09/23 03:55:59.626, NVIDIA GeForce RTX 4060 Ti, 40 %, 968 MiB, 8188 MiB, 35, 8.74 W
2026/09/23 03:56:00.631, NVIDIA GeForce RTX 4060 Ti, 35 %, 964 MiB, 8188 MiB, 35, 8.87 W
2026/09/23 03:56:01.639, NVIDIA GeForce RTX 4060 Ti, 34 %, 968 MiB, 8188 MiB, 35, 8.96 W
2026/09/23 03:56:02.644, NVIDIA GeForce RTX 4060 Ti, 32 %, 968 MiB, 8188 MiB, 35, 8.79 W
2026/09/23 03:56:03.650, NVIDIA GeForce RTX 4060 Ti, 40 %, 963 MiB, 8188 MiB, 35, 8.83 W
2026/09/23 03:56:04.656, NVIDIA GeForce RTX 4060 Ti, 41 %, 963 MiB, 8188 MiB, 35, 8.88 W
2026/09/23 03:56:05.666, NVIDIA GeForce RTX 4060 Ti, 39 %, 968 MiB, 8188 MiB, 35, 9.03 W
2026/09/23 03:56:06.674, NVIDIA GeForce RTX 4060 Ti, 37 %, 968 MiB, 8188 MiB, 35, 8.95 W
2026/09/23 03:56:07.680, NVIDIA GeForce RTX 4060 Ti, 34 %, 963 MiB, 8188 MiB, 35, 8.88 W
2026/09/23 03:56:08.688, NVIDIA GeForce RTX 4060 Ti, 39 %, 963 MiB, 8188 MiB, 35, 8.88 W
2026/09/23 03:56:09.693, NVIDIA GeForce RTX 4060 Ti, 41 %, 968 MiB, 8188 MiB, 35, 8.93 W
2026/09/23 03:56:10.701, NVIDIA GeForce RTX 4060 Ti, 37 %, 968 MiB, 8188 MiB, 35, 8.93 W
2026/09/23 03:56:11.710, NVIDIA GeForce RTX 4060 Ti, 33 %, 963 MiB, 8188 MiB, 35, 8.96 W
2026/09/23 03:56:12.716, NVIDIA GeForce RTX 4060 Ti, 33 %, 963 MiB, 8188 MiB, 35, 9.05 W
2026/09/23 03:56:13.721, NVIDIA GeForce RTX 4060 Ti, 34 %, 968 MiB, 8188 MiB, 35, 9.09 W
2026/09/23 03:56:14.728, NVIDIA GeForce RTX 4060 Ti, 42 %, 968 MiB, 8188 MiB, 35, 8.91 W
2026/09/23 03:56:15.737, NVIDIA GeForce RTX 4060 Ti, 37 %, 969 MiB, 8188 MiB, 35, 8.93 W
2026/09/23 03:56:16.743, NVIDIA GeForce RTX 4060 Ti, 38 %, 969 MiB, 8188 MiB, 35, 8.82 W
2026/09/23 03:56:17.748, NVIDIA GeForce RTX 4060 Ti, 37 %, 969 MiB, 8188 MiB, 35, 8.98 W
2026/09/23 03:56:18.755, NVIDIA GeForce RTX 4060 Ti, 42 %, 969 MiB, 8188 MiB, 35, 8.98 W
2026/09/23 03:56:19.760, NVIDIA GeForce RTX 4060 Ti, 33 %, 964 MiB, 8188 MiB, 35, 8.97 W
2026/09/23 03:56:20.765, NVIDIA GeForce RTX 4060 Ti, 30 %, 964 MiB, 8188 MiB, 35, 8.94 W
2026/09/23 03:56:21.773, NVIDIA GeForce RTX 4060 Ti, 34 %, 968 MiB, 8188 MiB, 35, 9.05 W
2026/09/23 03:56:22.778, NVIDIA GeForce RTX 4060 Ti, 37 %, 968 MiB, 8188 MiB, 35, 8.96 W
2026/09/23 03:56:23.787, NVIDIA GeForce RTX 4060 Ti, 36 %, 964 MiB, 8188 MiB, 35, 8.92 W
2026/09/23 03:56:24.793, NVIDIA GeForce RTX 4060 Ti, 18 %, 964 MiB, 8188 MiB, 35, 8.76 W
2026/09/23 03:56:25.799, NVIDIA GeForce RTX 4060 Ti, 9 %, 968 MiB, 8188 MiB, 35, 7.80 W
2026/09/23 03:56:26.805, NVIDIA GeForce RTX 4060 Ti, 3 %, 968 MiB, 8188 MiB, 35, 7.48 W
2026/09/23 03:56:27.813, NVIDIA GeForce RTX 4060 Ti, 4 %, 963 MiB, 8188 MiB, 35, 6.72 W
2026/09/23 03:56:28.821, NVIDIA GeForce RTX 4060 Ti, 0 %, 963 MiB, 8188 MiB, 36, 13.07 W
2026/09/23 03:56:29.826, NVIDIA GeForce RTX 4060 Ti, 1 %, 968 MiB, 8188 MiB, 36, 28.95 W
2026/09/23 03:56:30.850, NVIDIA GeForce RTX 4060 Ti, 7 %, 968 MiB, 8188 MiB, 36, 31.53 W
2026/09/23 03:56:31.857, NVIDIA GeForce RTX 4060 Ti, 7 %, 963 MiB, 8188 MiB, 37, 31.44 W
2026/09/23 03:56:32.865, NVIDIA GeForce RTX 4060 Ti, 14 %, 968 MiB, 8188 MiB, 35, 20.95 W
2026/09/23 03:56:33.870, NVIDIA GeForce RTX 4060 Ti, 18 %, 968 MiB, 8188 MiB, 35, 12.88 W
2026/09/23 03:56:34.875, NVIDIA GeForce RTX 4060 Ti, 19 %, 963 MiB, 8188 MiB, 35, 12.62 W
2026/09/23 03:56:35.882, NVIDIA GeForce RTX 4060 Ti, 24 %, 963 MiB, 8188 MiB, 35, 12.27 W
2026/09/23 03:56:36.887, NVIDIA GeForce RTX 4060 Ti, 28 %, 968 MiB, 8188 MiB, 35, 8.89 W
2026/09/23 03:56:37.892, NVIDIA GeForce RTX 4060 Ti, 33 %, 968 MiB, 8188 MiB, 35, 8.98 W
2026/09/23 03:56:38.900, NVIDIA GeForce RTX 4060 Ti, 32 %, 963 MiB, 8188 MiB, 35, 8.82 W
2026/09/23 03:56:39.929, NVIDIA GeForce RTX 4060 Ti, 37 %, 963 MiB, 8188 MiB, 35, 8.84 W
2026/09/23 03:56:40.936, NVIDIA GeForce RTX 4060 Ti, 39 %, 967 MiB, 8188 MiB, 35, 8.85 W
2026/09/23 03:56:41.945, NVIDIA GeForce RTX 4060 Ti, 39 %, 967 MiB, 8188 MiB, 35, 8.98 W
2026/09/23 03:56:42.950, NVIDIA GeForce RTX 4060 Ti, 42 %, 963 MiB, 8188 MiB, 35, 8.99 W
2026/09/23 03:56:43.958, NVIDIA GeForce RTX 4060 Ti, 33 %, 963 MiB, 8188 MiB, 35, 8.97 W
2026/09/23 03:56:44.965, NVIDIA GeForce RTX 4060 Ti, 42 %, 967 MiB, 8188 MiB, 35, 8.96 W
2026/09/23 03:56:45.971, NVIDIA GeForce RTX 4060 Ti, 36 %, 967 MiB, 8188 MiB, 35, 9.07 W
2026/09/23 03:56:46.977, NVIDIA GeForce RTX 4060 Ti, 38 %, 963 MiB, 8188 MiB, 35, 8.99 W
2026/09/23 03:56:47.984, NVIDIA GeForce RTX 4060 Ti, 34 %, 963 MiB, 8188 MiB, 35, 8.92 W
2026/09/23 03:56:48.991, NVIDIA GeForce RTX 4060 Ti, 39 %, 967 MiB, 8188 MiB, 35, 8.94 W
2026/09/23 03:56:50.002, NVIDIA GeForce RTX 4060 Ti, 39 %, 967 MiB, 8188 MiB, 35, 8.99 W
2026/09/23 03:56:51.008, NVIDIA GeForce RTX 4060 Ti, 29 %, 969 MiB, 8188 MiB, 35, 8.93 W
2026/09/23 03:56:52.016, NVIDIA GeForce RTX 4060 Ti, 36 %, 962 MiB, 8188 MiB, 35, 8.88 W
2026/09/23 03:56:53.022, NVIDIA GeForce RTX 4060 Ti, 38 %, 968 MiB, 8188 MiB, 35, 8.90 W
2026/09/23 03:56:54.029, NVIDIA GeForce RTX 4060 Ti, 40 %, 968 MiB, 8188 MiB, 35, 8.85 W
2026/09/23 03:56:55.036, NVIDIA GeForce RTX 4060 Ti, 40 %, 964 MiB, 8188 MiB, 35, 8.76 W
2026/09/23 03:56:56.044, NVIDIA GeForce RTX 4060 Ti, 37 %, 964 MiB, 8188 MiB, 35, 8.84 W
2026/09/23 03:56:57.050, NVIDIA GeForce RTX 4060 Ti, 41 %, 968 MiB, 8188 MiB, 35, 8.88 W
2026/09/23 03:56:58.058, NVIDIA GeForce RTX 4060 Ti, 41 %, 968 MiB, 8188 MiB, 35, 8.99 W
2026/09/23 03:56:59.064, NVIDIA GeForce RTX 4060 Ti, 19 %, 964 MiB, 8188 MiB, 35, 8.83 W
2026/09/23 03:57:00.069, NVIDIA GeForce RTX 4060 Ti, 13 %, 964 MiB, 8188 MiB, 35, 12.86 W
2026/09/23 03:57:01.074, NVIDIA GeForce RTX 4060 Ti, 0 %, 968 MiB, 8188 MiB, 36, 29.07 W
2026/09/23 03:57:02.080, NVIDIA GeForce RTX 4060 Ti, 0 %, 968 MiB, 8188 MiB, 36, 28.69 W
2026/09/23 03:57:03.086, NVIDIA GeForce RTX 4060 Ti, 0 %, 963 MiB, 8188 MiB, 36, 28.74 W
2026/09/23 03:57:04.098, NVIDIA GeForce RTX 4060 Ti, 10 %, 963 MiB, 8188 MiB, 35, 13.48 W
2026/09/23 03:57:05.104, NVIDIA GeForce RTX 4060 Ti, 4 %, 967 MiB, 8188 MiB, 35, 8.27 W
2026/09/23 03:57:06.110, NVIDIA GeForce RTX 4060 Ti, 0 %, 967 MiB, 8188 MiB, 36, 17.85 W
2026/09/23 03:57:07.115, NVIDIA GeForce RTX 4060 Ti, 0 %, 963 MiB, 8188 MiB, 36, 28.85 W
2026/09/23 03:57:08.121, NVIDIA GeForce RTX 4060 Ti, 0 %, 963 MiB, 8188 MiB, 36, 28.76 W
2026/09/23 03:57:09.131, NVIDIA GeForce RTX 4060 Ti, 11 %, 967 MiB, 8188 MiB, 36, 29.91 W
2026/09/23 03:57:10.135, NVIDIA GeForce RTX 4060 Ti, 22 %, 967 MiB, 8188 MiB, 35, 17.20 W
2026/09/23 03:57:11.140, NVIDIA GeForce RTX 4060 Ti, 24 %, 963 MiB, 8188 MiB, 35, 13.60 W
2026/09/23 03:57:12.145, NVIDIA GeForce RTX 4060 Ti, 27 %, 963 MiB, 8188 MiB, 35, 13.38 W
2026/09/23 03:57:13.151, NVIDIA GeForce RTX 4060 Ti, 24 %, 967 MiB, 8188 MiB, 35, 13.02 W
2026/09/23 03:57:14.155, NVIDIA GeForce RTX 4060 Ti, 26 %, 967 MiB, 8188 MiB, 35, 12.84 W
2026/09/23 03:57:15.163, NVIDIA GeForce RTX 4060 Ti, 32 %, 963 MiB, 8188 MiB, 35, 12.80 W
2026/09/23 03:57:16.168, NVIDIA GeForce RTX 4060 Ti, 38 %, 963 MiB, 8188 MiB, 35, 9.45 W
2026/09/23 03:57:17.180, NVIDIA GeForce RTX 4060 Ti, 37 %, 967 MiB, 8188 MiB, 35, 10.73 W
2026/09/23 03:57:18.185, NVIDIA GeForce RTX 4060 Ti, 38 %, 967 MiB, 8188 MiB, 35, 12.88 W
2026/09/23 03:57:19.191, NVIDIA GeForce RTX 4060 Ti, 37 %, 963 MiB, 8188 MiB, 35, 11.48 W
2026/09/23 03:57:20.198, NVIDIA GeForce RTX 4060 Ti, 26 %, 968 MiB, 8188 MiB, 35, 12.74 W
2026/09/23 03:57:21.204, NVIDIA GeForce RTX 4060 Ti, 35 %, 969 MiB, 8188 MiB, 35, 11.08 W
2026/09/23 03:57:22.209, NVIDIA GeForce RTX 4060 Ti, 37 %, 969 MiB, 8188 MiB, 35, 8.96 W
2026/09/23 03:57:23.215, NVIDIA GeForce RTX 4060 Ti, 39 %, 969 MiB, 8188 MiB, 35, 8.92 W
2026/09/23 03:57:24.222, NVIDIA GeForce RTX 4060 Ti, 38 %, 963 MiB, 8188 MiB, 35, 8.96 W
2026/09/23 03:57:25.229, NVIDIA GeForce RTX 4060 Ti, 35 %, 968 MiB, 8188 MiB, 35, 8.96 W
2026/09/23 03:57:26.235, NVIDIA GeForce RTX 4060 Ti, 44 %, 968 MiB, 8188 MiB, 35, 9.27 W
2026/09/23 03:57:27.243, NVIDIA GeForce RTX 4060 Ti, 33 %, 963 MiB, 8188 MiB, 35, 12.64 W
2026/09/23 03:57:28.251, NVIDIA GeForce RTX 4060 Ti, 42 %, 963 MiB, 8188 MiB, 35, 12.12 W
2026/09/23 03:57:29.260, NVIDIA GeForce RTX 4060 Ti, 2 %, 968 MiB, 8188 MiB, 35, 11.89 W
2026/09/23 03:57:30.272, NVIDIA GeForce RTX 4060 Ti, 30 %, 968 MiB, 8188 MiB, 35, 9.41 W
2026/09/23 03:57:31.279, NVIDIA GeForce RTX 4060 Ti, 4 %, 963 MiB, 8188 MiB, 35, 6.99 W
2026/09/23 03:57:32.285, NVIDIA GeForce RTX 4060 Ti, 4 %, 963 MiB, 8188 MiB, 35, 7.18 W
2026/09/23 03:57:33.290, NVIDIA GeForce RTX 4060 Ti, 4 %, 968 MiB, 8188 MiB, 35, 7.14 W
2026/09/23 03:57:34.297, NVIDIA GeForce RTX 4060 Ti, 37 %, 968 MiB, 8188 MiB, 35, 9.12 W
2026/09/23 03:57:35.302, NVIDIA GeForce RTX 4060 Ti, 35 %, 963 MiB, 8188 MiB, 35, 12.93 W
2026/09/23 03:57:36.309, NVIDIA GeForce RTX 4060 Ti, 42 %, 963 MiB, 8188 MiB, 35, 11.65 W
2026/09/23 03:57:37.314, NVIDIA GeForce RTX 4060 Ti, 37 %, 968 MiB, 8188 MiB, 35, 12.55 W
2026/09/23 03:57:38.319, NVIDIA GeForce RTX 4060 Ti, 43 %, 968 MiB, 8188 MiB, 35, 12.30 W
2026/09/23 03:57:39.324, NVIDIA GeForce RTX 4060 Ti, 32 %, 968 MiB, 8188 MiB, 35, 12.85 W
2026/09/23 03:57:40.329, NVIDIA GeForce RTX 4060 Ti, 35 %, 963 MiB, 8188 MiB, 35, 13.03 W
2026/09/23 03:57:41.335, NVIDIA GeForce RTX 4060 Ti, 32 %, 968 MiB, 8188 MiB, 35, 10.88 W
2026/09/23 03:57:42.342, NVIDIA GeForce RTX 4060 Ti, 28 %, 968 MiB, 8188 MiB, 35, 12.81 W
2026/09/23 03:57:43.348, NVIDIA GeForce RTX 4060 Ti, 37 %, 963 MiB, 8188 MiB, 35, 10.75 W
2026/09/23 03:57:44.352, NVIDIA GeForce RTX 4060 Ti, 34 %, 963 MiB, 8188 MiB, 35, 9.01 W
2026/09/23 03:57:45.358, NVIDIA GeForce RTX 4060 Ti, 39 %, 968 MiB, 8188 MiB, 35, 9.08 W
2026/09/23 03:57:46.364, NVIDIA GeForce RTX 4060 Ti, 41 %, 968 MiB, 8188 MiB, 35, 9.00 W
2026/09/23 03:57:47.370, NVIDIA GeForce RTX 4060 Ti, 36 %, 963 MiB, 8188 MiB, 35, 8.98 W
2026/09/23 03:57:48.375, NVIDIA GeForce RTX 4060 Ti, 36 %, 963 MiB, 8188 MiB, 35, 8.96 W
2026/09/23 03:57:49.380, NVIDIA GeForce RTX 4060 Ti, 37 %, 968 MiB, 8188 MiB, 35, 9.03 W
2026/09/23 03:57:50.385, NVIDIA GeForce RTX 4060 Ti, 32 %, 968 MiB, 8188 MiB, 35, 9.04 W
2026/09/23 03:57:51.391, NVIDIA GeForce RTX 4060 Ti, 35 %, 963 MiB, 8188 MiB, 35, 9.02 W
2026/09/23 03:57:52.403, NVIDIA GeForce RTX 4060 Ti, 47 %, 963 MiB, 8188 MiB, 35, 9.07 W
2026/09/23 03:57:53.413, NVIDIA GeForce RTX 4060 Ti, 1 %, 968 MiB, 8188 MiB, 35, 11.43 W
2026/09/23 03:57:54.433, NVIDIA GeForce RTX 4060 Ti, 6 %, 968 MiB, 8188 MiB, 35, 10.61 W
2026/09/23 03:57:55.440, NVIDIA GeForce RTX 4060 Ti, 9 %, 969 MiB, 8188 MiB, 35, 6.72 W
2026/09/23 03:57:56.447, NVIDIA GeForce RTX 4060 Ti, 0 %, 969 MiB, 8188 MiB, 36, 15.36 W
2026/09/23 03:57:57.453, NVIDIA GeForce RTX 4060 Ti, 0 %, 969 MiB, 8188 MiB, 36, 28.67 W
2026/09/23 03:57:58.459, NVIDIA GeForce RTX 4060 Ti, 11 %, 969 MiB, 8188 MiB, 36, 31.84 W
2026/09/23 03:57:59.464, NVIDIA GeForce RTX 4060 Ti, 13 %, 964 MiB, 8188 MiB, 37, 27.84 W
2026/09/23 03:58:00.483, NVIDIA GeForce RTX 4060 Ti, 22 %, 969 MiB, 8188 MiB, 35, 14.02 W
2026/09/23 03:58:01.487, NVIDIA GeForce RTX 4060 Ti, 25 %, 970 MiB, 8188 MiB, 35, 13.64 W
2026/09/23 03:58:02.493, NVIDIA GeForce RTX 4060 Ti, 27 %, 969 MiB, 8188 MiB, 35, 13.43 W
2026/09/23 03:58:03.498, NVIDIA GeForce RTX 4060 Ti, 31 %, 969 MiB, 8188 MiB, 35, 13.52 W
2026/09/23 03:58:04.507, NVIDIA GeForce RTX 4060 Ti, 34 %, 965 MiB, 8188 MiB, 35, 13.16 W
2026/09/23 03:58:05.512, NVIDIA GeForce RTX 4060 Ti, 37 %, 969 MiB, 8188 MiB, 35, 13.18 W
2026/09/23 03:58:06.517, NVIDIA GeForce RTX 4060 Ti, 30 %, 969 MiB, 8188 MiB, 35, 12.98 W
2026/09/23 03:58:07.522, NVIDIA GeForce RTX 4060 Ti, 36 %, 964 MiB, 8188 MiB, 35, 13.03 W
2026/09/23 03:58:08.527, NVIDIA GeForce RTX 4060 Ti, 38 %, 964 MiB, 8188 MiB, 35, 12.24 W
2026/09/23 03:58:09.533, NVIDIA GeForce RTX 4060 Ti, 36 %, 968 MiB, 8188 MiB, 35, 11.17 W
2026/09/23 03:58:10.541, NVIDIA GeForce RTX 4060 Ti, 39 %, 968 MiB, 8188 MiB, 35, 12.86 W
2026/09/23 03:58:11.547, NVIDIA GeForce RTX 4060 Ti, 32 %, 964 MiB, 8188 MiB, 35, 11.42 W
2026/09/23 03:58:12.555, NVIDIA GeForce RTX 4060 Ti, 33 %, 964 MiB, 8188 MiB, 35, 12.81 W
2026/09/23 03:58:13.560, NVIDIA GeForce RTX 4060 Ti, 39 %, 968 MiB, 8188 MiB, 35, 12.93 W
2026/09/23 03:58:14.565, NVIDIA GeForce RTX 4060 Ti, 5 %, 968 MiB, 8188 MiB, 35, 10.19 W
2026/09/23 03:58:15.571, NVIDIA GeForce RTX 4060 Ti, 5 %, 964 MiB, 8188 MiB, 35, 7.77 W
2026/09/23 03:58:16.586, NVIDIA GeForce RTX 4060 Ti, 3 %, 964 MiB, 8188 MiB, 35, 7.47 W
2026/09/23 03:58:17.593, NVIDIA GeForce RTX 4060 Ti, 4 %, 973 MiB, 8188 MiB, 35, 6.92 W
2026/09/23 03:58:18.598, NVIDIA GeForce RTX 4060 Ti, 0 %, 973 MiB, 8188 MiB, 36, 24.92 W
2026/09/23 03:58:19.603, NVIDIA GeForce RTX 4060 Ti, 10 %, 969 MiB, 8188 MiB, 36, 29.95 W
2026/09/23 03:58:20.608, NVIDIA GeForce RTX 4060 Ti, 10 %, 969 MiB, 8188 MiB, 37, 32.62 W
2026/09/23 03:58:21.613, NVIDIA GeForce RTX 4060 Ti, 18 %, 973 MiB, 8188 MiB, 37, 26.26 W
2026/09/23 03:58:22.618, NVIDIA GeForce RTX 4060 Ti, 23 %, 973 MiB, 8188 MiB, 35, 13.65 W
2026/09/23 03:58:23.625, NVIDIA GeForce RTX 4060 Ti, 24 %, 967 MiB, 8188 MiB, 35, 13.43 W
2026/09/23 03:58:24.631, NVIDIA GeForce RTX 4060 Ti, 22 %, 971 MiB, 8188 MiB, 35, 13.18 W
2026/09/23 03:58:25.637, NVIDIA GeForce RTX 4060 Ti, 28 %, 970 MiB, 8188 MiB, 35, 13.02 W
2026/09/23 03:58:26.650, NVIDIA GeForce RTX 4060 Ti, 32 %, 970 MiB, 8188 MiB, 35, 12.88 W
2026/09/23 03:58:27.655, NVIDIA GeForce RTX 4060 Ti, 31 %, 966 MiB, 8188 MiB, 35, 11.34 W
2026/09/23 03:58:28.662, NVIDIA GeForce RTX 4060 Ti, 32 %, 966 MiB, 8188 MiB, 35, 9.05 W
2026/09/23 03:58:29.667, NVIDIA GeForce RTX 4060 Ti, 35 %, 970 MiB, 8188 MiB, 35, 9.02 W
2026/09/23 03:58:30.673, NVIDIA GeForce RTX 4060 Ti, 32 %, 970 MiB, 8188 MiB, 35, 9.01 W
2026/09/23 03:58:31.679, NVIDIA GeForce RTX 4060 Ti, 39 %, 964 MiB, 8188 MiB, 35, 9.08 W
2026/09/23 03:58:32.685, NVIDIA GeForce RTX 4060 Ti, 38 %, 964 MiB, 8188 MiB, 35, 9.02 W
2026/09/23 03:58:33.691, NVIDIA GeForce RTX 4060 Ti, 31 %, 969 MiB, 8188 MiB, 35, 11.05 W
2026/09/23 03:58:34.696, NVIDIA GeForce RTX 4060 Ti, 31 %, 969 MiB, 8188 MiB, 35, 12.80 W
2026/09/23 03:58:35.702, NVIDIA GeForce RTX 4060 Ti, 38 %, 964 MiB, 8188 MiB, 35, 10.08 W
2026/09/23 03:58:36.707, NVIDIA GeForce RTX 4060 Ti, 34 %, 964 MiB, 8188 MiB, 35, 10.25 W
2026/09/23 03:58:37.713, NVIDIA GeForce RTX 4060 Ti, 35 %, 968 MiB, 8188 MiB, 35, 12.61 W
2026/09/23 03:58:38.719, NVIDIA GeForce RTX 4060 Ti, 39 %, 968 MiB, 8188 MiB, 35, 10.66 W
2026/09/23 03:58:39.724, NVIDIA GeForce RTX 4060 Ti, 38 %, 963 MiB, 8188 MiB, 35, 9.01 W
2026/09/23 03:58:40.730, NVIDIA GeForce RTX 4060 Ti, 40 %, 963 MiB, 8188 MiB, 35, 8.94 W
2026/09/23 03:58:41.736, NVIDIA GeForce RTX 4060 Ti, 35 %, 968 MiB, 8188 MiB, 35, 9.03 W
2026/09/23 03:58:42.742, NVIDIA GeForce RTX 4060 Ti, 7 %, 968 MiB, 8188 MiB, 35, 10.48 W
2026/09/23 03:58:43.749, NVIDIA GeForce RTX 4060 Ti, 3 %, 963 MiB, 8188 MiB, 35, 10.84 W
2026/09/23 03:58:44.762, NVIDIA GeForce RTX 4060 Ti, 0 %, 963 MiB, 8188 MiB, 36, 18.49 W
2026/09/23 03:58:45.771, NVIDIA GeForce RTX 4060 Ti, 0 %, 968 MiB, 8188 MiB, 36, 28.67 W
2026/09/23 03:58:46.788, NVIDIA GeForce RTX 4060 Ti, 2 %, 968 MiB, 8188 MiB, 36, 28.96 W
2026/09/23 03:58:47.795, NVIDIA GeForce RTX 4060 Ti, 7 %, 963 MiB, 8188 MiB, 36, 29.74 W
2026/09/23 03:58:48.800, NVIDIA GeForce RTX 4060 Ti, 16 %, 963 MiB, 8188 MiB, 35, 22.19 W
2026/09/23 03:58:49.804, NVIDIA GeForce RTX 4060 Ti, 20 %, 968 MiB, 8188 MiB, 35, 13.02 W
2026/09/23 03:58:50.810, NVIDIA GeForce RTX 4060 Ti, 20 %, 968 MiB, 8188 MiB, 35, 12.79 W
2026/09/23 03:58:51.815, NVIDIA GeForce RTX 4060 Ti, 30 %, 963 MiB, 8188 MiB, 35, 12.89 W
2026/09/23 03:58:52.820, NVIDIA GeForce RTX 4060 Ti, 31 %, 963 MiB, 8188 MiB, 35, 12.68 W
2026/09/23 03:58:53.831, NVIDIA GeForce RTX 4060 Ti, 37 %, 968 MiB, 8188 MiB, 35, 9.75 W
2026/09/23 03:58:54.838, NVIDIA GeForce RTX 4060 Ti, 39 %, 968 MiB, 8188 MiB, 35, 9.03 W
2026/09/23 03:58:55.843, NVIDIA GeForce RTX 4060 Ti, 34 %, 963 MiB, 8188 MiB, 35, 8.96 W
2026/09/23 03:58:56.849, NVIDIA GeForce RTX 4060 Ti, 36 %, 968 MiB, 8188 MiB, 35, 8.89 W
2026/09/23 03:58:57.859, NVIDIA GeForce RTX 4060 Ti, 33 %, 968 MiB, 8188 MiB, 35, 8.96 W
2026/09/23 03:58:58.865, NVIDIA GeForce RTX 4060 Ti, 37 %, 969 MiB, 8188 MiB, 35, 8.91 W
2026/09/23 03:58:59.870, NVIDIA GeForce RTX 4060 Ti, 35 %, 969 MiB, 8188 MiB, 35, 8.85 W
2026/09/23 03:59:00.876, NVIDIA GeForce RTX 4060 Ti, 36 %, 968 MiB, 8188 MiB, 35, 8.99 W
2026/09/23 03:59:01.882, NVIDIA GeForce RTX 4060 Ti, 32 %, 968 MiB, 8188 MiB, 35, 9.02 W
2026/09/23 03:59:02.887, NVIDIA GeForce RTX 4060 Ti, 36 %, 963 MiB, 8188 MiB, 35, 8.89 W
2026/09/23 03:59:03.894, NVIDIA GeForce RTX 4060 Ti, 37 %, 968 MiB, 8188 MiB, 35, 8.87 W
2026/09/23 03:59:04.900, NVIDIA GeForce RTX 4060 Ti, 38 %, 969 MiB, 8188 MiB, 35, 8.83 W
2026/09/23 03:59:05.906, NVIDIA GeForce RTX 4060 Ti, 38 %, 969 MiB, 8188 MiB, 35, 8.90 W
2026/09/23 03:59:06.913, NVIDIA GeForce RTX 4060 Ti, 34 %, 969 MiB, 8188 MiB, 35, 8.84 W
2026/09/23 03:59:07.918, NVIDIA GeForce RTX 4060 Ti, 38 %, 964 MiB, 8188 MiB, 35, 8.80 W
2026/09/23 03:59:08.924, NVIDIA GeForce RTX 4060 Ti, 36 %, 968 MiB, 8188 MiB, 35, 8.79 W
2026/09/23 03:59:09.929, NVIDIA GeForce RTX 4060 Ti, 35 %, 968 MiB, 8188 MiB, 35, 8.82 W
2026/09/23 03:59:10.935, NVIDIA GeForce RTX 4060 Ti, 38 %, 964 MiB, 8188 MiB, 35, 8.86 W
2026/09/23 03:59:11.940, NVIDIA GeForce RTX 4060 Ti, 34 %, 964 MiB, 8188 MiB, 35, 8.92 W
2026/09/23 03:59:12.944, NVIDIA GeForce RTX 4060 Ti, 39 %, 968 MiB, 8188 MiB, 35, 8.81 W
2026/09/23 03:59:13.951, NVIDIA GeForce RTX 4060 Ti, 44 %, 968 MiB, 8188 MiB, 35, 8.90 W
2026/09/23 03:59:14.957, NVIDIA GeForce RTX 4060 Ti, 1 %, 964 MiB, 8188 MiB, 35, 8.74 W
2026/09/23 03:59:15.965, NVIDIA GeForce RTX 4060 Ti, 22 %, 964 MiB, 8188 MiB, 35, 7.76 W
2026/09/23 03:59:16.970, NVIDIA GeForce RTX 4060 Ti, 0 %, 968 MiB, 8188 MiB, 36, 26.70 W
2026/09/23 03:59:17.975, NVIDIA GeForce RTX 4060 Ti, 3 %, 968 MiB, 8188 MiB, 36, 28.97 W
2026/09/23 03:59:18.981, NVIDIA GeForce RTX 4060 Ti, 1 %, 963 MiB, 8188 MiB, 36, 28.67 W
2026/09/23 03:59:19.986, NVIDIA GeForce RTX 4060 Ti, 0 %, 983 MiB, 8188 MiB, 35, 17.41 W
2026/09/23 03:59:20.992, NVIDIA GeForce RTX 4060 Ti, 17 %, 988 MiB, 8188 MiB, 35, 10.42 W
2026/09/23 03:59:22.006, NVIDIA GeForce RTX 4060 Ti, 0 %, 988 MiB, 8188 MiB, 36, 28.50 W
2026/09/23 03:59:23.014, NVIDIA GeForce RTX 4060 Ti, 0 %, 983 MiB, 8188 MiB, 36, 29.06 W
2026/09/23 03:59:24.019, NVIDIA GeForce RTX 4060 Ti, 5 %, 983 MiB, 8188 MiB, 36, 29.22 W
2026/09/23 03:59:25.026, NVIDIA GeForce RTX 4060 Ti, 19 %, 988 MiB, 8188 MiB, 35, 18.28 W
2026/09/23 03:59:26.034, NVIDIA GeForce RTX 4060 Ti, 31 %, 988 MiB, 8188 MiB, 35, 13.93 W
2026/09/23 03:59:27.042, NVIDIA GeForce RTX 4060 Ti, 32 %, 983 MiB, 8188 MiB, 35, 13.41 W
2026/09/23 03:59:28.060, NVIDIA GeForce RTX 4060 Ti, 40 %, 989 MiB, 8188 MiB, 35, 12.13 W
2026/09/23 03:59:29.067, NVIDIA GeForce RTX 4060 Ti, 37 %, 989 MiB, 8188 MiB, 35, 9.79 W
2026/09/23 03:59:30.081, NVIDIA GeForce RTX 4060 Ti, 37 %, 989 MiB, 8188 MiB, 35, 9.79 W
2026/09/23 03:59:31.089, NVIDIA GeForce RTX 4060 Ti, 40 %, 989 MiB, 8188 MiB, 35, 9.74 W
2026/09/23 03:59:32.099, NVIDIA GeForce RTX 4060 Ti, 42 %, 989 MiB, 8188 MiB, 35, 9.71 W
2026/09/23 03:59:33.110, NVIDIA GeForce RTX 4060 Ti, 41 %, 988 MiB, 8188 MiB, 35, 9.81 W
2026/09/23 03:59:34.117, NVIDIA GeForce RTX 4060 Ti, 28 %, 988 MiB, 8188 MiB, 35, 12.77 W
2026/09/23 03:59:35.124, NVIDIA GeForce RTX 4060 Ti, 38 %, 983 MiB, 8188 MiB, 35, 12.57 W
2026/09/23 03:59:36.130, NVIDIA GeForce RTX 4060 Ti, 37 %, 983 MiB, 8188 MiB, 35, 9.60 W
2026/09/23 03:59:37.136, NVIDIA GeForce RTX 4060 Ti, 33 %, 988 MiB, 8188 MiB, 35, 12.88 W
2026/09/23 03:59:38.145, NVIDIA GeForce RTX 4060 Ti, 31 %, 988 MiB, 8188 MiB, 35, 13.37 W
2026/09/23 03:59:39.152, NVIDIA GeForce RTX 4060 Ti, 45 %, 983 MiB, 8188 MiB, 35, 10.66 W
2026/09/23 03:59:40.157, NVIDIA GeForce RTX 4060 Ti, 37 %, 983 MiB, 8188 MiB, 35, 12.99 W
2026/09/23 03:59:41.167, NVIDIA GeForce RTX 4060 Ti, 43 %, 988 MiB, 8188 MiB, 35, 12.29 W
2026/09/23 03:59:42.172, NVIDIA GeForce RTX 4060 Ti, 38 %, 988 MiB, 8188 MiB, 35, 12.64 W
2026/09/23 03:59:43.179, NVIDIA GeForce RTX 4060 Ti, 30 %, 983 MiB, 8188 MiB, 35, 12.85 W
2026/09/23 03:59:44.185, NVIDIA GeForce RTX 4060 Ti, 39 %, 983 MiB, 8188 MiB, 35, 9.68 W
2026/09/23 03:59:45.192, NVIDIA GeForce RTX 4060 Ti, 37 %, 987 MiB, 8188 MiB, 35, 9.65 W
2026/09/23 03:59:46.207, NVIDIA GeForce RTX 4060 Ti, 40 %, 988 MiB, 8188 MiB, 35, 9.72 W
2026/09/23 03:59:47.215, NVIDIA GeForce RTX 4060 Ti, 43 %, 983 MiB, 8188 MiB, 35, 9.64 W
2026/09/23 03:59:48.226, NVIDIA GeForce RTX 4060 Ti, 39 %, 983 MiB, 8188 MiB, 35, 9.63 W
2026/09/23 03:59:49.235, NVIDIA GeForce RTX 4060 Ti, 42 %, 988 MiB, 8188 MiB, 35, 9.72 W
2026/09/23 03:59:50.253, NVIDIA GeForce RTX 4060 Ti, 37 %, 988 MiB, 8188 MiB, 35, 10.32 W
2026/09/23 03:59:51.259, NVIDIA GeForce RTX 4060 Ti, 10 %, 988 MiB, 8188 MiB, 36, 18.50 W
2026/09/23 03:59:52.269, NVIDIA GeForce RTX 4060 Ti, 7 %, 983 MiB, 8188 MiB, 36, 30.19 W
2026/09/23 03:59:53.276, NVIDIA GeForce RTX 4060 Ti, 0 %, 988 MiB, 8188 MiB, 36, 29.18 W
2026/09/23 03:59:54.282, NVIDIA GeForce RTX 4060 Ti, 0 %, 988 MiB, 8188 MiB, 36, 27.97 W
2026/09/23 03:59:55.288, NVIDIA GeForce RTX 4060 Ti, 2 %, 983 MiB, 8188 MiB, 35, 11.27 W
2026/09/23 03:59:56.294, NVIDIA GeForce RTX 4060 Ti, 28 %, 983 MiB, 8188 MiB, 35, 8.52 W
2026/09/23 03:59:57.304, NVIDIA GeForce RTX 4060 Ti, 10 %, 988 MiB, 8188 MiB, 37, 30.89 W
2026/09/23 03:59:58.311, NVIDIA GeForce RTX 4060 Ti, 9 %, 988 MiB, 8188 MiB, 37, 33.01 W
2026/09/23 03:59:59.320, NVIDIA GeForce RTX 4060 Ti, 10 %, 983 MiB, 8188 MiB, 37, 32.98 W
2026/09/23 04:00:00.329, NVIDIA GeForce RTX 4060 Ti, 11 %, 983 MiB, 8188 MiB, 37, 30.34 W
2026/09/23 04:00:01.339, NVIDIA GeForce RTX 4060 Ti, 23 %, 987 MiB, 8188 MiB, 36, 14.09 W
2026/09/23 04:00:02.347, NVIDIA GeForce RTX 4060 Ti, 23 %, 987 MiB, 8188 MiB, 35, 13.66 W
2026/09/23 04:00:03.354, NVIDIA GeForce RTX 4060 Ti, 9 %, 983 MiB, 8188 MiB, 37, 20.13 W
2026/09/23 04:00:04.371, NVIDIA GeForce RTX 4060 Ti, 10 %, 989 MiB, 8188 MiB, 37, 32.93 W
2026/09/23 04:00:05.377, NVIDIA GeForce RTX 4060 Ti, 3 %, 989 MiB, 8188 MiB, 37, 32.16 W
2026/09/23 04:00:06.383, NVIDIA GeForce RTX 4060 Ti, 13 %, 989 MiB, 8188 MiB, 37, 31.12 W
2026/09/23 04:00:07.391, NVIDIA GeForce RTX 4060 Ti, 20 %, 989 MiB, 8188 MiB, 36, 14.41 W
2026/09/23 04:00:08.399, NVIDIA GeForce RTX 4060 Ti, 27 %, 985 MiB, 8188 MiB, 36, 14.10 W
2026/09/23 04:00:09.408, NVIDIA GeForce RTX 4060 Ti, 29 %, 989 MiB, 8188 MiB, 36, 13.74 W
2026/09/23 04:00:10.420, NVIDIA GeForce RTX 4060 Ti, 23 %, 989 MiB, 8188 MiB, 35, 13.56 W
2026/09/23 04:00:11.426, NVIDIA GeForce RTX 4060 Ti, 33 %, 984 MiB, 8188 MiB, 35, 13.51 W
2026/09/23 04:00:12.436, NVIDIA GeForce RTX 4060 Ti, 34 %, 984 MiB, 8188 MiB, 35, 13.33 W
2026/09/23 04:00:13.449, NVIDIA GeForce RTX 4060 Ti, 35 %, 990 MiB, 8188 MiB, 35, 11.88 W
2026/09/23 04:00:14.459, NVIDIA GeForce RTX 4060 Ti, 35 %, 990 MiB, 8188 MiB, 35, 13.21 W
2026/09/23 04:00:15.467, NVIDIA GeForce RTX 4060 Ti, 35 %, 990 MiB, 8188 MiB, 35, 11.77 W
2026/09/23 04:00:16.476, NVIDIA GeForce RTX 4060 Ti, 42 %, 983 MiB, 8188 MiB, 35, 9.79 W
2026/09/23 04:00:17.484, NVIDIA GeForce RTX 4060 Ti, 37 %, 988 MiB, 8188 MiB, 35, 9.73 W
2026/09/23 04:00:18.489, NVIDIA GeForce RTX 4060 Ti, 10 %, 988 MiB, 8188 MiB, 37, 29.73 W
2026/09/23 04:00:19.496, NVIDIA GeForce RTX 4060 Ti, 8 %, 984 MiB, 8188 MiB, 37, 33.10 W
2026/09/23 04:00:20.504, NVIDIA GeForce RTX 4060 Ti, 0 %, 984 MiB, 8188 MiB, 37, 30.83 W
2026/09/23 04:00:21.516, NVIDIA GeForce RTX 4060 Ti, 12 %, 988 MiB, 8188 MiB, 37, 26.35 W
2026/09/23 04:00:22.522, NVIDIA GeForce RTX 4060 Ti, 1 %, 988 MiB, 8188 MiB, 35, 10.71 W
2026/09/23 04:00:23.529, NVIDIA GeForce RTX 4060 Ti, 2 %, 984 MiB, 8188 MiB, 35, 9.09 W
2026/09/23 04:00:24.536, NVIDIA GeForce RTX 4060 Ti, 3 %, 984 MiB, 8188 MiB, 35, 7.26 W
2026/09/23 04:00:25.543, NVIDIA GeForce RTX 4060 Ti, 45 %, 988 MiB, 8188 MiB, 35, 8.84 W
2026/09/23 04:00:26.550, NVIDIA GeForce RTX 4060 Ti, 39 %, 988 MiB, 8188 MiB, 35, 9.60 W
2026/09/23 04:00:27.559, NVIDIA GeForce RTX 4060 Ti, 34 %, 983 MiB, 8188 MiB, 35, 9.55 W
2026/09/23 04:00:28.567, NVIDIA GeForce RTX 4060 Ti, 36 %, 983 MiB, 8188 MiB, 35, 9.21 W
2026/09/23 04:00:29.580, NVIDIA GeForce RTX 4060 Ti, 27 %, 988 MiB, 8188 MiB, 35, 9.20 W
2026/09/23 04:00:30.586, NVIDIA GeForce RTX 4060 Ti, 36 %, 988 MiB, 8188 MiB, 35, 9.33 W
2026/09/23 04:00:31.598, NVIDIA GeForce RTX 4060 Ti, 37 %, 983 MiB, 8188 MiB, 35, 9.31 W
2026/09/23 04:00:32.604, NVIDIA GeForce RTX 4060 Ti, 40 %, 983 MiB, 8188 MiB, 35, 9.34 W
2026/09/23 04:00:33.615, NVIDIA GeForce RTX 4060 Ti, 38 %, 989 MiB, 8188 MiB, 35, 9.60 W
2026/09/23 04:00:34.624, NVIDIA GeForce RTX 4060 Ti, 37 %, 989 MiB, 8188 MiB, 35, 9.39 W
2026/09/23 04:00:35.638, NVIDIA GeForce RTX 4060 Ti, 31 %, 989 MiB, 8188 MiB, 35, 9.47 W
2026/09/23 04:00:36.650, NVIDIA GeForce RTX 4060 Ti, 34 %, 985 MiB, 8188 MiB, 35, 9.40 W
2026/09/23 04:00:37.657, NVIDIA GeForce RTX 4060 Ti, 32 %, 989 MiB, 8188 MiB, 35, 9.48 W
2026/09/23 04:00:38.665, NVIDIA GeForce RTX 4060 Ti, 40 %, 989 MiB, 8188 MiB, 35, 9.35 W
2026/09/23 04:00:39.673, NVIDIA GeForce RTX 4060 Ti, 8 %, 984 MiB, 8188 MiB, 36, 22.87 W
2026/09/23 04:00:40.681, NVIDIA GeForce RTX 4060 Ti, 10 %, 984 MiB, 8188 MiB, 37, 32.35 W
2026/09/23 04:00:41.689, NVIDIA GeForce RTX 4060 Ti, 10 %, 989 MiB, 8188 MiB, 37, 32.48 W
2026/09/23 04:00:42.696, NVIDIA GeForce RTX 4060 Ti, 14 %, 989 MiB, 8188 MiB, 36, 25.70 W
2026/09/23 04:00:43.705, NVIDIA GeForce RTX 4060 Ti, 18 %, 984 MiB, 8188 MiB, 36, 13.64 W
2026/09/23 04:00:44.712, NVIDIA GeForce RTX 4060 Ti, 19 %, 984 MiB, 8188 MiB, 36, 13.29 W
2026/09/23 04:00:45.721, NVIDIA GeForce RTX 4060 Ti, 27 %, 988 MiB, 8188 MiB, 36, 13.56 W
2026/09/23 04:00:46.769, NVIDIA GeForce RTX 4060 Ti, 31 %, 988 MiB, 8188 MiB, 36, 13.12 W
2026/09/23 04:00:47.775, NVIDIA GeForce RTX 4060 Ti, 31 %, 984 MiB, 8188 MiB, 35, 13.15 W
2026/09/23 04:00:48.783, NVIDIA GeForce RTX 4060 Ti, 36 %, 983 MiB, 8188 MiB, 35, 12.51 W
2026/09/23 04:00:49.792, NVIDIA GeForce RTX 4060 Ti, 38 %, 988 MiB, 8188 MiB, 36, 13.23 W
2026/09/23 04:00:50.799, NVIDIA GeForce RTX 4060 Ti, 39 %, 988 MiB, 8188 MiB, 35, 10.95 W
2026/09/23 04:00:51.805, NVIDIA GeForce RTX 4060 Ti, 25 %, 983 MiB, 8188 MiB, 35, 9.45 W
2026/09/23 04:00:52.826, NVIDIA GeForce RTX 4060 Ti, 13 %, 988 MiB, 8188 MiB, 35, 7.99 W
2026/09/23 04:00:53.843, NVIDIA GeForce RTX 4060 Ti, 35 %, 988 MiB, 8188 MiB, 35, 7.92 W
2026/09/23 04:00:54.860, NVIDIA GeForce RTX 4060 Ti, 3 %, 988 MiB, 8188 MiB, 35, 7.16 W
2026/09/23 04:00:55.869, NVIDIA GeForce RTX 4060 Ti, 13 %, 983 MiB, 8188 MiB, 35, 6.65 W
2026/09/23 04:00:56.885, NVIDIA GeForce RTX 4060 Ti, 9 %, 987 MiB, 8188 MiB, 35, 7.20 W
2026/09/23 04:00:57.893, NVIDIA GeForce RTX 4060 Ti, 55 %, 1007 MiB, 8188 MiB, 35, 7.72 W
2026/09/23 04:00:58.900, NVIDIA GeForce RTX 4060 Ti, 45 %, 1003 MiB, 8188 MiB, 35, 9.49 W
2026/09/23 04:00:59.905, NVIDIA GeForce RTX 4060 Ti, 38 %, 1003 MiB, 8188 MiB, 35, 9.58 W
2026/09/23 04:01:00.910, NVIDIA GeForce RTX 4060 Ti, 36 %, 1008 MiB, 8188 MiB, 35, 9.51 W
2026/09/23 04:01:01.916, NVIDIA GeForce RTX 4060 Ti, 33 %, 1008 MiB, 8188 MiB, 35, 9.72 W
2026/09/23 04:01:02.923, NVIDIA GeForce RTX 4060 Ti, 30 %, 1003 MiB, 8188 MiB, 35, 10.43 W
2026/09/23 04:01:03.928, NVIDIA GeForce RTX 4060 Ti, 33 %, 1003 MiB, 8188 MiB, 35, 12.85 W
2026/09/23 04:01:04.938, NVIDIA GeForce RTX 4060 Ti, 40 %, 1008 MiB, 8188 MiB, 35, 11.45 W
2026/09/23 04:01:05.945, NVIDIA GeForce RTX 4060 Ti, 31 %, 1008 MiB, 8188 MiB, 35, 9.55 W
2026/09/23 04:01:06.952, NVIDIA GeForce RTX 4060 Ti, 32 %, 1003 MiB, 8188 MiB, 35, 9.43 W
2026/09/23 04:01:07.969, NVIDIA GeForce RTX 4060 Ti, 43 %, 1009 MiB, 8188 MiB, 35, 9.49 W
2026/09/23 04:01:08.976, NVIDIA GeForce RTX 4060 Ti, 37 %, 1009 MiB, 8188 MiB, 35, 9.63 W
2026/09/23 04:01:09.982, NVIDIA GeForce RTX 4060 Ti, 31 %, 1009 MiB, 8188 MiB, 35, 12.43 W
2026/09/23 04:01:10.989, NVIDIA GeForce RTX 4060 Ti, 33 %, 1009 MiB, 8188 MiB, 35, 12.76 W
2026/09/23 04:01:11.996, NVIDIA GeForce RTX 4060 Ti, 35 %, 1005 MiB, 8188 MiB, 35, 9.51 W
2026/09/23 04:01:13.003, NVIDIA GeForce RTX 4060 Ti, 40 %, 1009 MiB, 8188 MiB, 35, 9.36 W
2026/09/23 04:01:14.009, NVIDIA GeForce RTX 4060 Ti, 41 %, 1009 MiB, 8188 MiB, 35, 9.47 W
2026/09/23 04:01:15.028, NVIDIA GeForce RTX 4060 Ti, 43 %, 1004 MiB, 8188 MiB, 35, 9.45 W
2026/09/23 04:01:16.035, NVIDIA GeForce RTX 4060 Ti, 34 %, 1004 MiB, 8188 MiB, 35, 11.98 W
2026/09/23 04:01:17.043, NVIDIA GeForce RTX 4060 Ti, 32 %, 1009 MiB, 8188 MiB, 35, 12.77 W
2026/09/23 04:01:18.054, NVIDIA GeForce RTX 4060 Ti, 38 %, 1009 MiB, 8188 MiB, 35, 9.73 W
2026/09/23 04:01:19.060, NVIDIA GeForce RTX 4060 Ti, 41 %, 1004 MiB, 8188 MiB, 35, 9.27 W
2026/09/23 04:01:20.068, NVIDIA GeForce RTX 4060 Ti, 37 %, 1004 MiB, 8188 MiB, 35, 9.71 W
2026/09/23 04:01:21.077, NVIDIA GeForce RTX 4060 Ti, 11 %, 1008 MiB, 8188 MiB, 37, 30.99 W
2026/09/23 04:01:22.084, NVIDIA GeForce RTX 4060 Ti, 10 %, 1008 MiB, 8188 MiB, 37, 32.54 W
2026/09/23 04:01:23.089, NVIDIA GeForce RTX 4060 Ti, 10 %, 1004 MiB, 8188 MiB, 37, 32.39 W
2026/09/23 04:01:24.100, NVIDIA GeForce RTX 4060 Ti, 21 %, 1004 MiB, 8188 MiB, 36, 17.31 W
2026/09/23 04:01:25.106, NVIDIA GeForce RTX 4060 Ti, 22 %, 1008 MiB, 8188 MiB, 35, 13.78 W
2026/09/23 04:01:26.112, NVIDIA GeForce RTX 4060 Ti, 24 %, 1008 MiB, 8188 MiB, 35, 13.38 W
2026/09/23 04:01:27.118, NVIDIA GeForce RTX 4060 Ti, 15 %, 1003 MiB, 8188 MiB, 35, 17.13 W
2026/09/23 04:01:28.126, NVIDIA GeForce RTX 4060 Ti, 10 %, 1003 MiB, 8188 MiB, 37, 32.36 W
2026/09/23 04:01:29.137, NVIDIA GeForce RTX 4060 Ti, 8 %, 1008 MiB, 8188 MiB, 36, 29.99 W
2026/09/23 04:01:30.143, NVIDIA GeForce RTX 4060 Ti, 0 %, 1008 MiB, 8188 MiB, 37, 29.32 W
2026/09/23 04:01:31.150, NVIDIA GeForce RTX 4060 Ti, 0 %, 1003 MiB, 8188 MiB, 36, 14.68 W
2026/09/23 04:01:32.155, NVIDIA GeForce RTX 4060 Ti, 1 %, 1003 MiB, 8188 MiB, 35, 9.83 W
2026/09/23 04:01:33.162, NVIDIA GeForce RTX 4060 Ti, 4 %, 1008 MiB, 8188 MiB, 35, 8.30 W
2026/09/23 04:01:34.171, NVIDIA GeForce RTX 4060 Ti, 32 %, 1008 MiB, 8188 MiB, 35, 9.25 W
2026/09/23 04:01:35.178, NVIDIA GeForce RTX 4060 Ti, 37 %, 1003 MiB, 8188 MiB, 35, 9.51 W
2026/09/23 04:01:36.186, NVIDIA GeForce RTX 4060 Ti, 28 %, 1009 MiB, 8188 MiB, 35, 9.33 W
2026/09/23 04:01:37.194, NVIDIA GeForce RTX 4060 Ti, 38 %, 1009 MiB, 8188 MiB, 35, 9.51 W
2026/09/23 04:01:38.204, NVIDIA GeForce RTX 4060 Ti, 32 %, 1009 MiB, 8188 MiB, 35, 9.36 W
2026/09/23 04:01:39.216, NVIDIA GeForce RTX 4060 Ti, 43 %, 1005 MiB, 8188 MiB, 35, 9.32 W
2026/09/23 04:01:40.225, NVIDIA GeForce RTX 4060 Ti, 36 %, 1005 MiB, 8188 MiB, 35, 9.28 W
2026/09/23 04:01:41.235, NVIDIA GeForce RTX 4060 Ti, 38 %, 1009 MiB, 8188 MiB, 35, 9.40 W
2026/09/23 04:01:42.243, NVIDIA GeForce RTX 4060 Ti, 36 %, 1009 MiB, 8188 MiB, 35, 9.59 W
2026/09/23 04:01:43.253, NVIDIA GeForce RTX 4060 Ti, 35 %, 1004 MiB, 8188 MiB, 35, 9.45 W
2026/09/23 04:01:44.297, NVIDIA GeForce RTX 4060 Ti, 36 %, 1004 MiB, 8188 MiB, 35, 9.34 W
2026/09/23 04:01:45.306, NVIDIA GeForce RTX 4060 Ti, 43 %, 1008 MiB, 8188 MiB, 35, 9.77 W
2026/09/23 04:01:46.312, NVIDIA GeForce RTX 4060 Ti, 41 %, 1008 MiB, 8188 MiB, 35, 12.01 W
2026/09/23 04:01:47.321, NVIDIA GeForce RTX 4060 Ti, 11 %, 1004 MiB, 8188 MiB, 37, 22.18 W
2026/09/23 04:01:48.326, NVIDIA GeForce RTX 4060 Ti, 11 %, 1004 MiB, 8188 MiB, 37, 32.66 W
2026/09/23 04:01:49.335, NVIDIA GeForce RTX 4060 Ti, 9 %, 1008 MiB, 8188 MiB, 37, 32.40 W
2026/09/23 04:01:50.343, NVIDIA GeForce RTX 4060 Ti, 9 %, 1008 MiB, 8188 MiB, 37, 31.01 W
2026/09/23 04:01:51.350, NVIDIA GeForce RTX 4060 Ti, 21 %, 1004 MiB, 8188 MiB, 36, 14.03 W
2026/09/23 04:01:52.357, NVIDIA GeForce RTX 4060 Ti, 24 %, 1004 MiB, 8188 MiB, 36, 13.51 W
2026/09/23 04:01:53.365, NVIDIA GeForce RTX 4060 Ti, 25 %, 1008 MiB, 8188 MiB, 36, 13.28 W
2026/09/23 04:01:54.372, NVIDIA GeForce RTX 4060 Ti, 25 %, 1008 MiB, 8188 MiB, 35, 12.87 W
2026/09/23 04:01:55.379, NVIDIA GeForce RTX 4060 Ti, 34 %, 1004 MiB, 8188 MiB, 35, 12.96 W
2026/09/23 04:01:56.386, NVIDIA GeForce RTX 4060 Ti, 38 %, 1004 MiB, 8188 MiB, 35, 11.48 W
2026/09/23 04:01:57.394, NVIDIA GeForce RTX 4060 Ti, 38 %, 1008 MiB, 8188 MiB, 35, 9.53 W
2026/09/23 04:01:58.407, NVIDIA GeForce RTX 4060 Ti, 39 %, 1008 MiB, 8188 MiB, 35, 9.38 W
2026/09/23 04:01:59.415, NVIDIA GeForce RTX 4060 Ti, 30 %, 1004 MiB, 8188 MiB, 35, 9.16 W
2026/09/23 04:02:00.422, NVIDIA GeForce RTX 4060 Ti, 33 %, 1003 MiB, 8188 MiB, 35, 9.07 W
2026/09/23 04:02:01.429, NVIDIA GeForce RTX 4060 Ti, 33 %, 1008 MiB, 8188 MiB, 35, 9.46 W
2026/09/23 04:02:02.436, NVIDIA GeForce RTX 4060 Ti, 34 %, 1008 MiB, 8188 MiB, 35, 9.25 W
2026/09/23 04:02:03.442, NVIDIA GeForce RTX 4060 Ti, 35 %, 1003 MiB, 8188 MiB, 35, 9.15 W
2026/09/23 04:02:04.449, NVIDIA GeForce RTX 4060 Ti, 7 %, 1003 MiB, 8188 MiB, 36, 17.17 W
2026/09/23 04:02:05.454, NVIDIA GeForce RTX 4060 Ti, 0 %, 1007 MiB, 8188 MiB, 37, 30.60 W
2026/09/23 04:02:06.461, NVIDIA GeForce RTX 4060 Ti, 13 %, 1007 MiB, 8188 MiB, 36, 29.54 W
2026/09/23 04:02:07.466, NVIDIA GeForce RTX 4060 Ti, 0 %, 1003 MiB, 8188 MiB, 36, 26.07 W
2026/09/23 04:02:08.471, NVIDIA GeForce RTX 4060 Ti, 16 %, 1003 MiB, 8188 MiB, 35, 11.23 W
2026/09/23 04:02:09.477, NVIDIA GeForce RTX 4060 Ti, 22 %, 1007 MiB, 8188 MiB, 35, 9.12 W
2026/09/23 04:02:10.484, NVIDIA GeForce RTX 4060 Ti, 53 %, 957 MiB, 8188 MiB, 35, 7.30 W
2026/09/23 04:02:11.493, NVIDIA GeForce RTX 4060 Ti, 33 %, 957 MiB, 8188 MiB, 35, 8.89 W
2026/09/23 04:02:12.499, NVIDIA GeForce RTX 4060 Ti, 41 %, 952 MiB, 8188 MiB, 35, 9.02 W
2026/09/23 04:02:13.506, NVIDIA GeForce RTX 4060 Ti, 34 %, 957 MiB, 8188 MiB, 35, 8.99 W
2026/09/23 04:02:14.511, NVIDIA GeForce RTX 4060 Ti, 35 %, 956 MiB, 8188 MiB, 35, 8.90 W
2026/09/23 04:02:15.517, NVIDIA GeForce RTX 4060 Ti, 30 %, 952 MiB, 8188 MiB, 35, 8.85 W
2026/09/23 04:02:16.523, NVIDIA GeForce RTX 4060 Ti, 36 %, 952 MiB, 8188 MiB, 35, 8.71 W
2026/09/23 04:02:17.530, NVIDIA GeForce RTX 4060 Ti, 33 %, 956 MiB, 8188 MiB, 35, 8.87 W
2026/09/23 04:02:18.538, NVIDIA GeForce RTX 4060 Ti, 42 %, 956 MiB, 8188 MiB, 35, 8.76 W
2026/09/23 04:02:19.546, NVIDIA GeForce RTX 4060 Ti, 33 %, 952 MiB, 8188 MiB, 35, 8.72 W
2026/09/23 04:02:20.553, NVIDIA GeForce RTX 4060 Ti, 36 %, 952 MiB, 8188 MiB, 35, 8.82 W
2026/09/23 04:02:21.559, NVIDIA GeForce RTX 4060 Ti, 41 %, 956 MiB, 8188 MiB, 35, 8.98 W
2026/09/23 04:02:22.567, NVIDIA GeForce RTX 4060 Ti, 36 %, 956 MiB, 8188 MiB, 35, 8.95 W
2026/09/23 04:02:23.574, NVIDIA GeForce RTX 4060 Ti, 31 %, 952 MiB, 8188 MiB, 35, 8.85 W
2026/09/23 04:02:24.581, NVIDIA GeForce RTX 4060 Ti, 34 %, 952 MiB, 8188 MiB, 35, 8.84 W
2026/09/23 04:02:25.588, NVIDIA GeForce RTX 4060 Ti, 33 %, 956 MiB, 8188 MiB, 35, 10.87 W
2026/09/23 04:02:26.600, NVIDIA GeForce RTX 4060 Ti, 34 %, 957 MiB, 8188 MiB, 35, 12.51 W
2026/09/23 04:02:27.605, NVIDIA GeForce RTX 4060 Ti, 38 %, 952 MiB, 8188 MiB, 35, 9.91 W
2026/09/23 04:02:28.612, NVIDIA GeForce RTX 4060 Ti, 37 %, 952 MiB, 8188 MiB, 35, 9.63 W
2026/09/23 04:02:29.619, NVIDIA GeForce RTX 4060 Ti, 38 %, 956 MiB, 8188 MiB, 35, 12.54 W
2026/09/23 04:02:30.625, NVIDIA GeForce RTX 4060 Ti, 42 %, 956 MiB, 8188 MiB, 35, 11.21 W
2026/09/23 04:02:31.635, NVIDIA GeForce RTX 4060 Ti, 39 %, 952 MiB, 8188 MiB, 35, 8.97 W
2026/09/23 04:02:32.642, NVIDIA GeForce RTX 4060 Ti, 38 %, 952 MiB, 8188 MiB, 35, 8.93 W
2026/09/23 04:02:33.649, NVIDIA GeForce RTX 4060 Ti, 32 %, 956 MiB, 8188 MiB, 35, 10.85 W
2026/09/23 04:02:34.654, NVIDIA GeForce RTX 4060 Ti, 15 %, 956 MiB, 8188 MiB, 35, 10.52 W
2026/09/23 04:02:35.664, NVIDIA GeForce RTX 4060 Ti, 32 %, 952 MiB, 8188 MiB, 35, 8.62 W
2026/09/23 04:02:36.672, NVIDIA GeForce RTX 4060 Ti, 26 %, 952 MiB, 8188 MiB, 35, 8.40 W
2026/09/23 04:02:37.678, NVIDIA GeForce RTX 4060 Ti, 31 %, 956 MiB, 8188 MiB, 35, 8.44 W
2026/09/23 04:02:38.684, NVIDIA GeForce RTX 4060 Ti, 35 %, 956 MiB, 8188 MiB, 35, 8.34 W
2026/09/23 04:02:39.691, NVIDIA GeForce RTX 4060 Ti, 36 %, 957 MiB, 8188 MiB, 35, 8.36 W
2026/09/23 04:02:40.697, NVIDIA GeForce RTX 4060 Ti, 32 %, 957 MiB, 8188 MiB, 35, 8.46 W
2026/09/23 04:02:41.701, NVIDIA GeForce RTX 4060 Ti, 33 %, 958 MiB, 8188 MiB, 35, 7.74 W
2026/09/23 04:02:42.708, NVIDIA GeForce RTX 4060 Ti, 7 %, 958 MiB, 8188 MiB, 35, 7.41 W
2026/09/23 04:02:43.713, NVIDIA GeForce RTX 4060 Ti, 3 %, 958 MiB, 8188 MiB, 35, 6.59 W
2026/09/23 04:02:44.720, NVIDIA GeForce RTX 4060 Ti, 0 %, 952 MiB, 8188 MiB, 36, 13.91 W
2026/09/23 04:02:45.726, NVIDIA GeForce RTX 4060 Ti, 0 %, 957 MiB, 8188 MiB, 36, 28.37 W
2026/09/23 04:02:46.732, NVIDIA GeForce RTX 4060 Ti, 10 %, 961 MiB, 8188 MiB, 37, 30.79 W
2026/09/23 04:02:47.740, NVIDIA GeForce RTX 4060 Ti, 9 %, 957 MiB, 8188 MiB, 37, 31.93 W
2026/09/23 04:02:48.748, NVIDIA GeForce RTX 4060 Ti, 16 %, 957 MiB, 8188 MiB, 36, 24.15 W
2026/09/23 04:02:49.760, NVIDIA GeForce RTX 4060 Ti, 17 %, 961 MiB, 8188 MiB, 35, 13.23 W
2026/09/23 04:02:50.771, NVIDIA GeForce RTX 4060 Ti, 24 %, 961 MiB, 8188 MiB, 35, 12.81 W
2026/09/23 04:02:51.778, NVIDIA GeForce RTX 4060 Ti, 24 %, 957 MiB, 8188 MiB, 35, 12.58 W
2026/09/23 04:02:52.794, NVIDIA GeForce RTX 4060 Ti, 28 %, 957 MiB, 8188 MiB, 35, 12.57 W
2026/09/23 04:02:53.806, NVIDIA GeForce RTX 4060 Ti, 37 %, 961 MiB, 8188 MiB, 35, 11.21 W
2026/09/23 04:02:54.812, NVIDIA GeForce RTX 4060 Ti, 39 %, 961 MiB, 8188 MiB, 35, 8.87 W
2026/09/23 04:02:55.817, NVIDIA GeForce RTX 4060 Ti, 7 %, 956 MiB, 8188 MiB, 37, 27.51 W
2026/09/23 04:02:56.826, NVIDIA GeForce RTX 4060 Ti, 7 %, 956 MiB, 8188 MiB, 37, 31.24 W
2026/09/23 04:02:57.832, NVIDIA GeForce RTX 4060 Ti, 7 %, 960 MiB, 8188 MiB, 37, 31.39 W
2026/09/23 04:02:58.839, NVIDIA GeForce RTX 4060 Ti, 16 %, 960 MiB, 8188 MiB, 36, 22.19 W
2026/09/23 04:02:59.844, NVIDIA GeForce RTX 4060 Ti, 21 %, 956 MiB, 8188 MiB, 35, 13.17 W
2026/09/23 04:03:00.856, NVIDIA GeForce RTX 4060 Ti, 23 %, 960 MiB, 8188 MiB, 35, 12.79 W
2026/09/23 04:03:01.862, NVIDIA GeForce RTX 4060 Ti, 28 %, 960 MiB, 8188 MiB, 35, 12.65 W
2026/09/23 04:03:02.869, NVIDIA GeForce RTX 4060 Ti, 32 %, 956 MiB, 8188 MiB, 35, 12.56 W
2026/09/23 04:03:03.878, NVIDIA GeForce RTX 4060 Ti, 37 %, 956 MiB, 8188 MiB, 35, 10.17 W
2026/09/23 04:03:04.883, NVIDIA GeForce RTX 4060 Ti, 41 %, 960 MiB, 8188 MiB, 35, 8.90 W
2026/09/23 04:03:05.891, NVIDIA GeForce RTX 4060 Ti, 34 %, 960 MiB, 8188 MiB, 35, 8.98 W
2026/09/23 04:03:06.896, NVIDIA GeForce RTX 4060 Ti, 34 %, 956 MiB, 8188 MiB, 35, 8.90 W
2026/09/23 04:03:07.903, NVIDIA GeForce RTX 4060 Ti, 19 %, 956 MiB, 8188 MiB, 35, 8.88 W
2026/09/23 04:03:08.907, NVIDIA GeForce RTX 4060 Ti, 12 %, 960 MiB, 8188 MiB, 35, 8.01 W
2026/09/23 04:03:09.913, NVIDIA GeForce RTX 4060 Ti, 4 %, 960 MiB, 8188 MiB, 35, 7.44 W
2026/09/23 04:03:10.919, NVIDIA GeForce RTX 4060 Ti, 4 %, 956 MiB, 8188 MiB, 35, 6.45 W
2026/09/23 04:03:11.924, NVIDIA GeForce RTX 4060 Ti, 4 %, 956 MiB, 8188 MiB, 35, 7.05 W
2026/09/23 04:03:12.931, NVIDIA GeForce RTX 4060 Ti, 3 %, 964 MiB, 8188 MiB, 35, 6.87 W
2026/09/23 04:03:13.937, NVIDIA GeForce RTX 4060 Ti, 9 %, 964 MiB, 8188 MiB, 36, 17.55 W
2026/09/23 04:03:14.945, NVIDIA GeForce RTX 4060 Ti, 7 %, 960 MiB, 8188 MiB, 37, 32.09 W
2026/09/23 04:03:15.950, NVIDIA GeForce RTX 4060 Ti, 9 %, 965 MiB, 8188 MiB, 37, 32.25 W
2026/09/23 04:03:16.955, NVIDIA GeForce RTX 4060 Ti, 11 %, 965 MiB, 8188 MiB, 37, 31.83 W
2026/09/23 04:03:17.970, NVIDIA GeForce RTX 4060 Ti, 19 %, 970 MiB, 8188 MiB, 36, 19.48 W
2026/09/23 04:03:18.985, NVIDIA GeForce RTX 4060 Ti, 23 %, 970 MiB, 8188 MiB, 36, 13.24 W
2026/09/23 04:03:19.991, NVIDIA GeForce RTX 4060 Ti, 20 %, 966 MiB, 8188 MiB, 35, 12.94 W
2026/09/23 04:03:20.997, NVIDIA GeForce RTX 4060 Ti, 29 %, 970 MiB, 8188 MiB, 35, 12.75 W
2026/09/23 04:03:22.003, NVIDIA GeForce RTX 4060 Ti, 29 %, 970 MiB, 8188 MiB, 35, 12.48 W
2026/09/23 04:03:23.008, NVIDIA GeForce RTX 4060 Ti, 29 %, 966 MiB, 8188 MiB, 35, 9.88 W
2026/09/23 04:03:24.014, NVIDIA GeForce RTX 4060 Ti, 35 %, 963 MiB, 8188 MiB, 35, 8.87 W
2026/09/23 04:03:25.020, NVIDIA GeForce RTX 4060 Ti, 39 %, 967 MiB, 8188 MiB, 35, 8.90 W
2026/09/23 04:03:26.025, NVIDIA GeForce RTX 4060 Ti, 37 %, 966 MiB, 8188 MiB, 35, 9.01 W
2026/09/23 04:03:27.033, NVIDIA GeForce RTX 4060 Ti, 41 %, 967 MiB, 8188 MiB, 35, 8.95 W
2026/09/23 04:03:28.040, NVIDIA GeForce RTX 4060 Ti, 41 %, 960 MiB, 8188 MiB, 35, 8.93 W
2026/09/23 04:03:29.047, NVIDIA GeForce RTX 4060 Ti, 38 %, 965 MiB, 8188 MiB, 35, 9.03 W
2026/09/23 04:03:30.053, NVIDIA GeForce RTX 4060 Ti, 33 %, 964 MiB, 8188 MiB, 35, 9.05 W
2026/09/23 04:03:31.062, NVIDIA GeForce RTX 4060 Ti, 41 %, 960 MiB, 8188 MiB, 35, 8.89 W
2026/09/23 04:03:32.068, NVIDIA GeForce RTX 4060 Ti, 32 %, 960 MiB, 8188 MiB, 35, 8.84 W
2026/09/23 04:03:33.074, NVIDIA GeForce RTX 4060 Ti, 37 %, 964 MiB, 8188 MiB, 35, 8.90 W
2026/09/23 04:03:34.080, NVIDIA GeForce RTX 4060 Ti, 38 %, 964 MiB, 8188 MiB, 35, 8.95 W
2026/09/23 04:03:35.088, NVIDIA GeForce RTX 4060 Ti, 2 %, 960 MiB, 8188 MiB, 35, 7.70 W
2026/09/23 04:03:36.103, NVIDIA GeForce RTX 4060 Ti, 7 %, 960 MiB, 8188 MiB, 36, 24.93 W
2026/09/23 04:03:37.110, NVIDIA GeForce RTX 4060 Ti, 0 %, 964 MiB, 8188 MiB, 36, 28.73 W
2026/09/23 04:03:38.116, NVIDIA GeForce RTX 4060 Ti, 0 %, 964 MiB, 8188 MiB, 36, 28.73 W
2026/09/23 04:03:39.123, NVIDIA GeForce RTX 4060 Ti, 0 %, 960 MiB, 8188 MiB, 35, 13.94 W
2026/09/23 04:03:40.133, NVIDIA GeForce RTX 4060 Ti, 31 %, 962 MiB, 8188 MiB, 35, 10.53 W
2026/09/23 04:03:41.140, NVIDIA GeForce RTX 4060 Ti, 36 %, 966 MiB, 8188 MiB, 35, 8.84 W
2026/09/23 04:03:42.147, NVIDIA GeForce RTX 4060 Ti, 29 %, 966 MiB, 8188 MiB, 35, 8.84 W
2026/09/23 04:03:43.153, NVIDIA GeForce RTX 4060 Ti, 35 %, 962 MiB, 8188 MiB, 35, 8.99 W
2026/09/23 04:03:44.159, NVIDIA GeForce RTX 4060 Ti, 37 %, 962 MiB, 8188 MiB, 35, 9.05 W
2026/09/23 04:03:45.166, NVIDIA GeForce RTX 4060 Ti, 8 %, 967 MiB, 8188 MiB, 37, 28.89 W
2026/09/23 04:03:46.172, NVIDIA GeForce RTX 4060 Ti, 7 %, 967 MiB, 8188 MiB, 37, 31.89 W
2026/09/23 04:03:47.177, NVIDIA GeForce RTX 4060 Ti, 7 %, 967 MiB, 8188 MiB, 37, 31.56 W
2026/09/23 04:03:48.184, NVIDIA GeForce RTX 4060 Ti, 18 %, 963 MiB, 8188 MiB, 36, 15.89 W
2026/09/23 04:03:49.190, NVIDIA GeForce RTX 4060 Ti, 22 %, 967 MiB, 8188 MiB, 35, 12.90 W
2026/09/23 04:03:50.195, NVIDIA GeForce RTX 4060 Ti, 25 %, 967 MiB, 8188 MiB, 35, 12.90 W
2026/09/23 04:03:51.201, NVIDIA GeForce RTX 4060 Ti, 24 %, 963 MiB, 8188 MiB, 35, 12.84 W
2026/09/23 04:03:52.208, NVIDIA GeForce RTX 4060 Ti, 32 %, 963 MiB, 8188 MiB, 35, 10.82 W
2026/09/23 04:03:53.213, NVIDIA GeForce RTX 4060 Ti, 33 %, 967 MiB, 8188 MiB, 35, 9.00 W
2026/09/23 04:03:54.220, NVIDIA GeForce RTX 4060 Ti, 33 %, 967 MiB, 8188 MiB, 35, 9.01 W
2026/09/23 04:03:55.225, NVIDIA GeForce RTX 4060 Ti, 43 %, 962 MiB, 8188 MiB, 35, 8.94 W
2026/09/23 04:03:56.231, NVIDIA GeForce RTX 4060 Ti, 37 %, 962 MiB, 8188 MiB, 35, 9.02 W
2026/09/23 04:03:57.236, NVIDIA GeForce RTX 4060 Ti, 41 %, 967 MiB, 8188 MiB, 35, 9.12 W
2026/09/23 04:03:58.245, NVIDIA GeForce RTX 4060 Ti, 37 %, 967 MiB, 8188 MiB, 35, 9.09 W
2026/09/23 04:03:59.251, NVIDIA GeForce RTX 4060 Ti, 31 %, 962 MiB, 8188 MiB, 35, 9.04 W
2026/09/23 04:04:00.255, NVIDIA GeForce RTX 4060 Ti, 35 %, 962 MiB, 8188 MiB, 35, 8.94 W
2026/09/23 04:04:01.263, NVIDIA GeForce RTX 4060 Ti, 37 %, 966 MiB, 8188 MiB, 35, 10.00 W
2026/09/23 04:04:02.269, NVIDIA GeForce RTX 4060 Ti, 2 %, 966 MiB, 8188 MiB, 35, 11.28 W
2026/09/23 04:04:03.275, NVIDIA GeForce RTX 4060 Ti, 10 %, 962 MiB, 8188 MiB, 35, 8.96 W
2026/09/23 04:04:04.283, NVIDIA GeForce RTX 4060 Ti, 3 %, 962 MiB, 8188 MiB, 35, 7.24 W
2026/09/23 04:04:05.291, NVIDIA GeForce RTX 4060 Ti, 4 %, 966 MiB, 8188 MiB, 35, 6.68 W
2026/09/23 04:04:06.300, NVIDIA GeForce RTX 4060 Ti, 12 %, 966 MiB, 8188 MiB, 35, 7.30 W
2026/09/23 04:04:07.306, NVIDIA GeForce RTX 4060 Ti, 55 %, 964 MiB, 8188 MiB, 35, 7.52 W
2026/09/23 04:04:08.312, NVIDIA GeForce RTX 4060 Ti, 33 %, 964 MiB, 8188 MiB, 35, 8.90 W
2026/09/23 04:04:09.320, NVIDIA GeForce RTX 4060 Ti, 38 %, 968 MiB, 8188 MiB, 35, 8.96 W
2026/09/23 04:04:10.326, NVIDIA GeForce RTX 4060 Ti, 35 %, 968 MiB, 8188 MiB, 35, 8.98 W
2026/09/23 04:04:11.333, NVIDIA GeForce RTX 4060 Ti, 39 %, 963 MiB, 8188 MiB, 35, 8.89 W
2026/09/23 04:04:12.339, NVIDIA GeForce RTX 4060 Ti, 39 %, 963 MiB, 8188 MiB, 35, 8.78 W
2026/09/23 04:04:13.346, NVIDIA GeForce RTX 4060 Ti, 44 %, 968 MiB, 8188 MiB, 35, 8.77 W
2026/09/23 04:04:14.352, NVIDIA GeForce RTX 4060 Ti, 36 %, 968 MiB, 8188 MiB, 35, 8.85 W
2026/09/23 04:04:15.363, NVIDIA GeForce RTX 4060 Ti, 39 %, 964 MiB, 8188 MiB, 35, 8.91 W
2026/09/23 04:04:16.370, NVIDIA GeForce RTX 4060 Ti, 33 %, 964 MiB, 8188 MiB, 35, 8.98 W
2026/09/23 04:04:17.376, NVIDIA GeForce RTX 4060 Ti, 31 %, 968 MiB, 8188 MiB, 35, 8.94 W
2026/09/23 04:04:18.382, NVIDIA GeForce RTX 4060 Ti, 35 %, 968 MiB, 8188 MiB, 35, 8.88 W
2026/09/23 04:04:19.389, NVIDIA GeForce RTX 4060 Ti, 38 %, 969 MiB, 8188 MiB, 35, 8.89 W
2026/09/23 04:04:20.406, NVIDIA GeForce RTX 4060 Ti, 36 %, 964 MiB, 8188 MiB, 35, 8.91 W
2026/09/23 04:04:21.414, NVIDIA GeForce RTX 4060 Ti, 40 %, 968 MiB, 8188 MiB, 35, 8.89 W
2026/09/23 04:04:22.423, NVIDIA GeForce RTX 4060 Ti, 39 %, 968 MiB, 8188 MiB, 35, 8.96 W
2026/09/23 04:04:23.430, NVIDIA GeForce RTX 4060 Ti, 32 %, 964 MiB, 8188 MiB, 35, 8.76 W
2026/09/23 04:04:24.438, NVIDIA GeForce RTX 4060 Ti, 31 %, 964 MiB, 8188 MiB, 35, 8.79 W
2026/09/23 04:04:25.446, NVIDIA GeForce RTX 4060 Ti, 34 %, 968 MiB, 8188 MiB, 35, 8.93 W
2026/09/23 04:04:26.453, NVIDIA GeForce RTX 4060 Ti, 34 %, 968 MiB, 8188 MiB, 35, 8.96 W
2026/09/23 04:04:27.459, NVIDIA GeForce RTX 4060 Ti, 36 %, 964 MiB, 8188 MiB, 35, 8.86 W
2026/09/23 04:04:28.465, NVIDIA GeForce RTX 4060 Ti, 32 %, 964 MiB, 8188 MiB, 35, 8.87 W
2026/09/23 04:04:29.471, NVIDIA GeForce RTX 4060 Ti, 35 %, 968 MiB, 8188 MiB, 35, 8.80 W
2026/09/23 04:04:30.476, NVIDIA GeForce RTX 4060 Ti, 39 %, 968 MiB, 8188 MiB, 35, 8.86 W
2026/09/23 04:04:31.485, NVIDIA GeForce RTX 4060 Ti, 35 %, 964 MiB, 8188 MiB, 35, 8.82 W
2026/09/23 04:04:32.491, NVIDIA GeForce RTX 4060 Ti, 36 %, 964 MiB, 8188 MiB, 35, 8.82 W
2026/09/23 04:04:33.503, NVIDIA GeForce RTX 4060 Ti, 33 %, 968 MiB, 8188 MiB, 35, 8.84 W
2026/09/23 04:04:34.508, NVIDIA GeForce RTX 4060 Ti, 14 %, 968 MiB, 8188 MiB, 35, 8.25 W
2026/09/23 04:04:35.513, NVIDIA GeForce RTX 4060 Ti, 3 %, 964 MiB, 8188 MiB, 35, 7.15 W
2026/09/23 04:04:36.524, NVIDIA GeForce RTX 4060 Ti, 3 %, 964 MiB, 8188 MiB, 35, 7.39 W
2026/09/23 04:04:37.530, NVIDIA GeForce RTX 4060 Ti, 4 %, 968 MiB, 8188 MiB, 35, 6.58 W
2026/09/23 04:04:38.537, NVIDIA GeForce RTX 4060 Ti, 3 %, 968 MiB, 8188 MiB, 35, 7.16 W
2026/09/23 04:04:39.544, NVIDIA GeForce RTX 4060 Ti, 33 %, 964 MiB, 8188 MiB, 35, 7.09 W
2026/09/23 04:04:40.557, NVIDIA GeForce RTX 4060 Ti, 34 %, 964 MiB, 8188 MiB, 35, 8.63 W
2026/09/23 04:04:41.562, NVIDIA GeForce RTX 4060 Ti, 37 %, 968 MiB, 8188 MiB, 35, 8.81 W
2026/09/23 04:04:42.568, NVIDIA GeForce RTX 4060 Ti, 35 %, 968 MiB, 8188 MiB, 35, 8.92 W
2026/09/23 04:04:43.576, NVIDIA GeForce RTX 4060 Ti, 38 %, 963 MiB, 8188 MiB, 35, 8.94 W
2026/09/23 04:04:44.583, NVIDIA GeForce RTX 4060 Ti, 36 %, 963 MiB, 8188 MiB, 35, 8.83 W
2026/09/23 04:04:45.589, NVIDIA GeForce RTX 4060 Ti, 30 %, 967 MiB, 8188 MiB, 35, 8.84 W
2026/09/23 04:04:46.597, NVIDIA GeForce RTX 4060 Ti, 36 %, 967 MiB, 8188 MiB, 35, 8.87 W
2026/09/23 04:04:47.603, NVIDIA GeForce RTX 4060 Ti, 33 %, 969 MiB, 8188 MiB, 35, 8.88 W
2026/09/23 04:04:48.609, NVIDIA GeForce RTX 4060 Ti, 34 %, 969 MiB, 8188 MiB, 35, 9.04 W
2026/09/23 04:04:49.616, NVIDIA GeForce RTX 4060 Ti, 29 %, 969 MiB, 8188 MiB, 35, 8.98 W
2026/09/23 04:04:50.621, NVIDIA GeForce RTX 4060 Ti, 35 %, 969 MiB, 8188 MiB, 35, 8.87 W
2026/09/23 04:04:51.628, NVIDIA GeForce RTX 4060 Ti, 32 %, 964 MiB, 8188 MiB, 35, 8.88 W
2026/09/23 04:04:52.634, NVIDIA GeForce RTX 4060 Ti, 36 %, 964 MiB, 8188 MiB, 35, 8.87 W
2026/09/23 04:04:53.641, NVIDIA GeForce RTX 4060 Ti, 35 %, 968 MiB, 8188 MiB, 35, 8.88 W
2026/09/23 04:04:54.648, NVIDIA GeForce RTX 4060 Ti, 35 %, 968 MiB, 8188 MiB, 35, 8.78 W
2026/09/23 04:04:55.654, NVIDIA GeForce RTX 4060 Ti, 36 %, 964 MiB, 8188 MiB, 35, 8.80 W
2026/09/23 04:04:56.659, NVIDIA GeForce RTX 4060 Ti, 37 %, 964 MiB, 8188 MiB, 35, 8.81 W
2026/09/23 04:04:57.667, NVIDIA GeForce RTX 4060 Ti, 38 %, 968 MiB, 8188 MiB, 35, 8.89 W
2026/09/23 04:04:58.674, NVIDIA GeForce RTX 4060 Ti, 34 %, 968 MiB, 8188 MiB, 35, 8.88 W
2026/09/23 04:04:59.680, NVIDIA GeForce RTX 4060 Ti, 35 %, 964 MiB, 8188 MiB, 35, 8.83 W
2026/09/23 04:05:00.686, NVIDIA GeForce RTX 4060 Ti, 36 %, 964 MiB, 8188 MiB, 35, 8.76 W
2026/09/23 04:05:01.692, NVIDIA GeForce RTX 4060 Ti, 38 %, 968 MiB, 8188 MiB, 35, 8.81 W
2026/09/23 04:05:02.697, NVIDIA GeForce RTX 4060 Ti, 38 %, 968 MiB, 8188 MiB, 35, 8.80 W
2026/09/23 04:05:03.704, NVIDIA GeForce RTX 4060 Ti, 41 %, 964 MiB, 8188 MiB, 35, 8.76 W
2026/09/23 04:05:04.711, NVIDIA GeForce RTX 4060 Ti, 32 %, 964 MiB, 8188 MiB, 35, 8.68 W
2026/09/23 04:05:05.717, NVIDIA GeForce RTX 4060 Ti, 37 %, 968 MiB, 8188 MiB, 35, 8.75 W
2026/09/23 04:05:06.723, NVIDIA GeForce RTX 4060 Ti, 39 %, 968 MiB, 8188 MiB, 35, 8.74 W
2026/09/23 04:05:07.730, NVIDIA GeForce RTX 4060 Ti, 34 %, 964 MiB, 8188 MiB, 35, 8.79 W
2026/09/23 04:05:08.736, NVIDIA GeForce RTX 4060 Ti, 36 %, 964 MiB, 8188 MiB, 35, 8.71 W
2026/09/23 04:05:09.746, NVIDIA GeForce RTX 4060 Ti, 31 %, 968 MiB, 8188 MiB, 35, 8.78 W
2026/09/23 04:05:10.751, NVIDIA GeForce RTX 4060 Ti, 35 %, 968 MiB, 8188 MiB, 35, 8.81 W
2026/09/23 04:05:11.757, NVIDIA GeForce RTX 4060 Ti, 35 %, 964 MiB, 8188 MiB, 35, 8.79 W
2026/09/23 04:05:12.763, NVIDIA GeForce RTX 4060 Ti, 3 %, 964 MiB, 8188 MiB, 34, 7.76 W
2026/09/23 04:05:13.770, NVIDIA GeForce RTX 4060 Ti, 6 %, 968 MiB, 8188 MiB, 36, 23.13 W
2026/09/23 04:05:14.777, NVIDIA GeForce RTX 4060 Ti, 0 %, 968 MiB, 8188 MiB, 36, 29.05 W
2026/09/23 04:05:15.782, NVIDIA GeForce RTX 4060 Ti, 1 %, 964 MiB, 8188 MiB, 36, 28.69 W
2026/09/23 04:05:16.789, NVIDIA GeForce RTX 4060 Ti, 0 %, 964 MiB, 8188 MiB, 35, 20.81 W
2026/09/23 04:05:17.795, NVIDIA GeForce RTX 4060 Ti, 2 %, 968 MiB, 8188 MiB, 35, 10.07 W
2026/09/23 04:05:18.801, NVIDIA GeForce RTX 4060 Ti, 6 %, 968 MiB, 8188 MiB, 36, 11.62 W
2026/09/23 04:05:19.807, NVIDIA GeForce RTX 4060 Ti, 0 %, 964 MiB, 8188 MiB, 36, 28.83 W
2026/09/23 04:05:20.813, NVIDIA GeForce RTX 4060 Ti, 2 %, 964 MiB, 8188 MiB, 36, 28.57 W
2026/09/23 04:05:21.820, NVIDIA GeForce RTX 4060 Ti, 0 %, 968 MiB, 8188 MiB, 36, 28.82 W
2026/09/23 04:05:22.826, NVIDIA GeForce RTX 4060 Ti, 19 %, 968 MiB, 8188 MiB, 35, 21.76 W
2026/09/23 04:05:23.831, NVIDIA GeForce RTX 4060 Ti, 22 %, 964 MiB, 8188 MiB, 35, 12.79 W
2026/09/23 04:05:24.838, NVIDIA GeForce RTX 4060 Ti, 26 %, 969 MiB, 8188 MiB, 35, 12.63 W
2026/09/23 04:05:25.844, NVIDIA GeForce RTX 4060 Ti, 30 %, 969 MiB, 8188 MiB, 35, 12.43 W
2026/09/23 04:05:26.849, NVIDIA GeForce RTX 4060 Ti, 30 %, 969 MiB, 8188 MiB, 35, 9.55 W
2026/09/23 04:05:27.855, NVIDIA GeForce RTX 4060 Ti, 29 %, 965 MiB, 8188 MiB, 35, 8.86 W
2026/09/23 04:05:28.862, NVIDIA GeForce RTX 4060 Ti, 36 %, 969 MiB, 8188 MiB, 35, 8.85 W
2026/09/23 04:05:29.869, NVIDIA GeForce RTX 4060 Ti, 39 %, 969 MiB, 8188 MiB, 35, 8.91 W
2026/09/23 04:05:30.876, NVIDIA GeForce RTX 4060 Ti, 37 %, 964 MiB, 8188 MiB, 35, 8.81 W
2026/09/23 04:05:31.882, NVIDIA GeForce RTX 4060 Ti, 38 %, 965 MiB, 8188 MiB, 35, 8.87 W
2026/09/23 04:05:32.888, NVIDIA GeForce RTX 4060 Ti, 42 %, 969 MiB, 8188 MiB, 35, 8.87 W
2026/09/23 04:05:33.894, NVIDIA GeForce RTX 4060 Ti, 39 %, 969 MiB, 8188 MiB, 35, 9.11 W
2026/09/23 04:05:34.900, NVIDIA GeForce RTX 4060 Ti, 32 %, 964 MiB, 8188 MiB, 35, 11.97 W
2026/09/23 04:05:35.906, NVIDIA GeForce RTX 4060 Ti, 29 %, 963 MiB, 8188 MiB, 35, 12.15 W
2026/09/23 04:05:36.916, NVIDIA GeForce RTX 4060 Ti, 37 %, 967 MiB, 8188 MiB, 35, 8.84 W
2026/09/23 04:05:37.923, NVIDIA GeForce RTX 4060 Ti, 36 %, 967 MiB, 8188 MiB, 35, 8.94 W
2026/09/23 04:05:38.929, NVIDIA GeForce RTX 4060 Ti, 39 %, 963 MiB, 8188 MiB, 35, 8.89 W
2026/09/23 04:05:39.936, NVIDIA GeForce RTX 4060 Ti, 36 %, 963 MiB, 8188 MiB, 35, 8.81 W
2026/09/23 04:05:40.943, NVIDIA GeForce RTX 4060 Ti, 43 %, 967 MiB, 8188 MiB, 35, 8.81 W
2026/09/23 04:05:41.949, NVIDIA GeForce RTX 4060 Ti, 38 %, 967 MiB, 8188 MiB, 35, 8.89 W
2026/09/23 04:05:42.955, NVIDIA GeForce RTX 4060 Ti, 40 %, 963 MiB, 8188 MiB, 35, 8.83 W
2026/09/23 04:05:43.961, NVIDIA GeForce RTX 4060 Ti, 37 %, 963 MiB, 8188 MiB, 35, 8.82 W
2026/09/23 04:05:44.967, NVIDIA GeForce RTX 4060 Ti, 2 %, 968 MiB, 8188 MiB, 35, 8.62 W
2026/09/23 04:05:45.977, NVIDIA GeForce RTX 4060 Ti, 14 %, 968 MiB, 8188 MiB, 35, 7.67 W
2026/09/23 04:05:46.985, NVIDIA GeForce RTX 4060 Ti, 4 %, 963 MiB, 8188 MiB, 35, 7.42 W
2026/09/23 04:05:47.995, NVIDIA GeForce RTX 4060 Ti, 3 %, 963 MiB, 8188 MiB, 35, 6.54 W
2026/09/23 04:05:49.005, NVIDIA GeForce RTX 4060 Ti, 0 %, 968 MiB, 8188 MiB, 36, 21.44 W
2026/09/23 04:05:50.011, NVIDIA GeForce RTX 4060 Ti, 11 %, 967 MiB, 8188 MiB, 36, 29.89 W
2026/09/23 04:05:51.016, NVIDIA GeForce RTX 4060 Ti, 7 %, 964 MiB, 8188 MiB, 36, 32.29 W
2026/09/23 04:05:52.021, NVIDIA GeForce RTX 4060 Ti, 16 %, 964 MiB, 8188 MiB, 35, 18.61 W
2026/09/23 04:05:53.025, NVIDIA GeForce RTX 4060 Ti, 19 %, 969 MiB, 8188 MiB, 35, 12.89 W
2026/09/23 04:05:54.033, NVIDIA GeForce RTX 4060 Ti, 22 %, 969 MiB, 8188 MiB, 35, 12.69 W
2026/09/23 04:05:55.039, NVIDIA GeForce RTX 4060 Ti, 25 %, 965 MiB, 8188 MiB, 35, 12.55 W
2026/09/23 04:05:56.044, NVIDIA GeForce RTX 4060 Ti, 27 %, 965 MiB, 8188 MiB, 35, 12.48 W
2026/09/23 04:05:57.050, NVIDIA GeForce RTX 4060 Ti, 36 %, 969 MiB, 8188 MiB, 35, 9.65 W
2026/09/23 04:05:58.055, NVIDIA GeForce RTX 4060 Ti, 36 %, 969 MiB, 8188 MiB, 35, 8.97 W
2026/09/23 04:05:59.061, NVIDIA GeForce RTX 4060 Ti, 36 %, 964 MiB, 8188 MiB, 35, 8.88 W
2026/09/23 04:06:00.067, NVIDIA GeForce RTX 4060 Ti, 35 %, 964 MiB, 8188 MiB, 35, 8.85 W
2026/09/23 04:06:01.072, NVIDIA GeForce RTX 4060 Ti, 39 %, 968 MiB, 8188 MiB, 35, 8.75 W
2026/09/23 04:06:02.078, NVIDIA GeForce RTX 4060 Ti, 37 %, 968 MiB, 8188 MiB, 35, 8.83 W
2026/09/23 04:06:03.084, NVIDIA GeForce RTX 4060 Ti, 36 %, 964 MiB, 8188 MiB, 35, 8.85 W
2026/09/23 04:06:04.090, NVIDIA GeForce RTX 4060 Ti, 39 %, 964 MiB, 8188 MiB, 35, 8.87 W
2026/09/23 04:06:05.095, NVIDIA GeForce RTX 4060 Ti, 39 %, 968 MiB, 8188 MiB, 35, 8.90 W
2026/09/23 04:06:06.102, NVIDIA GeForce RTX 4060 Ti, 38 %, 968 MiB, 8188 MiB, 35, 8.87 W
2026/09/23 04:06:07.108, NVIDIA GeForce RTX 4060 Ti, 40 %, 964 MiB, 8188 MiB, 35, 8.84 W
2026/09/23 04:06:08.113, NVIDIA GeForce RTX 4060 Ti, 39 %, 964 MiB, 8188 MiB, 35, 11.93 W
2026/09/23 04:06:09.118, NVIDIA GeForce RTX 4060 Ti, 44 %, 968 MiB, 8188 MiB, 35, 12.01 W
2026/09/23 04:06:10.137, NVIDIA GeForce RTX 4060 Ti, 31 %, 968 MiB, 8188 MiB, 35, 12.17 W
2026/09/23 04:06:11.143, NVIDIA GeForce RTX 4060 Ti, 6 %, 964 MiB, 8188 MiB, 35, 10.74 W
2026/09/23 04:06:12.148, NVIDIA GeForce RTX 4060 Ti, 4 %, 964 MiB, 8188 MiB, 35, 7.35 W
2026/09/23 04:06:13.155, NVIDIA GeForce RTX 4060 Ti, 5 %, 968 MiB, 8188 MiB, 35, 6.68 W
2026/09/23 04:06:14.161, NVIDIA GeForce RTX 4060 Ti, 5 %, 968 MiB, 8188 MiB, 35, 7.17 W
2026/09/23 04:06:15.167, NVIDIA GeForce RTX 4060 Ti, 12 %, 964 MiB, 8188 MiB, 35, 6.84 W
2026/09/23 04:06:16.173, NVIDIA GeForce RTX 4060 Ti, 43 %, 964 MiB, 8188 MiB, 35, 8.70 W
2026/09/23 04:06:17.179, NVIDIA GeForce RTX 4060 Ti, 37 %, 968 MiB, 8188 MiB, 35, 12.19 W
2026/09/23 04:06:18.185, NVIDIA GeForce RTX 4060 Ti, 38 %, 968 MiB, 8188 MiB, 35, 12.02 W
2026/09/23 04:06:19.191, NVIDIA GeForce RTX 4060 Ti, 36 %, 964 MiB, 8188 MiB, 35, 11.51 W
2026/09/23 04:06:20.197, NVIDIA GeForce RTX 4060 Ti, 36 %, 969 MiB, 8188 MiB, 35, 12.59 W
2026/09/23 04:06:21.203, NVIDIA GeForce RTX 4060 Ti, 36 %, 969 MiB, 8188 MiB, 35, 10.61 W
2026/09/23 04:06:22.208, NVIDIA GeForce RTX 4060 Ti, 38 %, 969 MiB, 8188 MiB, 35, 12.65 W
2026/09/23 04:06:23.214, NVIDIA GeForce RTX 4060 Ti, 40 %, 969 MiB, 8188 MiB, 35, 11.97 W
2026/09/23 04:06:24.220, NVIDIA GeForce RTX 4060 Ti, 36 %, 964 MiB, 8188 MiB, 35, 12.65 W
2026/09/23 04:06:25.225, NVIDIA GeForce RTX 4060 Ti, 39 %, 968 MiB, 8188 MiB, 35, 11.38 W
2026/09/23 04:06:26.230, NVIDIA GeForce RTX 4060 Ti, 37 %, 968 MiB, 8188 MiB, 35, 12.60 W
2026/09/23 04:06:27.236, NVIDIA GeForce RTX 4060 Ti, 36 %, 964 MiB, 8188 MiB, 35, 10.99 W
2026/09/23 04:06:28.242, NVIDIA GeForce RTX 4060 Ti, 35 %, 964 MiB, 8188 MiB, 35, 11.23 W
2026/09/23 04:06:29.247, NVIDIA GeForce RTX 4060 Ti, 33 %, 968 MiB, 8188 MiB, 35, 12.72 W
2026/09/23 04:06:30.255, NVIDIA GeForce RTX 4060 Ti, 36 %, 970 MiB, 8188 MiB, 35, 12.02 W
2026/09/23 04:06:31.275, NVIDIA GeForce RTX 4060 Ti, 36 %, 970 MiB, 8188 MiB, 35, 12.55 W
2026/09/23 04:06:32.281, NVIDIA GeForce RTX 4060 Ti, 37 %, 964 MiB, 8188 MiB, 35, 10.43 W
2026/09/23 04:06:33.289, NVIDIA GeForce RTX 4060 Ti, 1 %, 968 MiB, 8188 MiB, 35, 11.15 W
2026/09/23 04:06:34.294, NVIDIA GeForce RTX 4060 Ti, 2 %, 969 MiB, 8188 MiB, 35, 10.39 W
2026/09/23 04:06:35.300, NVIDIA GeForce RTX 4060 Ti, 4 %, 964 MiB, 8188 MiB, 34, 6.59 W
2026/09/23 04:06:36.307, NVIDIA GeForce RTX 4060 Ti, 4 %, 964 MiB, 8188 MiB, 34, 7.09 W
2026/09/23 04:06:37.313, NVIDIA GeForce RTX 4060 Ti, 4 %, 968 MiB, 8188 MiB, 34, 6.89 W
2026/09/23 04:06:38.318, NVIDIA GeForce RTX 4060 Ti, 32 %, 969 MiB, 8188 MiB, 35, 8.25 W
2026/09/23 04:06:39.326, NVIDIA GeForce RTX 4060 Ti, 32 %, 965 MiB, 8188 MiB, 35, 8.65 W
2026/09/23 04:06:40.333, NVIDIA GeForce RTX 4060 Ti, 36 %, 965 MiB, 8188 MiB, 35, 8.58 W
2026/09/23 04:06:41.339, NVIDIA GeForce RTX 4060 Ti, 35 %, 969 MiB, 8188 MiB, 35, 8.66 W
2026/09/23 04:06:42.344, NVIDIA GeForce RTX 4060 Ti, 35 %, 969 MiB, 8188 MiB, 35, 8.70 W
2026/09/23 04:06:43.349, NVIDIA GeForce RTX 4060 Ti, 39 %, 964 MiB, 8188 MiB, 35, 8.64 W
2026/09/23 04:06:44.356, NVIDIA GeForce RTX 4060 Ti, 45 %, 964 MiB, 8188 MiB, 35, 8.59 W
2026/09/23 04:06:45.361, NVIDIA GeForce RTX 4060 Ti, 39 %, 969 MiB, 8188 MiB, 35, 8.78 W
2026/09/23 04:06:46.367, NVIDIA GeForce RTX 4060 Ti, 37 %, 969 MiB, 8188 MiB, 35, 8.77 W
2026/09/23 04:06:47.373, NVIDIA GeForce RTX 4060 Ti, 31 %, 964 MiB, 8188 MiB, 35, 8.70 W
2026/09/23 04:06:48.391, NVIDIA GeForce RTX 4060 Ti, 32 %, 964 MiB, 8188 MiB, 35, 8.59 W
2026/09/23 04:06:49.396, NVIDIA GeForce RTX 4060 Ti, 34 %, 968 MiB, 8188 MiB, 35, 8.59 W
2026/09/23 04:06:50.402, NVIDIA GeForce RTX 4060 Ti, 34 %, 968 MiB, 8188 MiB, 35, 8.62 W
2026/09/23 04:06:51.408, NVIDIA GeForce RTX 4060 Ti, 43 %, 964 MiB, 8188 MiB, 35, 8.75 W
2026/09/23 04:06:52.414, NVIDIA GeForce RTX 4060 Ti, 40 %, 964 MiB, 8188 MiB, 35, 8.81 W
2026/09/23 04:06:53.420, NVIDIA GeForce RTX 4060 Ti, 37 %, 968 MiB, 8188 MiB, 35, 8.77 W
2026/09/23 04:06:54.426, NVIDIA GeForce RTX 4060 Ti, 35 %, 968 MiB, 8188 MiB, 35, 8.83 W
2026/09/23 04:06:55.432, NVIDIA GeForce RTX 4060 Ti, 35 %, 964 MiB, 8188 MiB, 35, 8.80 W
2026/09/23 04:06:56.439, NVIDIA GeForce RTX 4060 Ti, 30 %, 964 MiB, 8188 MiB, 35, 8.74 W
2026/09/23 04:06:57.444, NVIDIA GeForce RTX 4060 Ti, 39 %, 968 MiB, 8188 MiB, 35, 8.79 W
2026/09/23 04:06:58.451, NVIDIA GeForce RTX 4060 Ti, 32 %, 968 MiB, 8188 MiB, 35, 9.70 W
2026/09/23 04:06:59.457, NVIDIA GeForce RTX 4060 Ti, 38 %, 969 MiB, 8188 MiB, 35, 12.36 W
2026/09/23 04:07:00.463, NVIDIA GeForce RTX 4060 Ti, 41 %, 969 MiB, 8188 MiB, 35, 10.67 W
2026/09/23 04:07:01.468, NVIDIA GeForce RTX 4060 Ti, 40 %, 969 MiB, 8188 MiB, 35, 8.80 W
2026/09/23 04:07:02.475, NVIDIA GeForce RTX 4060 Ti, 38 %, 969 MiB, 8188 MiB, 35, 8.74 W
2026/09/23 04:07:03.480, NVIDIA GeForce RTX 4060 Ti, 1 %, 965 MiB, 8188 MiB, 34, 8.41 W
2026/09/23 04:07:04.486, NVIDIA GeForce RTX 4060 Ti, 2 %, 965 MiB, 8188 MiB, 35, 14.44 W
2026/09/23 04:07:05.491, NVIDIA GeForce RTX 4060 Ti, 0 %, 969 MiB, 8188 MiB, 35, 28.56 W
2026/09/23 04:07:06.496, NVIDIA GeForce RTX 4060 Ti, 3 %, 969 MiB, 8188 MiB, 36, 28.39 W
2026/09/23 04:07:07.502, NVIDIA GeForce RTX 4060 Ti, 0 %, 965 MiB, 8188 MiB, 36, 24.36 W
2026/09/23 04:07:08.518, NVIDIA GeForce RTX 4060 Ti, 30 %, 965 MiB, 8188 MiB, 35, 12.27 W
2026/09/23 04:07:09.523, NVIDIA GeForce RTX 4060 Ti, 32 %, 969 MiB, 8188 MiB, 35, 12.39 W
2026/09/23 04:07:10.529, NVIDIA GeForce RTX 4060 Ti, 35 %, 969 MiB, 8188 MiB, 35, 12.45 W
2026/09/23 04:07:11.534, NVIDIA GeForce RTX 4060 Ti, 39 %, 964 MiB, 8188 MiB, 35, 9.15 W
2026/09/23 04:07:12.540, NVIDIA GeForce RTX 4060 Ti, 37 %, 964 MiB, 8188 MiB, 35, 8.76 W
2026/09/23 04:07:13.549, NVIDIA GeForce RTX 4060 Ti, 37 %, 968 MiB, 8188 MiB, 35, 8.66 W
2026/09/23 04:07:14.556, NVIDIA GeForce RTX 4060 Ti, 37 %, 968 MiB, 8188 MiB, 35, 8.66 W
2026/09/23 04:07:15.562, NVIDIA GeForce RTX 4060 Ti, 36 %, 964 MiB, 8188 MiB, 35, 8.60 W
2026/09/23 04:07:16.575, NVIDIA GeForce RTX 4060 Ti, 37 %, 964 MiB, 8188 MiB, 35, 8.67 W
2026/09/23 04:07:17.589, NVIDIA GeForce RTX 4060 Ti, 36 %, 968 MiB, 8188 MiB, 35, 8.71 W
2026/09/23 04:07:18.603, NVIDIA GeForce RTX 4060 Ti, 30 %, 968 MiB, 8188 MiB, 35, 8.60 W
2026/09/23 04:07:19.609, NVIDIA GeForce RTX 4060 Ti, 33 %, 964 MiB, 8188 MiB, 35, 8.56 W
2026/09/23 04:07:20.615, NVIDIA GeForce RTX 4060 Ti, 34 %, 964 MiB, 8188 MiB, 35, 8.50 W
2026/09/23 04:07:21.622, NVIDIA GeForce RTX 4060 Ti, 38 %, 968 MiB, 8188 MiB, 35, 8.69 W
2026/09/23 04:07:22.627, NVIDIA GeForce RTX 4060 Ti, 33 %, 968 MiB, 8188 MiB, 35, 10.94 W
2026/09/23 04:07:23.632, NVIDIA GeForce RTX 4060 Ti, 32 %, 963 MiB, 8188 MiB, 35, 12.41 W
2026/09/23 04:07:24.639, NVIDIA GeForce RTX 4060 Ti, 34 %, 968 MiB, 8188 MiB, 35, 11.03 W
2026/09/23 04:07:25.644, NVIDIA GeForce RTX 4060 Ti, 33 %, 968 MiB, 8188 MiB, 35, 12.35 W
2026/09/23 04:07:26.650, NVIDIA GeForce RTX 4060 Ti, 41 %, 968 MiB, 8188 MiB, 35, 10.11 W
2026/09/23 04:07:27.655, NVIDIA GeForce RTX 4060 Ti, 30 %, 964 MiB, 8188 MiB, 35, 9.66 W
2026/09/23 04:07:28.660, NVIDIA GeForce RTX 4060 Ti, 34 %, 964 MiB, 8188 MiB, 35, 12.30 W
2026/09/23 04:07:29.665, NVIDIA GeForce RTX 4060 Ti, 41 %, 968 MiB, 8188 MiB, 35, 10.67 W
2026/09/23 04:07:30.670, NVIDIA GeForce RTX 4060 Ti, 27 %, 968 MiB, 8188 MiB, 35, 11.61 W
2026/09/23 04:07:31.675, NVIDIA GeForce RTX 4060 Ti, 9 %, 964 MiB, 8188 MiB, 35, 11.66 W
2026/09/23 04:07:32.684, NVIDIA GeForce RTX 4060 Ti, 3 %, 964 MiB, 8188 MiB, 34, 7.62 W
2026/09/23 04:07:33.697, NVIDIA GeForce RTX 4060 Ti, 6 %, 969 MiB, 8188 MiB, 34, 7.22 W
2026/09/23 04:07:34.704, NVIDIA GeForce RTX 4060 Ti, 4 %, 969 MiB, 8188 MiB, 34, 6.54 W
2026/09/23 04:07:35.716, NVIDIA GeForce RTX 4060 Ti, 2 %, 963 MiB, 8188 MiB, 35, 25.22 W
2026/09/23 04:07:36.723, NVIDIA GeForce RTX 4060 Ti, 4 %, 983 MiB, 8188 MiB, 36, 29.36 W
2026/09/23 04:07:37.729, NVIDIA GeForce RTX 4060 Ti, 0 %, 988 MiB, 8188 MiB, 36, 29.06 W
2026/09/23 04:07:38.747, NVIDIA GeForce RTX 4060 Ti, 0 %, 988 MiB, 8188 MiB, 35, 22.27 W
2026/09/23 04:07:39.754, NVIDIA GeForce RTX 4060 Ti, 1 %, 984 MiB, 8188 MiB, 35, 9.65 W
2026/09/23 04:07:40.767, NVIDIA GeForce RTX 4060 Ti, 2 %, 984 MiB, 8188 MiB, 34, 8.43 W
2026/09/23 04:07:41.779, NVIDIA GeForce RTX 4060 Ti, 28 %, 988 MiB, 8188 MiB, 35, 7.30 W
2026/09/23 04:07:42.784, NVIDIA GeForce RTX 4060 Ti, 39 %, 988 MiB, 8188 MiB, 35, 11.52 W
2026/09/23 04:07:43.793, NVIDIA GeForce RTX 4060 Ti, 9 %, 988 MiB, 8188 MiB, 36, 32.17 W
2026/09/23 04:07:44.799, NVIDIA GeForce RTX 4060 Ti, 10 %, 984 MiB, 8188 MiB, 36, 31.84 W
2026/09/23 04:07:45.806, NVIDIA GeForce RTX 4060 Ti, 10 %, 988 MiB, 8188 MiB, 36, 32.39 W
2026/09/23 04:07:46.814, NVIDIA GeForce RTX 4060 Ti, 18 %, 988 MiB, 8188 MiB, 35, 23.45 W
2026/09/23 04:07:47.821, NVIDIA GeForce RTX 4060 Ti, 22 %, 984 MiB, 8188 MiB, 35, 13.65 W
2026/09/23 04:07:48.827, NVIDIA GeForce RTX 4060 Ti, 22 %, 984 MiB, 8188 MiB, 35, 13.34 W
2026/09/23 04:07:49.835, NVIDIA GeForce RTX 4060 Ti, 27 %, 988 MiB, 8188 MiB, 35, 13.04 W
2026/09/23 04:07:50.845, NVIDIA GeForce RTX 4060 Ti, 26 %, 988 MiB, 8188 MiB, 35, 12.86 W
2026/09/23 04:07:51.852, NVIDIA GeForce RTX 4060 Ti, 31 %, 983 MiB, 8188 MiB, 35, 12.50 W
2026/09/23 04:07:52.861, NVIDIA GeForce RTX 4060 Ti, 42 %, 988 MiB, 8188 MiB, 35, 9.85 W
2026/09/23 04:07:53.869, NVIDIA GeForce RTX 4060 Ti, 37 %, 988 MiB, 8188 MiB, 35, 12.91 W
2026/09/23 04:07:54.876, NVIDIA GeForce RTX 4060 Ti, 32 %, 984 MiB, 8188 MiB, 35, 11.97 W
2026/09/23 04:07:55.882, NVIDIA GeForce RTX 4060 Ti, 35 %, 984 MiB, 8188 MiB, 35, 9.51 W
2026/09/23 04:07:56.891, NVIDIA GeForce RTX 4060 Ti, 41 %, 988 MiB, 8188 MiB, 35, 9.48 W
2026/09/23 04:07:57.898, NVIDIA GeForce RTX 4060 Ti, 34 %, 988 MiB, 8188 MiB, 35, 9.38 W
2026/09/23 04:07:58.905, NVIDIA GeForce RTX 4060 Ti, 29 %, 983 MiB, 8188 MiB, 35, 9.36 W
2026/09/23 04:07:59.911, NVIDIA GeForce RTX 4060 Ti, 6 %, 983 MiB, 8188 MiB, 36, 28.60 W
2026/09/23 04:08:00.920, NVIDIA GeForce RTX 4060 Ti, 10 %, 988 MiB, 8188 MiB, 36, 32.52 W
2026/09/23 04:08:01.926, NVIDIA GeForce RTX 4060 Ti, 10 %, 988 MiB, 8188 MiB, 36, 32.59 W
2026/09/23 04:08:02.932, NVIDIA GeForce RTX 4060 Ti, 23 %, 989 MiB, 8188 MiB, 35, 21.84 W
2026/09/23 04:08:03.939, NVIDIA GeForce RTX 4060 Ti, 24 %, 987 MiB, 8188 MiB, 35, 13.74 W
2026/09/23 04:08:04.950, NVIDIA GeForce RTX 4060 Ti, 28 %, 988 MiB, 8188 MiB, 35, 13.57 W
2026/09/23 04:08:05.959, NVIDIA GeForce RTX 4060 Ti, 28 %, 988 MiB, 8188 MiB, 35, 13.32 W
2026/09/23 04:08:06.966, NVIDIA GeForce RTX 4060 Ti, 26 %, 984 MiB, 8188 MiB, 35, 13.17 W
2026/09/23 04:08:07.971, NVIDIA GeForce RTX 4060 Ti, 27 %, 984 MiB, 8188 MiB, 35, 10.85 W
2026/09/23 04:08:08.990, NVIDIA GeForce RTX 4060 Ti, 32 %, 988 MiB, 8188 MiB, 35, 7.74 W
2026/09/23 04:08:09.996, NVIDIA GeForce RTX 4060 Ti, 3 %, 988 MiB, 8188 MiB, 35, 6.89 W
2026/09/23 04:08:11.003, NVIDIA GeForce RTX 4060 Ti, 29 %, 984 MiB, 8188 MiB, 35, 6.96 W
2026/09/23 04:08:12.010, NVIDIA GeForce RTX 4060 Ti, 23 %, 984 MiB, 8188 MiB, 35, 7.17 W
2026/09/23 04:08:13.018, NVIDIA GeForce RTX 4060 Ti, 53 %, 988 MiB, 8188 MiB, 35, 8.12 W
2026/09/23 04:08:14.028, NVIDIA GeForce RTX 4060 Ti, 37 %, 988 MiB, 8188 MiB, 35, 9.60 W
2026/09/23 04:08:15.036, NVIDIA GeForce RTX 4060 Ti, 27 %, 983 MiB, 8188 MiB, 35, 9.31 W
2026/09/23 04:08:16.042, NVIDIA GeForce RTX 4060 Ti, 34 %, 983 MiB, 8188 MiB, 35, 9.29 W
2026/09/23 04:08:17.048, NVIDIA GeForce RTX 4060 Ti, 39 %, 987 MiB, 8188 MiB, 35, 9.09 W
2026/09/23 04:08:18.055, NVIDIA GeForce RTX 4060 Ti, 39 %, 992 MiB, 8188 MiB, 35, 9.44 W
2026/09/23 04:08:19.062, NVIDIA GeForce RTX 4060 Ti, 43 %, 988 MiB, 8188 MiB, 35, 9.27 W
2026/09/23 04:08:20.070, NVIDIA GeForce RTX 4060 Ti, 41 %, 988 MiB, 8188 MiB, 35, 9.31 W
2026/09/23 04:08:21.079, NVIDIA GeForce RTX 4060 Ti, 44 %, 992 MiB, 8188 MiB, 35, 9.31 W
2026/09/23 04:08:22.097, NVIDIA GeForce RTX 4060 Ti, 44 %, 992 MiB, 8188 MiB, 35, 9.58 W
2026/09/23 04:08:23.105, NVIDIA GeForce RTX 4060 Ti, 16 %, 988 MiB, 8188 MiB, 35, 11.88 W
2026/09/23 04:08:24.111, NVIDIA GeForce RTX 4060 Ti, 9 %, 986 MiB, 8188 MiB, 36, 31.55 W
2026/09/23 04:08:25.126, NVIDIA GeForce RTX 4060 Ti, 9 %, 990 MiB, 8188 MiB, 36, 32.58 W
2026/09/23 04:08:26.138, NVIDIA GeForce RTX 4060 Ti, 10 %, 989 MiB, 8188 MiB, 36, 32.44 W
2026/09/23 04:08:27.146, NVIDIA GeForce RTX 4060 Ti, 21 %, 984 MiB, 8188 MiB, 35, 18.67 W
2026/09/23 04:08:28.153, NVIDIA GeForce RTX 4060 Ti, 26 %, 983 MiB, 8188 MiB, 35, 13.87 W
2026/09/23 04:08:29.160, NVIDIA GeForce RTX 4060 Ti, 28 %, 988 MiB, 8188 MiB, 35, 13.65 W
2026/09/23 04:08:30.167, NVIDIA GeForce RTX 4060 Ti, 27 %, 988 MiB, 8188 MiB, 35, 13.55 W
2026/09/23 04:08:31.175, NVIDIA GeForce RTX 4060 Ti, 30 %, 984 MiB, 8188 MiB, 35, 13.23 W
2026/09/23 04:08:32.182, NVIDIA GeForce RTX 4060 Ti, 28 %, 984 MiB, 8188 MiB, 35, 13.21 W
2026/09/23 04:08:33.190, NVIDIA GeForce RTX 4060 Ti, 41 %, 988 MiB, 8188 MiB, 35, 10.30 W
2026/09/23 04:08:34.207, NVIDIA GeForce RTX 4060 Ti, 41 %, 989 MiB, 8188 MiB, 35, 9.52 W
2026/09/23 04:08:35.212, NVIDIA GeForce RTX 4060 Ti, 39 %, 989 MiB, 8188 MiB, 35, 9.48 W
2026/09/23 04:08:36.227, NVIDIA GeForce RTX 4060 Ti, 37 %, 983 MiB, 8188 MiB, 35, 9.68 W
2026/09/23 04:08:37.243, NVIDIA GeForce RTX 4060 Ti, 37 %, 989 MiB, 8188 MiB, 35, 12.52 W
2026/09/23 04:08:38.249, NVIDIA GeForce RTX 4060 Ti, 12 %, 989 MiB, 8188 MiB, 35, 11.84 W
2026/09/23 04:08:39.257, NVIDIA GeForce RTX 4060 Ti, 4 %, 989 MiB, 8188 MiB, 35, 7.53 W
2026/09/23 04:08:40.265, NVIDIA GeForce RTX 4060 Ti, 0 %, 985 MiB, 8188 MiB, 36, 23.24 W
2026/09/23 04:08:41.272, NVIDIA GeForce RTX 4060 Ti, 2 %, 989 MiB, 8188 MiB, 36, 28.88 W
2026/09/23 04:08:42.280, NVIDIA GeForce RTX 4060 Ti, 5 %, 989 MiB, 8188 MiB, 36, 29.28 W
2026/09/23 04:08:43.284, NVIDIA GeForce RTX 4060 Ti, 8 %, 985 MiB, 8188 MiB, 36, 29.70 W
2026/09/23 04:08:44.291, NVIDIA GeForce RTX 4060 Ti, 17 %, 985 MiB, 8188 MiB, 35, 15.00 W
2026/09/23 04:08:45.296, NVIDIA GeForce RTX 4060 Ti, 21 %, 989 MiB, 8188 MiB, 35, 13.39 W
2026/09/23 04:08:46.303, NVIDIA GeForce RTX 4060 Ti, 26 %, 989 MiB, 8188 MiB, 35, 13.44 W
2026/09/23 04:08:47.308, NVIDIA GeForce RTX 4060 Ti, 31 %, 984 MiB, 8188 MiB, 35, 13.23 W
2026/09/23 04:08:48.314, NVIDIA GeForce RTX 4060 Ti, 34 %, 984 MiB, 8188 MiB, 35, 11.22 W
2026/09/23 04:08:49.322, NVIDIA GeForce RTX 4060 Ti, 32 %, 988 MiB, 8188 MiB, 35, 9.72 W
2026/09/23 04:08:50.329, NVIDIA GeForce RTX 4060 Ti, 32 %, 988 MiB, 8188 MiB, 35, 9.77 W
2026/09/23 04:08:51.340, NVIDIA GeForce RTX 4060 Ti, 37 %, 984 MiB, 8188 MiB, 35, 11.51 W
2026/09/23 04:08:52.351, NVIDIA GeForce RTX 4060 Ti, 36 %, 989 MiB, 8188 MiB, 35, 13.08 W
2026/09/23 04:08:53.357, NVIDIA GeForce RTX 4060 Ti, 35 %, 989 MiB, 8188 MiB, 35, 11.36 W
2026/09/23 04:08:54.364, NVIDIA GeForce RTX 4060 Ti, 35 %, 989 MiB, 8188 MiB, 35, 13.22 W
2026/09/23 04:08:55.372, NVIDIA GeForce RTX 4060 Ti, 35 %, 989 MiB, 8188 MiB, 35, 11.64 W
2026/09/23 04:08:56.378, NVIDIA GeForce RTX 4060 Ti, 31 %, 984 MiB, 8188 MiB, 35, 11.80 W
2026/09/23 04:08:57.383, NVIDIA GeForce RTX 4060 Ti, 32 %, 989 MiB, 8188 MiB, 35, 12.76 W
2026/09/23 04:08:58.391, NVIDIA GeForce RTX 4060 Ti, 40 %, 989 MiB, 8188 MiB, 35, 10.07 W
2026/09/23 04:08:59.396, NVIDIA GeForce RTX 4060 Ti, 11 %, 989 MiB, 8188 MiB, 36, 28.71 W
2026/09/23 04:09:00.402, NVIDIA GeForce RTX 4060 Ti, 11 %, 983 MiB, 8188 MiB, 36, 32.41 W
2026/09/23 04:09:01.408, NVIDIA GeForce RTX 4060 Ti, 11 %, 987 MiB, 8188 MiB, 37, 32.61 W
2026/09/23 04:09:02.416, NVIDIA GeForce RTX 4060 Ti, 11 %, 988 MiB, 8188 MiB, 37, 30.33 W
2026/09/23 04:09:03.427, NVIDIA GeForce RTX 4060 Ti, 25 %, 988 MiB, 8188 MiB, 35, 14.12 W
2026/09/23 04:09:04.435, NVIDIA GeForce RTX 4060 Ti, 24 %, 984 MiB, 8188 MiB, 35, 13.77 W
2026/09/23 04:09:05.442, NVIDIA GeForce RTX 4060 Ti, 24 %, 988 MiB, 8188 MiB, 35, 13.58 W
2026/09/23 04:09:06.451, NVIDIA GeForce RTX 4060 Ti, 27 %, 990 MiB, 8188 MiB, 35, 13.42 W
2026/09/23 04:09:07.470, NVIDIA GeForce RTX 4060 Ti, 2 %, 988 MiB, 8188 MiB, 35, 12.07 W
2026/09/23 04:09:08.491, NVIDIA GeForce RTX 4060 Ti, 0 %, 988 MiB, 8188 MiB, 36, 26.68 W
2026/09/23 04:09:09.496, NVIDIA GeForce RTX 4060 Ti, 0 %, 989 MiB, 8188 MiB, 36, 28.49 W
2026/09/23 04:09:10.503, NVIDIA GeForce RTX 4060 Ti, 0 %, 989 MiB, 8188 MiB, 36, 28.85 W
2026/09/23 04:09:11.509, NVIDIA GeForce RTX 4060 Ti, 0 %, 984 MiB, 8188 MiB, 36, 25.49 W
2026/09/23 04:09:12.515, NVIDIA GeForce RTX 4060 Ti, 26 %, 1004 MiB, 8188 MiB, 35, 12.97 W
2026/09/23 04:09:13.521, NVIDIA GeForce RTX 4060 Ti, 26 %, 1008 MiB, 8188 MiB, 35, 13.23 W
2026/09/23 04:09:14.530, NVIDIA GeForce RTX 4060 Ti, 7 %, 1009 MiB, 8188 MiB, 35, 16.66 W
2026/09/23 04:09:15.535, NVIDIA GeForce RTX 4060 Ti, 6 %, 1009 MiB, 8188 MiB, 37, 32.00 W
2026/09/23 04:09:16.541, NVIDIA GeForce RTX 4060 Ti, 7 %, 1004 MiB, 8188 MiB, 37, 31.91 W
2026/09/23 04:09:17.548, NVIDIA GeForce RTX 4060 Ti, 14 %, 1008 MiB, 8188 MiB, 37, 28.52 W
2026/09/23 04:09:18.556, NVIDIA GeForce RTX 4060 Ti, 17 %, 1008 MiB, 8188 MiB, 35, 13.22 W
2026/09/23 04:09:19.562, NVIDIA GeForce RTX 4060 Ti, 22 %, 1004 MiB, 8188 MiB, 35, 12.97 W
2026/09/23 04:09:20.570, NVIDIA GeForce RTX 4060 Ti, 25 %, 1004 MiB, 8188 MiB, 35, 12.71 W
2026/09/23 04:09:21.576, NVIDIA GeForce RTX 4060 Ti, 30 %, 1008 MiB, 8188 MiB, 35, 11.25 W
2026/09/23 04:09:22.583, NVIDIA GeForce RTX 4060 Ti, 29 %, 1008 MiB, 8188 MiB, 35, 9.31 W
2026/09/23 04:09:23.589, NVIDIA GeForce RTX 4060 Ti, 31 %, 1003 MiB, 8188 MiB, 35, 9.10 W
2026/09/23 04:09:24.594, NVIDIA GeForce RTX 4060 Ti, 32 %, 1003 MiB, 8188 MiB, 35, 8.96 W
2026/09/23 04:09:25.601, NVIDIA GeForce RTX 4060 Ti, 40 %, 1008 MiB, 8188 MiB, 35, 9.20 W
2026/09/23 04:09:26.612, NVIDIA GeForce RTX 4060 Ti, 37 %, 1008 MiB, 8188 MiB, 35, 9.06 W
2026/09/23 04:09:27.620, NVIDIA GeForce RTX 4060 Ti, 38 %, 1004 MiB, 8188 MiB, 35, 9.17 W
2026/09/23 04:09:28.626, NVIDIA GeForce RTX 4060 Ti, 10 %, 1004 MiB, 8188 MiB, 36, 17.77 W
2026/09/23 04:09:29.634, NVIDIA GeForce RTX 4060 Ti, 11 %, 1008 MiB, 8188 MiB, 37, 32.49 W
2026/09/23 04:09:30.641, NVIDIA GeForce RTX 4060 Ti, 7 %, 1008 MiB, 8188 MiB, 37, 32.34 W
2026/09/23 04:09:31.646, NVIDIA GeForce RTX 4060 Ti, 15 %, 1003 MiB, 8188 MiB, 37, 26.94 W
2026/09/23 04:09:32.652, NVIDIA GeForce RTX 4060 Ti, 17 %, 1003 MiB, 8188 MiB, 36, 13.43 W
2026/09/23 04:09:33.660, NVIDIA GeForce RTX 4060 Ti, 22 %, 1008 MiB, 8188 MiB, 35, 13.27 W
2026/09/23 04:09:34.676, NVIDIA GeForce RTX 4060 Ti, 26 %, 1008 MiB, 8188 MiB, 35, 13.02 W
2026/09/23 04:09:35.684, NVIDIA GeForce RTX 4060 Ti, 35 %, 1004 MiB, 8188 MiB, 35, 12.36 W
2026/09/23 04:09:36.691, NVIDIA GeForce RTX 4060 Ti, 38 %, 1004 MiB, 8188 MiB, 35, 9.34 W
2026/09/23 04:09:37.698, NVIDIA GeForce RTX 4060 Ti, 40 %, 1008 MiB, 8188 MiB, 35, 9.44 W
2026/09/23 04:09:38.705, NVIDIA GeForce RTX 4060 Ti, 35 %, 1008 MiB, 8188 MiB, 35, 9.20 W
2026/09/23 04:09:39.710, NVIDIA GeForce RTX 4060 Ti, 47 %, 1009 MiB, 8188 MiB, 35, 9.43 W
2026/09/23 04:09:40.716, NVIDIA GeForce RTX 4060 Ti, 31 %, 1009 MiB, 8188 MiB, 35, 12.38 W
2026/09/23 04:09:41.724, NVIDIA GeForce RTX 4060 Ti, 34 %, 1009 MiB, 8188 MiB, 35, 12.30 W
2026/09/23 04:09:42.732, NVIDIA GeForce RTX 4060 Ti, 41 %, 1009 MiB, 8188 MiB, 35, 9.38 W
2026/09/23 04:09:43.740, NVIDIA GeForce RTX 4060 Ti, 36 %, 1004 MiB, 8188 MiB, 35, 9.29 W
2026/09/23 04:09:44.748, NVIDIA GeForce RTX 4060 Ti, 38 %, 1005 MiB, 8188 MiB, 35, 9.24 W
2026/09/23 04:09:45.754, NVIDIA GeForce RTX 4060 Ti, 41 %, 1009 MiB, 8188 MiB, 35, 9.38 W
2026/09/23 04:09:46.763, NVIDIA GeForce RTX 4060 Ti, 24 %, 1009 MiB, 8188 MiB, 35, 8.05 W
2026/09/23 04:09:47.771, NVIDIA GeForce RTX 4060 Ti, 34 %, 1004 MiB, 8188 MiB, 35, 7.84 W
2026/09/23 04:09:48.777, NVIDIA GeForce RTX 4060 Ti, 4 %, 1004 MiB, 8188 MiB, 35, 6.88 W
2026/09/23 04:09:49.782, NVIDIA GeForce RTX 4060 Ti, 32 %, 1008 MiB, 8188 MiB, 35, 7.07 W
2026/09/23 04:09:50.786, NVIDIA GeForce RTX 4060 Ti, 29 %, 1008 MiB, 8188 MiB, 35, 7.18 W
2026/09/23 04:09:51.792, NVIDIA GeForce RTX 4060 Ti, 57 %, 1008 MiB, 8188 MiB, 35, 7.89 W
2026/09/23 04:09:52.800, NVIDIA GeForce RTX 4060 Ti, 40 %, 1004 MiB, 8188 MiB, 35, 9.34 W
2026/09/23 04:09:53.808, NVIDIA GeForce RTX 4060 Ti, 39 %, 1008 MiB, 8188 MiB, 35, 9.41 W
2026/09/23 04:09:54.816, NVIDIA GeForce RTX 4060 Ti, 41 %, 1008 MiB, 8188 MiB, 35, 9.25 W
2026/09/23 04:09:55.825, NVIDIA GeForce RTX 4060 Ti, 32 %, 1004 MiB, 8188 MiB, 35, 10.28 W
2026/09/23 04:09:56.830, NVIDIA GeForce RTX 4060 Ti, 8 %, 1004 MiB, 8188 MiB, 37, 31.55 W
2026/09/23 04:09:57.835, NVIDIA GeForce RTX 4060 Ti, 9 %, 1008 MiB, 8188 MiB, 37, 32.92 W
2026/09/23 04:09:58.843, NVIDIA GeForce RTX 4060 Ti, 7 %, 1008 MiB, 8188 MiB, 37, 32.54 W
2026/09/23 04:09:59.851, NVIDIA GeForce RTX 4060 Ti, 21 %, 1004 MiB, 8188 MiB, 36, 22.86 W
2026/09/23 04:10:00.865, NVIDIA GeForce RTX 4060 Ti, 19 %, 1008 MiB, 8188 MiB, 35, 13.57 W
2026/09/23 04:10:01.873, NVIDIA GeForce RTX 4060 Ti, 21 %, 1008 MiB, 8188 MiB, 35, 13.19 W
2026/09/23 04:10:02.880, NVIDIA GeForce RTX 4060 Ti, 25 %, 1008 MiB, 8188 MiB, 35, 12.94 W
2026/09/23 04:10:03.887, NVIDIA GeForce RTX 4060 Ti, 26 %, 1004 MiB, 8188 MiB, 35, 12.10 W
2026/09/23 04:10:04.893, NVIDIA GeForce RTX 4060 Ti, 34 %, 1008 MiB, 8188 MiB, 35, 9.16 W
2026/09/23 04:10:05.902, NVIDIA GeForce RTX 4060 Ti, 33 %, 1008 MiB, 8188 MiB, 35, 9.64 W
2026/09/23 04:10:06.913, NVIDIA GeForce RTX 4060 Ti, 35 %, 1004 MiB, 8188 MiB, 35, 9.48 W
2026/09/23 04:10:07.922, NVIDIA GeForce RTX 4060 Ti, 37 %, 1004 MiB, 8188 MiB, 35, 9.35 W
2026/09/23 04:10:08.929, NVIDIA GeForce RTX 4060 Ti, 32 %, 1010 MiB, 8188 MiB, 35, 9.97 W
2026/09/23 04:10:09.936, NVIDIA GeForce RTX 4060 Ti, 33 %, 1010 MiB, 8188 MiB, 35, 13.02 W
2026/09/23 04:10:10.942, NVIDIA GeForce RTX 4060 Ti, 35 %, 1010 MiB, 8188 MiB, 35, 11.32 W
2026/09/23 04:10:11.950, NVIDIA GeForce RTX 4060 Ti, 35 %, 1006 MiB, 8188 MiB, 35, 9.32 W
2026/09/23 04:10:12.956, NVIDIA GeForce RTX 4060 Ti, 38 %, 1010 MiB, 8188 MiB, 35, 9.24 W
2026/09/23 04:10:13.962, NVIDIA GeForce RTX 4060 Ti, 33 %, 1010 MiB, 8188 MiB, 35, 9.52 W
2026/09/23 04:10:14.970, NVIDIA GeForce RTX 4060 Ti, 36 %, 1005 MiB, 8188 MiB, 35, 9.40 W
2026/09/23 04:10:15.980, NVIDIA GeForce RTX 4060 Ti, 39 %, 1004 MiB, 8188 MiB, 35, 9.43 W
2026/09/23 04:10:16.996, NVIDIA GeForce RTX 4060 Ti, 42 %, 1009 MiB, 8188 MiB, 35, 9.44 W
2026/09/23 04:10:18.001, NVIDIA GeForce RTX 4060 Ti, 9 %, 1009 MiB, 8188 MiB, 36, 20.14 W
2026/09/23 04:10:19.009, NVIDIA GeForce RTX 4060 Ti, 10 %, 1004 MiB, 8188 MiB, 37, 32.97 W
2026/09/23 04:10:20.016, NVIDIA GeForce RTX 4060 Ti, 7 %, 1004 MiB, 8188 MiB, 37, 32.35 W
2026/09/23 04:10:21.029, NVIDIA GeForce RTX 4060 Ti, 9 %, 1008 MiB, 8188 MiB, 37, 32.80 W
2026/09/23 04:10:22.038, NVIDIA GeForce RTX 4060 Ti, 15 %, 1008 MiB, 8188 MiB, 36, 19.51 W
2026/09/23 04:10:23.045, NVIDIA GeForce RTX 4060 Ti, 17 %, 1004 MiB, 8188 MiB, 35, 13.35 W
2026/09/23 04:10:24.064, NVIDIA GeForce RTX 4060 Ti, 2 %, 1004 MiB, 8188 MiB, 35, 10.34 W
2026/09/23 04:10:25.070, NVIDIA GeForce RTX 4060 Ti, 4 %, 1008 MiB, 8188 MiB, 35, 8.27 W
2026/09/23 04:10:26.079, NVIDIA GeForce RTX 4060 Ti, 3 %, 1008 MiB, 8188 MiB, 35, 6.69 W
2026/09/23 04:10:27.085, NVIDIA GeForce RTX 4060 Ti, 5 %, 1004 MiB, 8188 MiB, 35, 7.03 W
2026/09/23 04:10:28.091, NVIDIA GeForce RTX 4060 Ti, 5 %, 1003 MiB, 8188 MiB, 35, 7.07 W
2026/09/23 04:10:29.100, NVIDIA GeForce RTX 4060 Ti, 47 %, 955 MiB, 8188 MiB, 35, 8.23 W
2026/09/23 04:10:30.107, NVIDIA GeForce RTX 4060 Ti, 34 %, 955 MiB, 8188 MiB, 35, 9.08 W
2026/09/23 04:10:31.114, NVIDIA GeForce RTX 4060 Ti, 32 %, 951 MiB, 8188 MiB, 35, 9.01 W
2026/09/23 04:10:32.121, NVIDIA GeForce RTX 4060 Ti, 37 %, 951 MiB, 8188 MiB, 35, 8.92 W
2026/09/23 04:10:33.129, NVIDIA GeForce RTX 4060 Ti, 38 %, 955 MiB, 8188 MiB, 35, 8.93 W
2026/09/23 04:10:34.137, NVIDIA GeForce RTX 4060 Ti, 40 %, 955 MiB, 8188 MiB, 35, 9.06 W
2026/09/23 04:10:35.144, NVIDIA GeForce RTX 4060 Ti, 36 %, 955 MiB, 8188 MiB, 35, 8.98 W
2026/09/23 04:10:36.151, NVIDIA GeForce RTX 4060 Ti, 40 %, 951 MiB, 8188 MiB, 35, 8.98 W
2026/09/23 04:10:37.159, NVIDIA GeForce RTX 4060 Ti, 43 %, 955 MiB, 8188 MiB, 35, 9.07 W
2026/09/23 04:10:38.164, NVIDIA GeForce RTX 4060 Ti, 35 %, 955 MiB, 8188 MiB, 35, 9.12 W
2026/09/23 04:10:39.171, NVIDIA GeForce RTX 4060 Ti, 33 %, 951 MiB, 8188 MiB, 35, 9.10 W
2026/09/23 04:10:40.178, NVIDIA GeForce RTX 4060 Ti, 31 %, 956 MiB, 8188 MiB, 35, 8.90 W
2026/09/23 04:10:41.184, NVIDIA GeForce RTX 4060 Ti, 39 %, 956 MiB, 8188 MiB, 35, 9.02 W
2026/09/23 04:10:42.189, NVIDIA GeForce RTX 4060 Ti, 34 %, 956 MiB, 8188 MiB, 35, 9.13 W
2026/09/23 04:10:43.197, NVIDIA GeForce RTX 4060 Ti, 36 %, 957 MiB, 8188 MiB, 35, 9.11 W
2026/09/23 04:10:44.203, NVIDIA GeForce RTX 4060 Ti, 37 %, 958 MiB, 8188 MiB, 35, 12.09 W
2026/09/23 04:10:45.210, NVIDIA GeForce RTX 4060 Ti, 29 %, 956 MiB, 8188 MiB, 35, 12.36 W
2026/09/23 04:10:46.217, NVIDIA GeForce RTX 4060 Ti, 41 %, 957 MiB, 8188 MiB, 35, 9.18 W
2026/09/23 04:10:47.224, NVIDIA GeForce RTX 4060 Ti, 35 %, 953 MiB, 8188 MiB, 35, 8.93 W
2026/09/23 04:10:48.231, NVIDIA GeForce RTX 4060 Ti, 34 %, 953 MiB, 8188 MiB, 35, 8.97 W
2026/09/23 04:10:49.240, NVIDIA GeForce RTX 4060 Ti, 7 %, 957 MiB, 8188 MiB, 35, 19.65 W
2026/09/23 04:10:50.250, NVIDIA GeForce RTX 4060 Ti, 7 %, 957 MiB, 8188 MiB, 36, 31.74 W
2026/09/23 04:10:51.258, NVIDIA GeForce RTX 4060 Ti, 9 %, 953 MiB, 8188 MiB, 37, 32.08 W
2026/09/23 04:10:52.264, NVIDIA GeForce RTX 4060 Ti, 6 %, 953 MiB, 8188 MiB, 36, 30.21 W
2026/09/23 04:10:53.269, NVIDIA GeForce RTX 4060 Ti, 15 %, 957 MiB, 8188 MiB, 35, 14.43 W
2026/09/23 04:10:54.275, NVIDIA GeForce RTX 4060 Ti, 18 %, 957 MiB, 8188 MiB, 35, 12.44 W
2026/09/23 04:10:55.281, NVIDIA GeForce RTX 4060 Ti, 19 %, 952 MiB, 8188 MiB, 35, 11.54 W
2026/09/23 04:10:56.288, NVIDIA GeForce RTX 4060 Ti, 26 %, 952 MiB, 8188 MiB, 35, 8.57 W
2026/09/23 04:10:57.296, NVIDIA GeForce RTX 4060 Ti, 28 %, 957 MiB, 8188 MiB, 35, 8.62 W
2026/09/23 04:10:58.301, NVIDIA GeForce RTX 4060 Ti, 1 %, 957 MiB, 8188 MiB, 35, 8.55 W
2026/09/23 04:10:59.308, NVIDIA GeForce RTX 4060 Ti, 22 %, 952 MiB, 8188 MiB, 35, 7.70 W
2026/09/23 04:11:00.316, NVIDIA GeForce RTX 4060 Ti, 3 %, 952 MiB, 8188 MiB, 35, 7.41 W
2026/09/23 04:11:01.323, NVIDIA GeForce RTX 4060 Ti, 4 %, 957 MiB, 8188 MiB, 35, 6.60 W
2026/09/23 04:11:02.333, NVIDIA GeForce RTX 4060 Ti, 3 %, 957 MiB, 8188 MiB, 35, 7.18 W
2026/09/23 04:11:03.343, NVIDIA GeForce RTX 4060 Ti, 50 %, 958 MiB, 8188 MiB, 35, 7.62 W
2026/09/23 04:11:04.348, NVIDIA GeForce RTX 4060 Ti, 36 %, 958 MiB, 8188 MiB, 35, 8.92 W
2026/09/23 04:11:05.354, NVIDIA GeForce RTX 4060 Ti, 36 %, 962 MiB, 8188 MiB, 35, 9.04 W
2026/09/23 04:11:06.360, NVIDIA GeForce RTX 4060 Ti, 34 %, 962 MiB, 8188 MiB, 35, 9.03 W
2026/09/23 04:11:07.370, NVIDIA GeForce RTX 4060 Ti, 36 %, 958 MiB, 8188 MiB, 35, 9.04 W
2026/09/23 04:11:08.379, NVIDIA GeForce RTX 4060 Ti, 31 %, 958 MiB, 8188 MiB, 35, 8.98 W
2026/09/23 04:11:09.387, NVIDIA GeForce RTX 4060 Ti, 39 %, 962 MiB, 8188 MiB, 35, 8.94 W
2026/09/23 04:11:10.395, NVIDIA GeForce RTX 4060 Ti, 39 %, 962 MiB, 8188 MiB, 35, 9.00 W
2026/09/23 04:11:11.403, NVIDIA GeForce RTX 4060 Ti, 39 %, 958 MiB, 8188 MiB, 35, 8.86 W
2026/09/23 04:11:12.409, NVIDIA GeForce RTX 4060 Ti, 42 %, 963 MiB, 8188 MiB, 35, 9.02 W
2026/09/23 04:11:13.417, NVIDIA GeForce RTX 4060 Ti, 31 %, 963 MiB, 8188 MiB, 35, 8.99 W
2026/09/23 04:11:14.422, NVIDIA GeForce RTX 4060 Ti, 35 %, 963 MiB, 8188 MiB, 35, 8.96 W
2026/09/23 04:11:15.430, NVIDIA GeForce RTX 4060 Ti, 35 %, 959 MiB, 8188 MiB, 35, 8.96 W
2026/09/23 04:11:16.437, NVIDIA GeForce RTX 4060 Ti, 36 %, 963 MiB, 8188 MiB, 35, 8.87 W
2026/09/23 04:11:17.447, NVIDIA GeForce RTX 4060 Ti, 36 %, 963 MiB, 8188 MiB, 35, 9.01 W
2026/09/23 04:11:18.454, NVIDIA GeForce RTX 4060 Ti, 7 %, 963 MiB, 8188 MiB, 36, 21.61 W
2026/09/23 04:11:19.460, NVIDIA GeForce RTX 4060 Ti, 10 %, 963 MiB, 8188 MiB, 37, 32.28 W
2026/09/23 04:11:20.465, NVIDIA GeForce RTX 4060 Ti, 11 %, 959 MiB, 8188 MiB, 37, 32.56 W
2026/09/23 04:11:21.471, NVIDIA GeForce RTX 4060 Ti, 18 %, 963 MiB, 8188 MiB, 37, 29.83 W
2026/09/23 04:11:22.477, NVIDIA GeForce RTX 4060 Ti, 21 %, 963 MiB, 8188 MiB, 35, 13.98 W
2026/09/23 04:11:23.482, NVIDIA GeForce RTX 4060 Ti, 22 %, 959 MiB, 8188 MiB, 35, 13.42 W
2026/09/23 04:11:24.490, NVIDIA GeForce RTX 4060 Ti, 25 %, 959 MiB, 8188 MiB, 35, 13.29 W
2026/09/23 04:11:25.498, NVIDIA GeForce RTX 4060 Ti, 27 %, 963 MiB, 8188 MiB, 35, 13.08 W
2026/09/23 04:11:26.506, NVIDIA GeForce RTX 4060 Ti, 24 %, 963 MiB, 8188 MiB, 35, 12.80 W
2026/09/23 04:11:27.514, NVIDIA GeForce RTX 4060 Ti, 2 %, 959 MiB, 8188 MiB, 35, 9.27 W
2026/09/23 04:11:28.530, NVIDIA GeForce RTX 4060 Ti, 30 %, 959 MiB, 8188 MiB, 35, 7.60 W
2026/09/23 04:11:29.535, NVIDIA GeForce RTX 4060 Ti, 4 %, 963 MiB, 8188 MiB, 35, 6.86 W
2026/09/23 04:11:30.541, NVIDIA GeForce RTX 4060 Ti, 11 %, 963 MiB, 8188 MiB, 35, 6.99 W
2026/09/23 04:11:31.547, NVIDIA GeForce RTX 4060 Ti, 4 %, 959 MiB, 8188 MiB, 35, 6.99 W
2026/09/23 04:11:32.553, NVIDIA GeForce RTX 4060 Ti, 9 %, 960 MiB, 8188 MiB, 36, 25.93 W
2026/09/23 04:11:33.558, NVIDIA GeForce RTX 4060 Ti, 9 %, 965 MiB, 8188 MiB, 37, 32.29 W
2026/09/23 04:11:34.563, NVIDIA GeForce RTX 4060 Ti, 10 %, 965 MiB, 8188 MiB, 37, 32.32 W
2026/09/23 04:11:35.568, NVIDIA GeForce RTX 4060 Ti, 15 %, 960 MiB, 8188 MiB, 37, 28.04 W
2026/09/23 04:11:36.575, NVIDIA GeForce RTX 4060 Ti, 21 %, 960 MiB, 8188 MiB, 35, 13.56 W
2026/09/23 04:11:37.582, NVIDIA GeForce RTX 4060 Ti, 17 %, 964 MiB, 8188 MiB, 35, 13.12 W
2026/09/23 04:11:38.593, NVIDIA GeForce RTX 4060 Ti, 25 %, 964 MiB, 8188 MiB, 35, 13.08 W
2026/09/23 04:11:39.597, NVIDIA GeForce RTX 4060 Ti, 27 %, 960 MiB, 8188 MiB, 35, 12.93 W
2026/09/23 04:11:40.603, NVIDIA GeForce RTX 4060 Ti, 30 %, 960 MiB, 8188 MiB, 35, 12.74 W
2026/09/23 04:11:41.612, NVIDIA GeForce RTX 4060 Ti, 33 %, 964 MiB, 8188 MiB, 35, 11.03 W
2026/09/23 04:11:42.625, NVIDIA GeForce RTX 4060 Ti, 31 %, 964 MiB, 8188 MiB, 35, 12.40 W
2026/09/23 04:11:43.633, NVIDIA GeForce RTX 4060 Ti, 37 %, 965 MiB, 8188 MiB, 35, 9.89 W
2026/09/23 04:11:44.638, NVIDIA GeForce RTX 4060 Ti, 39 %, 964 MiB, 8188 MiB, 35, 8.81 W
2026/09/23 04:11:45.651, NVIDIA GeForce RTX 4060 Ti, 35 %, 965 MiB, 8188 MiB, 35, 8.91 W
2026/09/23 04:11:46.663, NVIDIA GeForce RTX 4060 Ti, 20 %, 965 MiB, 8188 MiB, 35, 11.44 W
2026/09/23 04:11:47.684, NVIDIA GeForce RTX 4060 Ti, 10 %, 965 MiB, 8188 MiB, 37, 31.97 W
2026/09/23 04:11:48.696, NVIDIA GeForce RTX 4060 Ti, 9 %, 959 MiB, 8188 MiB, 37, 32.02 W
2026/09/23 04:11:49.702, NVIDIA GeForce RTX 4060 Ti, 9 %, 964 MiB, 8188 MiB, 37, 32.12 W
2026/09/23 04:11:50.707, NVIDIA GeForce RTX 4060 Ti, 17 %, 964 MiB, 8188 MiB, 37, 26.47 W
2026/09/23 04:11:51.720, NVIDIA GeForce RTX 4060 Ti, 19 %, 960 MiB, 8188 MiB, 36, 13.54 W
2026/09/23 04:11:52.726, NVIDIA GeForce RTX 4060 Ti, 3 %, 960 MiB, 8188 MiB, 35, 11.31 W
2026/09/23 04:11:53.732, NVIDIA GeForce RTX 4060 Ti, 4 %, 964 MiB, 8188 MiB, 35, 10.05 W
2026/09/23 04:11:54.738, NVIDIA GeForce RTX 4060 Ti, 2 %, 964 MiB, 8188 MiB, 35, 9.78 W
2026/09/23 04:11:55.745, NVIDIA GeForce RTX 4060 Ti, 3 %, 959 MiB, 8188 MiB, 35, 8.39 W
2026/09/23 04:11:56.752, NVIDIA GeForce RTX 4060 Ti, 4 %, 959 MiB, 8188 MiB, 35, 7.01 W
2026/09/23 04:11:57.759, NVIDIA GeForce RTX 4060 Ti, 42 %, 965 MiB, 8188 MiB, 35, 10.30 W
2026/09/23 04:11:58.770, NVIDIA GeForce RTX 4060 Ti, 9 %, 965 MiB, 8188 MiB, 37, 32.04 W
2026/09/23 04:11:59.785, NVIDIA GeForce RTX 4060 Ti, 7 %, 961 MiB, 8188 MiB, 37, 31.43 W
2026/09/23 04:12:00.791, NVIDIA GeForce RTX 4060 Ti, 7 %, 961 MiB, 8188 MiB, 37, 31.44 W
2026/09/23 04:12:01.798, NVIDIA GeForce RTX 4060 Ti, 15 %, 965 MiB, 8188 MiB, 36, 24.18 W
2026/09/23 04:12:02.803, NVIDIA GeForce RTX 4060 Ti, 19 %, 965 MiB, 8188 MiB, 35, 13.05 W
2026/09/23 04:12:03.809, NVIDIA GeForce RTX 4060 Ti, 24 %, 961 MiB, 8188 MiB, 35, 12.78 W
2026/09/23 04:12:04.826, NVIDIA GeForce RTX 4060 Ti, 30 %, 961 MiB, 8188 MiB, 35, 12.70 W
2026/09/23 04:12:05.831, NVIDIA GeForce RTX 4060 Ti, 38 %, 965 MiB, 8188 MiB, 35, 12.11 W
2026/09/23 04:12:06.837, NVIDIA GeForce RTX 4060 Ti, 32 %, 965 MiB, 8188 MiB, 35, 9.10 W
2026/09/23 04:12:07.842, NVIDIA GeForce RTX 4060 Ti, 30 %, 961 MiB, 8188 MiB, 35, 9.03 W
2026/09/23 04:12:08.847, NVIDIA GeForce RTX 4060 Ti, 33 %, 961 MiB, 8188 MiB, 35, 8.86 W
2026/09/23 04:12:09.854, NVIDIA GeForce RTX 4060 Ti, 37 %, 965 MiB, 8188 MiB, 35, 8.94 W
2026/09/23 04:12:10.861, NVIDIA GeForce RTX 4060 Ti, 38 %, 961 MiB, 8188 MiB, 35, 8.91 W
2026/09/23 04:12:11.867, NVIDIA GeForce RTX 4060 Ti, 40 %, 966 MiB, 8188 MiB, 35, 8.90 W
2026/09/23 04:12:12.873, NVIDIA GeForce RTX 4060 Ti, 29 %, 966 MiB, 8188 MiB, 35, 8.84 W
2026/09/23 04:12:13.878, NVIDIA GeForce RTX 4060 Ti, 35 %, 966 MiB, 8188 MiB, 35, 8.91 W
2026/09/23 04:12:14.887, NVIDIA GeForce RTX 4060 Ti, 33 %, 966 MiB, 8188 MiB, 35, 8.86 W
2026/09/23 04:12:15.894, NVIDIA GeForce RTX 4060 Ti, 31 %, 967 MiB, 8188 MiB, 35, 9.01 W
2026/09/23 04:12:16.900, NVIDIA GeForce RTX 4060 Ti, 30 %, 967 MiB, 8188 MiB, 35, 8.99 W
2026/09/23 04:12:17.910, NVIDIA GeForce RTX 4060 Ti, 8 %, 967 MiB, 8188 MiB, 37, 28.43 W
2026/09/23 04:12:18.917, NVIDIA GeForce RTX 4060 Ti, 9 %, 967 MiB, 8188 MiB, 37, 31.89 W
2026/09/23 04:12:19.924, NVIDIA GeForce RTX 4060 Ti, 6 %, 962 MiB, 8188 MiB, 37, 31.39 W
2026/09/23 04:12:20.931, NVIDIA GeForce RTX 4060 Ti, 0 %, 966 MiB, 8188 MiB, 35, 19.08 W
2026/09/23 04:12:21.949, NVIDIA GeForce RTX 4060 Ti, 2 %, 966 MiB, 8188 MiB, 35, 10.51 W
2026/09/23 04:12:22.956, NVIDIA GeForce RTX 4060 Ti, 7 %, 962 MiB, 8188 MiB, 35, 7.78 W
2026/09/23 04:12:23.962, NVIDIA GeForce RTX 4060 Ti, 15 %, 962 MiB, 8188 MiB, 35, 7.09 W
2026/09/23 04:12:24.969, NVIDIA GeForce RTX 4060 Ti, 55 %, 968 MiB, 8188 MiB, 35, 7.49 W
2026/09/23 04:12:25.976, NVIDIA GeForce RTX 4060 Ti, 29 %, 968 MiB, 8188 MiB, 35, 8.91 W
2026/09/23 04:12:26.982, NVIDIA GeForce RTX 4060 Ti, 32 %, 964 MiB, 8188 MiB, 35, 8.78 W
2026/09/23 04:12:27.988, NVIDIA GeForce RTX 4060 Ti, 34 %, 964 MiB, 8188 MiB, 35, 8.73 W
2026/09/23 04:12:28.995, NVIDIA GeForce RTX 4060 Ti, 36 %, 968 MiB, 8188 MiB, 35, 8.64 W
2026/09/23 04:12:30.001, NVIDIA GeForce RTX 4060 Ti, 7 %, 968 MiB, 8188 MiB, 36, 20.66 W
2026/09/23 04:12:31.013, NVIDIA GeForce RTX 4060 Ti, 7 %, 964 MiB, 8188 MiB, 37, 31.32 W
2026/09/23 04:12:32.020, NVIDIA GeForce RTX 4060 Ti, 6 %, 964 MiB, 8188 MiB, 37, 31.12 W
2026/09/23 04:12:33.026, NVIDIA GeForce RTX 4060 Ti, 7 %, 968 MiB, 8188 MiB, 37, 31.25 W
2026/09/23 04:12:34.032, NVIDIA GeForce RTX 4060 Ti, 15 %, 968 MiB, 8188 MiB, 36, 19.22 W
2026/09/23 04:12:35.040, NVIDIA GeForce RTX 4060 Ti, 23 %, 964 MiB, 8188 MiB, 35, 12.81 W
2026/09/23 04:12:36.046, NVIDIA GeForce RTX 4060 Ti, 23 %, 964 MiB, 8188 MiB, 35, 12.57 W
2026/09/23 04:12:37.052, NVIDIA GeForce RTX 4060 Ti, 30 %, 968 MiB, 8188 MiB, 35, 11.79 W
2026/09/23 04:12:38.058, NVIDIA GeForce RTX 4060 Ti, 33 %, 968 MiB, 8188 MiB, 35, 8.95 W
2026/09/23 04:12:39.066, NVIDIA GeForce RTX 4060 Ti, 33 %, 964 MiB, 8188 MiB, 35, 8.77 W
2026/09/23 04:12:40.073, NVIDIA GeForce RTX 4060 Ti, 33 %, 964 MiB, 8188 MiB, 35, 8.81 W
2026/09/23 04:12:41.078, NVIDIA GeForce RTX 4060 Ti, 39 %, 968 MiB, 8188 MiB, 35, 8.78 W
2026/09/23 04:12:42.084, NVIDIA GeForce RTX 4060 Ti, 36 %, 968 MiB, 8188 MiB, 35, 8.80 W
2026/09/23 04:12:43.092, NVIDIA GeForce RTX 4060 Ti, 33 %, 964 MiB, 8188 MiB, 35, 8.73 W
2026/09/23 04:12:44.099, NVIDIA GeForce RTX 4060 Ti, 34 %, 964 MiB, 8188 MiB, 35, 8.77 W
2026/09/23 04:12:45.104, NVIDIA GeForce RTX 4060 Ti, 40 %, 968 MiB, 8188 MiB, 35, 8.89 W
2026/09/23 04:12:46.110, NVIDIA GeForce RTX 4060 Ti, 39 %, 968 MiB, 8188 MiB, 35, 8.89 W
2026/09/23 04:12:47.117, NVIDIA GeForce RTX 4060 Ti, 34 %, 964 MiB, 8188 MiB, 35, 8.89 W
2026/09/23 04:12:48.125, NVIDIA GeForce RTX 4060 Ti, 31 %, 964 MiB, 8188 MiB, 35, 8.76 W
2026/09/23 04:12:49.130, NVIDIA GeForce RTX 4060 Ti, 34 %, 968 MiB, 8188 MiB, 35, 8.75 W
2026/09/23 04:12:50.136, NVIDIA GeForce RTX 4060 Ti, 37 %, 968 MiB, 8188 MiB, 35, 8.76 W
2026/09/23 04:12:51.141, NVIDIA GeForce RTX 4060 Ti, 32 %, 969 MiB, 8188 MiB, 35, 8.76 W
2026/09/23 04:12:52.147, NVIDIA GeForce RTX 4060 Ti, 37 %, 963 MiB, 8188 MiB, 35, 8.80 W
2026/09/23 04:12:53.171, NVIDIA GeForce RTX 4060 Ti, 37 %, 968 MiB, 8188 MiB, 35, 8.76 W
2026/09/23 04:12:54.179, NVIDIA GeForce RTX 4060 Ti, 34 %, 968 MiB, 8188 MiB, 35, 8.76 W
2026/09/23 04:12:55.183, NVIDIA GeForce RTX 4060 Ti, 37 %, 964 MiB, 8188 MiB, 35, 8.67 W
2026/09/23 04:12:56.188, NVIDIA GeForce RTX 4060 Ti, 29 %, 964 MiB, 8188 MiB, 35, 8.66 W
2026/09/23 04:12:57.193, NVIDIA GeForce RTX 4060 Ti, 0 %, 968 MiB, 8188 MiB, 36, 21.33 W
2026/09/23 04:12:58.206, NVIDIA GeForce RTX 4060 Ti, 0 %, 968 MiB, 8188 MiB, 36, 28.96 W
2026/09/23 04:12:59.212, NVIDIA GeForce RTX 4060 Ti, 1 %, 963 MiB, 8188 MiB, 36, 28.27 W
2026/09/23 04:13:00.221, NVIDIA GeForce RTX 4060 Ti, 3 %, 963 MiB, 8188 MiB, 36, 28.76 W
2026/09/23 04:13:01.228, NVIDIA GeForce RTX 4060 Ti, 18 %, 967 MiB, 8188 MiB, 35, 14.92 W
2026/09/23 04:13:02.233, NVIDIA GeForce RTX 4060 Ti, 23 %, 967 MiB, 8188 MiB, 35, 12.56 W
2026/09/23 04:13:03.241, NVIDIA GeForce RTX 4060 Ti, 30 %, 968 MiB, 8188 MiB, 35, 9.92 W
2026/09/23 04:13:04.246, NVIDIA GeForce RTX 4060 Ti, 33 %, 968 MiB, 8188 MiB, 35, 8.86 W
2026/09/23 04:13:05.251, NVIDIA GeForce RTX 4060 Ti, 33 %, 969 MiB, 8188 MiB, 35, 8.87 W
2026/09/23 04:13:06.257, NVIDIA GeForce RTX 4060 Ti, 35 %, 969 MiB, 8188 MiB, 35, 8.81 W
2026/09/23 04:13:07.262, NVIDIA GeForce RTX 4060 Ti, 34 %, 964 MiB, 8188 MiB, 35, 8.72 W
2026/09/23 04:13:08.267, NVIDIA GeForce RTX 4060 Ti, 34 %, 964 MiB, 8188 MiB, 35, 8.65 W
2026/09/23 04:13:09.273, NVIDIA GeForce RTX 4060 Ti, 34 %, 968 MiB, 8188 MiB, 35, 8.72 W
2026/09/23 04:13:10.292, NVIDIA GeForce RTX 4060 Ti, 38 %, 968 MiB, 8188 MiB, 35, 8.77 W
2026/09/23 04:13:11.297, NVIDIA GeForce RTX 4060 Ti, 38 %, 964 MiB, 8188 MiB, 35, 8.63 W
2026/09/23 04:13:12.301, NVIDIA GeForce RTX 4060 Ti, 37 %, 964 MiB, 8188 MiB, 35, 8.65 W
2026/09/23 04:13:13.306, NVIDIA GeForce RTX 4060 Ti, 40 %, 968 MiB, 8188 MiB, 35, 8.73 W
2026/09/23 04:13:14.314, NVIDIA GeForce RTX 4060 Ti, 37 %, 968 MiB, 8188 MiB, 35, 8.70 W
2026/09/23 04:13:15.319, NVIDIA GeForce RTX 4060 Ti, 38 %, 964 MiB, 8188 MiB, 35, 8.59 W
2026/09/23 04:13:16.326, NVIDIA GeForce RTX 4060 Ti, 39 %, 964 MiB, 8188 MiB, 35, 8.66 W
2026/09/23 04:13:17.345, NVIDIA GeForce RTX 4060 Ti, 39 %, 973 MiB, 8188 MiB, 35, 8.73 W
2026/09/23 04:13:18.353, NVIDIA GeForce RTX 4060 Ti, 39 %, 973 MiB, 8188 MiB, 35, 8.92 W
2026/09/23 04:13:19.374, NVIDIA GeForce RTX 4060 Ti, 40 %, 969 MiB, 8188 MiB, 35, 8.92 W
2026/09/23 04:13:20.380, NVIDIA GeForce RTX 4060 Ti, 37 %, 974 MiB, 8188 MiB, 35, 8.88 W
2026/09/23 04:13:21.387, NVIDIA GeForce RTX 4060 Ti, 39 %, 974 MiB, 8188 MiB, 35, 8.89 W
2026/09/23 04:13:22.396, NVIDIA GeForce RTX 4060 Ti, 36 %, 974 MiB, 8188 MiB, 35, 9.00 W
2026/09/23 04:13:23.402, NVIDIA GeForce RTX 4060 Ti, 28 %, 974 MiB, 8188 MiB, 35, 8.89 W
2026/09/23 04:13:24.408, NVIDIA GeForce RTX 4060 Ti, 38 %, 968 MiB, 8188 MiB, 35, 8.89 W
2026/09/23 04:13:25.414, NVIDIA GeForce RTX 4060 Ti, 35 %, 971 MiB, 8188 MiB, 35, 8.92 W
2026/09/23 04:13:26.422, NVIDIA GeForce RTX 4060 Ti, 36 %, 971 MiB, 8188 MiB, 35, 8.90 W
2026/09/23 04:13:27.430, NVIDIA GeForce RTX 4060 Ti, 37 %, 966 MiB, 8188 MiB, 35, 8.82 W
2026/09/23 04:13:28.437, NVIDIA GeForce RTX 4060 Ti, 40 %, 966 MiB, 8188 MiB, 35, 8.80 W
2026/09/23 04:13:29.443, NVIDIA GeForce RTX 4060 Ti, 40 %, 971 MiB, 8188 MiB, 35, 8.93 W
2026/09/23 04:13:30.449, NVIDIA GeForce RTX 4060 Ti, 35 %, 969 MiB, 8188 MiB, 35, 8.93 W
2026/09/23 04:13:31.454, NVIDIA GeForce RTX 4060 Ti, 33 %, 965 MiB, 8188 MiB, 35, 8.84 W
2026/09/23 04:13:32.462, NVIDIA GeForce RTX 4060 Ti, 2 %, 965 MiB, 8188 MiB, 35, 8.37 W
2026/09/23 04:13:33.468, NVIDIA GeForce RTX 4060 Ti, 35 %, 969 MiB, 8188 MiB, 35, 7.51 W
2026/09/23 04:13:34.479, NVIDIA GeForce RTX 4060 Ti, 4 %, 969 MiB, 8188 MiB, 35, 7.04 W
2026/09/23 04:13:35.487, NVIDIA GeForce RTX 4060 Ti, 21 %, 965 MiB, 8188 MiB, 35, 6.70 W
2026/09/23 04:13:36.503, NVIDIA GeForce RTX 4060 Ti, 14 %, 965 MiB, 8188 MiB, 35, 6.97 W
2026/09/23 04:13:37.514, NVIDIA GeForce RTX 4060 Ti, 5 %, 970 MiB, 8188 MiB, 36, 21.30 W
2026/09/23 04:13:38.521, NVIDIA GeForce RTX 4060 Ti, 0 %, 970 MiB, 8188 MiB, 36, 28.54 W
2026/09/23 04:13:39.533, NVIDIA GeForce RTX 4060 Ti, 0 %, 969 MiB, 8188 MiB, 36, 28.62 W
2026/09/23 04:13:40.539, NVIDIA GeForce RTX 4060 Ti, 5 %, 963 MiB, 8188 MiB, 36, 25.19 W
2026/09/23 04:13:41.545, NVIDIA GeForce RTX 4060 Ti, 11 %, 967 MiB, 8188 MiB, 35, 11.37 W
2026/09/23 04:13:42.550, NVIDIA GeForce RTX 4060 Ti, 34 %, 967 MiB, 8188 MiB, 35, 8.20 W
2026/09/23 04:13:43.556, NVIDIA GeForce RTX 4060 Ti, 30 %, 963 MiB, 8188 MiB, 35, 8.72 W
2026/09/23 04:13:44.561, NVIDIA GeForce RTX 4060 Ti, 30 %, 963 MiB, 8188 MiB, 35, 8.75 W
2026/09/23 04:13:45.566, NVIDIA GeForce RTX 4060 Ti, 35 %, 967 MiB, 8188 MiB, 35, 8.89 W
2026/09/23 04:13:46.571, NVIDIA GeForce RTX 4060 Ti, 36 %, 967 MiB, 8188 MiB, 35, 8.82 W
2026/09/23 04:13:47.576, NVIDIA GeForce RTX 4060 Ti, 37 %, 963 MiB, 8188 MiB, 35, 8.76 W
2026/09/23 04:13:48.586, NVIDIA GeForce RTX 4060 Ti, 39 %, 963 MiB, 8188 MiB, 35, 8.83 W
2026/09/23 04:13:49.592, NVIDIA GeForce RTX 4060 Ti, 39 %, 967 MiB, 8188 MiB, 35, 8.82 W
2026/09/23 04:13:50.597, NVIDIA GeForce RTX 4060 Ti, 37 %, 967 MiB, 8188 MiB, 35, 8.78 W
2026/09/23 04:13:51.603, NVIDIA GeForce RTX 4060 Ti, 46 %, 963 MiB, 8188 MiB, 35, 8.71 W
2026/09/23 04:13:52.609, NVIDIA GeForce RTX 4060 Ti, 32 %, 963 MiB, 8188 MiB, 35, 10.73 W
2026/09/23 04:13:53.615, NVIDIA GeForce RTX 4060 Ti, 29 %, 967 MiB, 8188 MiB, 35, 12.35 W
2026/09/23 04:13:54.620, NVIDIA GeForce RTX 4060 Ti, 34 %, 969 MiB, 8188 MiB, 35, 9.89 W
2026/09/23 04:13:55.626, NVIDIA GeForce RTX 4060 Ti, 36 %, 963 MiB, 8188 MiB, 35, 8.92 W
2026/09/23 04:13:56.630, NVIDIA GeForce RTX 4060 Ti, 37 %, 963 MiB, 8188 MiB, 35, 8.79 W
2026/09/23 04:13:57.635, NVIDIA GeForce RTX 4060 Ti, 40 %, 968 MiB, 8188 MiB, 35, 8.81 W
2026/09/23 04:13:58.640, NVIDIA GeForce RTX 4060 Ti, 39 %, 968 MiB, 8188 MiB, 35, 8.75 W
2026/09/23 04:13:59.646, NVIDIA GeForce RTX 4060 Ti, 35 %, 963 MiB, 8188 MiB, 35, 8.76 W
2026/09/23 04:14:00.651, NVIDIA GeForce RTX 4060 Ti, 37 %, 963 MiB, 8188 MiB, 35, 8.67 W
2026/09/23 04:14:01.657, NVIDIA GeForce RTX 4060 Ti, 39 %, 967 MiB, 8188 MiB, 35, 8.79 W
2026/09/23 04:14:02.663, NVIDIA GeForce RTX 4060 Ti, 42 %, 967 MiB, 8188 MiB, 35, 8.83 W
2026/09/23 04:14:03.668, NVIDIA GeForce RTX 4060 Ti, 33 %, 963 MiB, 8188 MiB, 35, 11.25 W
2026/09/23 04:14:04.673, NVIDIA GeForce RTX 4060 Ti, 0 %, 963 MiB, 8188 MiB, 35, 11.83 W
2026/09/23 04:14:05.679, NVIDIA GeForce RTX 4060 Ti, 46 %, 967 MiB, 8188 MiB, 35, 8.05 W
2026/09/23 04:14:06.684, NVIDIA GeForce RTX 4060 Ti, 3 %, 967 MiB, 8188 MiB, 35, 6.90 W
2026/09/23 04:14:07.691, NVIDIA GeForce RTX 4060 Ti, 31 %, 963 MiB, 8188 MiB, 35, 6.85 W
2026/09/23 04:14:08.701, NVIDIA GeForce RTX 4060 Ti, 14 %, 963 MiB, 8188 MiB, 35, 7.27 W
2026/09/23 04:14:09.707, NVIDIA GeForce RTX 4060 Ti, 46 %, 967 MiB, 8188 MiB, 35, 7.95 W
2026/09/23 04:14:10.718, NVIDIA GeForce RTX 4060 Ti, 34 %, 967 MiB, 8188 MiB, 35, 9.89 W
2026/09/23 04:14:11.725, NVIDIA GeForce RTX 4060 Ti, 27 %, 967 MiB, 8188 MiB, 35, 12.48 W
2026/09/23 04:14:12.731, NVIDIA GeForce RTX 4060 Ti, 39 %, 968 MiB, 8188 MiB, 35, 10.95 W
2026/09/23 04:14:13.738, NVIDIA GeForce RTX 4060 Ti, 35 %, 968 MiB, 8188 MiB, 35, 8.95 W
2026/09/23 04:14:14.743, NVIDIA GeForce RTX 4060 Ti, 41 %, 968 MiB, 8188 MiB, 35, 9.01 W
2026/09/23 04:14:15.753, NVIDIA GeForce RTX 4060 Ti, 38 %, 964 MiB, 8188 MiB, 35, 11.97 W
2026/09/23 04:14:16.758, NVIDIA GeForce RTX 4060 Ti, 35 %, 964 MiB, 8188 MiB, 35, 12.35 W
2026/09/23 04:14:17.770, NVIDIA GeForce RTX 4060 Ti, 35 %, 968 MiB, 8188 MiB, 35, 11.64 W
2026/09/23 04:14:18.779, NVIDIA GeForce RTX 4060 Ti, 37 %, 968 MiB, 8188 MiB, 35, 12.63 W
2026/09/23 04:14:19.786, NVIDIA GeForce RTX 4060 Ti, 33 %, 964 MiB, 8188 MiB, 35, 11.94 W
2026/09/23 04:14:20.794, NVIDIA GeForce RTX 4060 Ti, 28 %, 964 MiB, 8188 MiB, 35, 12.39 W
2026/09/23 04:14:21.805, NVIDIA GeForce RTX 4060 Ti, 33 %, 968 MiB, 8188 MiB, 35, 9.24 W
2026/09/23 04:14:22.812, NVIDIA GeForce RTX 4060 Ti, 41 %, 969 MiB, 8188 MiB, 35, 8.81 W
2026/09/23 04:14:23.817, NVIDIA GeForce RTX 4060 Ti, 38 %, 969 MiB, 8188 MiB, 35, 8.75 W
2026/09/23 04:14:24.822, NVIDIA GeForce RTX 4060 Ti, 36 %, 964 MiB, 8188 MiB, 35, 8.84 W
2026/09/23 04:14:25.827, NVIDIA GeForce RTX 4060 Ti, 39 %, 969 MiB, 8188 MiB, 35, 8.97 W
2026/09/23 04:14:26.834, NVIDIA GeForce RTX 4060 Ti, 36 %, 969 MiB, 8188 MiB, 35, 9.04 W
2026/09/23 04:14:27.840, NVIDIA GeForce RTX 4060 Ti, 38 %, 969 MiB, 8188 MiB, 35, 8.94 W
2026/09/23 04:14:28.850, NVIDIA GeForce RTX 4060 Ti, 22 %, 969 MiB, 8188 MiB, 35, 10.75 W
2026/09/23 04:14:29.855, NVIDIA GeForce RTX 4060 Ti, 6 %, 969 MiB, 8188 MiB, 35, 10.94 W
2026/09/23 04:14:30.863, NVIDIA GeForce RTX 4060 Ti, 0 %, 969 MiB, 8188 MiB, 36, 18.97 W
2026/09/23 04:14:31.868, NVIDIA GeForce RTX 4060 Ti, 0 %, 965 MiB, 8188 MiB, 36, 28.46 W
2026/09/23 04:14:32.873, NVIDIA GeForce RTX 4060 Ti, 0 %, 969 MiB, 8188 MiB, 36, 28.58 W
2026/09/23 04:14:33.879, NVIDIA GeForce RTX 4060 Ti, 1 %, 969 MiB, 8188 MiB, 36, 29.01 W
2026/09/23 04:14:34.885, NVIDIA GeForce RTX 4060 Ti, 17 %, 965 MiB, 8188 MiB, 35, 21.96 W
2026/09/23 04:14:35.892, NVIDIA GeForce RTX 4060 Ti, 19 %, 965 MiB, 8188 MiB, 35, 13.11 W
2026/09/23 04:14:36.901, NVIDIA GeForce RTX 4060 Ti, 23 %, 969 MiB, 8188 MiB, 35, 12.70 W
2026/09/23 04:14:37.907, NVIDIA GeForce RTX 4060 Ti, 27 %, 969 MiB, 8188 MiB, 35, 12.66 W
2026/09/23 04:14:38.913, NVIDIA GeForce RTX 4060 Ti, 34 %, 965 MiB, 8188 MiB, 35, 12.65 W
2026/09/23 04:14:39.922, NVIDIA GeForce RTX 4060 Ti, 33 %, 965 MiB, 8188 MiB, 35, 11.82 W
2026/09/23 04:14:40.930, NVIDIA GeForce RTX 4060 Ti, 37 %, 969 MiB, 8188 MiB, 35, 8.93 W
2026/09/23 04:14:41.937, NVIDIA GeForce RTX 4060 Ti, 35 %, 969 MiB, 8188 MiB, 35, 9.01 W
2026/09/23 04:14:42.942, NVIDIA GeForce RTX 4060 Ti, 35 %, 970 MiB, 8188 MiB, 35, 8.93 W
2026/09/23 04:14:43.948, NVIDIA GeForce RTX 4060 Ti, 42 %, 968 MiB, 8188 MiB, 35, 9.18 W
2026/09/23 04:14:44.954, NVIDIA GeForce RTX 4060 Ti, 27 %, 968 MiB, 8188 MiB, 35, 12.55 W
2026/09/23 04:14:45.959, NVIDIA GeForce RTX 4060 Ti, 37 %, 968 MiB, 8188 MiB, 35, 11.29 W
2026/09/23 04:14:46.969, NVIDIA GeForce RTX 4060 Ti, 36 %, 964 MiB, 8188 MiB, 35, 8.94 W
2026/09/23 04:14:47.975, NVIDIA GeForce RTX 4060 Ti, 38 %, 964 MiB, 8188 MiB, 35, 8.87 W
2026/09/23 04:14:48.982, NVIDIA GeForce RTX 4060 Ti, 37 %, 968 MiB, 8188 MiB, 35, 8.87 W
2026/09/23 04:14:49.988, NVIDIA GeForce RTX 4060 Ti, 41 %, 968 MiB, 8188 MiB, 35, 8.93 W
2026/09/23 04:14:50.995, NVIDIA GeForce RTX 4060 Ti, 44 %, 964 MiB, 8188 MiB, 35, 8.87 W
2026/09/23 04:14:52.000, NVIDIA GeForce RTX 4060 Ti, 36 %, 964 MiB, 8188 MiB, 35, 10.35 W
2026/09/23 04:14:53.006, NVIDIA GeForce RTX 4060 Ti, 36 %, 968 MiB, 8188 MiB, 35, 12.63 W
2026/09/23 04:14:54.017, NVIDIA GeForce RTX 4060 Ti, 41 %, 968 MiB, 8188 MiB, 35, 10.80 W
2026/09/23 04:14:55.029, NVIDIA GeForce RTX 4060 Ti, 12 %, 964 MiB, 8188 MiB, 35, 11.31 W
2026/09/23 04:14:56.035, NVIDIA GeForce RTX 4060 Ti, 3 %, 964 MiB, 8188 MiB, 35, 9.73 W
2026/09/23 04:14:57.042, NVIDIA GeForce RTX 4060 Ti, 5 %, 968 MiB, 8188 MiB, 35, 6.56 W
2026/09/23 04:14:58.049, NVIDIA GeForce RTX 4060 Ti, 0 %, 968 MiB, 8188 MiB, 36, 21.13 W
2026/09/23 04:14:59.055, NVIDIA GeForce RTX 4060 Ti, 6 %, 968 MiB, 8188 MiB, 36, 29.33 W
2026/09/23 04:15:00.062, NVIDIA GeForce RTX 4060 Ti, 11 %, 969 MiB, 8188 MiB, 36, 32.25 W
2026/09/23 04:15:01.066, NVIDIA GeForce RTX 4060 Ti, 19 %, 969 MiB, 8188 MiB, 35, 19.28 W
2026/09/23 04:15:02.073, NVIDIA GeForce RTX 4060 Ti, 17 %, 969 MiB, 8188 MiB, 35, 13.10 W
2026/09/23 04:15:03.078, NVIDIA GeForce RTX 4060 Ti, 19 %, 965 MiB, 8188 MiB, 35, 12.61 W
2026/09/23 04:15:04.082, NVIDIA GeForce RTX 4060 Ti, 29 %, 965 MiB, 8188 MiB, 35, 12.51 W
2026/09/23 04:15:05.087, NVIDIA GeForce RTX 4060 Ti, 33 %, 969 MiB, 8188 MiB, 35, 12.50 W
2026/09/23 04:15:06.092, NVIDIA GeForce RTX 4060 Ti, 32 %, 968 MiB, 8188 MiB, 35, 12.22 W
2026/09/23 04:15:07.098, NVIDIA GeForce RTX 4060 Ti, 34 %, 964 MiB, 8188 MiB, 35, 11.80 W
2026/09/23 04:15:08.103, NVIDIA GeForce RTX 4060 Ti, 34 %, 964 MiB, 8188 MiB, 35, 12.11 W
2026/09/23 04:15:09.108, NVIDIA GeForce RTX 4060 Ti, 42 %, 968 MiB, 8188 MiB, 35, 9.08 W
2026/09/23 04:15:10.113, NVIDIA GeForce RTX 4060 Ti, 29 %, 968 MiB, 8188 MiB, 35, 12.39 W
2026/09/23 04:15:11.119, NVIDIA GeForce RTX 4060 Ti, 42 %, 964 MiB, 8188 MiB, 35, 11.47 W
2026/09/23 04:15:12.124, NVIDIA GeForce RTX 4060 Ti, 38 %, 964 MiB, 8188 MiB, 35, 8.80 W
2026/09/23 04:15:13.129, NVIDIA GeForce RTX 4060 Ti, 30 %, 968 MiB, 8188 MiB, 35, 11.71 W
2026/09/23 04:15:14.134, NVIDIA GeForce RTX 4060 Ti, 31 %, 968 MiB, 8188 MiB, 35, 12.26 W
2026/09/23 04:15:15.139, NVIDIA GeForce RTX 4060 Ti, 36 %, 964 MiB, 8188 MiB, 35, 8.85 W
2026/09/23 04:15:16.145, NVIDIA GeForce RTX 4060 Ti, 34 %, 964 MiB, 8188 MiB, 35, 8.84 W
2026/09/23 04:15:17.150, NVIDIA GeForce RTX 4060 Ti, 35 %, 968 MiB, 8188 MiB, 35, 8.89 W
2026/09/23 04:15:18.160, NVIDIA GeForce RTX 4060 Ti, 36 %, 968 MiB, 8188 MiB, 35, 8.82 W
2026/09/23 04:15:19.169, NVIDIA GeForce RTX 4060 Ti, 38 %, 964 MiB, 8188 MiB, 35, 8.77 W
2026/09/23 04:15:20.177, NVIDIA GeForce RTX 4060 Ti, 40 %, 964 MiB, 8188 MiB, 35, 8.84 W
2026/09/23 04:15:21.184, NVIDIA GeForce RTX 4060 Ti, 37 %, 968 MiB, 8188 MiB, 35, 8.81 W
2026/09/23 04:15:22.190, NVIDIA GeForce RTX 4060 Ti, 34 %, 968 MiB, 8188 MiB, 35, 8.79 W
2026/09/23 04:15:23.196, NVIDIA GeForce RTX 4060 Ti, 28 %, 964 MiB, 8188 MiB, 35, 8.00 W
2026/09/23 04:15:24.203, NVIDIA GeForce RTX 4060 Ti, 0 %, 964 MiB, 8188 MiB, 36, 25.42 W
2026/09/23 04:15:25.208, NVIDIA GeForce RTX 4060 Ti, 0 %, 968 MiB, 8188 MiB, 36, 28.41 W
2026/09/23 04:15:26.214, NVIDIA GeForce RTX 4060 Ti, 0 %, 968 MiB, 8188 MiB, 36, 28.66 W
2026/09/23 04:15:27.231, NVIDIA GeForce RTX 4060 Ti, 24 %, 964 MiB, 8188 MiB, 35, 15.41 W
2026/09/23 04:15:28.237, NVIDIA GeForce RTX 4060 Ti, 32 %, 964 MiB, 8188 MiB, 35, 12.43 W
2026/09/23 04:15:29.242, NVIDIA GeForce RTX 4060 Ti, 37 %, 969 MiB, 8188 MiB, 35, 10.82 W
2026/09/23 04:15:30.248, NVIDIA GeForce RTX 4060 Ti, 36 %, 969 MiB, 8188 MiB, 35, 8.82 W
2026/09/23 04:15:31.254, NVIDIA GeForce RTX 4060 Ti, 43 %, 969 MiB, 8188 MiB, 35, 8.82 W
2026/09/23 04:15:32.259, NVIDIA GeForce RTX 4060 Ti, 37 %, 964 MiB, 8188 MiB, 35, 8.81 W
2026/09/23 04:15:33.265, NVIDIA GeForce RTX 4060 Ti, 35 %, 968 MiB, 8188 MiB, 35, 8.81 W
2026/09/23 04:15:34.272, NVIDIA GeForce RTX 4060 Ti, 32 %, 968 MiB, 8188 MiB, 35, 8.93 W
2026/09/23 04:15:35.277, NVIDIA GeForce RTX 4060 Ti, 40 %, 964 MiB, 8188 MiB, 35, 8.84 W
2026/09/23 04:15:36.284, NVIDIA GeForce RTX 4060 Ti, 37 %, 964 MiB, 8188 MiB, 35, 8.81 W
2026/09/23 04:15:37.293, NVIDIA GeForce RTX 4060 Ti, 34 %, 968 MiB, 8188 MiB, 35, 9.73 W
2026/09/23 04:15:38.298, NVIDIA GeForce RTX 4060 Ti, 32 %, 968 MiB, 8188 MiB, 35, 12.42 W
2026/09/23 04:15:39.304, NVIDIA GeForce RTX 4060 Ti, 39 %, 964 MiB, 8188 MiB, 35, 10.84 W
2026/09/23 04:15:40.310, NVIDIA GeForce RTX 4060 Ti, 41 %, 964 MiB, 8188 MiB, 35, 8.80 W
2026/09/23 04:15:41.315, NVIDIA GeForce RTX 4060 Ti, 35 %, 968 MiB, 8188 MiB, 35, 8.83 W
2026/09/23 04:15:42.320, NVIDIA GeForce RTX 4060 Ti, 35 %, 968 MiB, 8188 MiB, 35, 8.86 W
2026/09/23 04:15:43.326, NVIDIA GeForce RTX 4060 Ti, 36 %, 964 MiB, 8188 MiB, 35, 8.88 W
2026/09/23 04:15:44.336, NVIDIA GeForce RTX 4060 Ti, 40 %, 969 MiB, 8188 MiB, 35, 8.87 W
2026/09/23 04:15:45.344, NVIDIA GeForce RTX 4060 Ti, 37 %, 969 MiB, 8188 MiB, 35, 8.84 W
2026/09/23 04:15:46.352, NVIDIA GeForce RTX 4060 Ti, 38 %, 969 MiB, 8188 MiB, 35, 8.88 W
2026/09/23 04:15:47.358, NVIDIA GeForce RTX 4060 Ti, 37 %, 969 MiB, 8188 MiB, 35, 8.87 W
2026/09/23 04:15:48.364, NVIDIA GeForce RTX 4060 Ti, 38 %, 965 MiB, 8188 MiB, 35, 8.91 W
2026/09/23 04:15:49.369, NVIDIA GeForce RTX 4060 Ti, 40 %, 969 MiB, 8188 MiB, 35, 8.87 W
2026/09/23 04:15:50.375, NVIDIA GeForce RTX 4060 Ti, 1 %, 969 MiB, 8188 MiB, 35, 8.62 W
2026/09/23 04:15:51.385, NVIDIA GeForce RTX 4060 Ti, 16 %, 965 MiB, 8188 MiB, 35, 7.88 W
2026/09/23 04:15:52.392, NVIDIA GeForce RTX 4060 Ti, 3 %, 965 MiB, 8188 MiB, 35, 7.35 W
2026/09/23 04:15:53.400, NVIDIA GeForce RTX 4060 Ti, 19 %, 969 MiB, 8188 MiB, 35, 6.90 W
2026/09/23 04:15:54.417, NVIDIA GeForce RTX 4060 Ti, 24 %, 969 MiB, 8188 MiB, 35, 7.20 W
2026/09/23 04:15:55.426, NVIDIA GeForce RTX 4060 Ti, 44 %, 985 MiB, 8188 MiB, 35, 7.57 W
2026/09/23 04:15:56.432, NVIDIA GeForce RTX 4060 Ti, 41 %, 985 MiB, 8188 MiB, 35, 7.55 W
2026/09/23 04:15:57.439, NVIDIA GeForce RTX 4060 Ti, 24 %, 989 MiB, 8188 MiB, 35, 7.67 W
2026/09/23 04:15:58.445, NVIDIA GeForce RTX 4060 Ti, 3 %, 989 MiB, 8188 MiB, 34, 6.46 W
2026/09/23 04:15:59.452, NVIDIA GeForce RTX 4060 Ti, 17 %, 985 MiB, 8188 MiB, 34, 6.98 W
2026/09/23 04:16:00.459, NVIDIA GeForce RTX 4060 Ti, 13 %, 985 MiB, 8188 MiB, 34, 6.96 W
2026/09/23 04:16:01.466, NVIDIA GeForce RTX 4060 Ti, 45 %, 989 MiB, 8188 MiB, 35, 8.15 W
2026/09/23 04:16:02.477, NVIDIA GeForce RTX 4060 Ti, 42 %, 989 MiB, 8188 MiB, 35, 9.37 W
2026/09/23 04:16:03.485, NVIDIA GeForce RTX 4060 Ti, 43 %, 990 MiB, 8188 MiB, 35, 9.32 W
2026/09/23 04:16:04.492, NVIDIA GeForce RTX 4060 Ti, 44 %, 984 MiB, 8188 MiB, 35, 9.39 W
2026/09/23 04:16:05.502, NVIDIA GeForce RTX 4060 Ti, 44 %, 988 MiB, 8188 MiB, 35, 9.48 W
2026/09/23 04:16:06.507, NVIDIA GeForce RTX 4060 Ti, 32 %, 988 MiB, 8188 MiB, 35, 9.40 W
2026/09/23 04:16:07.515, NVIDIA GeForce RTX 4060 Ti, 34 %, 984 MiB, 8188 MiB, 35, 9.28 W
2026/09/23 04:16:08.521, NVIDIA GeForce RTX 4060 Ti, 38 %, 984 MiB, 8188 MiB, 35, 9.30 W
2026/09/23 04:16:09.530, NVIDIA GeForce RTX 4060 Ti, 40 %, 988 MiB, 8188 MiB, 35, 9.23 W
2026/09/23 04:16:10.537, NVIDIA GeForce RTX 4060 Ti, 42 %, 988 MiB, 8188 MiB, 35, 9.27 W
2026/09/23 04:16:11.554, NVIDIA GeForce RTX 4060 Ti, 38 %, 984 MiB, 8188 MiB, 35, 12.30 W
2026/09/23 04:16:12.564, NVIDIA GeForce RTX 4060 Ti, 45 %, 984 MiB, 8188 MiB, 35, 12.11 W
2026/09/23 04:16:13.572, NVIDIA GeForce RTX 4060 Ti, 39 %, 988 MiB, 8188 MiB, 35, 12.44 W
2026/09/23 04:16:14.578, NVIDIA GeForce RTX 4060 Ti, 38 %, 988 MiB, 8188 MiB, 35, 11.98 W
2026/09/23 04:16:15.585, NVIDIA GeForce RTX 4060 Ti, 37 %, 983 MiB, 8188 MiB, 35, 9.19 W
2026/09/23 04:16:16.593, NVIDIA GeForce RTX 4060 Ti, 36 %, 983 MiB, 8188 MiB, 35, 9.17 W
2026/09/23 04:16:17.599, NVIDIA GeForce RTX 4060 Ti, 42 %, 988 MiB, 8188 MiB, 35, 9.36 W
2026/09/23 04:16:18.608, NVIDIA GeForce RTX 4060 Ti, 44 %, 988 MiB, 8188 MiB, 35, 9.23 W
2026/09/23 04:16:19.615, NVIDIA GeForce RTX 4060 Ti, 41 %, 983 MiB, 8188 MiB, 35, 9.28 W
2026/09/23 04:16:20.620, NVIDIA GeForce RTX 4060 Ti, 37 %, 983 MiB, 8188 MiB, 35, 9.20 W
2026/09/23 04:16:21.626, NVIDIA GeForce RTX 4060 Ti, 36 %, 987 MiB, 8188 MiB, 35, 11.53 W
2026/09/23 04:16:22.634, NVIDIA GeForce RTX 4060 Ti, 31 %, 987 MiB, 8188 MiB, 35, 12.75 W
2026/09/23 04:16:23.639, NVIDIA GeForce RTX 4060 Ti, 32 %, 983 MiB, 8188 MiB, 35, 10.02 W
2026/09/23 04:16:24.645, NVIDIA GeForce RTX 4060 Ti, 37 %, 983 MiB, 8188 MiB, 35, 9.38 W
2026/09/23 04:16:25.653, NVIDIA GeForce RTX 4060 Ti, 9 %, 987 MiB, 8188 MiB, 36, 27.08 W
2026/09/23 04:16:26.657, NVIDIA GeForce RTX 4060 Ti, 9 %, 987 MiB, 8188 MiB, 36, 32.21 W
2026/09/23 04:16:27.662, NVIDIA GeForce RTX 4060 Ti, 9 %, 983 MiB, 8188 MiB, 36, 32.22 W
2026/09/23 04:16:28.672, NVIDIA GeForce RTX 4060 Ti, 1 %, 983 MiB, 8188 MiB, 36, 24.40 W
2026/09/23 04:16:29.677, NVIDIA GeForce RTX 4060 Ti, 2 %, 987 MiB, 8188 MiB, 35, 10.88 W
2026/09/23 04:16:30.682, NVIDIA GeForce RTX 4060 Ti, 2 %, 987 MiB, 8188 MiB, 35, 9.10 W
2026/09/23 04:16:31.689, NVIDIA GeForce RTX 4060 Ti, 4 %, 989 MiB, 8188 MiB, 34, 6.96 W
2026/09/23 04:16:32.694, NVIDIA GeForce RTX 4060 Ti, 6 %, 989 MiB, 8188 MiB, 34, 7.32 W
2026/09/23 04:16:33.699, NVIDIA GeForce RTX 4060 Ti, 39 %, 989 MiB, 8188 MiB, 35, 9.32 W
2026/09/23 04:16:34.716, NVIDIA GeForce RTX 4060 Ti, 10 %, 989 MiB, 8188 MiB, 35, 17.47 W
2026/09/23 04:16:35.722, NVIDIA GeForce RTX 4060 Ti, 10 %, 983 MiB, 8188 MiB, 36, 32.27 W
2026/09/23 04:16:36.729, NVIDIA GeForce RTX 4060 Ti, 9 %, 984 MiB, 8188 MiB, 36, 32.18 W
2026/09/23 04:16:37.734, NVIDIA GeForce RTX 4060 Ti, 21 %, 988 MiB, 8188 MiB, 36, 25.30 W
2026/09/23 04:16:38.743, NVIDIA GeForce RTX 4060 Ti, 23 %, 988 MiB, 8188 MiB, 35, 13.80 W
2026/09/23 04:16:39.750, NVIDIA GeForce RTX 4060 Ti, 22 %, 984 MiB, 8188 MiB, 35, 13.36 W
2026/09/23 04:16:40.757, NVIDIA GeForce RTX 4060 Ti, 29 %, 984 MiB, 8188 MiB, 35, 13.09 W
2026/09/23 04:16:41.762, NVIDIA GeForce RTX 4060 Ti, 32 %, 988 MiB, 8188 MiB, 35, 13.09 W
2026/09/23 04:16:42.770, NVIDIA GeForce RTX 4060 Ti, 37 %, 988 MiB, 8188 MiB, 35, 11.28 W
2026/09/23 04:16:43.778, NVIDIA GeForce RTX 4060 Ti, 8 %, 984 MiB, 8188 MiB, 35, 16.76 W
2026/09/23 04:16:44.785, NVIDIA GeForce RTX 4060 Ti, 10 %, 984 MiB, 8188 MiB, 36, 32.06 W
2026/09/23 04:16:45.790, NVIDIA GeForce RTX 4060 Ti, 11 %, 988 MiB, 8188 MiB, 36, 32.48 W
2026/09/23 04:16:46.796, NVIDIA GeForce RTX 4060 Ti, 10 %, 988 MiB, 8188 MiB, 36, 32.53 W
2026/09/23 04:16:47.803, NVIDIA GeForce RTX 4060 Ti, 21 %, 984 MiB, 8188 MiB, 35, 25.22 W
2026/09/23 04:16:48.811, NVIDIA GeForce RTX 4060 Ti, 22 %, 984 MiB, 8188 MiB, 35, 13.89 W
2026/09/23 04:16:49.817, NVIDIA GeForce RTX 4060 Ti, 21 %, 988 MiB, 8188 MiB, 35, 13.31 W
2026/09/23 04:16:50.823, NVIDIA GeForce RTX 4060 Ti, 27 %, 988 MiB, 8188 MiB, 35, 13.13 W
2026/09/23 04:16:51.831, NVIDIA GeForce RTX 4060 Ti, 9 %, 984 MiB, 8188 MiB, 36, 27.52 W
2026/09/23 04:16:52.838, NVIDIA GeForce RTX 4060 Ti, 11 %, 984 MiB, 8188 MiB, 36, 32.44 W
2026/09/23 04:16:53.845, NVIDIA GeForce RTX 4060 Ti, 11 %, 988 MiB, 8188 MiB, 37, 32.55 W
2026/09/23 04:16:54.850, NVIDIA GeForce RTX 4060 Ti, 20 %, 988 MiB, 8188 MiB, 35, 23.82 W
2026/09/23 04:16:55.858, NVIDIA GeForce RTX 4060 Ti, 19 %, 984 MiB, 8188 MiB, 35, 13.84 W
2026/09/23 04:16:56.870, NVIDIA GeForce RTX 4060 Ti, 0 %, 988 MiB, 8188 MiB, 36, 15.82 W
2026/09/23 04:16:57.887, NVIDIA GeForce RTX 4060 Ti, 4 %, 988 MiB, 8188 MiB, 36, 29.71 W
2026/09/23 04:16:58.892, NVIDIA GeForce RTX 4060 Ti, 0 %, 984 MiB, 8188 MiB, 36, 28.42 W
2026/09/23 04:16:59.898, NVIDIA GeForce RTX 4060 Ti, 0 %, 984 MiB, 8188 MiB, 36, 28.76 W
2026/09/23 04:17:00.904, NVIDIA GeForce RTX 4060 Ti, 0 %, 988 MiB, 8188 MiB, 35, 20.67 W
2026/09/23 04:17:01.914, NVIDIA GeForce RTX 4060 Ti, 26 %, 988 MiB, 8188 MiB, 35, 13.15 W
2026/09/23 04:17:02.938, NVIDIA GeForce RTX 4060 Ti, 35 %, 984 MiB, 8188 MiB, 35, 13.10 W
2026/09/23 04:17:03.947, NVIDIA GeForce RTX 4060 Ti, 41 %, 984 MiB, 8188 MiB, 35, 10.98 W
2026/09/23 04:17:04.954, NVIDIA GeForce RTX 4060 Ti, 39 %, 988 MiB, 8188 MiB, 35, 9.49 W
2026/09/23 04:17:05.962, NVIDIA GeForce RTX 4060 Ti, 35 %, 989 MiB, 8188 MiB, 35, 11.49 W
2026/09/23 04:17:06.969, NVIDIA GeForce RTX 4060 Ti, 28 %, 989 MiB, 8188 MiB, 35, 13.05 W
2026/09/23 04:17:07.976, NVIDIA GeForce RTX 4060 Ti, 8 %, 985 MiB, 8188 MiB, 36, 27.00 W
2026/09/23 04:17:08.983, NVIDIA GeForce RTX 4060 Ti, 8 %, 989 MiB, 8188 MiB, 37, 32.44 W
2026/09/23 04:17:09.988, NVIDIA GeForce RTX 4060 Ti, 10 %, 989 MiB, 8188 MiB, 37, 32.62 W
2026/09/23 04:17:11.001, NVIDIA GeForce RTX 4060 Ti, 19 %, 985 MiB, 8188 MiB, 36, 22.18 W
2026/09/23 04:17:12.008, NVIDIA GeForce RTX 4060 Ti, 23 %, 985 MiB, 8188 MiB, 35, 13.60 W
2026/09/23 04:17:13.014, NVIDIA GeForce RTX 4060 Ti, 25 %, 990 MiB, 8188 MiB, 35, 13.05 W
2026/09/23 04:17:14.021, NVIDIA GeForce RTX 4060 Ti, 26 %, 990 MiB, 8188 MiB, 35, 13.23 W
2026/09/23 04:17:15.030, NVIDIA GeForce RTX 4060 Ti, 30 %, 990 MiB, 8188 MiB, 35, 13.07 W
2026/09/23 04:17:16.037, NVIDIA GeForce RTX 4060 Ti, 32 %, 985 MiB, 8188 MiB, 35, 10.85 W
2026/09/23 04:17:17.044, NVIDIA GeForce RTX 4060 Ti, 41 %, 989 MiB, 8188 MiB, 35, 9.39 W
2026/09/23 04:17:18.052, NVIDIA GeForce RTX 4060 Ti, 40 %, 989 MiB, 8188 MiB, 35, 9.48 W
2026/09/23 04:17:19.067, NVIDIA GeForce RTX 4060 Ti, 8 %, 989 MiB, 8188 MiB, 36, 24.19 W
2026/09/23 04:17:20.073, NVIDIA GeForce RTX 4060 Ti, 8 %, 985 MiB, 8188 MiB, 37, 31.90 W
2026/09/23 04:17:21.080, NVIDIA GeForce RTX 4060 Ti, 8 %, 989 MiB, 8188 MiB, 37, 31.89 W
2026/09/23 04:17:22.088, NVIDIA GeForce RTX 4060 Ti, 16 %, 989 MiB, 8188 MiB, 36, 20.18 W
2026/09/23 04:17:23.095, NVIDIA GeForce RTX 4060 Ti, 24 %, 985 MiB, 8188 MiB, 35, 13.48 W
2026/09/23 04:17:24.099, NVIDIA GeForce RTX 4060 Ti, 21 %, 985 MiB, 8188 MiB, 35, 13.24 W
2026/09/23 04:17:25.103, NVIDIA GeForce RTX 4060 Ti, 27 %, 989 MiB, 8188 MiB, 35, 12.98 W
2026/09/23 04:17:26.109, NVIDIA GeForce RTX 4060 Ti, 33 %, 989 MiB, 8188 MiB, 35, 13.24 W
2026/09/23 04:17:27.126, NVIDIA GeForce RTX 4060 Ti, 15 %, 985 MiB, 8188 MiB, 35, 10.27 W
2026/09/23 04:17:28.132, NVIDIA GeForce RTX 4060 Ti, 0 %, 985 MiB, 8188 MiB, 35, 14.35 W
2026/09/23 04:17:29.139, NVIDIA GeForce RTX 4060 Ti, 0 %, 989 MiB, 8188 MiB, 36, 29.00 W
2026/09/23 04:17:30.146, NVIDIA GeForce RTX 4060 Ti, 0 %, 989 MiB, 8188 MiB, 36, 28.48 W
2026/09/23 04:17:31.166, NVIDIA GeForce RTX 4060 Ti, 5 %, 984 MiB, 8188 MiB, 36, 28.76 W
2026/09/23 04:17:32.173, NVIDIA GeForce RTX 4060 Ti, 20 %, 1005 MiB, 8188 MiB, 35, 16.72 W
2026/09/23 04:17:33.179, NVIDIA GeForce RTX 4060 Ti, 27 %, 1009 MiB, 8188 MiB, 35, 12.82 W
2026/09/23 04:17:34.185, NVIDIA GeForce RTX 4060 Ti, 28 %, 1009 MiB, 8188 MiB, 35, 12.86 W
2026/09/23 04:17:35.195, NVIDIA GeForce RTX 4060 Ti, 40 %, 1010 MiB, 8188 MiB, 35, 10.92 W
2026/09/23 04:17:36.203, NVIDIA GeForce RTX 4060 Ti, 33 %, 1010 MiB, 8188 MiB, 35, 9.20 W
2026/09/23 04:17:37.210, NVIDIA GeForce RTX 4060 Ti, 36 %, 1010 MiB, 8188 MiB, 35, 9.36 W
2026/09/23 04:17:38.218, NVIDIA GeForce RTX 4060 Ti, 33 %, 1010 MiB, 8188 MiB, 35, 9.20 W
2026/09/23 04:17:39.227, NVIDIA GeForce RTX 4060 Ti, 39 %, 1005 MiB, 8188 MiB, 35, 9.15 W
2026/09/23 04:17:40.234, NVIDIA GeForce RTX 4060 Ti, 39 %, 1005 MiB, 8188 MiB, 35, 9.06 W
2026/09/23 04:17:41.242, NVIDIA GeForce RTX 4060 Ti, 40 %, 1009 MiB, 8188 MiB, 35, 9.22 W
2026/09/23 04:17:42.248, NVIDIA GeForce RTX 4060 Ti, 44 %, 1009 MiB, 8188 MiB, 35, 9.11 W
2026/09/23 04:17:43.253, NVIDIA GeForce RTX 4060 Ti, 41 %, 1005 MiB, 8188 MiB, 35, 9.15 W
2026/09/23 04:17:44.265, NVIDIA GeForce RTX 4060 Ti, 39 %, 1005 MiB, 8188 MiB, 35, 9.00 W
2026/09/23 04:17:45.273, NVIDIA GeForce RTX 4060 Ti, 41 %, 1009 MiB, 8188 MiB, 35, 9.08 W
2026/09/23 04:17:46.280, NVIDIA GeForce RTX 4060 Ti, 42 %, 1009 MiB, 8188 MiB, 35, 9.26 W
2026/09/23 04:17:47.285, NVIDIA GeForce RTX 4060 Ti, 32 %, 1004 MiB, 8188 MiB, 35, 9.13 W
2026/09/23 04:17:48.292, NVIDIA GeForce RTX 4060 Ti, 37 %, 1004 MiB, 8188 MiB, 35, 9.19 W
2026/09/23 04:17:49.298, NVIDIA GeForce RTX 4060 Ti, 29 %, 1008 MiB, 8188 MiB, 36, 14.70 W
2026/09/23 04:17:50.317, NVIDIA GeForce RTX 4060 Ti, 9 %, 1008 MiB, 8188 MiB, 37, 32.63 W
2026/09/23 04:17:51.324, NVIDIA GeForce RTX 4060 Ti, 10 %, 1004 MiB, 8188 MiB, 37, 32.56 W
2026/09/23 04:17:52.332, NVIDIA GeForce RTX 4060 Ti, 9 %, 1004 MiB, 8188 MiB, 37, 32.26 W
2026/09/23 04:17:53.338, NVIDIA GeForce RTX 4060 Ti, 21 %, 1008 MiB, 8188 MiB, 36, 15.72 W
2026/09/23 04:17:54.346, NVIDIA GeForce RTX 4060 Ti, 25 %, 1008 MiB, 8188 MiB, 36, 13.59 W
2026/09/23 04:17:55.352, NVIDIA GeForce RTX 4060 Ti, 28 %, 1004 MiB, 8188 MiB, 35, 13.25 W
2026/09/23 04:17:56.358, NVIDIA GeForce RTX 4060 Ti, 28 %, 1004 MiB, 8188 MiB, 35, 13.08 W
2026/09/23 04:17:57.364, NVIDIA GeForce RTX 4060 Ti, 28 %, 1008 MiB, 8188 MiB, 35, 12.84 W
2026/09/23 04:17:58.373, NVIDIA GeForce RTX 4060 Ti, 31 %, 1008 MiB, 8188 MiB, 35, 11.79 W
2026/09/23 04:17:59.396, NVIDIA GeForce RTX 4060 Ti, 34 %, 1004 MiB, 8188 MiB, 35, 9.33 W
2026/09/23 04:18:00.404, NVIDIA GeForce RTX 4060 Ti, 35 %, 1009 MiB, 8188 MiB, 35, 9.40 W
2026/09/23 04:18:01.416, NVIDIA GeForce RTX 4060 Ti, 39 %, 1009 MiB, 8188 MiB, 35, 9.36 W
2026/09/23 04:18:02.422, NVIDIA GeForce RTX 4060 Ti, 37 %, 1009 MiB, 8188 MiB, 35, 9.36 W
2026/09/23 04:18:03.427, NVIDIA GeForce RTX 4060 Ti, 41 %, 1009 MiB, 8188 MiB, 35, 9.04 W
2026/09/23 04:18:04.433, NVIDIA GeForce RTX 4060 Ti, 30 %, 1004 MiB, 8188 MiB, 35, 7.39 W
2026/09/23 04:18:05.439, NVIDIA GeForce RTX 4060 Ti, 3 %, 1008 MiB, 8188 MiB, 35, 7.56 W
2026/09/23 04:18:06.446, NVIDIA GeForce RTX 4060 Ti, 2 %, 1008 MiB, 8188 MiB, 35, 6.64 W
2026/09/23 04:18:07.453, NVIDIA GeForce RTX 4060 Ti, 0 %, 1004 MiB, 8188 MiB, 36, 18.15 W
2026/09/23 04:18:08.459, NVIDIA GeForce RTX 4060 Ti, 0 %, 1004 MiB, 8188 MiB, 36, 28.89 W
2026/09/23 04:18:09.466, NVIDIA GeForce RTX 4060 Ti, 10 %, 1009 MiB, 8188 MiB, 37, 32.38 W
2026/09/23 04:18:10.473, NVIDIA GeForce RTX 4060 Ti, 9 %, 1009 MiB, 8188 MiB, 37, 31.14 W
2026/09/23 04:18:11.481, NVIDIA GeForce RTX 4060 Ti, 21 %, 1009 MiB, 8188 MiB, 36, 14.01 W
2026/09/23 04:18:12.486, NVIDIA GeForce RTX 4060 Ti, 20 %, 1005 MiB, 8188 MiB, 35, 13.47 W
2026/09/23 04:18:13.492, NVIDIA GeForce RTX 4060 Ti, 25 %, 1009 MiB, 8188 MiB, 35, 13.29 W
2026/09/23 04:18:14.500, NVIDIA GeForce RTX 4060 Ti, 32 %, 1009 MiB, 8188 MiB, 35, 13.03 W
2026/09/23 04:18:15.511, NVIDIA GeForce RTX 4060 Ti, 29 %, 1004 MiB, 8188 MiB, 35, 12.92 W
2026/09/23 04:18:16.516, NVIDIA GeForce RTX 4060 Ti, 29 %, 1004 MiB, 8188 MiB, 35, 11.62 W
2026/09/23 04:18:17.522, NVIDIA GeForce RTX 4060 Ti, 34 %, 1013 MiB, 8188 MiB, 35, 9.44 W
2026/09/23 04:18:18.530, NVIDIA GeForce RTX 4060 Ti, 38 %, 1013 MiB, 8188 MiB, 35, 9.33 W
2026/09/23 04:18:19.537, NVIDIA GeForce RTX 4060 Ti, 34 %, 1013 MiB, 8188 MiB, 35, 9.18 W
2026/09/23 04:18:20.547, NVIDIA GeForce RTX 4060 Ti, 39 %, 1009 MiB, 8188 MiB, 35, 9.14 W
2026/09/23 04:18:21.552, NVIDIA GeForce RTX 4060 Ti, 37 %, 1013 MiB, 8188 MiB, 35, 9.30 W
2026/09/23 04:18:22.562, NVIDIA GeForce RTX 4060 Ti, 9 %, 1013 MiB, 8188 MiB, 37, 23.10 W
2026/09/23 04:18:23.569, NVIDIA GeForce RTX 4060 Ti, 9 %, 1007 MiB, 8188 MiB, 37, 32.47 W
2026/09/23 04:18:24.576, NVIDIA GeForce RTX 4060 Ti, 7 %, 1006 MiB, 8188 MiB, 37, 32.31 W
2026/09/23 04:18:25.584, NVIDIA GeForce RTX 4060 Ti, 17 %, 1010 MiB, 8188 MiB, 37, 29.35 W
2026/09/23 04:18:26.590, NVIDIA GeForce RTX 4060 Ti, 21 %, 1008 MiB, 8188 MiB, 36, 13.69 W
2026/09/23 04:18:27.599, NVIDIA GeForce RTX 4060 Ti, 22 %, 1004 MiB, 8188 MiB, 36, 13.45 W
2026/09/23 04:18:28.606, NVIDIA GeForce RTX 4060 Ti, 27 %, 1004 MiB, 8188 MiB, 36, 13.38 W
2026/09/23 04:18:29.610, NVIDIA GeForce RTX 4060 Ti, 30 %, 1008 MiB, 8188 MiB, 35, 13.15 W
2026/09/23 04:18:30.624, NVIDIA GeForce RTX 4060 Ti, 32 %, 1008 MiB, 8188 MiB, 35, 13.02 W
2026/09/23 04:18:31.632, NVIDIA GeForce RTX 4060 Ti, 35 %, 1004 MiB, 8188 MiB, 35, 10.76 W
2026/09/23 04:18:32.640, NVIDIA GeForce RTX 4060 Ti, 30 %, 1004 MiB, 8188 MiB, 35, 9.35 W
2026/09/23 04:18:33.647, NVIDIA GeForce RTX 4060 Ti, 37 %, 1008 MiB, 8188 MiB, 35, 9.45 W
2026/09/23 04:18:34.658, NVIDIA GeForce RTX 4060 Ti, 39 %, 1008 MiB, 8188 MiB, 35, 9.47 W
2026/09/23 04:18:35.666, NVIDIA GeForce RTX 4060 Ti, 34 %, 1004 MiB, 8188 MiB, 35, 9.39 W
2026/09/23 04:18:36.672, NVIDIA GeForce RTX 4060 Ti, 34 %, 1004 MiB, 8188 MiB, 35, 9.31 W
2026/09/23 04:18:37.678, NVIDIA GeForce RTX 4060 Ti, 40 %, 1008 MiB, 8188 MiB, 35, 9.51 W
2026/09/23 04:18:38.688, NVIDIA GeForce RTX 4060 Ti, 12 %, 1009 MiB, 8188 MiB, 35, 7.70 W
2026/09/23 04:18:39.707, NVIDIA GeForce RTX 4060 Ti, 46 %, 1004 MiB, 8188 MiB, 35, 8.15 W
2026/09/23 04:18:40.714, NVIDIA GeForce RTX 4060 Ti, 2 %, 1004 MiB, 8188 MiB, 35, 6.77 W
2026/09/23 04:18:41.720, NVIDIA GeForce RTX 4060 Ti, 40 %, 1008 MiB, 8188 MiB, 35, 7.04 W
2026/09/23 04:18:42.737, NVIDIA GeForce RTX 4060 Ti, 37 %, 1008 MiB, 8188 MiB, 35, 7.12 W
2026/09/23 04:18:43.741, NVIDIA GeForce RTX 4060 Ti, 0 %, 944 MiB, 8188 MiB, 36, 19.50 W
2026/09/23 04:18:44.748, NVIDIA GeForce RTX 4060 Ti, 0 %, 944 MiB, 8188 MiB, 36, 28.60 W
2026/09/23 04:18:45.756, NVIDIA GeForce RTX 4060 Ti, 0 %, 948 MiB, 8188 MiB, 36, 28.38 W
