timestamp, name, utilization.gpu [%], memory.used [MiB], temperature.gpu, power.draw [W]
2026/09/22 02:52:27.557, NVIDIA GeForce RTX 4060 Ti, 36 %, 2031 MiB, 35, 33.08 W
2026/09/22 02:52:28.564, NVIDIA GeForce RTX 4060 Ti, 39 %, 2032 MiB, 36, 34.94 W
2026/09/22 02:52:29.566, NVIDIA GeForce RTX 4060 Ti, 37 %, 2033 MiB, 36, 32.49 W
2026/09/22 02:52:30.568, NVIDIA GeForce RTX 4060 Ti, 39 %, 2033 MiB, 35, 30.11 W
2026/09/22 02:52:31.570, NVIDIA GeForce RTX 4060 Ti, 47 %, 2028 MiB, 35, 29.66 W
2026/09/22 02:52:32.572, NVIDIA GeForce RTX 4060 Ti, 23 %, 2032 MiB, 37, 34.21 W
2026/09/22 02:52:33.573, NVIDIA GeForce RTX 4060 Ti, 27 %, 2032 MiB, 36, 32.85 W
2026/09/22 02:52:34.575, NVIDIA GeForce RTX 4060 Ti, 39 %, 2027 MiB, 35, 28.87 W
2026/09/22 02:52:35.576, NVIDIA GeForce RTX 4060 Ti, 38 %, 2027 MiB, 35, 28.79 W
2026/09/22 02:52:36.578, NVIDIA GeForce RTX 4060 Ti, 26 %, 2032 MiB, 36, 27.87 W
2026/09/22 02:52:37.579, NVIDIA GeForce RTX 4060 Ti, 38 %, 2032 MiB, 36, 28.72 W
2026/09/22 02:52:38.580, NVIDIA GeForce RTX 4060 Ti, 23 %, 2027 MiB, 36, 31.67 W
2026/09/22 02:52:39.582, NVIDIA GeForce RTX 4060 Ti, 26 %, 2027 MiB, 36, 32.34 W
2026/09/22 02:52:40.583, NVIDIA GeForce RTX 4060 Ti, 32 %, 2031 MiB, 36, 32.99 W
2026/09/22 02:52:41.585, NVIDIA GeForce RTX 4060 Ti, 30 %, 2032 MiB, 36, 29.33 W
2026/09/22 02:52:42.587, NVIDIA GeForce RTX 4060 Ti, 30 %, 2027 MiB, 36, 31.72 W
2026/09/22 02:52:43.589, NVIDIA GeForce RTX 4060 Ti, 29 %, 2026 MiB, 36, 33.55 W
2026/09/22 02:52:44.591, NVIDIA GeForce RTX 4060 Ti, 40 %, 2031 MiB, 36, 30.41 W
2026/09/22 02:52:45.592, NVIDIA GeForce RTX 4060 Ti, 43 %, 2031 MiB, 37, 31.36 W
2026/09/22 02:52:46.594, NVIDIA GeForce RTX 4060 Ti, 37 %, 2026 MiB, 36, 33.65 W
2026/09/22 02:52:47.595, NVIDIA GeForce RTX 4060 Ti, 48 %, 2026 MiB, 36, 31.65 W
2026/09/22 02:52:48.596, NVIDIA GeForce RTX 4060 Ti, 44 %, 2031 MiB, 36, 33.88 W
2026/09/22 02:52:49.598, NVIDIA GeForce RTX 4060 Ti, 30 %, 2031 MiB, 37, 33.87 W
2026/09/22 02:52:50.600, NVIDIA GeForce RTX 4060 Ti, 26 %, 2026 MiB, 37, 34.40 W
2026/09/22 02:52:51.602, NVIDIA GeForce RTX 4060 Ti, 30 %, 2026 MiB, 37, 32.73 W
2026/09/22 02:52:52.603, NVIDIA GeForce RTX 4060 Ti, 20 %, 2031 MiB, 36, 33.76 W
2026/09/22 02:52:53.605, NVIDIA GeForce RTX 4060 Ti, 22 %, 2031 MiB, 36, 29.57 W
2026/09/22 02:52:54.607, NVIDIA GeForce RTX 4060 Ti, 33 %, 2026 MiB, 36, 27.98 W
2026/09/22 02:52:55.608, NVIDIA GeForce RTX 4060 Ti, 49 %, 2026 MiB, 37, 29.03 W
2026/09/22 02:52:56.610, NVIDIA GeForce RTX 4060 Ti, 27 %, 2031 MiB, 36, 32.22 W
2026/09/22 02:52:57.611, NVIDIA GeForce RTX 4060 Ti, 37 %, 2031 MiB, 37, 32.61 W
2026/09/22 02:52:58.612, NVIDIA GeForce RTX 4060 Ti, 27 %, 2033 MiB, 37, 35.40 W
2026/09/22 02:52:59.614, NVIDIA GeForce RTX 4060 Ti, 37 %, 2193 MiB, 37, 34.78 W
2026/09/22 02:53:00.615, NVIDIA GeForce RTX 4060 Ti, 36 %, 2193 MiB, 37, 35.49 W
2026/09/22 02:53:01.617, NVIDIA GeForce RTX 4060 Ti, 33 %, 2195 MiB, 37, 35.09 W
2026/09/22 02:53:02.619, NVIDIA GeForce RTX 4060 Ti, 35 %, 2189 MiB, 37, 35.26 W
2026/09/22 02:53:03.622, NVIDIA GeForce RTX 4060 Ti, 41 %, 2189 MiB, 38, 42.73 W
2026/09/22 02:53:04.623, NVIDIA GeForce RTX 4060 Ti, 31 %, 2194 MiB, 38, 42.49 W
2026/09/22 02:53:05.625, NVIDIA GeForce RTX 4060 Ti, 24 %, 2194 MiB, 38, 39.18 W
2026/09/22 02:53:06.626, NVIDIA GeForce RTX 4060 Ti, 36 %, 2194 MiB, 37, 35.36 W
2026/09/22 02:53:07.627, NVIDIA GeForce RTX 4060 Ti, 23 %, 2188 MiB, 38, 52.10 W
2026/09/22 02:53:08.629, NVIDIA GeForce RTX 4060 Ti, 30 %, 2193 MiB, 40, 58.46 W
2026/09/22 02:53:09.630, NVIDIA GeForce RTX 4060 Ti, 25 %, 2193 MiB, 38, 38.68 W
2026/09/22 02:53:10.633, NVIDIA GeForce RTX 4060 Ti, 49 %, 2193 MiB, 37, 33.29 W
2026/09/22 02:53:11.635, NVIDIA GeForce RTX 4060 Ti, 27 %, 2188 MiB, 38, 35.29 W
2026/09/22 02:53:12.637, NVIDIA GeForce RTX 4060 Ti, 23 %, 2193 MiB, 39, 35.47 W
2026/09/22 02:53:13.638, NVIDIA GeForce RTX 4060 Ti, 44 %, 2545 MiB, 38, 40.92 W
2026/09/22 02:53:14.639, NVIDIA GeForce RTX 4060 Ti, 22 %, 2540 MiB, 40, 57.66 W
2026/09/22 02:53:15.641, NVIDIA GeForce RTX 4060 Ti, 47 %, 2540 MiB, 40, 62.62 W
2026/09/22 02:53:16.643, NVIDIA GeForce RTX 4060 Ti, 36 %, 2545 MiB, 41, 70.26 W
2026/09/22 02:53:17.644, NVIDIA GeForce RTX 4060 Ti, 23 %, 2545 MiB, 42, 63.87 W
2026/09/22 02:53:18.646, NVIDIA GeForce RTX 4060 Ti, 26 %, 2545 MiB, 41, 59.40 W
2026/09/22 02:53:19.647, NVIDIA GeForce RTX 4060 Ti, 22 %, 2540 MiB, 39, 43.51 W
2026/09/22 02:53:20.648, NVIDIA GeForce RTX 4060 Ti, 14 %, 2545 MiB, 40, 40.14 W
2026/09/22 02:53:21.650, NVIDIA GeForce RTX 4060 Ti, 16 %, 2550 MiB, 39, 43.80 W
2026/09/22 02:53:22.652, NVIDIA GeForce RTX 4060 Ti, 23 %, 2550 MiB, 39, 39.81 W
2026/09/22 02:53:23.654, NVIDIA GeForce RTX 4060 Ti, 30 %, 2550 MiB, 39, 35.08 W
2026/09/22 02:53:24.656, NVIDIA GeForce RTX 4060 Ti, 36 %, 2551 MiB, 38, 35.82 W
2026/09/22 02:53:25.658, NVIDIA GeForce RTX 4060 Ti, 29 %, 2551 MiB, 38, 33.18 W
2026/09/22 02:53:26.660, NVIDIA GeForce RTX 4060 Ti, 33 %, 2545 MiB, 38, 33.21 W
2026/09/22 02:53:27.662, NVIDIA GeForce RTX 4060 Ti, 36 %, 2545 MiB, 39, 35.87 W
2026/09/22 02:53:28.664, NVIDIA GeForce RTX 4060 Ti, 37 %, 2548 MiB, 39, 35.50 W
2026/09/22 02:53:29.665, NVIDIA GeForce RTX 4060 Ti, 0 %, 2547 MiB, 39, 27.44 W
2026/09/22 02:53:30.678, NVIDIA GeForce RTX 4060 Ti, 0 %, 2542 MiB, 37, 17.94 W
2026/09/22 02:53:31.679, NVIDIA GeForce RTX 4060 Ti, 39 %, 2592 MiB, 37, 19.44 W
2026/09/22 02:53:32.681, NVIDIA GeForce RTX 4060 Ti, 33 %, 2592 MiB, 38, 31.33 W
2026/09/22 02:53:33.682, NVIDIA GeForce RTX 4060 Ti, 36 %, 2655 MiB, 40, 31.67 W
2026/09/22 02:53:34.684, NVIDIA GeForce RTX 4060 Ti, 39 %, 2654 MiB, 38, 30.62 W
2026/09/22 02:53:35.691, NVIDIA GeForce RTX 4060 Ti, 28 %, 2656 MiB, 38, 30.19 W
2026/09/22 02:53:36.692, NVIDIA GeForce RTX 4060 Ti, 24 %, 2656 MiB, 39, 33.82 W
2026/09/22 02:53:37.694, NVIDIA GeForce RTX 4060 Ti, 33 %, 2656 MiB, 38, 35.77 W
2026/09/22 02:53:38.695, NVIDIA GeForce RTX 4060 Ti, 25 %, 2649 MiB, 39, 33.76 W
2026/09/22 02:53:39.696, NVIDIA GeForce RTX 4060 Ti, 35 %, 2650 MiB, 39, 30.70 W
2026/09/22 02:53:40.697, NVIDIA GeForce RTX 4060 Ti, 32 %, 2655 MiB, 38, 34.18 W
2026/09/22 02:53:41.699, NVIDIA GeForce RTX 4060 Ti, 25 %, 2655 MiB, 39, 35.40 W
2026/09/22 02:53:42.701, NVIDIA GeForce RTX 4060 Ti, 22 %, 2650 MiB, 39, 32.55 W
2026/09/22 02:53:43.703, NVIDIA GeForce RTX 4060 Ti, 24 %, 2650 MiB, 39, 30.49 W
2026/09/22 02:53:44.704, NVIDIA GeForce RTX 4060 Ti, 24 %, 2655 MiB, 39, 32.45 W
2026/09/22 02:53:45.706, NVIDIA GeForce RTX 4060 Ti, 29 %, 2656 MiB, 39, 32.89 W
2026/09/22 02:53:46.708, NVIDIA GeForce RTX 4060 Ti, 32 %, 2717 MiB, 39, 36.82 W
2026/09/22 02:53:47.710, NVIDIA GeForce RTX 4060 Ti, 43 %, 2717 MiB, 39, 36.09 W
2026/09/22 02:53:48.711, NVIDIA GeForce RTX 4060 Ti, 41 %, 2722 MiB, 41, 48.42 W
2026/09/22 02:53:49.713, NVIDIA GeForce RTX 4060 Ti, 24 %, 2722 MiB, 41, 53.29 W
2026/09/22 02:53:50.714, NVIDIA GeForce RTX 4060 Ti, 30 %, 2722 MiB, 40, 50.32 W
2026/09/22 02:53:51.716, NVIDIA GeForce RTX 4060 Ti, 38 %, 2717 MiB, 39, 37.78 W
2026/09/22 02:53:52.717, NVIDIA GeForce RTX 4060 Ti, 22 %, 2800 MiB, 39, 34.01 W
2026/09/22 02:53:53.719, NVIDIA GeForce RTX 4060 Ti, 27 %, 2890 MiB, 39, 29.92 W
2026/09/22 02:53:54.721, NVIDIA GeForce RTX 4060 Ti, 28 %, 2885 MiB, 39, 32.61 W
2026/09/22 02:53:55.723, NVIDIA GeForce RTX 4060 Ti, 38 %, 2979 MiB, 39, 31.83 W
2026/09/22 02:53:56.725, NVIDIA GeForce RTX 4060 Ti, 21 %, 3080 MiB, 40, 33.78 W
2026/09/22 02:53:57.726, NVIDIA GeForce RTX 4060 Ti, 49 %, 3208 MiB, 39, 28.85 W
2026/09/22 02:53:58.728, NVIDIA GeForce RTX 4060 Ti, 31 %, 3203 MiB, 39, 34.74 W
2026/09/22 02:53:59.729, NVIDIA GeForce RTX 4060 Ti, 35 %, 3203 MiB, 39, 33.94 W
2026/09/22 02:54:00.731, NVIDIA GeForce RTX 4060 Ti, 25 %, 3208 MiB, 39, 32.25 W
2026/09/22 02:54:01.732, NVIDIA GeForce RTX 4060 Ti, 36 %, 3208 MiB, 39, 28.74 W
2026/09/22 02:54:02.733, NVIDIA GeForce RTX 4060 Ti, 32 %, 3203 MiB, 39, 32.31 W
2026/09/22 02:54:03.735, NVIDIA GeForce RTX 4060 Ti, 27 %, 3203 MiB, 40, 34.63 W
2026/09/22 02:54:04.736, NVIDIA GeForce RTX 4060 Ti, 35 %, 3208 MiB, 40, 34.33 W
2026/09/22 02:54:05.738, NVIDIA GeForce RTX 4060 Ti, 27 %, 3208 MiB, 39, 35.11 W
2026/09/22 02:54:06.740, NVIDIA GeForce RTX 4060 Ti, 40 %, 3203 MiB, 40, 31.91 W
2026/09/22 02:54:07.741, NVIDIA GeForce RTX 4060 Ti, 25 %, 3203 MiB, 39, 28.59 W
2026/09/22 02:54:08.743, NVIDIA GeForce RTX 4060 Ti, 29 %, 3209 MiB, 39, 27.52 W
2026/09/22 02:54:09.744, NVIDIA GeForce RTX 4060 Ti, 28 %, 3210 MiB, 39, 27.50 W
2026/09/22 02:54:10.745, NVIDIA GeForce RTX 4060 Ti, 21 %, 3210 MiB, 39, 27.80 W
2026/09/22 02:54:11.747, NVIDIA GeForce RTX 4060 Ti, 45 %, 3204 MiB, 39, 28.94 W
2026/09/22 02:54:12.748, NVIDIA GeForce RTX 4060 Ti, 32 %, 3208 MiB, 39, 30.68 W
2026/09/22 02:54:13.750, NVIDIA GeForce RTX 4060 Ti, 46 %, 3209 MiB, 39, 32.06 W
2026/09/22 02:54:14.751, NVIDIA GeForce RTX 4060 Ti, 30 %, 3203 MiB, 39, 28.73 W
2026/09/22 02:54:15.753, NVIDIA GeForce RTX 4060 Ti, 26 %, 3203 MiB, 39, 28.22 W
2026/09/22 02:54:16.754, NVIDIA GeForce RTX 4060 Ti, 27 %, 3212 MiB, 39, 28.52 W
2026/09/22 02:54:17.756, NVIDIA GeForce RTX 4060 Ti, 32 %, 3213 MiB, 39, 27.32 W
2026/09/22 02:54:18.758, NVIDIA GeForce RTX 4060 Ti, 29 %, 3213 MiB, 39, 27.85 W
2026/09/22 02:54:19.759, NVIDIA GeForce RTX 4060 Ti, 31 %, 3208 MiB, 39, 26.75 W
2026/09/22 02:54:20.760, NVIDIA GeForce RTX 4060 Ti, 27 %, 3213 MiB, 39, 27.90 W
2026/09/22 02:54:21.762, NVIDIA GeForce RTX 4060 Ti, 39 %, 3213 MiB, 39, 28.71 W
2026/09/22 02:54:22.763, NVIDIA GeForce RTX 4060 Ti, 30 %, 3208 MiB, 40, 27.16 W
2026/09/22 02:54:23.765, NVIDIA GeForce RTX 4060 Ti, 30 %, 3208 MiB, 40, 27.94 W
2026/09/22 02:54:24.766, NVIDIA GeForce RTX 4060 Ti, 34 %, 3212 MiB, 39, 26.81 W
2026/09/22 02:54:25.768, NVIDIA GeForce RTX 4060 Ti, 30 %, 3213 MiB, 40, 28.47 W
2026/09/22 02:54:26.770, NVIDIA GeForce RTX 4060 Ti, 32 %, 3207 MiB, 39, 27.88 W
2026/09/22 02:54:27.771, NVIDIA GeForce RTX 4060 Ti, 38 %, 3213 MiB, 39, 27.26 W
2026/09/22 02:54:28.773, NVIDIA GeForce RTX 4060 Ti, 38 %, 3213 MiB, 39, 28.39 W
2026/09/22 02:54:29.774, NVIDIA GeForce RTX 4060 Ti, 46 %, 3214 MiB, 39, 27.75 W
2026/09/22 02:54:30.776, NVIDIA GeForce RTX 4060 Ti, 25 %, 3208 MiB, 39, 26.71 W
2026/09/22 02:54:31.777, NVIDIA GeForce RTX 4060 Ti, 40 %, 3208 MiB, 39, 29.45 W
2026/09/22 02:54:32.779, NVIDIA GeForce RTX 4060 Ti, 32 %, 3213 MiB, 40, 29.52 W
2026/09/22 02:54:33.780, NVIDIA GeForce RTX 4060 Ti, 29 %, 3213 MiB, 39, 28.31 W
2026/09/22 02:54:34.782, NVIDIA GeForce RTX 4060 Ti, 33 %, 3213 MiB, 39, 27.72 W
2026/09/22 02:54:35.783, NVIDIA GeForce RTX 4060 Ti, 38 %, 3214 MiB, 39, 26.98 W
2026/09/22 02:54:36.785, NVIDIA GeForce RTX 4060 Ti, 36 %, 3214 MiB, 39, 27.44 W
2026/09/22 02:54:37.788, NVIDIA GeForce RTX 4060 Ti, 32 %, 3215 MiB, 39, 27.04 W
2026/09/22 02:54:38.789, NVIDIA GeForce RTX 4060 Ti, 45 %, 3216 MiB, 39, 27.49 W
2026/09/22 02:54:39.791, NVIDIA GeForce RTX 4060 Ti, 33 %, 3216 MiB, 39, 26.98 W
2026/09/22 02:54:40.793, NVIDIA GeForce RTX 4060 Ti, 32 %, 3215 MiB, 39, 26.60 W
2026/09/22 02:54:41.795, NVIDIA GeForce RTX 4060 Ti, 35 %, 3209 MiB, 39, 26.55 W
2026/09/22 02:54:42.796, NVIDIA GeForce RTX 4060 Ti, 24 %, 3213 MiB, 39, 26.84 W
2026/09/22 02:54:43.798, NVIDIA GeForce RTX 4060 Ti, 35 %, 3213 MiB, 39, 27.99 W
2026/09/22 02:54:44.799, NVIDIA GeForce RTX 4060 Ti, 27 %, 3207 MiB, 40, 28.62 W
2026/09/22 02:54:45.801, NVIDIA GeForce RTX 4060 Ti, 33 %, 3207 MiB, 40, 28.74 W
2026/09/22 02:54:46.803, NVIDIA GeForce RTX 4060 Ti, 39 %, 3212 MiB, 39, 27.71 W
2026/09/22 02:54:47.805, NVIDIA GeForce RTX 4060 Ti, 33 %, 3212 MiB, 39, 27.86 W
2026/09/22 02:54:48.807, NVIDIA GeForce RTX 4060 Ti, 37 %, 3212 MiB, 39, 28.99 W
2026/09/22 02:54:49.808, NVIDIA GeForce RTX 4060 Ti, 37 %, 3205 MiB, 40, 29.84 W
2026/09/22 02:54:50.811, NVIDIA GeForce RTX 4060 Ti, 30 %, 3212 MiB, 39, 27.91 W
2026/09/22 02:54:51.813, NVIDIA GeForce RTX 4060 Ti, 38 %, 3212 MiB, 39, 27.52 W
2026/09/22 02:54:52.814, NVIDIA GeForce RTX 4060 Ti, 24 %, 3207 MiB, 39, 27.50 W
2026/09/22 02:54:53.815, NVIDIA GeForce RTX 4060 Ti, 22 %, 3207 MiB, 39, 26.17 W
2026/09/22 02:54:54.817, NVIDIA GeForce RTX 4060 Ti, 32 %, 3212 MiB, 39, 26.62 W
2026/09/22 02:54:55.818, NVIDIA GeForce RTX 4060 Ti, 36 %, 3212 MiB, 39, 26.56 W
2026/09/22 02:54:56.820, NVIDIA GeForce RTX 4060 Ti, 29 %, 3207 MiB, 39, 28.17 W
2026/09/22 02:54:57.823, NVIDIA GeForce RTX 4060 Ti, 29 %, 3207 MiB, 40, 30.43 W
2026/09/22 02:54:58.824, NVIDIA GeForce RTX 4060 Ti, 27 %, 3212 MiB, 40, 28.95 W
2026/09/22 02:54:59.825, NVIDIA GeForce RTX 4060 Ti, 27 %, 3212 MiB, 40, 32.97 W
2026/09/22 02:55:00.827, NVIDIA GeForce RTX 4060 Ti, 20 %, 3207 MiB, 40, 34.13 W
2026/09/22 02:55:01.828, NVIDIA GeForce RTX 4060 Ti, 28 %, 3207 MiB, 41, 35.08 W
2026/09/22 02:55:02.829, NVIDIA GeForce RTX 4060 Ti, 34 %, 3212 MiB, 40, 35.25 W
2026/09/22 02:55:03.831, NVIDIA GeForce RTX 4060 Ti, 27 %, 3212 MiB, 41, 34.54 W
2026/09/22 02:55:04.832, NVIDIA GeForce RTX 4060 Ti, 35 %, 3207 MiB, 40, 32.01 W
2026/09/22 02:55:05.833, NVIDIA GeForce RTX 4060 Ti, 24 %, 3207 MiB, 41, 37.45 W
2026/09/22 02:55:06.835, NVIDIA GeForce RTX 4060 Ti, 32 %, 3212 MiB, 41, 39.61 W
2026/09/22 02:55:07.846, NVIDIA GeForce RTX 4060 Ti, 18 %, 3212 MiB, 39, 31.55 W
2026/09/22 02:55:08.848, NVIDIA GeForce RTX 4060 Ti, 28 %, 3212 MiB, 39, 28.04 W
2026/09/22 02:55:09.849, NVIDIA GeForce RTX 4060 Ti, 26 %, 3207 MiB, 39, 28.86 W
2026/09/22 02:55:10.851, NVIDIA GeForce RTX 4060 Ti, 29 %, 3212 MiB, 40, 35.00 W
2026/09/22 02:55:11.852, NVIDIA GeForce RTX 4060 Ti, 27 %, 3213 MiB, 40, 36.76 W
2026/09/22 02:55:12.854, NVIDIA GeForce RTX 4060 Ti, 52 %, 3207 MiB, 40, 36.90 W
2026/09/22 02:55:13.856, NVIDIA GeForce RTX 4060 Ti, 42 %, 3207 MiB, 43, 43.17 W
2026/09/22 02:55:14.858, NVIDIA GeForce RTX 4060 Ti, 24 %, 3212 MiB, 41, 42.32 W
2026/09/22 02:55:15.859, NVIDIA GeForce RTX 4060 Ti, 23 %, 3212 MiB, 41, 41.61 W
2026/09/22 02:55:16.860, NVIDIA GeForce RTX 4060 Ti, 30 %, 3207 MiB, 40, 34.99 W
2026/09/22 02:55:17.861, NVIDIA GeForce RTX 4060 Ti, 29 %, 3209 MiB, 40, 34.62 W
2026/09/22 02:55:18.863, NVIDIA GeForce RTX 4060 Ti, 25 %, 3214 MiB, 41, 31.96 W
2026/09/22 02:55:19.864, NVIDIA GeForce RTX 4060 Ti, 37 %, 3214 MiB, 40, 28.37 W
2026/09/22 02:55:20.866, NVIDIA GeForce RTX 4060 Ti, 33 %, 3214 MiB, 41, 29.33 W
2026/09/22 02:55:21.867, NVIDIA GeForce RTX 4060 Ti, 37 %, 3210 MiB, 40, 27.68 W
2026/09/22 02:55:22.868, NVIDIA GeForce RTX 4060 Ti, 34 %, 3214 MiB, 40, 26.45 W
2026/09/22 02:55:23.870, NVIDIA GeForce RTX 4060 Ti, 38 %, 3214 MiB, 40, 28.00 W
2026/09/22 02:55:24.872, NVIDIA GeForce RTX 4060 Ti, 38 %, 3214 MiB, 40, 28.14 W
2026/09/22 02:55:25.874, NVIDIA GeForce RTX 4060 Ti, 25 %, 3209 MiB, 40, 27.27 W
2026/09/22 02:55:26.876, NVIDIA GeForce RTX 4060 Ti, 41 %, 3214 MiB, 40, 28.11 W
2026/09/22 02:55:27.877, NVIDIA GeForce RTX 4060 Ti, 40 %, 3214 MiB, 40, 28.65 W
2026/09/22 02:55:28.878, NVIDIA GeForce RTX 4060 Ti, 28 %, 3209 MiB, 40, 28.55 W
2026/09/22 02:55:29.880, NVIDIA GeForce RTX 4060 Ti, 36 %, 3209 MiB, 40, 28.37 W
2026/09/22 02:55:30.882, NVIDIA GeForce RTX 4060 Ti, 36 %, 3214 MiB, 40, 27.36 W
2026/09/22 02:55:31.883, NVIDIA GeForce RTX 4060 Ti, 28 %, 3213 MiB, 40, 27.32 W
2026/09/22 02:55:32.885, NVIDIA GeForce RTX 4060 Ti, 29 %, 3213 MiB, 40, 28.70 W
2026/09/22 02:55:33.887, NVIDIA GeForce RTX 4060 Ti, 33 %, 3208 MiB, 40, 29.35 W
2026/09/22 02:55:34.889, NVIDIA GeForce RTX 4060 Ti, 27 %, 3213 MiB, 41, 28.14 W
2026/09/22 02:55:35.891, NVIDIA GeForce RTX 4060 Ti, 35 %, 3213 MiB, 40, 28.69 W
2026/09/22 02:55:36.893, NVIDIA GeForce RTX 4060 Ti, 26 %, 3213 MiB, 40, 29.25 W
2026/09/22 02:55:37.894, NVIDIA GeForce RTX 4060 Ti, 30 %, 3208 MiB, 40, 27.95 W
2026/09/22 02:55:38.896, NVIDIA GeForce RTX 4060 Ti, 35 %, 3213 MiB, 39, 26.61 W
2026/09/22 02:55:39.897, NVIDIA GeForce RTX 4060 Ti, 40 %, 3213 MiB, 40, 27.97 W
2026/09/22 02:55:40.899, NVIDIA GeForce RTX 4060 Ti, 34 %, 3213 MiB, 40, 29.16 W
2026/09/22 02:55:41.900, NVIDIA GeForce RTX 4060 Ti, 30 %, 3208 MiB, 40, 26.35 W
2026/09/22 02:55:42.901, NVIDIA GeForce RTX 4060 Ti, 32 %, 3213 MiB, 40, 26.95 W
2026/09/22 02:55:43.903, NVIDIA GeForce RTX 4060 Ti, 26 %, 3213 MiB, 40, 27.91 W
2026/09/22 02:55:44.905, NVIDIA GeForce RTX 4060 Ti, 36 %, 3208 MiB, 40, 28.28 W
2026/09/22 02:55:45.908, NVIDIA GeForce RTX 4060 Ti, 29 %, 3208 MiB, 40, 28.52 W
2026/09/22 02:55:46.910, NVIDIA GeForce RTX 4060 Ti, 22 %, 3214 MiB, 40, 27.76 W
2026/09/22 02:55:47.911, NVIDIA GeForce RTX 4060 Ti, 32 %, 3215 MiB, 40, 28.68 W
2026/09/22 02:55:48.912, NVIDIA GeForce RTX 4060 Ti, 25 %, 3214 MiB, 40, 26.86 W
2026/09/22 02:55:49.914, NVIDIA GeForce RTX 4060 Ti, 35 %, 3214 MiB, 40, 28.16 W
2026/09/22 02:55:50.916, NVIDIA GeForce RTX 4060 Ti, 25 %, 3214 MiB, 40, 29.19 W
2026/09/22 02:55:51.917, NVIDIA GeForce RTX 4060 Ti, 20 %, 3214 MiB, 40, 27.07 W
2026/09/22 02:55:52.918, NVIDIA GeForce RTX 4060 Ti, 26 %, 3208 MiB, 40, 27.40 W
2026/09/22 02:55:53.920, NVIDIA GeForce RTX 4060 Ti, 30 %, 3216 MiB, 40, 27.89 W
2026/09/22 02:55:54.922, NVIDIA GeForce RTX 4060 Ti, 31 %, 3216 MiB, 40, 26.44 W
2026/09/22 02:55:55.924, NVIDIA GeForce RTX 4060 Ti, 24 %, 3216 MiB, 39, 24.90 W
2026/09/22 02:55:56.925, NVIDIA GeForce RTX 4060 Ti, 51 %, 3214 MiB, 40, 27.06 W
2026/09/22 02:55:57.927, NVIDIA GeForce RTX 4060 Ti, 39 %, 3215 MiB, 40, 28.40 W
2026/09/22 02:55:58.928, NVIDIA GeForce RTX 4060 Ti, 39 %, 3215 MiB, 41, 33.14 W
2026/09/22 02:55:59.930, NVIDIA GeForce RTX 4060 Ti, 40 %, 3208 MiB, 41, 33.30 W
2026/09/22 02:56:00.931, NVIDIA GeForce RTX 4060 Ti, 29 %, 3208 MiB, 40, 29.95 W
2026/09/22 02:56:01.933, NVIDIA GeForce RTX 4060 Ti, 26 %, 3213 MiB, 40, 33.02 W
2026/09/22 02:56:02.934, NVIDIA GeForce RTX 4060 Ti, 30 %, 3214 MiB, 41, 35.48 W
2026/09/22 02:56:03.935, NVIDIA GeForce RTX 4060 Ti, 37 %, 3208 MiB, 40, 34.55 W
2026/09/22 02:56:04.937, NVIDIA GeForce RTX 4060 Ti, 28 %, 3208 MiB, 41, 33.09 W
2026/09/22 02:56:05.943, NVIDIA GeForce RTX 4060 Ti, 57 %, 3213 MiB, 41, 30.52 W
2026/09/22 02:56:06.944, NVIDIA GeForce RTX 4060 Ti, 35 %, 3214 MiB, 41, 37.03 W
2026/09/22 02:56:07.946, NVIDIA GeForce RTX 4060 Ti, 29 %, 3208 MiB, 41, 37.17 W
2026/09/22 02:56:08.947, NVIDIA GeForce RTX 4060 Ti, 27 %, 3208 MiB, 40, 32.56 W
2026/09/22 02:56:09.949, NVIDIA GeForce RTX 4060 Ti, 28 %, 3213 MiB, 40, 31.46 W
2026/09/22 02:56:10.951, NVIDIA GeForce RTX 4060 Ti, 23 %, 3213 MiB, 41, 32.02 W
2026/09/22 02:56:11.952, NVIDIA GeForce RTX 4060 Ti, 53 %, 3208 MiB, 41, 30.68 W
2026/09/22 02:56:12.954, NVIDIA GeForce RTX 4060 Ti, 25 %, 3208 MiB, 41, 37.51 W
2026/09/22 02:56:13.956, NVIDIA GeForce RTX 4060 Ti, 31 %, 3213 MiB, 41, 37.20 W
2026/09/22 02:56:14.959, NVIDIA GeForce RTX 4060 Ti, 50 %, 3213 MiB, 43, 42.45 W
2026/09/22 02:56:15.961, NVIDIA GeForce RTX 4060 Ti, 29 %, 3213 MiB, 43, 50.95 W
2026/09/22 02:56:16.963, NVIDIA GeForce RTX 4060 Ti, 27 %, 3208 MiB, 42, 45.70 W
2026/09/22 02:56:17.964, NVIDIA GeForce RTX 4060 Ti, 27 %, 3213 MiB, 43, 37.67 W
2026/09/22 02:56:18.966, NVIDIA GeForce RTX 4060 Ti, 20 %, 3215 MiB, 41, 32.84 W
2026/09/22 02:56:19.967, NVIDIA GeForce RTX 4060 Ti, 33 %, 3216 MiB, 41, 30.62 W
2026/09/22 02:56:20.969, NVIDIA GeForce RTX 4060 Ti, 42 %, 3216 MiB, 41, 28.07 W
2026/09/22 02:56:21.970, NVIDIA GeForce RTX 4060 Ti, 29 %, 3216 MiB, 41, 28.43 W
2026/09/22 02:56:22.973, NVIDIA GeForce RTX 4060 Ti, 36 %, 3216 MiB, 40, 28.32 W
2026/09/22 02:56:23.975, NVIDIA GeForce RTX 4060 Ti, 36 %, 3210 MiB, 41, 29.31 W
2026/09/22 02:56:24.976, NVIDIA GeForce RTX 4060 Ti, 25 %, 3210 MiB, 40, 28.39 W
2026/09/22 02:56:25.978, NVIDIA GeForce RTX 4060 Ti, 27 %, 3215 MiB, 40, 27.64 W
2026/09/22 02:56:26.979, NVIDIA GeForce RTX 4060 Ti, 37 %, 3215 MiB, 40, 27.50 W
2026/09/22 02:56:27.980, NVIDIA GeForce RTX 4060 Ti, 29 %, 3215 MiB, 40, 27.00 W
2026/09/22 02:56:28.982, NVIDIA GeForce RTX 4060 Ti, 43 %, 3216 MiB, 41, 27.95 W
2026/09/22 02:56:29.983, NVIDIA GeForce RTX 4060 Ti, 35 %, 3216 MiB, 41, 27.15 W
2026/09/22 02:56:30.985, NVIDIA GeForce RTX 4060 Ti, 26 %, 3217 MiB, 41, 28.99 W
2026/09/22 02:56:31.986, NVIDIA GeForce RTX 4060 Ti, 28 %, 3210 MiB, 41, 29.47 W
2026/09/22 02:56:32.988, NVIDIA GeForce RTX 4060 Ti, 33 %, 3211 MiB, 41, 32.98 W
2026/09/22 02:56:33.990, NVIDIA GeForce RTX 4060 Ti, 35 %, 3216 MiB, 41, 29.69 W
2026/09/22 02:56:34.992, NVIDIA GeForce RTX 4060 Ti, 27 %, 3216 MiB, 40, 28.96 W
2026/09/22 02:56:35.993, NVIDIA GeForce RTX 4060 Ti, 28 %, 3210 MiB, 41, 27.93 W
2026/09/22 02:56:36.995, NVIDIA GeForce RTX 4060 Ti, 33 %, 3210 MiB, 41, 30.07 W
2026/09/22 02:56:37.996, NVIDIA GeForce RTX 4060 Ti, 25 %, 3215 MiB, 41, 27.66 W
2026/09/22 02:56:38.998, NVIDIA GeForce RTX 4060 Ti, 45 %, 3216 MiB, 41, 27.14 W
2026/09/22 02:56:39.999, NVIDIA GeForce RTX 4060 Ti, 41 %, 3210 MiB, 41, 27.08 W
2026/09/22 02:56:41.000, NVIDIA GeForce RTX 4060 Ti, 38 %, 3210 MiB, 41, 28.60 W
2026/09/22 02:56:42.002, NVIDIA GeForce RTX 4060 Ti, 30 %, 3215 MiB, 40, 26.97 W
2026/09/22 02:56:43.004, NVIDIA GeForce RTX 4060 Ti, 36 %, 3216 MiB, 41, 28.14 W
2026/09/22 02:56:44.009, NVIDIA GeForce RTX 4060 Ti, 25 %, 3210 MiB, 41, 28.15 W
2026/09/22 02:56:45.011, NVIDIA GeForce RTX 4060 Ti, 44 %, 3210 MiB, 40, 27.92 W
2026/09/22 02:56:46.014, NVIDIA GeForce RTX 4060 Ti, 29 %, 3215 MiB, 41, 28.30 W
2026/09/22 02:56:47.016, NVIDIA GeForce RTX 4060 Ti, 26 %, 3216 MiB, 41, 28.51 W
2026/09/22 02:56:48.018, NVIDIA GeForce RTX 4060 Ti, 27 %, 3210 MiB, 41, 31.19 W
2026/09/22 02:56:49.020, NVIDIA GeForce RTX 4060 Ti, 24 %, 3210 MiB, 41, 30.56 W
2026/09/22 02:56:50.021, NVIDIA GeForce RTX 4060 Ti, 44 %, 3215 MiB, 41, 29.10 W
2026/09/22 02:56:51.023, NVIDIA GeForce RTX 4060 Ti, 33 %, 3215 MiB, 41, 28.79 W
2026/09/22 02:56:52.026, NVIDIA GeForce RTX 4060 Ti, 41 %, 3210 MiB, 41, 27.98 W
2026/09/22 02:56:53.027, NVIDIA GeForce RTX 4060 Ti, 40 %, 3210 MiB, 41, 28.79 W
2026/09/22 02:56:54.028, NVIDIA GeForce RTX 4060 Ti, 23 %, 3215 MiB, 41, 26.50 W
2026/09/22 02:56:55.030, NVIDIA GeForce RTX 4060 Ti, 27 %, 3215 MiB, 41, 26.71 W
2026/09/22 02:56:56.031, NVIDIA GeForce RTX 4060 Ti, 36 %, 3210 MiB, 41, 27.24 W
2026/09/22 02:56:57.033, NVIDIA GeForce RTX 4060 Ti, 38 %, 3210 MiB, 41, 28.73 W
2026/09/22 02:56:58.035, NVIDIA GeForce RTX 4060 Ti, 37 %, 3215 MiB, 41, 28.24 W
2026/09/22 02:56:59.036, NVIDIA GeForce RTX 4060 Ti, 48 %, 3215 MiB, 41, 29.78 W
2026/09/22 02:57:00.037, NVIDIA GeForce RTX 4060 Ti, 22 %, 3210 MiB, 41, 33.20 W
2026/09/22 02:57:01.039, NVIDIA GeForce RTX 4060 Ti, 39 %, 3210 MiB, 41, 32.77 W
2026/09/22 02:57:02.042, NVIDIA GeForce RTX 4060 Ti, 33 %, 3217 MiB, 41, 33.50 W
2026/09/22 02:57:03.043, NVIDIA GeForce RTX 4060 Ti, 26 %, 3217 MiB, 42, 35.13 W
2026/09/22 02:57:04.045, NVIDIA GeForce RTX 4060 Ti, 27 %, 3217 MiB, 42, 34.90 W
2026/09/22 02:57:05.046, NVIDIA GeForce RTX 4060 Ti, 31 %, 3211 MiB, 41, 33.12 W
2026/09/22 02:57:06.048, NVIDIA GeForce RTX 4060 Ti, 17 %, 3216 MiB, 41, 33.11 W
2026/09/22 02:57:07.050, NVIDIA GeForce RTX 4060 Ti, 31 %, 3216 MiB, 42, 33.66 W
2026/09/22 02:57:08.051, NVIDIA GeForce RTX 4060 Ti, 30 %, 3217 MiB, 42, 33.58 W
2026/09/22 02:57:09.053, NVIDIA GeForce RTX 4060 Ti, 33 %, 3218 MiB, 40, 28.12 W
2026/09/22 02:57:10.055, NVIDIA GeForce RTX 4060 Ti, 37 %, 3219 MiB, 41, 28.06 W
2026/09/22 02:57:11.056, NVIDIA GeForce RTX 4060 Ti, 38 %, 3218 MiB, 40, 27.61 W
2026/09/22 02:57:12.058, NVIDIA GeForce RTX 4060 Ti, 39 %, 3218 MiB, 41, 33.21 W
2026/09/22 02:57:13.060, NVIDIA GeForce RTX 4060 Ti, 29 %, 3212 MiB, 41, 36.58 W
2026/09/22 02:57:14.061, NVIDIA GeForce RTX 4060 Ti, 28 %, 3217 MiB, 43, 36.62 W
2026/09/22 02:57:15.063, NVIDIA GeForce RTX 4060 Ti, 27 %, 3217 MiB, 43, 40.94 W
2026/09/22 02:57:16.064, NVIDIA GeForce RTX 4060 Ti, 42 %, 3216 MiB, 42, 44.40 W
2026/09/22 02:57:17.065, NVIDIA GeForce RTX 4060 Ti, 23 %, 3211 MiB, 42, 43.11 W
2026/09/22 02:57:18.067, NVIDIA GeForce RTX 4060 Ti, 16 %, 3216 MiB, 44, 46.26 W
2026/09/22 02:57:19.068, NVIDIA GeForce RTX 4060 Ti, 21 %, 3220 MiB, 42, 43.28 W
2026/09/22 02:57:20.069, NVIDIA GeForce RTX 4060 Ti, 19 %, 3220 MiB, 41, 38.91 W
2026/09/22 02:57:21.071, NVIDIA GeForce RTX 4060 Ti, 18 %, 3220 MiB, 42, 33.15 W
2026/09/22 02:57:22.073, NVIDIA GeForce RTX 4060 Ti, 30 %, 3220 MiB, 41, 32.85 W
2026/09/22 02:57:23.077, NVIDIA GeForce RTX 4060 Ti, 35 %, 3220 MiB, 42, 32.97 W
2026/09/22 02:57:24.079, NVIDIA GeForce RTX 4060 Ti, 33 %, 3219 MiB, 41, 32.48 W
2026/09/22 02:57:25.081, NVIDIA GeForce RTX 4060 Ti, 36 %, 3215 MiB, 41, 32.38 W
2026/09/22 02:57:26.082, NVIDIA GeForce RTX 4060 Ti, 27 %, 3220 MiB, 41, 32.40 W
2026/09/22 02:57:27.084, NVIDIA GeForce RTX 4060 Ti, 35 %, 3220 MiB, 41, 34.12 W
2026/09/22 02:57:28.085, NVIDIA GeForce RTX 4060 Ti, 25 %, 3219 MiB, 41, 28.56 W
2026/09/22 02:57:29.087, NVIDIA GeForce RTX 4060 Ti, 26 %, 3214 MiB, 41, 26.69 W
2026/09/22 02:57:30.089, NVIDIA GeForce RTX 4060 Ti, 30 %, 3219 MiB, 41, 30.61 W
2026/09/22 02:57:31.090, NVIDIA GeForce RTX 4060 Ti, 31 %, 3219 MiB, 41, 33.03 W
2026/09/22 02:57:32.092, NVIDIA GeForce RTX 4060 Ti, 23 %, 3218 MiB, 42, 30.61 W
2026/09/22 02:57:33.094, NVIDIA GeForce RTX 4060 Ti, 32 %, 3214 MiB, 42, 28.32 W
2026/09/22 02:57:34.095, NVIDIA GeForce RTX 4060 Ti, 36 %, 3219 MiB, 41, 28.74 W
2026/09/22 02:57:35.097, NVIDIA GeForce RTX 4060 Ti, 34 %, 3219 MiB, 42, 31.39 W
2026/09/22 02:57:36.098, NVIDIA GeForce RTX 4060 Ti, 24 %, 3218 MiB, 41, 30.60 W
2026/09/22 02:57:37.099, NVIDIA GeForce RTX 4060 Ti, 28 %, 3214 MiB, 42, 34.53 W
2026/09/22 02:57:38.101, NVIDIA GeForce RTX 4060 Ti, 27 %, 3219 MiB, 41, 33.16 W
2026/09/22 02:57:39.102, NVIDIA GeForce RTX 4060 Ti, 22 %, 3219 MiB, 42, 33.55 W
2026/09/22 02:57:40.104, NVIDIA GeForce RTX 4060 Ti, 23 %, 3218 MiB, 42, 33.09 W
2026/09/22 02:57:41.106, NVIDIA GeForce RTX 4060 Ti, 30 %, 3214 MiB, 41, 29.24 W
2026/09/22 02:57:42.107, NVIDIA GeForce RTX 4060 Ti, 39 %, 3219 MiB, 42, 32.96 W
2026/09/22 02:57:43.109, NVIDIA GeForce RTX 4060 Ti, 23 %, 3221 MiB, 41, 29.99 W
2026/09/22 02:57:44.111, NVIDIA GeForce RTX 4060 Ti, 37 %, 3221 MiB, 42, 28.51 W
2026/09/22 02:57:45.112, NVIDIA GeForce RTX 4060 Ti, 39 %, 3220 MiB, 42, 31.75 W
2026/09/22 02:57:46.113, NVIDIA GeForce RTX 4060 Ti, 20 %, 3220 MiB, 42, 33.37 W
2026/09/22 02:57:47.115, NVIDIA GeForce RTX 4060 Ti, 25 %, 3220 MiB, 42, 32.07 W
2026/09/22 02:57:48.116, NVIDIA GeForce RTX 4060 Ti, 44 %, 3218 MiB, 42, 29.68 W
2026/09/22 02:57:49.118, NVIDIA GeForce RTX 4060 Ti, 30 %, 3214 MiB, 42, 28.54 W
2026/09/22 02:57:50.119, NVIDIA GeForce RTX 4060 Ti, 25 %, 3219 MiB, 41, 28.16 W
2026/09/22 02:57:51.121, NVIDIA GeForce RTX 4060 Ti, 28 %, 3219 MiB, 42, 35.00 W
2026/09/22 02:57:52.123, NVIDIA GeForce RTX 4060 Ti, 21 %, 3217 MiB, 41, 33.31 W
2026/09/22 02:57:53.125, NVIDIA GeForce RTX 4060 Ti, 49 %, 3214 MiB, 41, 28.97 W
2026/09/22 02:57:54.127, NVIDIA GeForce RTX 4060 Ti, 30 %, 3219 MiB, 41, 33.07 W
2026/09/22 02:57:55.128, NVIDIA GeForce RTX 4060 Ti, 26 %, 3219 MiB, 41, 28.52 W
2026/09/22 02:57:56.129, NVIDIA GeForce RTX 4060 Ti, 18 %, 3217 MiB, 41, 29.16 W
2026/09/22 02:57:57.131, NVIDIA GeForce RTX 4060 Ti, 29 %, 3214 MiB, 42, 31.36 W
2026/09/22 02:57:58.132, NVIDIA GeForce RTX 4060 Ti, 38 %, 3219 MiB, 42, 35.85 W
2026/09/22 02:57:59.134, NVIDIA GeForce RTX 4060 Ti, 31 %, 3219 MiB, 42, 33.86 W
2026/09/22 02:58:00.135, NVIDIA GeForce RTX 4060 Ti, 21 %, 3218 MiB, 42, 34.04 W
2026/09/22 02:58:01.137, NVIDIA GeForce RTX 4060 Ti, 24 %, 3214 MiB, 42, 34.14 W
2026/09/22 02:58:02.138, NVIDIA GeForce RTX 4060 Ti, 31 %, 3219 MiB, 41, 32.64 W
2026/09/22 02:58:03.140, NVIDIA GeForce RTX 4060 Ti, 30 %, 3219 MiB, 41, 29.15 W
2026/09/22 02:58:04.142, NVIDIA GeForce RTX 4060 Ti, 27 %, 3217 MiB, 42, 33.81 W
2026/09/22 02:58:05.143, NVIDIA GeForce RTX 4060 Ti, 20 %, 3214 MiB, 42, 33.75 W
2026/09/22 02:58:06.145, NVIDIA GeForce RTX 4060 Ti, 28 %, 3219 MiB, 42, 33.63 W
2026/09/22 02:58:07.146, NVIDIA GeForce RTX 4060 Ti, 21 %, 3219 MiB, 41, 29.11 W
2026/09/22 02:58:08.148, NVIDIA GeForce RTX 4060 Ti, 42 %, 3218 MiB, 42, 31.74 W
2026/09/22 02:58:09.150, NVIDIA GeForce RTX 4060 Ti, 35 %, 3214 MiB, 42, 34.01 W
2026/09/22 02:58:10.151, NVIDIA GeForce RTX 4060 Ti, 34 %, 3219 MiB, 42, 32.61 W
2026/09/22 02:58:11.152, NVIDIA GeForce RTX 4060 Ti, 26 %, 3219 MiB, 41, 31.95 W
2026/09/22 02:58:12.153, NVIDIA GeForce RTX 4060 Ti, 22 %, 3217 MiB, 41, 31.45 W
2026/09/22 02:58:13.155, NVIDIA GeForce RTX 4060 Ti, 23 %, 3214 MiB, 42, 33.45 W
2026/09/22 02:58:14.157, NVIDIA GeForce RTX 4060 Ti, 39 %, 3219 MiB, 42, 34.00 W
2026/09/22 02:58:15.159, NVIDIA GeForce RTX 4060 Ti, 38 %, 3219 MiB, 42, 35.00 W
2026/09/22 02:58:16.161, NVIDIA GeForce RTX 4060 Ti, 25 %, 3218 MiB, 42, 32.09 W
2026/09/22 02:58:17.162, NVIDIA GeForce RTX 4060 Ti, 48 %, 3220 MiB, 41, 31.95 W
2026/09/22 02:58:18.164, NVIDIA GeForce RTX 4060 Ti, 24 %, 3221 MiB, 42, 36.73 W
2026/09/22 02:58:19.165, NVIDIA GeForce RTX 4060 Ti, 23 %, 3221 MiB, 42, 33.73 W
2026/09/22 02:58:20.167, NVIDIA GeForce RTX 4060 Ti, 28 %, 3221 MiB, 41, 29.58 W
2026/09/22 02:58:21.168, NVIDIA GeForce RTX 4060 Ti, 44 %, 3215 MiB, 41, 30.71 W
2026/09/22 02:58:22.170, NVIDIA GeForce RTX 4060 Ti, 39 %, 3228 MiB, 41, 33.96 W
2026/09/22 02:58:23.171, NVIDIA GeForce RTX 4060 Ti, 36 %, 3229 MiB, 41, 29.18 W
2026/09/22 02:58:24.183, NVIDIA GeForce RTX 4060 Ti, 30 %, 3229 MiB, 41, 27.12 W
2026/09/22 02:58:25.184, NVIDIA GeForce RTX 4060 Ti, 35 %, 3229 MiB, 42, 31.42 W
2026/09/22 02:58:26.186, NVIDIA GeForce RTX 4060 Ti, 23 %, 3229 MiB, 43, 34.07 W
2026/09/22 02:58:27.187, NVIDIA GeForce RTX 4060 Ti, 28 %, 3220 MiB, 42, 33.05 W
2026/09/22 02:58:28.189, NVIDIA GeForce RTX 4060 Ti, 38 %, 3220 MiB, 42, 31.66 W
2026/09/22 02:58:29.191, NVIDIA GeForce RTX 4060 Ti, 46 %, 3223 MiB, 42, 29.86 W
2026/09/22 02:58:30.193, NVIDIA GeForce RTX 4060 Ti, 29 %, 3222 MiB, 42, 32.35 W
2026/09/22 02:58:31.195, NVIDIA GeForce RTX 4060 Ti, 39 %, 3216 MiB, 42, 31.69 W
2026/09/22 02:58:32.196, NVIDIA GeForce RTX 4060 Ti, 38 %, 3220 MiB, 42, 30.11 W
2026/09/22 02:58:33.197, NVIDIA GeForce RTX 4060 Ti, 14 %, 3220 MiB, 42, 31.34 W
2026/09/22 02:58:34.199, NVIDIA GeForce RTX 4060 Ti, 37 %, 3220 MiB, 42, 32.71 W
2026/09/22 02:58:35.201, NVIDIA GeForce RTX 4060 Ti, 37 %, 3215 MiB, 43, 31.26 W
2026/09/22 02:58:36.202, NVIDIA GeForce RTX 4060 Ti, 32 %, 3215 MiB, 42, 29.38 W
2026/09/22 02:58:37.204, NVIDIA GeForce RTX 4060 Ti, 19 %, 3219 MiB, 41, 25.99 W
2026/09/22 02:58:38.205, NVIDIA GeForce RTX 4060 Ti, 19 %, 3219 MiB, 42, 31.15 W
2026/09/22 02:58:39.207, NVIDIA GeForce RTX 4060 Ti, 32 %, 3214 MiB, 42, 34.02 W
2026/09/22 02:58:40.209, NVIDIA GeForce RTX 4060 Ti, 18 %, 3219 MiB, 42, 29.28 W
2026/09/22 02:58:41.210, NVIDIA GeForce RTX 4060 Ti, 23 %, 3219 MiB, 41, 27.22 W
2026/09/22 02:58:42.212, NVIDIA GeForce RTX 4060 Ti, 26 %, 3219 MiB, 41, 27.32 W
2026/09/22 02:58:43.213, NVIDIA GeForce RTX 4060 Ti, 27 %, 3214 MiB, 41, 26.60 W
2026/09/22 02:58:44.214, NVIDIA GeForce RTX 4060 Ti, 57 %, 3219 MiB, 41, 28.07 W
2026/09/22 02:58:45.216, NVIDIA GeForce RTX 4060 Ti, 35 %, 3219 MiB, 42, 34.42 W
2026/09/22 02:58:46.217, NVIDIA GeForce RTX 4060 Ti, 31 %, 3219 MiB, 42, 32.31 W
2026/09/22 02:58:47.218, NVIDIA GeForce RTX 4060 Ti, 23 %, 3214 MiB, 42, 33.01 W
2026/09/22 02:58:48.220, NVIDIA GeForce RTX 4060 Ti, 19 %, 3219 MiB, 44, 32.66 W
2026/09/22 02:58:49.221, NVIDIA GeForce RTX 4060 Ti, 20 %, 3219 MiB, 42, 33.84 W
2026/09/22 02:58:50.222, NVIDIA GeForce RTX 4060 Ti, 28 %, 3219 MiB, 42, 35.26 W
2026/09/22 02:58:51.224, NVIDIA GeForce RTX 4060 Ti, 44 %, 3214 MiB, 42, 30.76 W
2026/09/22 02:58:52.226, NVIDIA GeForce RTX 4060 Ti, 45 %, 3219 MiB, 42, 33.92 W
2026/09/22 02:58:53.229, NVIDIA GeForce RTX 4060 Ti, 22 %, 3220 MiB, 42, 33.13 W
2026/09/22 02:58:54.231, NVIDIA GeForce RTX 4060 Ti, 32 %, 3220 MiB, 42, 33.90 W
2026/09/22 02:58:55.232, NVIDIA GeForce RTX 4060 Ti, 36 %, 3219 MiB, 42, 35.71 W
2026/09/22 02:58:56.234, NVIDIA GeForce RTX 4060 Ti, 26 %, 3220 MiB, 42, 34.07 W
2026/09/22 02:58:57.235, NVIDIA GeForce RTX 4060 Ti, 41 %, 3220 MiB, 42, 32.61 W
2026/09/22 02:58:58.236, NVIDIA GeForce RTX 4060 Ti, 31 %, 3220 MiB, 42, 28.11 W
2026/09/22 02:58:59.238, NVIDIA GeForce RTX 4060 Ti, 26 %, 3215 MiB, 42, 33.38 W
2026/09/22 02:59:00.240, NVIDIA GeForce RTX 4060 Ti, 25 %, 3220 MiB, 42, 33.17 W
2026/09/22 02:59:01.241, NVIDIA GeForce RTX 4060 Ti, 34 %, 3220 MiB, 42, 30.40 W
2026/09/22 02:59:02.246, NVIDIA GeForce RTX 4060 Ti, 39 %, 3219 MiB, 42, 29.32 W
2026/09/22 02:59:03.248, NVIDIA GeForce RTX 4060 Ti, 41 %, 3214 MiB, 42, 30.29 W
2026/09/22 02:59:04.249, NVIDIA GeForce RTX 4060 Ti, 31 %, 3219 MiB, 42, 34.92 W
2026/09/22 02:59:05.250, NVIDIA GeForce RTX 4060 Ti, 35 %, 3219 MiB, 42, 34.68 W
2026/09/22 02:59:06.252, NVIDIA GeForce RTX 4060 Ti, 28 %, 3218 MiB, 42, 33.03 W
2026/09/22 02:59:07.253, NVIDIA GeForce RTX 4060 Ti, 20 %, 3214 MiB, 42, 32.44 W
2026/09/22 02:59:08.255, NVIDIA GeForce RTX 4060 Ti, 30 %, 3219 MiB, 42, 34.94 W
2026/09/22 02:59:09.257, NVIDIA GeForce RTX 4060 Ti, 28 %, 3219 MiB, 42, 35.44 W
2026/09/22 02:59:10.258, NVIDIA GeForce RTX 4060 Ti, 37 %, 3217 MiB, 42, 29.81 W
2026/09/22 02:59:11.260, NVIDIA GeForce RTX 4060 Ti, 38 %, 3214 MiB, 42, 29.04 W
2026/09/22 02:59:12.262, NVIDIA GeForce RTX 4060 Ti, 39 %, 3219 MiB, 42, 29.65 W
2026/09/22 02:59:13.263, NVIDIA GeForce RTX 4060 Ti, 42 %, 3219 MiB, 43, 37.33 W
2026/09/22 02:59:14.265, NVIDIA GeForce RTX 4060 Ti, 28 %, 3218 MiB, 42, 35.67 W
2026/09/22 02:59:15.266, NVIDIA GeForce RTX 4060 Ti, 36 %, 3214 MiB, 44, 38.41 W
2026/09/22 02:59:16.268, NVIDIA GeForce RTX 4060 Ti, 27 %, 3219 MiB, 44, 50.88 W
2026/09/22 02:59:17.270, NVIDIA GeForce RTX 4060 Ti, 31 %, 3219 MiB, 45, 50.88 W
2026/09/22 02:59:18.271, NVIDIA GeForce RTX 4060 Ti, 38 %, 3218 MiB, 43, 38.73 W
2026/09/22 02:59:19.273, NVIDIA GeForce RTX 4060 Ti, 24 %, 3216 MiB, 42, 34.45 W
2026/09/22 02:59:20.275, NVIDIA GeForce RTX 4060 Ti, 25 %, 3221 MiB, 43, 32.22 W
2026/09/22 02:59:21.277, NVIDIA GeForce RTX 4060 Ti, 42 %, 3222 MiB, 42, 31.24 W
2026/09/22 02:59:22.279, NVIDIA GeForce RTX 4060 Ti, 29 %, 3221 MiB, 42, 30.57 W
2026/09/22 02:59:23.281, NVIDIA GeForce RTX 4060 Ti, 19 %, 3216 MiB, 42, 31.97 W
2026/09/22 02:59:24.282, NVIDIA GeForce RTX 4060 Ti, 39 %, 3221 MiB, 42, 28.92 W
2026/09/22 02:59:25.284, NVIDIA GeForce RTX 4060 Ti, 27 %, 3221 MiB, 42, 28.69 W
2026/09/22 02:59:26.285, NVIDIA GeForce RTX 4060 Ti, 28 %, 3219 MiB, 42, 26.37 W
2026/09/22 02:59:27.287, NVIDIA GeForce RTX 4060 Ti, 31 %, 3216 MiB, 42, 28.00 W
2026/09/22 02:59:28.288, NVIDIA GeForce RTX 4060 Ti, 40 %, 3221 MiB, 42, 28.82 W
2026/09/22 02:59:29.290, NVIDIA GeForce RTX 4060 Ti, 28 %, 3221 MiB, 42, 30.19 W
2026/09/22 02:59:30.291, NVIDIA GeForce RTX 4060 Ti, 19 %, 3223 MiB, 42, 31.83 W
2026/09/22 02:59:31.293, NVIDIA GeForce RTX 4060 Ti, 23 %, 3221 MiB, 42, 31.28 W
2026/09/22 02:59:32.295, NVIDIA GeForce RTX 4060 Ti, 23 %, 3222 MiB, 42, 30.23 W
2026/09/22 02:59:33.297, NVIDIA GeForce RTX 4060 Ti, 25 %, 3222 MiB, 42, 28.01 W
2026/09/22 02:59:34.298, NVIDIA GeForce RTX 4060 Ti, 29 %, 3220 MiB, 41, 27.16 W
2026/09/22 02:59:35.300, NVIDIA GeForce RTX 4060 Ti, 36 %, 3217 MiB, 42, 27.32 W
2026/09/22 02:59:36.302, NVIDIA GeForce RTX 4060 Ti, 42 %, 3222 MiB, 42, 26.54 W
2026/09/22 02:59:37.303, NVIDIA GeForce RTX 4060 Ti, 36 %, 3222 MiB, 42, 28.52 W
2026/09/22 02:59:38.305, NVIDIA GeForce RTX 4060 Ti, 35 %, 3219 MiB, 42, 27.26 W
2026/09/22 02:59:39.306, NVIDIA GeForce RTX 4060 Ti, 27 %, 3216 MiB, 42, 29.12 W
2026/09/22 02:59:40.308, NVIDIA GeForce RTX 4060 Ti, 21 %, 3221 MiB, 42, 27.59 W
2026/09/22 02:59:41.310, NVIDIA GeForce RTX 4060 Ti, 33 %, 3221 MiB, 42, 27.43 W
2026/09/22 02:59:42.312, NVIDIA GeForce RTX 4060 Ti, 27 %, 3219 MiB, 42, 26.92 W
2026/09/22 02:59:43.314, NVIDIA GeForce RTX 4060 Ti, 35 %, 3216 MiB, 42, 28.04 W
2026/09/22 02:59:44.315, NVIDIA GeForce RTX 4060 Ti, 37 %, 3221 MiB, 41, 27.85 W
2026/09/22 02:59:45.316, NVIDIA GeForce RTX 4060 Ti, 26 %, 3221 MiB, 42, 26.68 W
2026/09/22 02:59:46.318, NVIDIA GeForce RTX 4060 Ti, 41 %, 3219 MiB, 42, 29.64 W
2026/09/22 02:59:47.319, NVIDIA GeForce RTX 4060 Ti, 37 %, 3216 MiB, 42, 29.67 W
2026/09/22 02:59:48.321, NVIDIA GeForce RTX 4060 Ti, 33 %, 3221 MiB, 41, 27.16 W
2026/09/22 02:59:49.322, NVIDIA GeForce RTX 4060 Ti, 29 %, 3221 MiB, 42, 28.12 W
2026/09/22 02:59:50.324, NVIDIA GeForce RTX 4060 Ti, 23 %, 3219 MiB, 42, 25.83 W
2026/09/22 02:59:51.326, NVIDIA GeForce RTX 4060 Ti, 36 %, 3216 MiB, 43, 29.43 W
2026/09/22 02:59:52.328, NVIDIA GeForce RTX 4060 Ti, 29 %, 3221 MiB, 42, 27.49 W
2026/09/22 02:59:53.330, NVIDIA GeForce RTX 4060 Ti, 37 %, 3221 MiB, 42, 28.27 W
2026/09/22 02:59:54.331, NVIDIA GeForce RTX 4060 Ti, 32 %, 3219 MiB, 42, 28.92 W
2026/09/22 02:59:55.332, NVIDIA GeForce RTX 4060 Ti, 25 %, 3216 MiB, 42, 28.47 W
2026/09/22 02:59:56.334, NVIDIA GeForce RTX 4060 Ti, 25 %, 3221 MiB, 41, 27.75 W
2026/09/22 02:59:57.335, NVIDIA GeForce RTX 4060 Ti, 25 %, 3221 MiB, 42, 27.83 W
2026/09/22 02:59:58.337, NVIDIA GeForce RTX 4060 Ti, 25 %, 3220 MiB, 41, 27.44 W
2026/09/22 02:59:59.339, NVIDIA GeForce RTX 4060 Ti, 23 %, 3216 MiB, 42, 26.95 W
2026/09/22 03:00:00.340, NVIDIA GeForce RTX 4060 Ti, 31 %, 3221 MiB, 42, 28.27 W
2026/09/22 03:00:01.346, NVIDIA GeForce RTX 4060 Ti, 33 %, 3221 MiB, 42, 29.23 W
2026/09/22 03:00:02.348, NVIDIA GeForce RTX 4060 Ti, 27 %, 3215 MiB, 42, 31.47 W
2026/09/22 03:00:03.349, NVIDIA GeForce RTX 4060 Ti, 32 %, 3222 MiB, 42, 31.09 W
2026/09/22 03:00:04.351, NVIDIA GeForce RTX 4060 Ti, 35 %, 3222 MiB, 42, 30.76 W
2026/09/22 03:00:05.352, NVIDIA GeForce RTX 4060 Ti, 34 %, 3222 MiB, 42, 29.42 W
2026/09/22 03:00:06.354, NVIDIA GeForce RTX 4060 Ti, 31 %, 3222 MiB, 42, 28.90 W
2026/09/22 03:00:07.355, NVIDIA GeForce RTX 4060 Ti, 23 %, 3217 MiB, 42, 27.72 W
2026/09/22 03:00:08.357, NVIDIA GeForce RTX 4060 Ti, 41 %, 3222 MiB, 42, 28.44 W
2026/09/22 03:00:09.359, NVIDIA GeForce RTX 4060 Ti, 41 %, 3224 MiB, 42, 28.67 W
2026/09/22 03:00:10.360, NVIDIA GeForce RTX 4060 Ti, 35 %, 3224 MiB, 42, 29.16 W
2026/09/22 03:00:11.362, NVIDIA GeForce RTX 4060 Ti, 40 %, 3216 MiB, 42, 31.73 W
2026/09/22 03:00:12.363, NVIDIA GeForce RTX 4060 Ti, 26 %, 3222 MiB, 42, 33.24 W
2026/09/22 03:00:13.365, NVIDIA GeForce RTX 4060 Ti, 29 %, 3222 MiB, 41, 30.25 W
2026/09/22 03:00:14.367, NVIDIA GeForce RTX 4060 Ti, 34 %, 3222 MiB, 43, 33.76 W
2026/09/22 03:00:15.368, NVIDIA GeForce RTX 4060 Ti, 30 %, 3217 MiB, 42, 33.55 W
2026/09/22 03:00:16.370, NVIDIA GeForce RTX 4060 Ti, 15 %, 3217 MiB, 42, 31.94 W
2026/09/22 03:00:17.371, NVIDIA GeForce RTX 4060 Ti, 34 %, 3222 MiB, 42, 32.79 W
2026/09/22 03:00:18.373, NVIDIA GeForce RTX 4060 Ti, 37 %, 3222 MiB, 43, 33.06 W
2026/09/22 03:00:19.375, NVIDIA GeForce RTX 4060 Ti, 38 %, 3216 MiB, 43, 34.19 W
2026/09/22 03:00:20.377, NVIDIA GeForce RTX 4060 Ti, 24 %, 3216 MiB, 42, 31.17 W
2026/09/22 03:00:21.378, NVIDIA GeForce RTX 4060 Ti, 26 %, 3221 MiB, 42, 33.20 W
2026/09/22 03:00:22.380, NVIDIA GeForce RTX 4060 Ti, 30 %, 3221 MiB, 44, 35.01 W
2026/09/22 03:00:23.381, NVIDIA GeForce RTX 4060 Ti, 28 %, 3216 MiB, 44, 41.12 W
2026/09/22 03:00:24.382, NVIDIA GeForce RTX 4060 Ti, 39 %, 3216 MiB, 43, 39.22 W
2026/09/22 03:00:25.384, NVIDIA GeForce RTX 4060 Ti, 32 %, 3221 MiB, 42, 31.41 W
2026/09/22 03:00:26.386, NVIDIA GeForce RTX 4060 Ti, 29 %, 3221 MiB, 42, 28.13 W
2026/09/22 03:00:27.387, NVIDIA GeForce RTX 4060 Ti, 26 %, 3216 MiB, 42, 28.23 W
2026/09/22 03:00:28.389, NVIDIA GeForce RTX 4060 Ti, 39 %, 3216 MiB, 44, 37.39 W
2026/09/22 03:00:29.390, NVIDIA GeForce RTX 4060 Ti, 26 %, 3221 MiB, 44, 42.34 W
2026/09/22 03:00:30.392, NVIDIA GeForce RTX 4060 Ti, 34 %, 3221 MiB, 45, 42.64 W
2026/09/22 03:00:31.393, NVIDIA GeForce RTX 4060 Ti, 24 %, 3216 MiB, 44, 50.72 W
2026/09/22 03:00:32.395, NVIDIA GeForce RTX 4060 Ti, 25 %, 3216 MiB, 45, 51.72 W
2026/09/22 03:00:33.396, NVIDIA GeForce RTX 4060 Ti, 32 %, 3221 MiB, 44, 38.04 W
2026/09/22 03:00:34.397, NVIDIA GeForce RTX 4060 Ti, 26 %, 3221 MiB, 43, 33.98 W
2026/09/22 03:00:35.399, NVIDIA GeForce RTX 4060 Ti, 29 %, 3221 MiB, 42, 30.12 W
2026/09/22 03:00:36.400, NVIDIA GeForce RTX 4060 Ti, 33 %, 3221 MiB, 42, 27.45 W
2026/09/22 03:00:37.401, NVIDIA GeForce RTX 4060 Ti, 30 %, 3222 MiB, 42, 28.12 W
2026/09/22 03:00:38.403, NVIDIA GeForce RTX 4060 Ti, 31 %, 3222 MiB, 42, 27.38 W
2026/09/22 03:00:39.404, NVIDIA GeForce RTX 4060 Ti, 36 %, 3215 MiB, 42, 27.68 W
2026/09/22 03:00:40.405, NVIDIA GeForce RTX 4060 Ti, 38 %, 3216 MiB, 42, 28.08 W
2026/09/22 03:00:41.407, NVIDIA GeForce RTX 4060 Ti, 43 %, 3221 MiB, 42, 27.45 W
2026/09/22 03:00:42.409, NVIDIA GeForce RTX 4060 Ti, 30 %, 3221 MiB, 42, 27.10 W
2026/09/22 03:00:43.411, NVIDIA GeForce RTX 4060 Ti, 35 %, 3216 MiB, 42, 28.82 W
2026/09/22 03:00:44.412, NVIDIA GeForce RTX 4060 Ti, 33 %, 3222 MiB, 42, 31.95 W
2026/09/22 03:00:45.414, NVIDIA GeForce RTX 4060 Ti, 23 %, 3222 MiB, 42, 31.16 W
2026/09/22 03:00:46.416, NVIDIA GeForce RTX 4060 Ti, 39 %, 3222 MiB, 42, 28.14 W
2026/09/22 03:00:47.417, NVIDIA GeForce RTX 4060 Ti, 43 %, 3217 MiB, 42, 27.68 W
2026/09/22 03:00:48.419, NVIDIA GeForce RTX 4060 Ti, 39 %, 3217 MiB, 42, 28.20 W
2026/09/22 03:00:49.420, NVIDIA GeForce RTX 4060 Ti, 30 %, 3222 MiB, 42, 26.35 W
2026/09/22 03:00:50.422, NVIDIA GeForce RTX 4060 Ti, 39 %, 3222 MiB, 42, 27.12 W
2026/09/22 03:00:51.424, NVIDIA GeForce RTX 4060 Ti, 23 %, 3216 MiB, 42, 27.17 W
2026/09/22 03:00:52.425, NVIDIA GeForce RTX 4060 Ti, 33 %, 3216 MiB, 42, 27.17 W
2026/09/22 03:00:53.427, NVIDIA GeForce RTX 4060 Ti, 34 %, 3221 MiB, 42, 28.14 W
2026/09/22 03:00:54.429, NVIDIA GeForce RTX 4060 Ti, 31 %, 3221 MiB, 42, 27.84 W
2026/09/22 03:00:55.431, NVIDIA GeForce RTX 4060 Ti, 34 %, 3216 MiB, 42, 28.18 W
2026/09/22 03:00:56.433, NVIDIA GeForce RTX 4060 Ti, 30 %, 3216 MiB, 42, 27.14 W
2026/09/22 03:00:57.434, NVIDIA GeForce RTX 4060 Ti, 39 %, 3221 MiB, 42, 27.35 W
2026/09/22 03:00:58.435, NVIDIA GeForce RTX 4060 Ti, 36 %, 3221 MiB, 42, 26.09 W
2026/09/22 03:00:59.437, NVIDIA GeForce RTX 4060 Ti, 31 %, 3216 MiB, 42, 26.57 W
2026/09/22 03:01:00.438, NVIDIA GeForce RTX 4060 Ti, 41 %, 3216 MiB, 42, 27.64 W
2026/09/22 03:01:01.440, NVIDIA GeForce RTX 4060 Ti, 27 %, 3221 MiB, 42, 30.68 W
2026/09/22 03:01:02.442, NVIDIA GeForce RTX 4060 Ti, 22 %, 3221 MiB, 42, 31.30 W
2026/09/22 03:01:03.444, NVIDIA GeForce RTX 4060 Ti, 39 %, 3216 MiB, 42, 29.25 W
2026/09/22 03:01:04.446, NVIDIA GeForce RTX 4060 Ti, 28 %, 3216 MiB, 42, 27.25 W
2026/09/22 03:01:05.447, NVIDIA GeForce RTX 4060 Ti, 39 %, 3221 MiB, 42, 27.86 W
2026/09/22 03:01:06.448, NVIDIA GeForce RTX 4060 Ti, 31 %, 3221 MiB, 42, 30.86 W
2026/09/22 03:01:07.450, NVIDIA GeForce RTX 4060 Ti, 40 %, 3216 MiB, 42, 31.76 W
2026/09/22 03:01:08.451, NVIDIA GeForce RTX 4060 Ti, 39 %, 3216 MiB, 42, 28.88 W
2026/09/22 03:01:09.453, NVIDIA GeForce RTX 4060 Ti, 26 %, 3221 MiB, 42, 29.03 W
2026/09/22 03:01:10.454, NVIDIA GeForce RTX 4060 Ti, 28 %, 3221 MiB, 42, 26.43 W
2026/09/22 03:01:11.455, NVIDIA GeForce RTX 4060 Ti, 34 %, 3216 MiB, 42, 27.51 W
2026/09/22 03:01:12.457, NVIDIA GeForce RTX 4060 Ti, 21 %, 3216 MiB, 42, 26.26 W
2026/09/22 03:01:13.459, NVIDIA GeForce RTX 4060 Ti, 33 %, 3221 MiB, 41, 25.59 W
2026/09/22 03:01:14.461, NVIDIA GeForce RTX 4060 Ti, 36 %, 3221 MiB, 42, 27.00 W
2026/09/22 03:01:15.463, NVIDIA GeForce RTX 4060 Ti, 37 %, 3216 MiB, 42, 29.08 W
2026/09/22 03:01:16.465, NVIDIA GeForce RTX 4060 Ti, 40 %, 3216 MiB, 42, 29.63 W
2026/09/22 03:01:17.466, NVIDIA GeForce RTX 4060 Ti, 27 %, 3221 MiB, 42, 30.70 W
2026/09/22 03:01:18.468, NVIDIA GeForce RTX 4060 Ti, 21 %, 3223 MiB, 42, 32.66 W
2026/09/22 03:01:19.469, NVIDIA GeForce RTX 4060 Ti, 32 %, 3223 MiB, 42, 32.64 W
2026/09/22 03:01:20.470, NVIDIA GeForce RTX 4060 Ti, 40 %, 3217 MiB, 42, 28.59 W
2026/09/22 03:01:21.472, NVIDIA GeForce RTX 4060 Ti, 42 %, 3222 MiB, 42, 28.82 W
2026/09/22 03:01:22.474, NVIDIA GeForce RTX 4060 Ti, 27 %, 3222 MiB, 42, 31.70 W
2026/09/22 03:01:23.476, NVIDIA GeForce RTX 4060 Ti, 44 %, 3217 MiB, 43, 31.87 W
2026/09/22 03:01:24.477, NVIDIA GeForce RTX 4060 Ti, 22 %, 3217 MiB, 42, 30.43 W
2026/09/22 03:01:25.479, NVIDIA GeForce RTX 4060 Ti, 44 %, 3222 MiB, 42, 31.57 W
2026/09/22 03:01:26.481, NVIDIA GeForce RTX 4060 Ti, 29 %, 3222 MiB, 42, 32.60 W
2026/09/22 03:01:27.482, NVIDIA GeForce RTX 4060 Ti, 35 %, 3216 MiB, 42, 31.44 W
2026/09/22 03:01:28.483, NVIDIA GeForce RTX 4060 Ti, 31 %, 3216 MiB, 42, 32.32 W
2026/09/22 03:01:29.485, NVIDIA GeForce RTX 4060 Ti, 34 %, 3221 MiB, 42, 34.25 W
2026/09/22 03:01:30.486, NVIDIA GeForce RTX 4060 Ti, 30 %, 3221 MiB, 42, 32.02 W
2026/09/22 03:01:31.488, NVIDIA GeForce RTX 4060 Ti, 33 %, 3216 MiB, 42, 29.83 W
2026/09/22 03:01:32.489, NVIDIA GeForce RTX 4060 Ti, 40 %, 3216 MiB, 42, 32.78 W
2026/09/22 03:01:33.491, NVIDIA GeForce RTX 4060 Ti, 35 %, 3221 MiB, 43, 34.16 W
2026/09/22 03:01:34.493, NVIDIA GeForce RTX 4060 Ti, 33 %, 3221 MiB, 42, 32.22 W
2026/09/22 03:01:35.494, NVIDIA GeForce RTX 4060 Ti, 35 %, 3216 MiB, 42, 28.83 W
2026/09/22 03:01:36.495, NVIDIA GeForce RTX 4060 Ti, 30 %, 3216 MiB, 43, 34.70 W
2026/09/22 03:01:37.497, NVIDIA GeForce RTX 4060 Ti, 35 %, 3221 MiB, 43, 36.92 W
2026/09/22 03:01:38.498, NVIDIA GeForce RTX 4060 Ti, 24 %, 3221 MiB, 42, 32.19 W
2026/09/22 03:01:39.500, NVIDIA GeForce RTX 4060 Ti, 23 %, 3216 MiB, 43, 32.26 W
2026/09/22 03:01:40.502, NVIDIA GeForce RTX 4060 Ti, 26 %, 3216 MiB, 42, 31.82 W
2026/09/22 03:01:41.503, NVIDIA GeForce RTX 4060 Ti, 39 %, 3221 MiB, 43, 35.13 W
2026/09/22 03:01:42.505, NVIDIA GeForce RTX 4060 Ti, 27 %, 3221 MiB, 43, 41.54 W
2026/09/22 03:01:43.506, NVIDIA GeForce RTX 4060 Ti, 31 %, 3216 MiB, 44, 42.38 W
2026/09/22 03:01:44.508, NVIDIA GeForce RTX 4060 Ti, 39 %, 3216 MiB, 43, 44.97 W
2026/09/22 03:01:45.512, NVIDIA GeForce RTX 4060 Ti, 24 %, 3221 MiB, 44, 41.59 W
2026/09/22 03:01:46.518, NVIDIA GeForce RTX 4060 Ti, 31 %, 3221 MiB, 43, 36.04 W
2026/09/22 03:01:47.519, NVIDIA GeForce RTX 4060 Ti, 30 %, 3216 MiB, 43, 37.33 W
2026/09/22 03:01:48.521, NVIDIA GeForce RTX 4060 Ti, 0 %, 722 MiB, 41, 24.42 W
2026/09/22 03:01:49.523, NVIDIA GeForce RTX 4060 Ti, 62 %, 1368 MiB, 41, 20.61 W
2026/09/22 03:01:50.524, NVIDIA GeForce RTX 4060 Ti, 31 %, 2016 MiB, 43, 25.52 W
2026/09/22 03:01:51.526, NVIDIA GeForce RTX 4060 Ti, 28 %, 2016 MiB, 42, 27.76 W
2026/09/22 03:01:52.528, NVIDIA GeForce RTX 4060 Ti, 19 %, 2256 MiB, 43, 30.66 W
2026/09/22 03:01:53.529, NVIDIA GeForce RTX 4060 Ti, 30 %, 2385 MiB, 43, 35.75 W
2026/09/22 03:01:54.531, NVIDIA GeForce RTX 4060 Ti, 21 %, 2385 MiB, 42, 34.08 W
2026/09/22 03:01:55.532, NVIDIA GeForce RTX 4060 Ti, 27 %, 2385 MiB, 43, 34.74 W
2026/09/22 03:01:56.533, NVIDIA GeForce RTX 4060 Ti, 17 %, 2379 MiB, 43, 31.40 W
2026/09/22 03:01:57.535, NVIDIA GeForce RTX 4060 Ti, 30 %, 2384 MiB, 43, 35.68 W
2026/09/22 03:01:58.537, NVIDIA GeForce RTX 4060 Ti, 24 %, 2384 MiB, 42, 34.85 W
2026/09/22 03:01:59.539, NVIDIA GeForce RTX 4060 Ti, 28 %, 2378 MiB, 42, 34.85 W
2026/09/22 03:02:00.541, NVIDIA GeForce RTX 4060 Ti, 25 %, 2378 MiB, 43, 36.08 W
2026/09/22 03:02:01.543, NVIDIA GeForce RTX 4060 Ti, 22 %, 2383 MiB, 42, 32.92 W
2026/09/22 03:02:02.545, NVIDIA GeForce RTX 4060 Ti, 28 %, 2383 MiB, 43, 30.46 W
2026/09/22 03:02:03.547, NVIDIA GeForce RTX 4060 Ti, 23 %, 2378 MiB, 42, 34.09 W
2026/09/22 03:02:04.548, NVIDIA GeForce RTX 4060 Ti, 27 %, 2378 MiB, 43, 34.02 W
2026/09/22 03:02:05.549, NVIDIA GeForce RTX 4060 Ti, 24 %, 2385 MiB, 42, 31.25 W
2026/09/22 03:02:06.551, NVIDIA GeForce RTX 4060 Ti, 30 %, 2386 MiB, 43, 32.84 W
2026/09/22 03:02:07.552, NVIDIA GeForce RTX 4060 Ti, 36 %, 2386 MiB, 43, 35.34 W
2026/09/22 03:02:08.553, NVIDIA GeForce RTX 4060 Ti, 38 %, 2386 MiB, 43, 36.94 W
2026/09/22 03:02:09.555, NVIDIA GeForce RTX 4060 Ti, 26 %, 2388 MiB, 43, 34.26 W
2026/09/22 03:02:10.557, NVIDIA GeForce RTX 4060 Ti, 23 %, 2388 MiB, 42, 31.13 W
2026/09/22 03:02:11.558, NVIDIA GeForce RTX 4060 Ti, 21 %, 2388 MiB, 42, 27.94 W
2026/09/22 03:02:12.560, NVIDIA GeForce RTX 4060 Ti, 21 %, 2388 MiB, 43, 31.84 W
2026/09/22 03:02:13.562, NVIDIA GeForce RTX 4060 Ti, 26 %, 2388 MiB, 42, 32.84 W
2026/09/22 03:02:14.565, NVIDIA GeForce RTX 4060 Ti, 36 %, 2384 MiB, 42, 29.89 W
2026/09/22 03:02:15.566, NVIDIA GeForce RTX 4060 Ti, 54 %, 2384 MiB, 42, 30.78 W
2026/09/22 03:02:16.568, NVIDIA GeForce RTX 4060 Ti, 21 %, 2379 MiB, 42, 31.88 W
2026/09/22 03:02:17.570, NVIDIA GeForce RTX 4060 Ti, 29 %, 2379 MiB, 42, 34.39 W
2026/09/22 03:02:18.571, NVIDIA GeForce RTX 4060 Ti, 21 %, 2384 MiB, 43, 33.38 W
2026/09/22 03:02:19.573, NVIDIA GeForce RTX 4060 Ti, 33 %, 2384 MiB, 42, 29.05 W
2026/09/22 03:02:20.574, NVIDIA GeForce RTX 4060 Ti, 27 %, 2378 MiB, 44, 34.23 W
2026/09/22 03:02:21.576, NVIDIA GeForce RTX 4060 Ti, 19 %, 2378 MiB, 43, 33.18 W
2026/09/22 03:02:22.578, NVIDIA GeForce RTX 4060 Ti, 28 %, 2383 MiB, 43, 34.03 W
2026/09/22 03:02:23.581, NVIDIA GeForce RTX 4060 Ti, 32 %, 2383 MiB, 43, 37.38 W
2026/09/22 03:02:24.583, NVIDIA GeForce RTX 4060 Ti, 21 %, 2378 MiB, 42, 33.16 W
2026/09/22 03:02:25.584, NVIDIA GeForce RTX 4060 Ti, 31 %, 2378 MiB, 42, 30.38 W
2026/09/22 03:02:26.585, NVIDIA GeForce RTX 4060 Ti, 42 %, 2383 MiB, 42, 28.90 W
2026/09/22 03:02:27.587, NVIDIA GeForce RTX 4060 Ti, 30 %, 2383 MiB, 43, 33.88 W
2026/09/22 03:02:28.588, NVIDIA GeForce RTX 4060 Ti, 25 %, 2378 MiB, 43, 32.22 W
2026/09/22 03:02:29.590, NVIDIA GeForce RTX 4060 Ti, 37 %, 2378 MiB, 42, 30.86 W
2026/09/22 03:02:30.591, NVIDIA GeForce RTX 4060 Ti, 35 %, 2383 MiB, 43, 30.77 W
2026/09/22 03:02:31.593, NVIDIA GeForce RTX 4060 Ti, 24 %, 2383 MiB, 43, 35.90 W
2026/09/22 03:02:32.598, NVIDIA GeForce RTX 4060 Ti, 36 %, 2378 MiB, 43, 35.88 W
2026/09/22 03:02:33.600, NVIDIA GeForce RTX 4060 Ti, 31 %, 2378 MiB, 43, 34.82 W
2026/09/22 03:02:34.601, NVIDIA GeForce RTX 4060 Ti, 26 %, 2383 MiB, 42, 30.17 W
2026/09/22 03:02:35.602, NVIDIA GeForce RTX 4060 Ti, 49 %, 2383 MiB, 43, 31.20 W
2026/09/22 03:02:36.604, NVIDIA GeForce RTX 4060 Ti, 35 %, 2378 MiB, 42, 35.85 W
2026/09/22 03:02:37.605, NVIDIA GeForce RTX 4060 Ti, 25 %, 2538 MiB, 42, 36.16 W
2026/09/22 03:02:38.607, NVIDIA GeForce RTX 4060 Ti, 21 %, 2543 MiB, 43, 38.37 W
2026/09/22 03:02:39.609, NVIDIA GeForce RTX 4060 Ti, 32 %, 2543 MiB, 44, 39.99 W
2026/09/22 03:02:40.610, NVIDIA GeForce RTX 4060 Ti, 55 %, 2538 MiB, 43, 37.21 W
2026/09/22 03:02:41.612, NVIDIA GeForce RTX 4060 Ti, 33 %, 2538 MiB, 45, 45.50 W
2026/09/22 03:02:42.614, NVIDIA GeForce RTX 4060 Ti, 35 %, 2543 MiB, 44, 42.76 W
2026/09/22 03:02:43.615, NVIDIA GeForce RTX 4060 Ti, 30 %, 2543 MiB, 43, 36.24 W
2026/09/22 03:02:44.617, NVIDIA GeForce RTX 4060 Ti, 26 %, 2544 MiB, 43, 33.29 W
2026/09/22 03:02:45.619, NVIDIA GeForce RTX 4060 Ti, 17 %, 2544 MiB, 45, 48.03 W
2026/09/22 03:02:46.621, NVIDIA GeForce RTX 4060 Ti, 28 %, 2545 MiB, 46, 61.83 W
2026/09/22 03:02:47.623, NVIDIA GeForce RTX 4060 Ti, 24 %, 2545 MiB, 45, 50.05 W
2026/09/22 03:02:48.624, NVIDIA GeForce RTX 4060 Ti, 34 %, 2539 MiB, 44, 41.62 W
2026/09/22 03:02:49.626, NVIDIA GeForce RTX 4060 Ti, 35 %, 2539 MiB, 44, 34.94 W
2026/09/22 03:02:50.632, NVIDIA GeForce RTX 4060 Ti, 43 %, 2544 MiB, 43, 34.84 W
2026/09/22 03:02:51.634, NVIDIA GeForce RTX 4060 Ti, 29 %, 2710 MiB, 44, 39.09 W
2026/09/22 03:02:52.635, NVIDIA GeForce RTX 4060 Ti, 26 %, 2890 MiB, 45, 50.41 W
2026/09/22 03:02:53.637, NVIDIA GeForce RTX 4060 Ti, 22 %, 2890 MiB, 45, 50.29 W
2026/09/22 03:02:54.638, NVIDIA GeForce RTX 4060 Ti, 47 %, 2895 MiB, 49, 67.85 W
2026/09/22 03:02:55.640, NVIDIA GeForce RTX 4060 Ti, 30 %, 2895 MiB, 47, 67.82 W
2026/09/22 03:02:56.641, NVIDIA GeForce RTX 4060 Ti, 23 %, 2890 MiB, 48, 55.87 W
2026/09/22 03:02:57.642, NVIDIA GeForce RTX 4060 Ti, 37 %, 2890 MiB, 44, 38.34 W
2026/09/22 03:02:58.644, NVIDIA GeForce RTX 4060 Ti, 42 %, 2895 MiB, 45, 41.28 W
2026/09/22 03:02:59.650, NVIDIA GeForce RTX 4060 Ti, 24 %, 2895 MiB, 44, 39.06 W
2026/09/22 03:03:00.651, NVIDIA GeForce RTX 4060 Ti, 33 %, 2895 MiB, 43, 36.25 W
2026/09/22 03:03:01.652, NVIDIA GeForce RTX 4060 Ti, 43 %, 2895 MiB, 43, 32.02 W
2026/09/22 03:03:02.654, NVIDIA GeForce RTX 4060 Ti, 37 %, 2896 MiB, 43, 34.40 W
2026/09/22 03:03:03.655, NVIDIA GeForce RTX 4060 Ti, 30 %, 2896 MiB, 44, 36.02 W
2026/09/22 03:03:04.657, NVIDIA GeForce RTX 4060 Ti, 35 %, 2893 MiB, 43, 34.76 W
2026/09/22 03:03:05.659, NVIDIA GeForce RTX 4060 Ti, 30 %, 2890 MiB, 44, 34.64 W
2026/09/22 03:03:06.661, NVIDIA GeForce RTX 4060 Ti, 42 %, 2896 MiB, 44, 35.64 W
2026/09/22 03:03:07.663, NVIDIA GeForce RTX 4060 Ti, 12 %, 2896 MiB, 44, 32.22 W
2026/09/22 03:03:08.666, NVIDIA GeForce RTX 4060 Ti, 0 %, 2896 MiB, 42, 20.92 W
2026/09/22 03:03:09.668, NVIDIA GeForce RTX 4060 Ti, 36 %, 2936 MiB, 43, 27.75 W
2026/09/22 03:03:10.669, NVIDIA GeForce RTX 4060 Ti, 31 %, 2941 MiB, 43, 32.88 W
2026/09/22 03:03:11.671, NVIDIA GeForce RTX 4060 Ti, 34 %, 2941 MiB, 43, 31.91 W
2026/09/22 03:03:12.672, NVIDIA GeForce RTX 4060 Ti, 32 %, 2938 MiB, 44, 31.05 W
2026/09/22 03:03:13.674, NVIDIA GeForce RTX 4060 Ti, 32 %, 2938 MiB, 44, 36.01 W
2026/09/22 03:03:14.676, NVIDIA GeForce RTX 4060 Ti, 30 %, 2943 MiB, 43, 35.62 W
2026/09/22 03:03:15.678, NVIDIA GeForce RTX 4060 Ti, 37 %, 2943 MiB, 44, 33.17 W
2026/09/22 03:03:16.689, NVIDIA GeForce RTX 4060 Ti, 41 %, 2938 MiB, 44, 28.03 W
2026/09/22 03:03:17.691, NVIDIA GeForce RTX 4060 Ti, 32 %, 2938 MiB, 43, 33.79 W
2026/09/22 03:03:18.692, NVIDIA GeForce RTX 4060 Ti, 38 %, 2945 MiB, 44, 35.49 W
2026/09/22 03:03:19.694, NVIDIA GeForce RTX 4060 Ti, 26 %, 2945 MiB, 43, 33.97 W
2026/09/22 03:03:20.695, NVIDIA GeForce RTX 4060 Ti, 29 %, 2939 MiB, 43, 32.10 W
2026/09/22 03:03:21.697, NVIDIA GeForce RTX 4060 Ti, 20 %, 2949 MiB, 43, 30.79 W
2026/09/22 03:03:22.699, NVIDIA GeForce RTX 4060 Ti, 30 %, 2949 MiB, 43, 34.47 W
2026/09/22 03:03:23.701, NVIDIA GeForce RTX 4060 Ti, 25 %, 2949 MiB, 44, 40.11 W
2026/09/22 03:03:24.703, NVIDIA GeForce RTX 4060 Ti, 39 %, 2943 MiB, 44, 40.65 W
2026/09/22 03:03:25.704, NVIDIA GeForce RTX 4060 Ti, 38 %, 2943 MiB, 45, 49.42 W
2026/09/22 03:03:26.705, NVIDIA GeForce RTX 4060 Ti, 36 %, 2948 MiB, 45, 50.43 W
2026/09/22 03:03:27.707, NVIDIA GeForce RTX 4060 Ti, 35 %, 2948 MiB, 44, 41.45 W
2026/09/22 03:03:28.708, NVIDIA GeForce RTX 4060 Ti, 29 %, 2941 MiB, 45, 37.16 W
2026/09/22 03:03:29.709, NVIDIA GeForce RTX 4060 Ti, 24 %, 2940 MiB, 43, 33.05 W
2026/09/22 03:03:30.711, NVIDIA GeForce RTX 4060 Ti, 39 %, 2945 MiB, 43, 31.38 W
2026/09/22 03:03:31.712, NVIDIA GeForce RTX 4060 Ti, 35 %, 2944 MiB, 44, 29.14 W
2026/09/22 03:03:32.713, NVIDIA GeForce RTX 4060 Ti, 41 %, 2939 MiB, 43, 33.82 W
2026/09/22 03:03:33.715, NVIDIA GeForce RTX 4060 Ti, 30 %, 2939 MiB, 43, 34.01 W
2026/09/22 03:03:34.717, NVIDIA GeForce RTX 4060 Ti, 29 %, 2944 MiB, 45, 33.88 W
2026/09/22 03:03:35.718, NVIDIA GeForce RTX 4060 Ti, 31 %, 2944 MiB, 43, 35.84 W
2026/09/22 03:03:36.720, NVIDIA GeForce RTX 4060 Ti, 26 %, 2939 MiB, 44, 34.15 W
2026/09/22 03:03:37.722, NVIDIA GeForce RTX 4060 Ti, 34 %, 2939 MiB, 44, 32.36 W
2026/09/22 03:03:38.723, NVIDIA GeForce RTX 4060 Ti, 42 %, 2944 MiB, 44, 34.91 W
2026/09/22 03:03:39.725, NVIDIA GeForce RTX 4060 Ti, 32 %, 2943 MiB, 43, 34.45 W
2026/09/22 03:03:40.726, NVIDIA GeForce RTX 4060 Ti, 21 %, 2938 MiB, 44, 32.98 W
2026/09/22 03:03:41.728, NVIDIA GeForce RTX 4060 Ti, 29 %, 2938 MiB, 44, 34.60 W
2026/09/22 03:03:42.730, NVIDIA GeForce RTX 4060 Ti, 29 %, 2943 MiB, 44, 32.95 W
2026/09/22 03:03:43.732, NVIDIA GeForce RTX 4060 Ti, 30 %, 2943 MiB, 43, 32.51 W
2026/09/22 03:03:44.734, NVIDIA GeForce RTX 4060 Ti, 23 %, 2938 MiB, 44, 31.62 W
2026/09/22 03:03:45.736, NVIDIA GeForce RTX 4060 Ti, 40 %, 2938 MiB, 43, 28.64 W
2026/09/22 03:03:46.737, NVIDIA GeForce RTX 4060 Ti, 23 %, 2943 MiB, 43, 27.60 W
2026/09/22 03:03:47.739, NVIDIA GeForce RTX 4060 Ti, 39 %, 2943 MiB, 43, 29.48 W
2026/09/22 03:03:48.740, NVIDIA GeForce RTX 4060 Ti, 27 %, 2938 MiB, 43, 27.71 W
2026/09/22 03:03:49.742, NVIDIA GeForce RTX 4060 Ti, 30 %, 2938 MiB, 43, 30.32 W
2026/09/22 03:03:50.743, NVIDIA GeForce RTX 4060 Ti, 29 %, 2943 MiB, 43, 33.64 W
2026/09/22 03:03:51.745, NVIDIA GeForce RTX 4060 Ti, 19 %, 2943 MiB, 43, 30.71 W
2026/09/22 03:03:52.747, NVIDIA GeForce RTX 4060 Ti, 21 %, 2940 MiB, 43, 26.90 W
2026/09/22 03:03:53.749, NVIDIA GeForce RTX 4060 Ti, 34 %, 2949 MiB, 43, 26.73 W
2026/09/22 03:03:54.751, NVIDIA GeForce RTX 4060 Ti, 33 %, 2949 MiB, 43, 28.00 W
2026/09/22 03:03:55.752, NVIDIA GeForce RTX 4060 Ti, 28 %, 2949 MiB, 43, 28.56 W
2026/09/22 03:03:56.754, NVIDIA GeForce RTX 4060 Ti, 33 %, 2944 MiB, 43, 28.17 W
2026/09/22 03:03:57.755, NVIDIA GeForce RTX 4060 Ti, 29 %, 2944 MiB, 43, 27.60 W
2026/09/22 03:03:58.757, NVIDIA GeForce RTX 4060 Ti, 36 %, 2948 MiB, 44, 33.03 W
2026/09/22 03:03:59.758, NVIDIA GeForce RTX 4060 Ti, 29 %, 2948 MiB, 43, 32.23 W
2026/09/22 03:04:00.759, NVIDIA GeForce RTX 4060 Ti, 29 %, 2942 MiB, 44, 32.36 W
2026/09/22 03:04:01.761, NVIDIA GeForce RTX 4060 Ti, 35 %, 2942 MiB, 43, 27.87 W
2026/09/22 03:04:02.762, NVIDIA GeForce RTX 4060 Ti, 38 %, 2947 MiB, 43, 27.02 W
2026/09/22 03:04:03.764, NVIDIA GeForce RTX 4060 Ti, 41 %, 2947 MiB, 43, 27.34 W
2026/09/22 03:04:04.765, NVIDIA GeForce RTX 4060 Ti, 37 %, 2947 MiB, 43, 26.97 W
2026/09/22 03:04:05.767, NVIDIA GeForce RTX 4060 Ti, 28 %, 2947 MiB, 43, 25.25 W
2026/09/22 03:04:06.768, NVIDIA GeForce RTX 4060 Ti, 30 %, 2948 MiB, 43, 26.75 W
2026/09/22 03:04:07.770, NVIDIA GeForce RTX 4060 Ti, 37 %, 2948 MiB, 43, 28.47 W
2026/09/22 03:04:08.771, NVIDIA GeForce RTX 4060 Ti, 28 %, 2943 MiB, 43, 28.94 W
2026/09/22 03:04:09.773, NVIDIA GeForce RTX 4060 Ti, 25 %, 2943 MiB, 44, 28.01 W
2026/09/22 03:04:10.774, NVIDIA GeForce RTX 4060 Ti, 41 %, 2948 MiB, 43, 28.26 W
2026/09/22 03:04:11.775, NVIDIA GeForce RTX 4060 Ti, 38 %, 2948 MiB, 43, 28.06 W
2026/09/22 03:04:12.777, NVIDIA GeForce RTX 4060 Ti, 39 %, 2942 MiB, 43, 28.77 W
2026/09/22 03:04:13.779, NVIDIA GeForce RTX 4060 Ti, 30 %, 2942 MiB, 43, 27.78 W
2026/09/22 03:04:14.781, NVIDIA GeForce RTX 4060 Ti, 33 %, 2947 MiB, 43, 28.39 W
2026/09/22 03:04:15.782, NVIDIA GeForce RTX 4060 Ti, 26 %, 2948 MiB, 43, 27.83 W
2026/09/22 03:04:16.784, NVIDIA GeForce RTX 4060 Ti, 39 %, 2942 MiB, 43, 27.01 W
2026/09/22 03:04:17.785, NVIDIA GeForce RTX 4060 Ti, 35 %, 2942 MiB, 42, 27.13 W
2026/09/22 03:04:18.786, NVIDIA GeForce RTX 4060 Ti, 29 %, 2947 MiB, 42, 29.15 W
2026/09/22 03:04:19.788, NVIDIA GeForce RTX 4060 Ti, 30 %, 2947 MiB, 43, 27.95 W
2026/09/22 03:04:20.789, NVIDIA GeForce RTX 4060 Ti, 49 %, 2942 MiB, 43, 29.67 W
2026/09/22 03:04:21.790, NVIDIA GeForce RTX 4060 Ti, 26 %, 2942 MiB, 43, 33.95 W
2026/09/22 03:04:22.792, NVIDIA GeForce RTX 4060 Ti, 23 %, 2947 MiB, 43, 29.74 W
2026/09/22 03:04:23.793, NVIDIA GeForce RTX 4060 Ti, 32 %, 2947 MiB, 43, 27.25 W
2026/09/22 03:04:24.795, NVIDIA GeForce RTX 4060 Ti, 27 %, 2942 MiB, 43, 29.97 W
2026/09/22 03:04:25.796, NVIDIA GeForce RTX 4060 Ti, 33 %, 2942 MiB, 43, 32.04 W
2026/09/22 03:04:26.798, NVIDIA GeForce RTX 4060 Ti, 26 %, 2948 MiB, 42, 28.17 W
2026/09/22 03:04:27.800, NVIDIA GeForce RTX 4060 Ti, 45 %, 2948 MiB, 43, 28.82 W
2026/09/22 03:04:28.801, NVIDIA GeForce RTX 4060 Ti, 31 %, 2943 MiB, 43, 28.56 W
2026/09/22 03:04:29.803, NVIDIA GeForce RTX 4060 Ti, 27 %, 2943 MiB, 43, 28.60 W
2026/09/22 03:04:30.804, NVIDIA GeForce RTX 4060 Ti, 36 %, 2948 MiB, 43, 27.20 W
2026/09/22 03:04:31.806, NVIDIA GeForce RTX 4060 Ti, 35 %, 2948 MiB, 43, 26.90 W
2026/09/22 03:04:32.807, NVIDIA GeForce RTX 4060 Ti, 29 %, 2952 MiB, 43, 29.50 W
2026/09/22 03:04:33.808, NVIDIA GeForce RTX 4060 Ti, 38 %, 2952 MiB, 43, 32.74 W
2026/09/22 03:04:34.810, NVIDIA GeForce RTX 4060 Ti, 34 %, 2952 MiB, 43, 32.71 W
2026/09/22 03:04:35.811, NVIDIA GeForce RTX 4060 Ti, 37 %, 2952 MiB, 44, 32.32 W
2026/09/22 03:04:36.813, NVIDIA GeForce RTX 4060 Ti, 37 %, 2952 MiB, 43, 36.17 W
2026/09/22 03:04:37.814, NVIDIA GeForce RTX 4060 Ti, 21 %, 2943 MiB, 43, 33.39 W
2026/09/22 03:04:38.816, NVIDIA GeForce RTX 4060 Ti, 16 %, 2948 MiB, 43, 32.49 W
2026/09/22 03:04:39.817, NVIDIA GeForce RTX 4060 Ti, 35 %, 2948 MiB, 43, 27.04 W
2026/09/22 03:04:40.819, NVIDIA GeForce RTX 4060 Ti, 20 %, 2943 MiB, 43, 32.44 W
2026/09/22 03:04:41.821, NVIDIA GeForce RTX 4060 Ti, 37 %, 2943 MiB, 44, 35.42 W
2026/09/22 03:04:42.822, NVIDIA GeForce RTX 4060 Ti, 24 %, 2948 MiB, 43, 33.86 W
2026/09/22 03:04:43.824, NVIDIA GeForce RTX 4060 Ti, 26 %, 2948 MiB, 43, 30.85 W
2026/09/22 03:04:44.825, NVIDIA GeForce RTX 4060 Ti, 32 %, 2943 MiB, 42, 28.54 W
2026/09/22 03:04:45.827, NVIDIA GeForce RTX 4060 Ti, 31 %, 2943 MiB, 43, 31.02 W
2026/09/22 03:04:46.828, NVIDIA GeForce RTX 4060 Ti, 33 %, 2948 MiB, 44, 38.26 W
2026/09/22 03:04:47.830, NVIDIA GeForce RTX 4060 Ti, 51 %, 2948 MiB, 43, 37.66 W
2026/09/22 03:04:48.832, NVIDIA GeForce RTX 4060 Ti, 42 %, 2942 MiB, 46, 46.56 W
2026/09/22 03:04:49.834, NVIDIA GeForce RTX 4060 Ti, 38 %, 2942 MiB, 46, 50.33 W
2026/09/22 03:04:50.836, NVIDIA GeForce RTX 4060 Ti, 25 %, 2947 MiB, 45, 46.98 W
2026/09/22 03:04:51.838, NVIDIA GeForce RTX 4060 Ti, 28 %, 2948 MiB, 44, 41.83 W
2026/09/22 03:04:52.839, NVIDIA GeForce RTX 4060 Ti, 18 %, 2942 MiB, 44, 37.86 W
2026/09/22 03:04:53.841, NVIDIA GeForce RTX 4060 Ti, 34 %, 2949 MiB, 43, 30.07 W
2026/09/22 03:04:54.843, NVIDIA GeForce RTX 4060 Ti, 26 %, 2950 MiB, 43, 28.38 W
2026/09/22 03:04:55.844, NVIDIA GeForce RTX 4060 Ti, 40 %, 2950 MiB, 43, 28.96 W
2026/09/22 03:04:56.846, NVIDIA GeForce RTX 4060 Ti, 43 %, 2945 MiB, 43, 27.93 W
2026/09/22 03:04:57.857, NVIDIA GeForce RTX 4060 Ti, 44 %, 2944 MiB, 43, 28.46 W
2026/09/22 03:04:58.858, NVIDIA GeForce RTX 4060 Ti, 35 %, 2949 MiB, 43, 29.60 W
2026/09/22 03:04:59.860, NVIDIA GeForce RTX 4060 Ti, 30 %, 2950 MiB, 44, 30.71 W
2026/09/22 03:05:00.862, NVIDIA GeForce RTX 4060 Ti, 27 %, 2944 MiB, 43, 32.27 W
2026/09/22 03:05:01.863, NVIDIA GeForce RTX 4060 Ti, 31 %, 2944 MiB, 43, 28.24 W
2026/09/22 03:05:02.865, NVIDIA GeForce RTX 4060 Ti, 32 %, 2949 MiB, 43, 27.70 W
2026/09/22 03:05:03.870, NVIDIA GeForce RTX 4060 Ti, 27 %, 2949 MiB, 42, 27.26 W
2026/09/22 03:05:04.871, NVIDIA GeForce RTX 4060 Ti, 38 %, 2944 MiB, 43, 28.91 W
2026/09/22 03:05:05.873, NVIDIA GeForce RTX 4060 Ti, 25 %, 2950 MiB, 43, 26.16 W
2026/09/22 03:05:06.874, NVIDIA GeForce RTX 4060 Ti, 49 %, 2951 MiB, 43, 27.76 W
2026/09/22 03:05:07.875, NVIDIA GeForce RTX 4060 Ti, 35 %, 2951 MiB, 43, 29.71 W
2026/09/22 03:05:08.877, NVIDIA GeForce RTX 4060 Ti, 28 %, 2945 MiB, 42, 27.91 W
2026/09/22 03:05:09.878, NVIDIA GeForce RTX 4060 Ti, 29 %, 2945 MiB, 43, 27.67 W
2026/09/22 03:05:10.880, NVIDIA GeForce RTX 4060 Ti, 31 %, 2950 MiB, 43, 28.47 W
2026/09/22 03:05:11.881, NVIDIA GeForce RTX 4060 Ti, 25 %, 2950 MiB, 43, 31.75 W
2026/09/22 03:05:12.887, NVIDIA GeForce RTX 4060 Ti, 28 %, 2944 MiB, 43, 32.18 W
2026/09/22 03:05:13.889, NVIDIA GeForce RTX 4060 Ti, 39 %, 2944 MiB, 43, 30.12 W
2026/09/22 03:05:14.890, NVIDIA GeForce RTX 4060 Ti, 35 %, 2949 MiB, 42, 26.98 W
2026/09/22 03:05:15.892, NVIDIA GeForce RTX 4060 Ti, 39 %, 2950 MiB, 43, 28.36 W
2026/09/22 03:05:16.893, NVIDIA GeForce RTX 4060 Ti, 36 %, 2944 MiB, 43, 28.26 W
2026/09/22 03:05:17.894, NVIDIA GeForce RTX 4060 Ti, 38 %, 2944 MiB, 43, 26.84 W
2026/09/22 03:05:18.896, NVIDIA GeForce RTX 4060 Ti, 24 %, 2949 MiB, 43, 30.85 W
2026/09/22 03:05:19.898, NVIDIA GeForce RTX 4060 Ti, 24 %, 2949 MiB, 43, 30.42 W
2026/09/22 03:05:20.900, NVIDIA GeForce RTX 4060 Ti, 27 %, 2944 MiB, 43, 30.57 W
2026/09/22 03:05:21.901, NVIDIA GeForce RTX 4060 Ti, 28 %, 2944 MiB, 43, 32.49 W
2026/09/22 03:05:22.903, NVIDIA GeForce RTX 4060 Ti, 29 %, 2949 MiB, 43, 30.06 W
2026/09/22 03:05:23.904, NVIDIA GeForce RTX 4060 Ti, 27 %, 2949 MiB, 42, 27.06 W
2026/09/22 03:05:24.906, NVIDIA GeForce RTX 4060 Ti, 26 %, 2944 MiB, 42, 31.10 W
2026/09/22 03:05:25.907, NVIDIA GeForce RTX 4060 Ti, 29 %, 2944 MiB, 43, 32.39 W
2026/09/22 03:05:26.909, NVIDIA GeForce RTX 4060 Ti, 39 %, 2949 MiB, 43, 27.42 W
2026/09/22 03:05:27.911, NVIDIA GeForce RTX 4060 Ti, 28 %, 2949 MiB, 43, 28.68 W
2026/09/22 03:05:28.912, NVIDIA GeForce RTX 4060 Ti, 33 %, 2944 MiB, 43, 28.17 W
2026/09/22 03:05:29.913, NVIDIA GeForce RTX 4060 Ti, 37 %, 2944 MiB, 43, 27.26 W
2026/09/22 03:05:30.915, NVIDIA GeForce RTX 4060 Ti, 23 %, 2949 MiB, 42, 26.63 W
2026/09/22 03:05:31.917, NVIDIA GeForce RTX 4060 Ti, 46 %, 2949 MiB, 43, 29.94 W
2026/09/22 03:05:32.919, NVIDIA GeForce RTX 4060 Ti, 39 %, 2944 MiB, 43, 32.41 W
2026/09/22 03:05:33.921, NVIDIA GeForce RTX 4060 Ti, 33 %, 2944 MiB, 43, 32.39 W
2026/09/22 03:05:34.922, NVIDIA GeForce RTX 4060 Ti, 42 %, 2949 MiB, 43, 29.21 W
2026/09/22 03:05:35.924, NVIDIA GeForce RTX 4060 Ti, 27 %, 2949 MiB, 44, 32.83 W
2026/09/22 03:05:36.926, NVIDIA GeForce RTX 4060 Ti, 28 %, 2944 MiB, 43, 37.86 W
2026/09/22 03:05:37.927, NVIDIA GeForce RTX 4060 Ti, 23 %, 2944 MiB, 43, 36.49 W
2026/09/22 03:05:38.929, NVIDIA GeForce RTX 4060 Ti, 24 %, 2949 MiB, 43, 32.66 W
2026/09/22 03:05:39.930, NVIDIA GeForce RTX 4060 Ti, 13 %, 2950 MiB, 43, 35.55 W
2026/09/22 03:05:40.932, NVIDIA GeForce RTX 4060 Ti, 26 %, 2950 MiB, 44, 38.14 W
2026/09/22 03:05:41.934, NVIDIA GeForce RTX 4060 Ti, 23 %, 2945 MiB, 43, 34.13 W
2026/09/22 03:05:42.936, NVIDIA GeForce RTX 4060 Ti, 40 %, 2950 MiB, 43, 27.68 W
2026/09/22 03:05:43.937, NVIDIA GeForce RTX 4060 Ti, 29 %, 2950 MiB, 43, 28.24 W
2026/09/22 03:05:44.939, NVIDIA GeForce RTX 4060 Ti, 27 %, 2945 MiB, 43, 29.02 W
2026/09/22 03:05:45.941, NVIDIA GeForce RTX 4060 Ti, 49 %, 2945 MiB, 44, 36.24 W
2026/09/22 03:05:46.942, NVIDIA GeForce RTX 4060 Ti, 27 %, 2950 MiB, 45, 40.68 W
2026/09/22 03:05:47.944, NVIDIA GeForce RTX 4060 Ti, 44 %, 2950 MiB, 45, 44.08 W
2026/09/22 03:05:48.945, NVIDIA GeForce RTX 4060 Ti, 27 %, 2944 MiB, 46, 52.63 W
2026/09/22 03:05:49.946, NVIDIA GeForce RTX 4060 Ti, 26 %, 2949 MiB, 46, 52.44 W
2026/09/22 03:05:50.948, NVIDIA GeForce RTX 4060 Ti, 39 %, 2949 MiB, 44, 42.69 W
2026/09/22 03:05:51.949, NVIDIA GeForce RTX 4060 Ti, 37 %, 2949 MiB, 44, 34.53 W
2026/09/22 03:05:52.951, NVIDIA GeForce RTX 4060 Ti, 20 %, 2944 MiB, 43, 29.26 W
2026/09/22 03:05:53.953, NVIDIA GeForce RTX 4060 Ti, 42 %, 2951 MiB, 43, 27.24 W
2026/09/22 03:05:54.955, NVIDIA GeForce RTX 4060 Ti, 37 %, 2952 MiB, 43, 29.22 W
2026/09/22 03:05:55.956, NVIDIA GeForce RTX 4060 Ti, 32 %, 2952 MiB, 43, 28.81 W
2026/09/22 03:05:56.958, NVIDIA GeForce RTX 4060 Ti, 28 %, 2946 MiB, 43, 29.90 W
2026/09/22 03:05:57.959, NVIDIA GeForce RTX 4060 Ti, 29 %, 2946 MiB, 43, 31.48 W
2026/09/22 03:05:58.961, NVIDIA GeForce RTX 4060 Ti, 35 %, 2951 MiB, 43, 30.85 W
2026/09/22 03:05:59.962, NVIDIA GeForce RTX 4060 Ti, 35 %, 2951 MiB, 43, 28.87 W
2026/09/22 03:06:00.964, NVIDIA GeForce RTX 4060 Ti, 29 %, 2946 MiB, 43, 28.08 W
2026/09/22 03:06:01.965, NVIDIA GeForce RTX 4060 Ti, 23 %, 2951 MiB, 42, 26.24 W
2026/09/22 03:06:02.967, NVIDIA GeForce RTX 4060 Ti, 47 %, 2951 MiB, 44, 27.68 W
2026/09/22 03:06:03.969, NVIDIA GeForce RTX 4060 Ti, 32 %, 2951 MiB, 43, 30.67 W
2026/09/22 03:06:04.970, NVIDIA GeForce RTX 4060 Ti, 34 %, 2946 MiB, 43, 32.22 W
2026/09/22 03:06:05.972, NVIDIA GeForce RTX 4060 Ti, 45 %, 2950 MiB, 43, 28.95 W
2026/09/22 03:06:06.974, NVIDIA GeForce RTX 4060 Ti, 26 %, 2951 MiB, 42, 27.46 W
2026/09/22 03:06:07.975, NVIDIA GeForce RTX 4060 Ti, 30 %, 2951 MiB, 43, 29.22 W
2026/09/22 03:06:08.977, NVIDIA GeForce RTX 4060 Ti, 26 %, 2946 MiB, 43, 32.65 W
2026/09/22 03:06:09.978, NVIDIA GeForce RTX 4060 Ti, 23 %, 2951 MiB, 43, 30.78 W
2026/09/22 03:06:10.979, NVIDIA GeForce RTX 4060 Ti, 24 %, 2952 MiB, 42, 26.95 W
2026/09/22 03:06:11.980, NVIDIA GeForce RTX 4060 Ti, 36 %, 2951 MiB, 43, 28.47 W
2026/09/22 03:06:12.983, NVIDIA GeForce RTX 4060 Ti, 32 %, 2946 MiB, 43, 27.50 W
2026/09/22 03:06:13.985, NVIDIA GeForce RTX 4060 Ti, 31 %, 2953 MiB, 43, 28.40 W
2026/09/22 03:06:14.986, NVIDIA GeForce RTX 4060 Ti, 38 %, 2953 MiB, 43, 27.47 W
2026/09/22 03:06:15.988, NVIDIA GeForce RTX 4060 Ti, 28 %, 2953 MiB, 43, 27.23 W
2026/09/22 03:06:16.989, NVIDIA GeForce RTX 4060 Ti, 44 %, 2947 MiB, 43, 28.55 W
2026/09/22 03:06:17.991, NVIDIA GeForce RTX 4060 Ti, 31 %, 2952 MiB, 43, 27.73 W
2026/09/22 03:06:18.992, NVIDIA GeForce RTX 4060 Ti, 25 %, 2953 MiB, 42, 27.30 W
2026/09/22 03:06:19.994, NVIDIA GeForce RTX 4060 Ti, 24 %, 2954 MiB, 42, 26.71 W
2026/09/22 03:06:20.995, NVIDIA GeForce RTX 4060 Ti, 39 %, 2954 MiB, 43, 30.79 W
2026/09/22 03:06:21.997, NVIDIA GeForce RTX 4060 Ti, 26 %, 2954 MiB, 43, 31.28 W
2026/09/22 03:06:22.998, NVIDIA GeForce RTX 4060 Ti, 30 %, 2954 MiB, 43, 29.42 W
2026/09/22 03:06:24.000, NVIDIA GeForce RTX 4060 Ti, 36 %, 2954 MiB, 43, 27.88 W
2026/09/22 03:06:25.002, NVIDIA GeForce RTX 4060 Ti, 31 %, 2947 MiB, 42, 28.18 W
2026/09/22 03:06:26.004, NVIDIA GeForce RTX 4060 Ti, 32 %, 2952 MiB, 43, 27.93 W
2026/09/22 03:06:27.006, NVIDIA GeForce RTX 4060 Ti, 38 %, 2952 MiB, 43, 26.99 W
2026/09/22 03:06:28.008, NVIDIA GeForce RTX 4060 Ti, 29 %, 2951 MiB, 43, 29.71 W
2026/09/22 03:06:29.010, NVIDIA GeForce RTX 4060 Ti, 32 %, 2946 MiB, 42, 28.97 W
2026/09/22 03:06:30.011, NVIDIA GeForce RTX 4060 Ti, 34 %, 2951 MiB, 43, 27.37 W
2026/09/22 03:06:31.013, NVIDIA GeForce RTX 4060 Ti, 34 %, 2951 MiB, 42, 26.95 W
2026/09/22 03:06:32.020, NVIDIA GeForce RTX 4060 Ti, 42 %, 2949 MiB, 43, 29.42 W
2026/09/22 03:06:33.026, NVIDIA GeForce RTX 4060 Ti, 26 %, 2946 MiB, 43, 29.92 W
2026/09/22 03:06:34.028, NVIDIA GeForce RTX 4060 Ti, 30 %, 2951 MiB, 43, 32.61 W
2026/09/22 03:06:35.029, NVIDIA GeForce RTX 4060 Ti, 29 %, 2951 MiB, 43, 32.78 W
2026/09/22 03:06:36.030, NVIDIA GeForce RTX 4060 Ti, 34 %, 2949 MiB, 44, 35.05 W
2026/09/22 03:06:37.032, NVIDIA GeForce RTX 4060 Ti, 36 %, 2946 MiB, 43, 34.56 W
2026/09/22 03:06:38.034, NVIDIA GeForce RTX 4060 Ti, 23 %, 2951 MiB, 43, 34.87 W
2026/09/22 03:06:39.036, NVIDIA GeForce RTX 4060 Ti, 25 %, 2951 MiB, 43, 32.26 W
2026/09/22 03:06:40.038, NVIDIA GeForce RTX 4060 Ti, 23 %, 2949 MiB, 43, 32.23 W
2026/09/22 03:06:41.039, NVIDIA GeForce RTX 4060 Ti, 28 %, 2946 MiB, 43, 35.23 W
2026/09/22 03:06:42.041, NVIDIA GeForce RTX 4060 Ti, 31 %, 2951 MiB, 43, 34.63 W
2026/09/22 03:06:43.042, NVIDIA GeForce RTX 4060 Ti, 28 %, 2951 MiB, 43, 30.17 W
2026/09/22 03:06:44.043, NVIDIA GeForce RTX 4060 Ti, 25 %, 2949 MiB, 43, 32.54 W
2026/09/22 03:06:45.045, NVIDIA GeForce RTX 4060 Ti, 35 %, 2946 MiB, 43, 35.98 W
2026/09/22 03:06:46.046, NVIDIA GeForce RTX 4060 Ti, 21 %, 2951 MiB, 44, 38.35 W
2026/09/22 03:06:47.048, NVIDIA GeForce RTX 4060 Ti, 45 %, 2951 MiB, 43, 37.53 W
2026/09/22 03:06:48.049, NVIDIA GeForce RTX 4060 Ti, 23 %, 2950 MiB, 47, 48.49 W
2026/09/22 03:06:49.051, NVIDIA GeForce RTX 4060 Ti, 27 %, 2946 MiB, 45, 48.54 W
2026/09/22 03:06:50.054, NVIDIA GeForce RTX 4060 Ti, 32 %, 2951 MiB, 44, 44.72 W
2026/09/22 03:06:51.056, NVIDIA GeForce RTX 4060 Ti, 35 %, 2951 MiB, 44, 36.02 W
2026/09/22 03:06:52.057, NVIDIA GeForce RTX 4060 Ti, 16 %, 2949 MiB, 43, 31.97 W
2026/09/22 03:06:53.059, NVIDIA GeForce RTX 4060 Ti, 41 %, 2953 MiB, 43, 31.10 W
2026/09/22 03:06:54.060, NVIDIA GeForce RTX 4060 Ti, 28 %, 2955 MiB, 43, 27.61 W
2026/09/22 03:06:55.062, NVIDIA GeForce RTX 4060 Ti, 36 %, 2955 MiB, 42, 29.16 W
2026/09/22 03:06:56.063, NVIDIA GeForce RTX 4060 Ti, 22 %, 2953 MiB, 44, 31.87 W
2026/09/22 03:06:57.065, NVIDIA GeForce RTX 4060 Ti, 26 %, 2951 MiB, 43, 34.11 W
2026/09/22 03:06:58.066, NVIDIA GeForce RTX 4060 Ti, 37 %, 2956 MiB, 43, 33.79 W
2026/09/22 03:06:59.068, NVIDIA GeForce RTX 4060 Ti, 25 %, 2956 MiB, 43, 34.54 W
2026/09/22 03:07:00.070, NVIDIA GeForce RTX 4060 Ti, 35 %, 2953 MiB, 43, 30.59 W
2026/09/22 03:07:01.072, NVIDIA GeForce RTX 4060 Ti, 33 %, 2950 MiB, 44, 30.03 W
2026/09/22 03:07:02.073, NVIDIA GeForce RTX 4060 Ti, 45 %, 2955 MiB, 43, 34.40 W
2026/09/22 03:07:03.075, NVIDIA GeForce RTX 4060 Ti, 33 %, 2955 MiB, 43, 32.73 W
2026/09/22 03:07:04.076, NVIDIA GeForce RTX 4060 Ti, 20 %, 2949 MiB, 43, 32.13 W
2026/09/22 03:07:05.077, NVIDIA GeForce RTX 4060 Ti, 22 %, 2950 MiB, 43, 30.82 W
2026/09/22 03:07:06.079, NVIDIA GeForce RTX 4060 Ti, 30 %, 2955 MiB, 44, 35.62 W
2026/09/22 03:07:07.080, NVIDIA GeForce RTX 4060 Ti, 29 %, 2955 MiB, 43, 34.73 W
2026/09/22 03:07:08.082, NVIDIA GeForce RTX 4060 Ti, 26 %, 2953 MiB, 43, 30.66 W
2026/09/22 03:07:09.083, NVIDIA GeForce RTX 4060 Ti, 31 %, 2950 MiB, 44, 35.22 W
2026/09/22 03:07:10.085, NVIDIA GeForce RTX 4060 Ti, 31 %, 2955 MiB, 43, 35.04 W
2026/09/22 03:07:11.087, NVIDIA GeForce RTX 4060 Ti, 44 %, 2955 MiB, 44, 34.08 W
2026/09/22 03:07:12.089, NVIDIA GeForce RTX 4060 Ti, 32 %, 2949 MiB, 44, 34.85 W
2026/09/22 03:07:13.090, NVIDIA GeForce RTX 4060 Ti, 38 %, 2950 MiB, 43, 34.11 W
2026/09/22 03:07:14.092, NVIDIA GeForce RTX 4060 Ti, 41 %, 2955 MiB, 43, 31.86 W
2026/09/22 03:07:15.093, NVIDIA GeForce RTX 4060 Ti, 17 %, 2955 MiB, 43, 27.06 W
2026/09/22 03:07:16.094, NVIDIA GeForce RTX 4060 Ti, 41 %, 2950 MiB, 42, 25.85 W
2026/09/22 03:07:17.096, NVIDIA GeForce RTX 4060 Ti, 45 %, 2950 MiB, 43, 34.06 W
2026/09/22 03:07:18.097, NVIDIA GeForce RTX 4060 Ti, 38 %, 2955 MiB, 43, 33.03 W
2026/09/22 03:07:19.099, NVIDIA GeForce RTX 4060 Ti, 32 %, 2955 MiB, 44, 34.94 W
2026/09/22 03:07:20.101, NVIDIA GeForce RTX 4060 Ti, 28 %, 2949 MiB, 42, 29.38 W
2026/09/22 03:07:21.102, NVIDIA GeForce RTX 4060 Ti, 30 %, 2950 MiB, 43, 27.59 W
2026/09/22 03:07:22.104, NVIDIA GeForce RTX 4060 Ti, 39 %, 2955 MiB, 43, 26.71 W
2026/09/22 03:07:23.106, NVIDIA GeForce RTX 4060 Ti, 19 %, 2955 MiB, 42, 27.22 W
2026/09/22 03:07:24.107, NVIDIA GeForce RTX 4060 Ti, 25 %, 2950 MiB, 43, 31.05 W
2026/09/22 03:07:25.108, NVIDIA GeForce RTX 4060 Ti, 34 %, 2950 MiB, 43, 32.74 W
2026/09/22 03:07:26.110, NVIDIA GeForce RTX 4060 Ti, 49 %, 2955 MiB, 43, 29.55 W
2026/09/22 03:07:27.111, NVIDIA GeForce RTX 4060 Ti, 27 %, 2955 MiB, 44, 32.08 W
2026/09/22 03:07:28.113, NVIDIA GeForce RTX 4060 Ti, 31 %, 2956 MiB, 43, 29.68 W
2026/09/22 03:07:29.114, NVIDIA GeForce RTX 4060 Ti, 38 %, 2956 MiB, 43, 28.56 W
2026/09/22 03:07:30.116, NVIDIA GeForce RTX 4060 Ti, 32 %, 2957 MiB, 42, 28.05 W
2026/09/22 03:07:31.118, NVIDIA GeForce RTX 4060 Ti, 39 %, 2957 MiB, 42, 27.94 W
2026/09/22 03:07:32.119, NVIDIA GeForce RTX 4060 Ti, 25 %, 2956 MiB, 42, 27.21 W
2026/09/22 03:07:33.121, NVIDIA GeForce RTX 4060 Ti, 27 %, 2951 MiB, 43, 31.62 W
2026/09/22 03:07:34.123, NVIDIA GeForce RTX 4060 Ti, 24 %, 2956 MiB, 44, 35.70 W
2026/09/22 03:07:35.125, NVIDIA GeForce RTX 4060 Ti, 33 %, 2956 MiB, 43, 34.38 W
2026/09/22 03:07:36.126, NVIDIA GeForce RTX 4060 Ti, 21 %, 2949 MiB, 43, 32.24 W
2026/09/22 03:07:37.128, NVIDIA GeForce RTX 4060 Ti, 22 %, 2950 MiB, 43, 33.60 W
2026/09/22 03:07:38.129, NVIDIA GeForce RTX 4060 Ti, 43 %, 2955 MiB, 43, 35.32 W
2026/09/22 03:07:39.131, NVIDIA GeForce RTX 4060 Ti, 32 %, 2955 MiB, 43, 33.16 W
2026/09/22 03:07:40.132, NVIDIA GeForce RTX 4060 Ti, 29 %, 2949 MiB, 44, 33.30 W
2026/09/22 03:07:41.134, NVIDIA GeForce RTX 4060 Ti, 34 %, 2950 MiB, 43, 31.94 W
2026/09/22 03:07:42.136, NVIDIA GeForce RTX 4060 Ti, 31 %, 2955 MiB, 44, 33.29 W
2026/09/22 03:07:43.138, NVIDIA GeForce RTX 4060 Ti, 27 %, 2955 MiB, 43, 28.35 W
2026/09/22 03:07:44.139, NVIDIA GeForce RTX 4060 Ti, 22 %, 2949 MiB, 43, 32.24 W
2026/09/22 03:07:45.141, NVIDIA GeForce RTX 4060 Ti, 23 %, 2950 MiB, 43, 34.57 W
2026/09/22 03:07:46.143, NVIDIA GeForce RTX 4060 Ti, 21 %, 2955 MiB, 43, 30.75 W
2026/09/22 03:07:47.144, NVIDIA GeForce RTX 4060 Ti, 29 %, 2956 MiB, 43, 32.41 W
2026/09/22 03:07:48.146, NVIDIA GeForce RTX 4060 Ti, 14 %, 2949 MiB, 43, 31.01 W
2026/09/22 03:07:49.148, NVIDIA GeForce RTX 4060 Ti, 12 %, 2950 MiB, 43, 31.51 W
2026/09/22 03:07:50.149, NVIDIA GeForce RTX 4060 Ti, 29 %, 2955 MiB, 44, 34.91 W
2026/09/22 03:07:51.151, NVIDIA GeForce RTX 4060 Ti, 31 %, 2956 MiB, 43, 32.38 W
2026/09/22 03:07:52.152, NVIDIA GeForce RTX 4060 Ti, 25 %, 2950 MiB, 44, 29.04 W
2026/09/22 03:07:53.154, NVIDIA GeForce RTX 4060 Ti, 37 %, 2950 MiB, 44, 29.80 W
2026/09/22 03:07:54.156, NVIDIA GeForce RTX 4060 Ti, 27 %, 2955 MiB, 43, 30.61 W
2026/09/22 03:07:55.157, NVIDIA GeForce RTX 4060 Ti, 37 %, 2955 MiB, 44, 35.65 W
2026/09/22 03:07:56.159, NVIDIA GeForce RTX 4060 Ti, 25 %, 2949 MiB, 44, 34.91 W
2026/09/22 03:07:57.160, NVIDIA GeForce RTX 4060 Ti, 33 %, 2950 MiB, 43, 34.08 W
2026/09/22 03:07:58.162, NVIDIA GeForce RTX 4060 Ti, 32 %, 2955 MiB, 43, 29.85 W
2026/09/22 03:07:59.163, NVIDIA GeForce RTX 4060 Ti, 30 %, 2955 MiB, 43, 29.05 W
2026/09/22 03:08:00.164, NVIDIA GeForce RTX 4060 Ti, 22 %, 2950 MiB, 44, 33.18 W
2026/09/22 03:08:01.166, NVIDIA GeForce RTX 4060 Ti, 25 %, 2950 MiB, 43, 34.05 W
2026/09/22 03:08:02.168, NVIDIA GeForce RTX 4060 Ti, 32 %, 2957 MiB, 43, 30.71 W
2026/09/22 03:08:03.170, NVIDIA GeForce RTX 4060 Ti, 31 %, 2957 MiB, 43, 28.52 W
2026/09/22 03:08:04.171, NVIDIA GeForce RTX 4060 Ti, 52 %, 2957 MiB, 43, 29.40 W
2026/09/22 03:08:05.173, NVIDIA GeForce RTX 4060 Ti, 28 %, 2951 MiB, 43, 30.93 W
2026/09/22 03:08:06.174, NVIDIA GeForce RTX 4060 Ti, 27 %, 2956 MiB, 43, 31.18 W
2026/09/22 03:08:07.176, NVIDIA GeForce RTX 4060 Ti, 28 %, 2956 MiB, 43, 28.01 W
2026/09/22 03:08:08.178, NVIDIA GeForce RTX 4060 Ti, 34 %, 2955 MiB, 43, 29.18 W
2026/09/22 03:08:09.179, NVIDIA GeForce RTX 4060 Ti, 29 %, 2958 MiB, 43, 28.55 W
2026/09/22 03:08:10.180, NVIDIA GeForce RTX 4060 Ti, 45 %, 2958 MiB, 42, 29.34 W
2026/09/22 03:08:11.182, NVIDIA GeForce RTX 4060 Ti, 22 %, 2961 MiB, 43, 30.22 W
2026/09/22 03:08:12.183, NVIDIA GeForce RTX 4060 Ti, 33 %, 2961 MiB, 43, 30.23 W
2026/09/22 03:08:13.194, NVIDIA GeForce RTX 4060 Ti, 38 %, 2953 MiB, 43, 27.35 W
2026/09/22 03:08:14.195, NVIDIA GeForce RTX 4060 Ti, 35 %, 2955 MiB, 43, 32.72 W
2026/09/22 03:08:15.197, NVIDIA GeForce RTX 4060 Ti, 37 %, 2959 MiB, 44, 35.81 W
2026/09/22 03:08:16.198, NVIDIA GeForce RTX 4060 Ti, 19 %, 2957 MiB, 43, 34.38 W
2026/09/22 03:08:17.200, NVIDIA GeForce RTX 4060 Ti, 26 %, 2950 MiB, 43, 28.33 W
2026/09/22 03:08:18.207, NVIDIA GeForce RTX 4060 Ti, 34 %, 2950 MiB, 43, 32.44 W
2026/09/22 03:08:19.208, NVIDIA GeForce RTX 4060 Ti, 24 %, 2955 MiB, 43, 32.44 W
2026/09/22 03:08:20.210, NVIDIA GeForce RTX 4060 Ti, 20 %, 2955 MiB, 44, 33.67 W
2026/09/22 03:08:21.211, NVIDIA GeForce RTX 4060 Ti, 33 %, 2949 MiB, 43, 32.34 W
2026/09/22 03:08:22.213, NVIDIA GeForce RTX 4060 Ti, 23 %, 2952 MiB, 43, 34.09 W
2026/09/22 03:08:23.214, NVIDIA GeForce RTX 4060 Ti, 23 %, 2957 MiB, 44, 29.24 W
2026/09/22 03:08:24.216, NVIDIA GeForce RTX 4060 Ti, 17 %, 2957 MiB, 44, 32.72 W
2026/09/22 03:08:25.217, NVIDIA GeForce RTX 4060 Ti, 27 %, 2952 MiB, 43, 31.06 W
2026/09/22 03:08:26.219, NVIDIA GeForce RTX 4060 Ti, 27 %, 2952 MiB, 43, 31.63 W
2026/09/22 03:08:27.223, NVIDIA GeForce RTX 4060 Ti, 36 %, 2957 MiB, 43, 32.67 W
2026/09/22 03:08:28.225, NVIDIA GeForce RTX 4060 Ti, 35 %, 2957 MiB, 45, 36.25 W
2026/09/22 03:08:29.226, NVIDIA GeForce RTX 4060 Ti, 30 %, 2952 MiB, 43, 34.69 W
2026/09/22 03:08:30.228, NVIDIA GeForce RTX 4060 Ti, 33 %, 2952 MiB, 43, 31.24 W
2026/09/22 03:08:31.230, NVIDIA GeForce RTX 4060 Ti, 23 %, 2957 MiB, 43, 30.64 W
2026/09/22 03:08:32.231, NVIDIA GeForce RTX 4060 Ti, 31 %, 2956 MiB, 43, 31.40 W
2026/09/22 03:08:33.233, NVIDIA GeForce RTX 4060 Ti, 35 %, 2951 MiB, 43, 34.66 W
2026/09/22 03:08:34.234, NVIDIA GeForce RTX 4060 Ti, 41 %, 2951 MiB, 44, 33.29 W
2026/09/22 03:08:35.236, NVIDIA GeForce RTX 4060 Ti, 27 %, 2956 MiB, 43, 32.78 W
2026/09/22 03:08:36.243, NVIDIA GeForce RTX 4060 Ti, 22 %, 2956 MiB, 44, 33.85 W
2026/09/22 03:08:37.244, NVIDIA GeForce RTX 4060 Ti, 33 %, 2951 MiB, 44, 34.56 W
2026/09/22 03:08:38.246, NVIDIA GeForce RTX 4060 Ti, 27 %, 2951 MiB, 43, 36.38 W
2026/09/22 03:08:39.247, NVIDIA GeForce RTX 4060 Ti, 27 %, 2956 MiB, 44, 35.21 W
2026/09/22 03:08:40.248, NVIDIA GeForce RTX 4060 Ti, 27 %, 2956 MiB, 43, 28.63 W
2026/09/22 03:08:41.250, NVIDIA GeForce RTX 4060 Ti, 21 %, 2951 MiB, 43, 33.68 W
2026/09/22 03:08:42.251, NVIDIA GeForce RTX 4060 Ti, 23 %, 2951 MiB, 44, 39.89 W
2026/09/22 03:08:43.253, NVIDIA GeForce RTX 4060 Ti, 20 %, 2956 MiB, 43, 34.99 W
2026/09/22 03:08:44.255, NVIDIA GeForce RTX 4060 Ti, 23 %, 2957 MiB, 43, 29.24 W
2026/09/22 03:08:45.257, NVIDIA GeForce RTX 4060 Ti, 34 %, 2951 MiB, 42, 27.10 W
2026/09/22 03:08:46.258, NVIDIA GeForce RTX 4060 Ti, 44 %, 2951 MiB, 43, 27.13 W
2026/09/22 03:08:47.260, NVIDIA GeForce RTX 4060 Ti, 48 %, 2956 MiB, 43, 36.37 W
2026/09/22 03:08:48.261, NVIDIA GeForce RTX 4060 Ti, 27 %, 2956 MiB, 44, 40.34 W
2026/09/22 03:08:49.263, NVIDIA GeForce RTX 4060 Ti, 29 %, 2951 MiB, 45, 42.51 W
2026/09/22 03:08:50.265, NVIDIA GeForce RTX 4060 Ti, 16 %, 2951 MiB, 47, 53.53 W
2026/09/22 03:08:51.266, NVIDIA GeForce RTX 4060 Ti, 26 %, 2956 MiB, 46, 56.08 W
2026/09/22 03:08:52.268, NVIDIA GeForce RTX 4060 Ti, 29 %, 2956 MiB, 45, 43.35 W
2026/09/22 03:08:53.270, NVIDIA GeForce RTX 4060 Ti, 14 %, 2951 MiB, 45, 37.30 W
2026/09/22 03:08:54.272, NVIDIA GeForce RTX 4060 Ti, 14 %, 2951 MiB, 44, 33.79 W
2026/09/22 03:08:55.274, NVIDIA GeForce RTX 4060 Ti, 41 %, 2958 MiB, 43, 27.86 W
2026/09/22 03:08:56.275, NVIDIA GeForce RTX 4060 Ti, 33 %, 2958 MiB, 43, 28.19 W
2026/09/22 03:08:57.277, NVIDIA GeForce RTX 4060 Ti, 28 %, 2958 MiB, 43, 28.36 W
2026/09/22 03:08:58.278, NVIDIA GeForce RTX 4060 Ti, 39 %, 2953 MiB, 43, 27.66 W
2026/09/22 03:08:59.279, NVIDIA GeForce RTX 4060 Ti, 27 %, 2958 MiB, 43, 27.14 W
2026/09/22 03:09:00.281, NVIDIA GeForce RTX 4060 Ti, 28 %, 2958 MiB, 44, 29.58 W
2026/09/22 03:09:01.283, NVIDIA GeForce RTX 4060 Ti, 35 %, 2953 MiB, 43, 28.43 W
2026/09/22 03:09:02.285, NVIDIA GeForce RTX 4060 Ti, 45 %, 2953 MiB, 44, 28.64 W
2026/09/22 03:09:03.287, NVIDIA GeForce RTX 4060 Ti, 26 %, 2957 MiB, 43, 31.71 W
2026/09/22 03:09:04.289, NVIDIA GeForce RTX 4060 Ti, 25 %, 2958 MiB, 43, 30.55 W
2026/09/22 03:09:05.290, NVIDIA GeForce RTX 4060 Ti, 31 %, 2952 MiB, 43, 27.25 W
2026/09/22 03:09:06.292, NVIDIA GeForce RTX 4060 Ti, 40 %, 2952 MiB, 43, 26.37 W
2026/09/22 03:09:07.293, NVIDIA GeForce RTX 4060 Ti, 36 %, 2957 MiB, 43, 28.27 W
2026/09/22 03:09:08.294, NVIDIA GeForce RTX 4060 Ti, 28 %, 2958 MiB, 43, 31.54 W
2026/09/22 03:09:09.296, NVIDIA GeForce RTX 4060 Ti, 32 %, 2952 MiB, 43, 32.89 W
2026/09/22 03:09:10.297, NVIDIA GeForce RTX 4060 Ti, 26 %, 2952 MiB, 43, 29.90 W
2026/09/22 03:09:11.299, NVIDIA GeForce RTX 4060 Ti, 21 %, 2957 MiB, 43, 31.60 W
2026/09/22 03:09:12.300, NVIDIA GeForce RTX 4060 Ti, 30 %, 2958 MiB, 43, 30.93 W
2026/09/22 03:09:13.302, NVIDIA GeForce RTX 4060 Ti, 33 %, 2952 MiB, 43, 26.02 W
2026/09/22 03:09:14.304, NVIDIA GeForce RTX 4060 Ti, 35 %, 2953 MiB, 43, 27.22 W
2026/09/22 03:09:15.306, NVIDIA GeForce RTX 4060 Ti, 37 %, 2958 MiB, 43, 27.25 W
2026/09/22 03:09:16.308, NVIDIA GeForce RTX 4060 Ti, 27 %, 2958 MiB, 43, 27.54 W
2026/09/22 03:09:17.309, NVIDIA GeForce RTX 4060 Ti, 34 %, 2959 MiB, 43, 26.86 W
2026/09/22 03:09:18.311, NVIDIA GeForce RTX 4060 Ti, 33 %, 2959 MiB, 43, 27.25 W
2026/09/22 03:09:19.312, NVIDIA GeForce RTX 4060 Ti, 30 %, 2959 MiB, 42, 27.39 W
2026/09/22 03:09:20.314, NVIDIA GeForce RTX 4060 Ti, 33 %, 2959 MiB, 43, 27.60 W
2026/09/22 03:09:21.316, NVIDIA GeForce RTX 4060 Ti, 28 %, 2953 MiB, 43, 28.68 W
2026/09/22 03:09:22.317, NVIDIA GeForce RTX 4060 Ti, 32 %, 2953 MiB, 43, 28.78 W
2026/09/22 03:09:23.319, NVIDIA GeForce RTX 4060 Ti, 32 %, 2958 MiB, 43, 28.09 W
2026/09/22 03:09:24.321, NVIDIA GeForce RTX 4060 Ti, 30 %, 2958 MiB, 43, 30.89 W
2026/09/22 03:09:25.323, NVIDIA GeForce RTX 4060 Ti, 19 %, 2953 MiB, 43, 31.20 W
2026/09/22 03:09:26.325, NVIDIA GeForce RTX 4060 Ti, 34 %, 2953 MiB, 43, 28.39 W
2026/09/22 03:09:27.327, NVIDIA GeForce RTX 4060 Ti, 39 %, 2958 MiB, 43, 28.37 W
2026/09/22 03:09:28.328, NVIDIA GeForce RTX 4060 Ti, 31 %, 2958 MiB, 43, 27.60 W
2026/09/22 03:09:29.330, NVIDIA GeForce RTX 4060 Ti, 42 %, 2953 MiB, 43, 28.56 W
2026/09/22 03:09:30.331, NVIDIA GeForce RTX 4060 Ti, 27 %, 2953 MiB, 43, 27.43 W
2026/09/22 03:09:31.333, NVIDIA GeForce RTX 4060 Ti, 41 %, 2958 MiB, 43, 28.44 W
2026/09/22 03:09:32.334, NVIDIA GeForce RTX 4060 Ti, 35 %, 2957 MiB, 43, 27.21 W
2026/09/22 03:09:33.336, NVIDIA GeForce RTX 4060 Ti, 29 %, 2953 MiB, 42, 28.40 W
2026/09/22 03:09:34.338, NVIDIA GeForce RTX 4060 Ti, 36 %, 2953 MiB, 42, 28.37 W
2026/09/22 03:09:35.340, NVIDIA GeForce RTX 4060 Ti, 35 %, 2958 MiB, 42, 27.24 W
2026/09/22 03:09:36.341, NVIDIA GeForce RTX 4060 Ti, 37 %, 2958 MiB, 43, 28.53 W
2026/09/22 03:09:37.343, NVIDIA GeForce RTX 4060 Ti, 30 %, 2953 MiB, 43, 28.43 W
2026/09/22 03:09:38.345, NVIDIA GeForce RTX 4060 Ti, 23 %, 2953 MiB, 43, 29.34 W
2026/09/22 03:09:39.346, NVIDIA GeForce RTX 4060 Ti, 36 %, 2958 MiB, 43, 31.11 W
2026/09/22 03:09:40.348, NVIDIA GeForce RTX 4060 Ti, 31 %, 2958 MiB, 43, 33.42 W
2026/09/22 03:09:41.349, NVIDIA GeForce RTX 4060 Ti, 33 %, 2953 MiB, 43, 30.58 W
2026/09/22 03:09:42.351, NVIDIA GeForce RTX 4060 Ti, 30 %, 2953 MiB, 43, 28.59 W
2026/09/22 03:09:43.352, NVIDIA GeForce RTX 4060 Ti, 25 %, 2958 MiB, 43, 31.70 W
2026/09/22 03:09:44.354, NVIDIA GeForce RTX 4060 Ti, 26 %, 2958 MiB, 43, 31.91 W
2026/09/22 03:09:45.358, NVIDIA GeForce RTX 4060 Ti, 33 %, 2953 MiB, 43, 30.56 W
2026/09/22 03:09:46.364, NVIDIA GeForce RTX 4060 Ti, 35 %, 2953 MiB, 43, 29.66 W
2026/09/22 03:09:47.365, NVIDIA GeForce RTX 4060 Ti, 40 %, 2958 MiB, 43, 29.25 W
2026/09/22 03:09:48.367, NVIDIA GeForce RTX 4060 Ti, 40 %, 2958 MiB, 44, 31.90 W
2026/09/22 03:09:49.369, NVIDIA GeForce RTX 4060 Ti, 30 %, 2953 MiB, 43, 34.08 W
2026/09/22 03:09:50.370, NVIDIA GeForce RTX 4060 Ti, 30 %, 2958 MiB, 43, 32.74 W
2026/09/22 03:09:51.372, NVIDIA GeForce RTX 4060 Ti, 27 %, 2959 MiB, 43, 34.66 W
2026/09/22 03:09:52.374, NVIDIA GeForce RTX 4060 Ti, 19 %, 2959 MiB, 43, 36.66 W
2026/09/22 03:09:53.375, NVIDIA GeForce RTX 4060 Ti, 24 %, 2959 MiB, 44, 34.89 W
2026/09/22 03:09:54.377, NVIDIA GeForce RTX 4060 Ti, 22 %, 2953 MiB, 43, 32.37 W
2026/09/22 03:09:55.379, NVIDIA GeForce RTX 4060 Ti, 49 %, 2958 MiB, 43, 28.62 W
2026/09/22 03:09:56.381, NVIDIA GeForce RTX 4060 Ti, 28 %, 2958 MiB, 42, 31.62 W
2026/09/22 03:09:57.382, NVIDIA GeForce RTX 4060 Ti, 34 %, 2953 MiB, 43, 34.08 W
2026/09/22 03:09:58.384, NVIDIA GeForce RTX 4060 Ti, 31 %, 2953 MiB, 43, 30.53 W
2026/09/22 03:09:59.386, NVIDIA GeForce RTX 4060 Ti, 26 %, 2958 MiB, 42, 27.22 W
2026/09/22 03:10:00.387, NVIDIA GeForce RTX 4060 Ti, 23 %, 2958 MiB, 43, 29.75 W
2026/09/22 03:10:01.390, NVIDIA GeForce RTX 4060 Ti, 36 %, 2952 MiB, 43, 33.85 W
2026/09/22 03:10:02.392, NVIDIA GeForce RTX 4060 Ti, 28 %, 2952 MiB, 45, 39.96 W
2026/09/22 03:10:03.393, NVIDIA GeForce RTX 4060 Ti, 29 %, 2957 MiB, 44, 42.63 W
2026/09/22 03:10:04.394, NVIDIA GeForce RTX 4060 Ti, 41 %, 2958 MiB, 45, 50.45 W
2026/09/22 03:10:05.396, NVIDIA GeForce RTX 4060 Ti, 23 %, 2952 MiB, 44, 47.80 W
2026/09/22 03:10:06.398, NVIDIA GeForce RTX 4060 Ti, 28 %, 2952 MiB, 44, 47.07 W
2026/09/22 03:10:07.399, NVIDIA GeForce RTX 4060 Ti, 17 %, 2957 MiB, 44, 40.24 W
2026/09/22 03:10:08.401, NVIDIA GeForce RTX 4060 Ti, 23 %, 2958 MiB, 44, 36.50 W
2026/09/22 03:10:09.402, NVIDIA GeForce RTX 4060 Ti, 29 %, 2957 MiB, 43, 31.27 W
2026/09/22 03:10:10.404, NVIDIA GeForce RTX 4060 Ti, 34 %, 2957 MiB, 43, 28.66 W
2026/09/22 03:10:11.406, NVIDIA GeForce RTX 4060 Ti, 33 %, 2958 MiB, 43, 28.61 W
2026/09/22 03:10:12.408, NVIDIA GeForce RTX 4060 Ti, 38 %, 2958 MiB, 43, 27.95 W
2026/09/22 03:10:13.410, NVIDIA GeForce RTX 4060 Ti, 34 %, 2953 MiB, 43, 27.38 W
2026/09/22 03:10:14.411, NVIDIA GeForce RTX 4060 Ti, 45 %, 2953 MiB, 43, 27.99 W
2026/09/22 03:10:15.412, NVIDIA GeForce RTX 4060 Ti, 38 %, 2957 MiB, 43, 28.26 W
2026/09/22 03:10:16.414, NVIDIA GeForce RTX 4060 Ti, 35 %, 2958 MiB, 43, 28.02 W
2026/09/22 03:10:17.415, NVIDIA GeForce RTX 4060 Ti, 27 %, 2952 MiB, 43, 28.41 W
2026/09/22 03:10:18.416, NVIDIA GeForce RTX 4060 Ti, 25 %, 2952 MiB, 42, 26.91 W
2026/09/22 03:10:19.418, NVIDIA GeForce RTX 4060 Ti, 30 %, 2957 MiB, 43, 27.41 W
2026/09/22 03:10:20.420, NVIDIA GeForce RTX 4060 Ti, 32 %, 2957 MiB, 43, 26.04 W
2026/09/22 03:10:21.422, NVIDIA GeForce RTX 4060 Ti, 52 %, 2952 MiB, 43, 26.61 W
2026/09/22 03:10:22.424, NVIDIA GeForce RTX 4060 Ti, 29 %, 2952 MiB, 43, 30.92 W
2026/09/22 03:10:23.426, NVIDIA GeForce RTX 4060 Ti, 30 %, 2958 MiB, 43, 31.73 W
2026/09/22 03:10:24.427, NVIDIA GeForce RTX 4060 Ti, 39 %, 2959 MiB, 43, 29.06 W
2026/09/22 03:10:25.429, NVIDIA GeForce RTX 4060 Ti, 29 %, 2959 MiB, 42, 27.47 W
2026/09/22 03:10:26.430, NVIDIA GeForce RTX 4060 Ti, 35 %, 2953 MiB, 43, 27.46 W
2026/09/22 03:10:27.431, NVIDIA GeForce RTX 4060 Ti, 34 %, 2958 MiB, 42, 27.59 W
2026/09/22 03:10:28.433, NVIDIA GeForce RTX 4060 Ti, 32 %, 2960 MiB, 43, 26.36 W
2026/09/22 03:10:29.434, NVIDIA GeForce RTX 4060 Ti, 29 %, 2963 MiB, 42, 26.50 W
2026/09/22 03:10:30.436, NVIDIA GeForce RTX 4060 Ti, 42 %, 2963 MiB, 43, 27.27 W
2026/09/22 03:10:31.437, NVIDIA GeForce RTX 4060 Ti, 31 %, 2963 MiB, 42, 26.88 W
2026/09/22 03:10:32.439, NVIDIA GeForce RTX 4060 Ti, 39 %, 2963 MiB, 42, 25.71 W
2026/09/22 03:10:33.440, NVIDIA GeForce RTX 4060 Ti, 27 %, 2954 MiB, 42, 26.72 W
2026/09/22 03:10:34.443, NVIDIA GeForce RTX 4060 Ti, 35 %, 2954 MiB, 42, 27.56 W
2026/09/22 03:10:35.444, NVIDIA GeForce RTX 4060 Ti, 32 %, 2959 MiB, 43, 30.20 W
2026/09/22 03:10:36.445, NVIDIA GeForce RTX 4060 Ti, 26 %, 2959 MiB, 43, 33.40 W
2026/09/22 03:10:37.447, NVIDIA GeForce RTX 4060 Ti, 19 %, 2952 MiB, 43, 32.30 W
2026/09/22 03:10:38.448, NVIDIA GeForce RTX 4060 Ti, 17 %, 2952 MiB, 43, 30.21 W
2026/09/22 03:10:39.450, NVIDIA GeForce RTX 4060 Ti, 30 %, 2957 MiB, 43, 31.16 W
2026/09/22 03:10:40.452, NVIDIA GeForce RTX 4060 Ti, 35 %, 2957 MiB, 43, 27.34 W
2026/09/22 03:10:41.454, NVIDIA GeForce RTX 4060 Ti, 40 %, 2952 MiB, 42, 27.71 W
2026/09/22 03:10:42.456, NVIDIA GeForce RTX 4060 Ti, 39 %, 2952 MiB, 42, 27.08 W
2026/09/22 03:10:43.458, NVIDIA GeForce RTX 4060 Ti, 41 %, 2957 MiB, 43, 28.93 W
2026/09/22 03:10:44.460, NVIDIA GeForce RTX 4060 Ti, 26 %, 2957 MiB, 42, 27.28 W
2026/09/22 03:10:45.461, NVIDIA GeForce RTX 4060 Ti, 30 %, 2952 MiB, 43, 27.05 W
2026/09/22 03:10:46.463, NVIDIA GeForce RTX 4060 Ti, 31 %, 2952 MiB, 43, 28.50 W
2026/09/22 03:10:47.465, NVIDIA GeForce RTX 4060 Ti, 25 %, 2957 MiB, 42, 27.42 W
2026/09/22 03:10:48.467, NVIDIA GeForce RTX 4060 Ti, 24 %, 2957 MiB, 42, 26.18 W
2026/09/22 03:10:49.468, NVIDIA GeForce RTX 4060 Ti, 32 %, 2952 MiB, 42, 27.86 W
2026/09/22 03:10:50.470, NVIDIA GeForce RTX 4060 Ti, 39 %, 2952 MiB, 43, 28.43 W
2026/09/22 03:10:51.472, NVIDIA GeForce RTX 4060 Ti, 43 %, 2957 MiB, 43, 28.22 W
2026/09/22 03:10:52.475, NVIDIA GeForce RTX 4060 Ti, 28 %, 2957 MiB, 43, 26.91 W
2026/09/22 03:10:53.476, NVIDIA GeForce RTX 4060 Ti, 30 %, 2952 MiB, 43, 28.51 W
2026/09/22 03:10:54.478, NVIDIA GeForce RTX 4060 Ti, 24 %, 2957 MiB, 43, 30.52 W
2026/09/22 03:10:55.479, NVIDIA GeForce RTX 4060 Ti, 31 %, 2957 MiB, 43, 31.42 W
2026/09/22 03:10:56.481, NVIDIA GeForce RTX 4060 Ti, 30 %, 2957 MiB, 42, 26.55 W
2026/09/22 03:10:57.482, NVIDIA GeForce RTX 4060 Ti, 33 %, 2952 MiB, 43, 27.74 W
2026/09/22 03:10:58.483, NVIDIA GeForce RTX 4060 Ti, 34 %, 2957 MiB, 43, 29.69 W
2026/09/22 03:10:59.484, NVIDIA GeForce RTX 4060 Ti, 19 %, 2957 MiB, 42, 30.62 W
2026/09/22 03:11:00.486, NVIDIA GeForce RTX 4060 Ti, 38 %, 2957 MiB, 43, 31.18 W
2026/09/22 03:11:01.487, NVIDIA GeForce RTX 4060 Ti, 33 %, 2952 MiB, 43, 28.94 W
2026/09/22 03:11:02.489, NVIDIA GeForce RTX 4060 Ti, 26 %, 2958 MiB, 42, 28.03 W
2026/09/22 03:11:03.491, NVIDIA GeForce RTX 4060 Ti, 34 %, 2958 MiB, 43, 30.50 W
2026/09/22 03:11:04.493, NVIDIA GeForce RTX 4060 Ti, 25 %, 2958 MiB, 43, 32.63 W
2026/09/22 03:11:05.494, NVIDIA GeForce RTX 4060 Ti, 18 %, 2953 MiB, 43, 31.68 W
2026/09/22 03:11:06.496, NVIDIA GeForce RTX 4060 Ti, 48 %, 2958 MiB, 43, 29.90 W
2026/09/22 03:11:07.497, NVIDIA GeForce RTX 4060 Ti, 45 %, 2958 MiB, 43, 33.71 W
2026/09/22 03:11:08.499, NVIDIA GeForce RTX 4060 Ti, 31 %, 2957 MiB, 43, 34.22 W
2026/09/22 03:11:09.500, NVIDIA GeForce RTX 4060 Ti, 32 %, 2952 MiB, 43, 33.08 W
2026/09/22 03:11:10.502, NVIDIA GeForce RTX 4060 Ti, 27 %, 2957 MiB, 42, 28.87 W
2026/09/22 03:11:11.503, NVIDIA GeForce RTX 4060 Ti, 65 %, 2957 MiB, 44, 30.68 W
2026/09/22 03:11:12.505, NVIDIA GeForce RTX 4060 Ti, 30 %, 2957 MiB, 45, 41.69 W
2026/09/22 03:11:13.506, NVIDIA GeForce RTX 4060 Ti, 23 %, 2952 MiB, 43, 40.74 W
2026/09/22 03:11:14.508, NVIDIA GeForce RTX 4060 Ti, 24 %, 2957 MiB, 43, 33.29 W
2026/09/22 03:11:15.509, NVIDIA GeForce RTX 4060 Ti, 33 %, 2957 MiB, 43, 32.31 W
2026/09/22 03:11:16.511, NVIDIA GeForce RTX 4060 Ti, 31 %, 2957 MiB, 43, 32.33 W
2026/09/22 03:11:17.512, NVIDIA GeForce RTX 4060 Ti, 44 %, 2952 MiB, 43, 31.88 W
2026/09/22 03:11:18.514, NVIDIA GeForce RTX 4060 Ti, 31 %, 2957 MiB, 43, 37.14 W
2026/09/22 03:11:19.516, NVIDIA GeForce RTX 4060 Ti, 25 %, 2957 MiB, 43, 35.88 W
2026/09/22 03:11:20.517, NVIDIA GeForce RTX 4060 Ti, 24 %, 2957 MiB, 44, 40.78 W
2026/09/22 03:11:21.518, NVIDIA GeForce RTX 4060 Ti, 23 %, 2952 MiB, 43, 38.12 W
2026/09/22 03:11:22.520, NVIDIA GeForce RTX 4060 Ti, 26 %, 2957 MiB, 43, 37.41 W
2026/09/22 03:11:23.521, NVIDIA GeForce RTX 4060 Ti, 20 %, 2957 MiB, 45, 38.11 W
2026/09/22 03:11:24.526, NVIDIA GeForce RTX 4060 Ti, 0 %, 726 MiB, 42, 26.52 W
2026/09/22 03:11:25.527, NVIDIA GeForce RTX 4060 Ti, 0 %, 727 MiB, 41, 19.20 W
2026/09/22 03:11:26.531, NVIDIA GeForce RTX 4060 Ti, 37 %, 1990 MiB, 42, 24.56 W
2026/09/22 03:11:27.533, NVIDIA GeForce RTX 4060 Ti, 34 %, 1990 MiB, 43, 27.22 W
2026/09/22 03:11:28.534, NVIDIA GeForce RTX 4060 Ti, 36 %, 1990 MiB, 43, 32.36 W
2026/09/22 03:11:29.536, NVIDIA GeForce RTX 4060 Ti, 37 %, 1988 MiB, 43, 33.93 W
2026/09/22 03:11:30.537, NVIDIA GeForce RTX 4060 Ti, 37 %, 1989 MiB, 42, 27.06 W
2026/09/22 03:11:31.539, NVIDIA GeForce RTX 4060 Ti, 22 %, 1989 MiB, 43, 30.75 W
2026/09/22 03:11:32.541, NVIDIA GeForce RTX 4060 Ti, 29 %, 1987 MiB, 43, 33.30 W
2026/09/22 03:11:33.543, NVIDIA GeForce RTX 4060 Ti, 18 %, 1984 MiB, 43, 32.20 W
2026/09/22 03:11:34.544, NVIDIA GeForce RTX 4060 Ti, 34 %, 1989 MiB, 44, 30.40 W
2026/09/22 03:11:35.545, NVIDIA GeForce RTX 4060 Ti, 24 %, 1989 MiB, 43, 31.90 W
2026/09/22 03:11:36.546, NVIDIA GeForce RTX 4060 Ti, 52 %, 1990 MiB, 42, 30.37 W
2026/09/22 03:11:37.548, NVIDIA GeForce RTX 4060 Ti, 23 %, 1989 MiB, 43, 32.25 W
2026/09/22 03:11:38.549, NVIDIA GeForce RTX 4060 Ti, 32 %, 1990 MiB, 43, 33.21 W
2026/09/22 03:11:39.551, NVIDIA GeForce RTX 4060 Ti, 20 %, 1990 MiB, 42, 27.03 W
2026/09/22 03:11:40.553, NVIDIA GeForce RTX 4060 Ti, 34 %, 1990 MiB, 43, 28.58 W
2026/09/22 03:11:41.554, NVIDIA GeForce RTX 4060 Ti, 23 %, 1983 MiB, 43, 32.53 W
2026/09/22 03:11:42.556, NVIDIA GeForce RTX 4060 Ti, 30 %, 1989 MiB, 43, 33.96 W
2026/09/22 03:11:43.558, NVIDIA GeForce RTX 4060 Ti, 37 %, 1989 MiB, 42, 30.85 W
2026/09/22 03:11:44.560, NVIDIA GeForce RTX 4060 Ti, 49 %, 1987 MiB, 42, 29.05 W
2026/09/22 03:11:45.561, NVIDIA GeForce RTX 4060 Ti, 24 %, 1984 MiB, 43, 32.43 W
2026/09/22 03:11:46.563, NVIDIA GeForce RTX 4060 Ti, 36 %, 1989 MiB, 42, 31.70 W
2026/09/22 03:11:47.564, NVIDIA GeForce RTX 4060 Ti, 28 %, 1989 MiB, 43, 30.35 W
2026/09/22 03:11:48.566, NVIDIA GeForce RTX 4060 Ti, 28 %, 1992 MiB, 43, 28.21 W
2026/09/22 03:11:49.567, NVIDIA GeForce RTX 4060 Ti, 14 %, 1992 MiB, 43, 31.00 W
2026/09/22 03:11:50.568, NVIDIA GeForce RTX 4060 Ti, 21 %, 1995 MiB, 43, 31.52 W
2026/09/22 03:11:51.570, NVIDIA GeForce RTX 4060 Ti, 25 %, 1995 MiB, 43, 29.39 W
2026/09/22 03:11:52.571, NVIDIA GeForce RTX 4060 Ti, 28 %, 1995 MiB, 42, 27.57 W
2026/09/22 03:11:53.573, NVIDIA GeForce RTX 4060 Ti, 32 %, 1995 MiB, 43, 28.70 W
2026/09/22 03:11:54.575, NVIDIA GeForce RTX 4060 Ti, 32 %, 1992 MiB, 43, 27.44 W
2026/09/22 03:11:55.576, NVIDIA GeForce RTX 4060 Ti, 28 %, 1993 MiB, 43, 28.59 W
2026/09/22 03:11:56.577, NVIDIA GeForce RTX 4060 Ti, 41 %, 1993 MiB, 43, 30.35 W
2026/09/22 03:11:57.579, NVIDIA GeForce RTX 4060 Ti, 25 %, 1987 MiB, 43, 33.28 W
2026/09/22 03:11:58.581, NVIDIA GeForce RTX 4060 Ti, 25 %, 1985 MiB, 43, 33.43 W
2026/09/22 03:11:59.582, NVIDIA GeForce RTX 4060 Ti, 29 %, 1990 MiB, 43, 31.11 W
2026/09/22 03:12:00.584, NVIDIA GeForce RTX 4060 Ti, 29 %, 1990 MiB, 43, 31.77 W
2026/09/22 03:12:01.586, NVIDIA GeForce RTX 4060 Ti, 34 %, 1984 MiB, 42, 29.63 W
2026/09/22 03:12:02.587, NVIDIA GeForce RTX 4060 Ti, 34 %, 1984 MiB, 42, 28.38 W
2026/09/22 03:12:03.589, NVIDIA GeForce RTX 4060 Ti, 38 %, 1989 MiB, 43, 29.11 W
2026/09/22 03:12:04.591, NVIDIA GeForce RTX 4060 Ti, 38 %, 1989 MiB, 42, 31.29 W
2026/09/22 03:12:05.593, NVIDIA GeForce RTX 4060 Ti, 21 %, 1984 MiB, 43, 33.43 W
2026/09/22 03:12:06.594, NVIDIA GeForce RTX 4060 Ti, 35 %, 1984 MiB, 42, 29.29 W
2026/09/22 03:12:07.596, NVIDIA GeForce RTX 4060 Ti, 40 %, 1989 MiB, 43, 30.40 W
2026/09/22 03:12:08.597, NVIDIA GeForce RTX 4060 Ti, 33 %, 1989 MiB, 42, 28.70 W
2026/09/22 03:12:09.599, NVIDIA GeForce RTX 4060 Ti, 25 %, 1984 MiB, 42, 27.04 W
2026/09/22 03:12:10.600, NVIDIA GeForce RTX 4060 Ti, 43 %, 1984 MiB, 42, 28.08 W
2026/09/22 03:12:11.601, NVIDIA GeForce RTX 4060 Ti, 34 %, 1989 MiB, 43, 34.02 W
2026/09/22 03:12:12.603, NVIDIA GeForce RTX 4060 Ti, 41 %, 1989 MiB, 43, 33.89 W
2026/09/22 03:12:13.605, NVIDIA GeForce RTX 4060 Ti, 30 %, 1984 MiB, 43, 34.00 W
2026/09/22 03:12:14.607, NVIDIA GeForce RTX 4060 Ti, 35 %, 1984 MiB, 43, 34.06 W
2026/09/22 03:12:15.609, NVIDIA GeForce RTX 4060 Ti, 34 %, 1989 MiB, 43, 36.62 W
2026/09/22 03:12:16.611, NVIDIA GeForce RTX 4060 Ti, 20 %, 2149 MiB, 44, 35.62 W
2026/09/22 03:12:17.612, NVIDIA GeForce RTX 4060 Ti, 22 %, 2144 MiB, 44, 38.73 W
2026/09/22 03:12:18.613, NVIDIA GeForce RTX 4060 Ti, 29 %, 2144 MiB, 43, 38.50 W
2026/09/22 03:12:19.615, NVIDIA GeForce RTX 4060 Ti, 24 %, 2149 MiB, 43, 37.49 W
2026/09/22 03:12:20.617, NVIDIA GeForce RTX 4060 Ti, 26 %, 2149 MiB, 43, 35.96 W
2026/09/22 03:12:21.618, NVIDIA GeForce RTX 4060 Ti, 41 %, 2144 MiB, 43, 38.40 W
2026/09/22 03:12:22.620, NVIDIA GeForce RTX 4060 Ti, 31 %, 2144 MiB, 44, 39.20 W
2026/09/22 03:12:23.621, NVIDIA GeForce RTX 4060 Ti, 30 %, 2149 MiB, 43, 35.88 W
2026/09/22 03:12:24.623, NVIDIA GeForce RTX 4060 Ti, 22 %, 2149 MiB, 46, 42.45 W
2026/09/22 03:12:25.625, NVIDIA GeForce RTX 4060 Ti, 30 %, 2150 MiB, 47, 57.45 W
2026/09/22 03:12:26.626, NVIDIA GeForce RTX 4060 Ti, 37 %, 2150 MiB, 46, 53.14 W
2026/09/22 03:12:27.628, NVIDIA GeForce RTX 4060 Ti, 23 %, 2150 MiB, 43, 35.28 W
2026/09/22 03:12:28.630, NVIDIA GeForce RTX 4060 Ti, 18 %, 2150 MiB, 43, 31.58 W
2026/09/22 03:12:29.631, NVIDIA GeForce RTX 4060 Ti, 27 %, 2143 MiB, 43, 33.01 W
2026/09/22 03:12:30.633, NVIDIA GeForce RTX 4060 Ti, 31 %, 2145 MiB, 43, 34.51 W
2026/09/22 03:12:31.634, NVIDIA GeForce RTX 4060 Ti, 31 %, 2502 MiB, 46, 52.15 W
2026/09/22 03:12:32.636, NVIDIA GeForce RTX 4060 Ti, 31 %, 2502 MiB, 45, 55.18 W
2026/09/22 03:12:33.637, NVIDIA GeForce RTX 4060 Ti, 35 %, 2496 MiB, 45, 53.40 W
2026/09/22 03:12:34.643, NVIDIA GeForce RTX 4060 Ti, 27 %, 2496 MiB, 50, 68.59 W
2026/09/22 03:12:35.646, NVIDIA GeForce RTX 4060 Ti, 27 %, 2501 MiB, 46, 65.21 W
2026/09/22 03:12:36.647, NVIDIA GeForce RTX 4060 Ti, 29 %, 2501 MiB, 45, 50.63 W
2026/09/22 03:12:37.649, NVIDIA GeForce RTX 4060 Ti, 43 %, 2496 MiB, 44, 38.61 W
2026/09/22 03:12:38.650, NVIDIA GeForce RTX 4060 Ti, 33 %, 2496 MiB, 44, 38.00 W
2026/09/22 03:12:39.652, NVIDIA GeForce RTX 4060 Ti, 23 %, 2501 MiB, 44, 34.07 W
2026/09/22 03:12:40.653, NVIDIA GeForce RTX 4060 Ti, 36 %, 2502 MiB, 44, 35.52 W
2026/09/22 03:12:41.655, NVIDIA GeForce RTX 4060 Ti, 34 %, 2502 MiB, 43, 34.40 W
2026/09/22 03:12:42.657, NVIDIA GeForce RTX 4060 Ti, 22 %, 2497 MiB, 45, 34.93 W
2026/09/22 03:12:43.661, NVIDIA GeForce RTX 4060 Ti, 40 %, 2502 MiB, 43, 31.77 W
2026/09/22 03:12:44.664, NVIDIA GeForce RTX 4060 Ti, 46 %, 2502 MiB, 43, 30.94 W
2026/09/22 03:12:45.665, NVIDIA GeForce RTX 4060 Ti, 30 %, 2496 MiB, 44, 33.85 W
2026/09/22 03:12:46.667, NVIDIA GeForce RTX 4060 Ti, 36 %, 2496 MiB, 44, 35.59 W
2026/09/22 03:12:47.668, NVIDIA GeForce RTX 4060 Ti, 0 %, 2501 MiB, 43, 26.73 W
2026/09/22 03:12:48.670, NVIDIA GeForce RTX 4060 Ti, 41 %, 2625 MiB, 42, 21.93 W
2026/09/22 03:12:49.671, NVIDIA GeForce RTX 4060 Ti, 29 %, 2620 MiB, 44, 34.03 W
2026/09/22 03:12:50.673, NVIDIA GeForce RTX 4060 Ti, 33 %, 2682 MiB, 44, 33.55 W
2026/09/22 03:12:51.674, NVIDIA GeForce RTX 4060 Ti, 47 %, 2689 MiB, 43, 30.41 W
2026/09/22 03:12:52.679, NVIDIA GeForce RTX 4060 Ti, 26 %, 2689 MiB, 43, 32.55 W
2026/09/22 03:12:53.680, NVIDIA GeForce RTX 4060 Ti, 25 %, 2684 MiB, 44, 34.72 W
2026/09/22 03:12:54.681, NVIDIA GeForce RTX 4060 Ti, 43 %, 2684 MiB, 43, 32.29 W
2026/09/22 03:12:55.683, NVIDIA GeForce RTX 4060 Ti, 28 %, 2689 MiB, 43, 31.94 W
2026/09/22 03:12:56.684, NVIDIA GeForce RTX 4060 Ti, 29 %, 2689 MiB, 43, 32.21 W
2026/09/22 03:12:57.685, NVIDIA GeForce RTX 4060 Ti, 26 %, 2684 MiB, 44, 42.39 W
2026/09/22 03:12:58.687, NVIDIA GeForce RTX 4060 Ti, 22 %, 2690 MiB, 44, 42.30 W
2026/09/22 03:12:59.688, NVIDIA GeForce RTX 4060 Ti, 23 %, 2691 MiB, 44, 32.53 W
2026/09/22 03:13:00.690, NVIDIA GeForce RTX 4060 Ti, 27 %, 2691 MiB, 43, 26.94 W
2026/09/22 03:13:01.702, NVIDIA GeForce RTX 4060 Ti, 27 %, 2685 MiB, 43, 27.87 W
2026/09/22 03:13:02.703, NVIDIA GeForce RTX 4060 Ti, 32 %, 2685 MiB, 43, 30.60 W
2026/09/22 03:13:03.705, NVIDIA GeForce RTX 4060 Ti, 38 %, 2756 MiB, 44, 37.52 W
2026/09/22 03:13:04.707, NVIDIA GeForce RTX 4060 Ti, 25 %, 2756 MiB, 43, 34.06 W
2026/09/22 03:13:05.708, NVIDIA GeForce RTX 4060 Ti, 33 %, 2750 MiB, 44, 38.71 W
2026/09/22 03:13:06.710, NVIDIA GeForce RTX 4060 Ti, 19 %, 2750 MiB, 45, 37.82 W
2026/09/22 03:13:07.711, NVIDIA GeForce RTX 4060 Ti, 26 %, 2755 MiB, 44, 33.82 W
2026/09/22 03:13:08.713, NVIDIA GeForce RTX 4060 Ti, 27 %, 2755 MiB, 43, 32.84 W
2026/09/22 03:13:09.714, NVIDIA GeForce RTX 4060 Ti, 18 %, 2750 MiB, 45, 36.60 W
2026/09/22 03:13:10.715, NVIDIA GeForce RTX 4060 Ti, 17 %, 2828 MiB, 45, 36.28 W
2026/09/22 03:13:11.717, NVIDIA GeForce RTX 4060 Ti, 28 %, 2923 MiB, 43, 33.97 W
2026/09/22 03:13:12.718, NVIDIA GeForce RTX 4060 Ti, 25 %, 2923 MiB, 44, 29.09 W
2026/09/22 03:13:13.719, NVIDIA GeForce RTX 4060 Ti, 41 %, 3012 MiB, 44, 29.57 W
2026/09/22 03:13:14.721, NVIDIA GeForce RTX 4060 Ti, 27 %, 3108 MiB, 43, 32.76 W
2026/09/22 03:13:15.723, NVIDIA GeForce RTX 4060 Ti, 31 %, 3241 MiB, 43, 31.81 W
2026/09/22 03:13:16.724, NVIDIA GeForce RTX 4060 Ti, 26 %, 3241 MiB, 44, 33.58 W
2026/09/22 03:13:17.726, NVIDIA GeForce RTX 4060 Ti, 31 %, 3236 MiB, 43, 33.22 W
2026/09/22 03:13:18.728, NVIDIA GeForce RTX 4060 Ti, 22 %, 3241 MiB, 43, 29.35 W
2026/09/22 03:13:19.730, NVIDIA GeForce RTX 4060 Ti, 33 %, 3241 MiB, 43, 26.95 W
2026/09/22 03:13:20.731, NVIDIA GeForce RTX 4060 Ti, 26 %, 3241 MiB, 43, 32.61 W
2026/09/22 03:13:21.733, NVIDIA GeForce RTX 4060 Ti, 23 %, 3241 MiB, 43, 33.73 W
2026/09/22 03:13:22.734, NVIDIA GeForce RTX 4060 Ti, 39 %, 3246 MiB, 44, 32.76 W
2026/09/22 03:13:23.735, NVIDIA GeForce RTX 4060 Ti, 39 %, 3246 MiB, 43, 30.13 W
2026/09/22 03:13:24.737, NVIDIA GeForce RTX 4060 Ti, 21 %, 3246 MiB, 43, 28.16 W
2026/09/22 03:13:25.739, NVIDIA GeForce RTX 4060 Ti, 32 %, 3241 MiB, 43, 29.05 W
2026/09/22 03:13:26.740, NVIDIA GeForce RTX 4060 Ti, 32 %, 3246 MiB, 44, 28.05 W
2026/09/22 03:13:27.742, NVIDIA GeForce RTX 4060 Ti, 33 %, 3246 MiB, 43, 28.70 W
2026/09/22 03:13:28.744, NVIDIA GeForce RTX 4060 Ti, 35 %, 3244 MiB, 43, 28.36 W
2026/09/22 03:13:29.746, NVIDIA GeForce RTX 4060 Ti, 29 %, 3238 MiB, 43, 27.96 W
2026/09/22 03:13:30.747, NVIDIA GeForce RTX 4060 Ti, 31 %, 3243 MiB, 43, 26.40 W
2026/09/22 03:13:31.748, NVIDIA GeForce RTX 4060 Ti, 30 %, 3243 MiB, 44, 28.16 W
2026/09/22 03:13:32.750, NVIDIA GeForce RTX 4060 Ti, 27 %, 3243 MiB, 43, 29.45 W
2026/09/22 03:13:33.752, NVIDIA GeForce RTX 4060 Ti, 28 %, 3243 MiB, 43, 28.58 W
2026/09/22 03:13:34.753, NVIDIA GeForce RTX 4060 Ti, 25 %, 3246 MiB, 43, 26.83 W
2026/09/22 03:13:35.755, NVIDIA GeForce RTX 4060 Ti, 31 %, 3247 MiB, 43, 26.50 W
2026/09/22 03:13:36.756, NVIDIA GeForce RTX 4060 Ti, 44 %, 3246 MiB, 43, 27.52 W
2026/09/22 03:13:37.757, NVIDIA GeForce RTX 4060 Ti, 52 %, 3241 MiB, 43, 27.77 W
2026/09/22 03:13:38.759, NVIDIA GeForce RTX 4060 Ti, 43 %, 3246 MiB, 44, 33.22 W
2026/09/22 03:13:39.761, NVIDIA GeForce RTX 4060 Ti, 27 %, 3246 MiB, 43, 32.61 W
2026/09/22 03:13:40.763, NVIDIA GeForce RTX 4060 Ti, 41 %, 3246 MiB, 43, 32.31 W
2026/09/22 03:13:41.764, NVIDIA GeForce RTX 4060 Ti, 31 %, 3240 MiB, 43, 27.19 W
2026/09/22 03:13:42.765, NVIDIA GeForce RTX 4060 Ti, 29 %, 3245 MiB, 43, 28.28 W
2026/09/22 03:13:43.766, NVIDIA GeForce RTX 4060 Ti, 27 %, 3245 MiB, 44, 28.40 W
2026/09/22 03:13:44.768, NVIDIA GeForce RTX 4060 Ti, 38 %, 3245 MiB, 43, 26.81 W
2026/09/22 03:13:45.770, NVIDIA GeForce RTX 4060 Ti, 40 %, 3240 MiB, 43, 29.78 W
2026/09/22 03:13:46.771, NVIDIA GeForce RTX 4060 Ti, 31 %, 3245 MiB, 43, 28.07 W
2026/09/22 03:13:47.773, NVIDIA GeForce RTX 4060 Ti, 35 %, 3245 MiB, 43, 27.83 W
2026/09/22 03:13:48.775, NVIDIA GeForce RTX 4060 Ti, 32 %, 3245 MiB, 43, 27.22 W
2026/09/22 03:13:49.776, NVIDIA GeForce RTX 4060 Ti, 32 %, 3240 MiB, 43, 26.25 W
2026/09/22 03:13:50.778, NVIDIA GeForce RTX 4060 Ti, 29 %, 3245 MiB, 43, 27.97 W
2026/09/22 03:13:51.779, NVIDIA GeForce RTX 4060 Ti, 35 %, 3245 MiB, 43, 27.50 W
2026/09/22 03:13:52.781, NVIDIA GeForce RTX 4060 Ti, 41 %, 3245 MiB, 43, 27.32 W
2026/09/22 03:13:53.782, NVIDIA GeForce RTX 4060 Ti, 18 %, 3240 MiB, 43, 27.48 W
2026/09/22 03:13:54.784, NVIDIA GeForce RTX 4060 Ti, 26 %, 3245 MiB, 44, 28.22 W
2026/09/22 03:13:55.785, NVIDIA GeForce RTX 4060 Ti, 44 %, 3245 MiB, 42, 27.86 W
2026/09/22 03:13:56.786, NVIDIA GeForce RTX 4060 Ti, 38 %, 3244 MiB, 43, 27.81 W
2026/09/22 03:13:57.788, NVIDIA GeForce RTX 4060 Ti, 37 %, 3240 MiB, 42, 28.02 W
2026/09/22 03:13:58.789, NVIDIA GeForce RTX 4060 Ti, 22 %, 3245 MiB, 44, 30.87 W
2026/09/22 03:13:59.791, NVIDIA GeForce RTX 4060 Ti, 31 %, 3245 MiB, 43, 31.84 W
2026/09/22 03:14:00.793, NVIDIA GeForce RTX 4060 Ti, 27 %, 3244 MiB, 43, 29.12 W
2026/09/22 03:14:01.795, NVIDIA GeForce RTX 4060 Ti, 26 %, 3240 MiB, 42, 26.92 W
2026/09/22 03:14:02.796, NVIDIA GeForce RTX 4060 Ti, 29 %, 3245 MiB, 43, 27.80 W
2026/09/22 03:14:03.798, NVIDIA GeForce RTX 4060 Ti, 35 %, 3245 MiB, 44, 28.19 W
2026/09/22 03:14:04.799, NVIDIA GeForce RTX 4060 Ti, 27 %, 3244 MiB, 43, 27.95 W
2026/09/22 03:14:05.801, NVIDIA GeForce RTX 4060 Ti, 29 %, 3246 MiB, 43, 28.22 W
2026/09/22 03:14:06.802, NVIDIA GeForce RTX 4060 Ti, 33 %, 3246 MiB, 42, 27.87 W
2026/09/22 03:14:07.804, NVIDIA GeForce RTX 4060 Ti, 31 %, 3246 MiB, 42, 28.62 W
2026/09/22 03:14:08.806, NVIDIA GeForce RTX 4060 Ti, 30 %, 3246 MiB, 43, 28.25 W
2026/09/22 03:14:09.807, NVIDIA GeForce RTX 4060 Ti, 20 %, 3243 MiB, 42, 25.77 W
2026/09/22 03:14:10.809, NVIDIA GeForce RTX 4060 Ti, 31 %, 3246 MiB, 43, 28.04 W
2026/09/22 03:14:11.814, NVIDIA GeForce RTX 4060 Ti, 40 %, 3250 MiB, 43, 27.45 W
2026/09/22 03:14:12.815, NVIDIA GeForce RTX 4060 Ti, 31 %, 3251 MiB, 43, 28.83 W
2026/09/22 03:14:13.816, NVIDIA GeForce RTX 4060 Ti, 27 %, 3251 MiB, 43, 28.77 W
2026/09/22 03:14:14.818, NVIDIA GeForce RTX 4060 Ti, 33 %, 3249 MiB, 44, 32.66 W
2026/09/22 03:14:15.819, NVIDIA GeForce RTX 4060 Ti, 35 %, 3249 MiB, 44, 33.49 W
2026/09/22 03:14:16.821, NVIDIA GeForce RTX 4060 Ti, 32 %, 3247 MiB, 43, 33.43 W
2026/09/22 03:14:17.822, NVIDIA GeForce RTX 4060 Ti, 23 %, 3244 MiB, 43, 32.92 W
2026/09/22 03:14:18.823, NVIDIA GeForce RTX 4060 Ti, 37 %, 3241 MiB, 44, 35.71 W
2026/09/22 03:14:19.825, NVIDIA GeForce RTX 4060 Ti, 25 %, 3246 MiB, 44, 33.81 W
2026/09/22 03:14:20.831, NVIDIA GeForce RTX 4060 Ti, 21 %, 3246 MiB, 43, 33.53 W
2026/09/22 03:14:21.833, NVIDIA GeForce RTX 4060 Ti, 27 %, 3245 MiB, 43, 31.04 W
2026/09/22 03:14:22.834, NVIDIA GeForce RTX 4060 Ti, 23 %, 3241 MiB, 44, 35.68 W
2026/09/22 03:14:23.835, NVIDIA GeForce RTX 4060 Ti, 37 %, 3246 MiB, 44, 39.55 W
2026/09/22 03:14:24.838, NVIDIA GeForce RTX 4060 Ti, 20 %, 3246 MiB, 43, 33.92 W
2026/09/22 03:14:25.839, NVIDIA GeForce RTX 4060 Ti, 20 %, 3244 MiB, 43, 31.41 W
2026/09/22 03:14:26.840, NVIDIA GeForce RTX 4060 Ti, 32 %, 3241 MiB, 43, 29.06 W
2026/09/22 03:14:27.842, NVIDIA GeForce RTX 4060 Ti, 21 %, 3246 MiB, 43, 30.45 W
2026/09/22 03:14:28.844, NVIDIA GeForce RTX 4060 Ti, 36 %, 3246 MiB, 43, 38.59 W
2026/09/22 03:14:29.846, NVIDIA GeForce RTX 4060 Ti, 28 %, 3244 MiB, 44, 37.78 W
2026/09/22 03:14:30.847, NVIDIA GeForce RTX 4060 Ti, 17 %, 3241 MiB, 45, 39.98 W
2026/09/22 03:14:31.849, NVIDIA GeForce RTX 4060 Ti, 22 %, 3246 MiB, 44, 42.10 W
2026/09/22 03:14:32.850, NVIDIA GeForce RTX 4060 Ti, 23 %, 3246 MiB, 44, 39.72 W
2026/09/22 03:14:33.851, NVIDIA GeForce RTX 4060 Ti, 35 %, 3244 MiB, 44, 35.52 W
2026/09/22 03:14:34.853, NVIDIA GeForce RTX 4060 Ti, 29 %, 3243 MiB, 43, 35.81 W
2026/09/22 03:14:35.854, NVIDIA GeForce RTX 4060 Ti, 21 %, 3248 MiB, 43, 31.58 W
2026/09/22 03:14:36.856, NVIDIA GeForce RTX 4060 Ti, 34 %, 3249 MiB, 43, 29.01 W
2026/09/22 03:14:37.857, NVIDIA GeForce RTX 4060 Ti, 44 %, 3246 MiB, 43, 27.80 W
2026/09/22 03:14:38.859, NVIDIA GeForce RTX 4060 Ti, 39 %, 3243 MiB, 43, 28.16 W
2026/09/22 03:14:39.863, NVIDIA GeForce RTX 4060 Ti, 30 %, 3248 MiB, 43, 31.58 W
2026/09/22 03:14:40.865, NVIDIA GeForce RTX 4060 Ti, 27 %, 3249 MiB, 43, 31.99 W
2026/09/22 03:14:41.866, NVIDIA GeForce RTX 4060 Ti, 38 %, 3247 MiB, 43, 30.60 W
2026/09/22 03:14:42.867, NVIDIA GeForce RTX 4060 Ti, 38 %, 3243 MiB, 43, 27.86 W
2026/09/22 03:14:43.868, NVIDIA GeForce RTX 4060 Ti, 35 %, 3248 MiB, 43, 28.76 W
2026/09/22 03:14:44.870, NVIDIA GeForce RTX 4060 Ti, 27 %, 3249 MiB, 43, 31.12 W
2026/09/22 03:14:45.871, NVIDIA GeForce RTX 4060 Ti, 38 %, 3247 MiB, 44, 32.37 W
2026/09/22 03:14:46.873, NVIDIA GeForce RTX 4060 Ti, 32 %, 3243 MiB, 43, 31.42 W
2026/09/22 03:14:47.874, NVIDIA GeForce RTX 4060 Ti, 40 %, 3248 MiB, 43, 27.66 W
2026/09/22 03:14:48.876, NVIDIA GeForce RTX 4060 Ti, 26 %, 3249 MiB, 42, 27.38 W
2026/09/22 03:14:49.878, NVIDIA GeForce RTX 4060 Ti, 31 %, 3247 MiB, 42, 27.41 W
2026/09/22 03:14:50.879, NVIDIA GeForce RTX 4060 Ti, 29 %, 3243 MiB, 43, 27.50 W
2026/09/22 03:14:51.880, NVIDIA GeForce RTX 4060 Ti, 36 %, 3248 MiB, 43, 28.83 W
2026/09/22 03:14:52.882, NVIDIA GeForce RTX 4060 Ti, 34 %, 3248 MiB, 43, 28.15 W
2026/09/22 03:14:53.883, NVIDIA GeForce RTX 4060 Ti, 23 %, 3246 MiB, 42, 27.50 W
2026/09/22 03:14:54.885, NVIDIA GeForce RTX 4060 Ti, 22 %, 3243 MiB, 42, 26.55 W
2026/09/22 03:14:55.886, NVIDIA GeForce RTX 4060 Ti, 43 %, 3248 MiB, 43, 28.24 W
2026/09/22 03:14:56.887, NVIDIA GeForce RTX 4060 Ti, 31 %, 3248 MiB, 43, 26.94 W
2026/09/22 03:14:57.889, NVIDIA GeForce RTX 4060 Ti, 33 %, 3246 MiB, 43, 28.29 W
2026/09/22 03:14:58.890, NVIDIA GeForce RTX 4060 Ti, 45 %, 3243 MiB, 43, 28.56 W
2026/09/22 03:14:59.893, NVIDIA GeForce RTX 4060 Ti, 38 %, 3248 MiB, 43, 28.31 W
2026/09/22 03:15:00.894, NVIDIA GeForce RTX 4060 Ti, 25 %, 3248 MiB, 42, 26.89 W
2026/09/22 03:15:01.896, NVIDIA GeForce RTX 4060 Ti, 36 %, 3246 MiB, 43, 27.74 W
2026/09/22 03:15:02.898, NVIDIA GeForce RTX 4060 Ti, 38 %, 3243 MiB, 43, 28.48 W
2026/09/22 03:15:03.899, NVIDIA GeForce RTX 4060 Ti, 33 %, 3248 MiB, 42, 27.08 W
2026/09/22 03:15:04.901, NVIDIA GeForce RTX 4060 Ti, 35 %, 3248 MiB, 42, 27.58 W
2026/09/22 03:15:05.903, NVIDIA GeForce RTX 4060 Ti, 39 %, 3246 MiB, 43, 29.00 W
2026/09/22 03:15:06.904, NVIDIA GeForce RTX 4060 Ti, 19 %, 3243 MiB, 42, 27.49 W
2026/09/22 03:15:07.905, NVIDIA GeForce RTX 4060 Ti, 36 %, 3248 MiB, 43, 27.64 W
2026/09/22 03:15:08.907, NVIDIA GeForce RTX 4060 Ti, 30 %, 3248 MiB, 43, 26.89 W
2026/09/22 03:15:09.909, NVIDIA GeForce RTX 4060 Ti, 32 %, 3243 MiB, 42, 27.16 W
2026/09/22 03:15:10.911, NVIDIA GeForce RTX 4060 Ti, 32 %, 3243 MiB, 42, 28.09 W
2026/09/22 03:15:11.913, NVIDIA GeForce RTX 4060 Ti, 33 %, 3248 MiB, 43, 28.71 W
2026/09/22 03:15:12.915, NVIDIA GeForce RTX 4060 Ti, 33 %, 3248 MiB, 43, 28.25 W
2026/09/22 03:15:13.916, NVIDIA GeForce RTX 4060 Ti, 39 %, 3242 MiB, 43, 28.04 W
2026/09/22 03:15:14.918, NVIDIA GeForce RTX 4060 Ti, 41 %, 3243 MiB, 43, 30.83 W
2026/09/22 03:15:15.919, NVIDIA GeForce RTX 4060 Ti, 41 %, 3248 MiB, 43, 29.79 W
2026/09/22 03:15:16.920, NVIDIA GeForce RTX 4060 Ti, 32 %, 3248 MiB, 43, 31.78 W
2026/09/22 03:15:17.922, NVIDIA GeForce RTX 4060 Ti, 29 %, 3249 MiB, 43, 33.22 W
2026/09/22 03:15:18.923, NVIDIA GeForce RTX 4060 Ti, 38 %, 3243 MiB, 43, 34.72 W
2026/09/22 03:15:19.925, NVIDIA GeForce RTX 4060 Ti, 17 %, 3248 MiB, 42, 33.12 W
2026/09/22 03:15:20.926, NVIDIA GeForce RTX 4060 Ti, 31 %, 3249 MiB, 43, 35.80 W
2026/09/22 03:15:21.928, NVIDIA GeForce RTX 4060 Ti, 35 %, 3242 MiB, 43, 33.03 W
2026/09/22 03:15:22.930, NVIDIA GeForce RTX 4060 Ti, 38 %, 3243 MiB, 44, 35.61 W
2026/09/22 03:15:23.931, NVIDIA GeForce RTX 4060 Ti, 32 %, 3248 MiB, 44, 35.55 W
2026/09/22 03:15:24.932, NVIDIA GeForce RTX 4060 Ti, 18 %, 3249 MiB, 42, 31.42 W
2026/09/22 03:15:25.934, NVIDIA GeForce RTX 4060 Ti, 21 %, 3243 MiB, 42, 27.96 W
2026/09/22 03:15:26.935, NVIDIA GeForce RTX 4060 Ti, 20 %, 3243 MiB, 43, 31.28 W
2026/09/22 03:15:27.936, NVIDIA GeForce RTX 4060 Ti, 31 %, 3248 MiB, 43, 29.56 W
2026/09/22 03:15:28.938, NVIDIA GeForce RTX 4060 Ti, 35 %, 3248 MiB, 44, 33.02 W
2026/09/22 03:15:29.940, NVIDIA GeForce RTX 4060 Ti, 30 %, 3242 MiB, 43, 35.97 W
2026/09/22 03:15:30.941, NVIDIA GeForce RTX 4060 Ti, 36 %, 3243 MiB, 46, 43.97 W
2026/09/22 03:15:31.943, NVIDIA GeForce RTX 4060 Ti, 24 %, 3248 MiB, 45, 48.30 W
2026/09/22 03:15:32.945, NVIDIA GeForce RTX 4060 Ti, 27 %, 3248 MiB, 45, 47.51 W
2026/09/22 03:15:33.946, NVIDIA GeForce RTX 4060 Ti, 36 %, 3242 MiB, 44, 42.91 W
2026/09/22 03:15:34.947, NVIDIA GeForce RTX 4060 Ti, 30 %, 3245 MiB, 43, 35.45 W
2026/09/22 03:15:35.949, NVIDIA GeForce RTX 4060 Ti, 21 %, 3250 MiB, 43, 30.57 W
2026/09/22 03:15:36.950, NVIDIA GeForce RTX 4060 Ti, 34 %, 3251 MiB, 43, 27.78 W
2026/09/22 03:15:37.951, NVIDIA GeForce RTX 4060 Ti, 20 %, 3244 MiB, 42, 27.65 W
2026/09/22 03:15:38.953, NVIDIA GeForce RTX 4060 Ti, 29 %, 3245 MiB, 42, 28.23 W
2026/09/22 03:15:39.954, NVIDIA GeForce RTX 4060 Ti, 32 %, 3250 MiB, 43, 28.65 W
2026/09/22 03:15:40.956, NVIDIA GeForce RTX 4060 Ti, 31 %, 3250 MiB, 43, 28.56 W
2026/09/22 03:15:41.958, NVIDIA GeForce RTX 4060 Ti, 36 %, 3244 MiB, 43, 28.24 W
2026/09/22 03:15:42.960, NVIDIA GeForce RTX 4060 Ti, 38 %, 3245 MiB, 43, 27.66 W
2026/09/22 03:15:43.961, NVIDIA GeForce RTX 4060 Ti, 40 %, 3250 MiB, 43, 28.81 W
2026/09/22 03:15:44.962, NVIDIA GeForce RTX 4060 Ti, 29 %, 3250 MiB, 43, 28.09 W
2026/09/22 03:15:45.964, NVIDIA GeForce RTX 4060 Ti, 35 %, 3245 MiB, 43, 29.09 W
2026/09/22 03:15:46.965, NVIDIA GeForce RTX 4060 Ti, 30 %, 3245 MiB, 43, 28.58 W
2026/09/22 03:15:47.966, NVIDIA GeForce RTX 4060 Ti, 34 %, 3250 MiB, 43, 27.62 W
2026/09/22 03:15:48.968, NVIDIA GeForce RTX 4060 Ti, 40 %, 3250 MiB, 43, 26.09 W
2026/09/22 03:15:49.969, NVIDIA GeForce RTX 4060 Ti, 39 %, 3243 MiB, 43, 28.13 W
2026/09/22 03:15:50.971, NVIDIA GeForce RTX 4060 Ti, 36 %, 3245 MiB, 43, 28.42 W
2026/09/22 03:15:51.973, NVIDIA GeForce RTX 4060 Ti, 34 %, 3251 MiB, 42, 28.90 W
2026/09/22 03:15:52.974, NVIDIA GeForce RTX 4060 Ti, 31 %, 3251 MiB, 43, 28.23 W
2026/09/22 03:15:53.976, NVIDIA GeForce RTX 4060 Ti, 14 %, 3251 MiB, 42, 26.65 W
2026/09/22 03:15:54.977, NVIDIA GeForce RTX 4060 Ti, 29 %, 3245 MiB, 42, 26.92 W
2026/09/22 03:15:55.979, NVIDIA GeForce RTX 4060 Ti, 35 %, 3250 MiB, 43, 27.59 W
2026/09/22 03:15:56.980, NVIDIA GeForce RTX 4060 Ti, 30 %, 3251 MiB, 43, 28.30 W
2026/09/22 03:15:57.982, NVIDIA GeForce RTX 4060 Ti, 31 %, 3244 MiB, 43, 28.13 W
2026/09/22 03:15:58.983, NVIDIA GeForce RTX 4060 Ti, 33 %, 3245 MiB, 43, 30.19 W
2026/09/22 03:15:59.985, NVIDIA GeForce RTX 4060 Ti, 28 %, 3251 MiB, 43, 30.51 W
2026/09/22 03:16:00.986, NVIDIA GeForce RTX 4060 Ti, 32 %, 3251 MiB, 42, 30.42 W
2026/09/22 03:16:01.988, NVIDIA GeForce RTX 4060 Ti, 25 %, 3252 MiB, 42, 25.76 W
2026/09/22 03:16:02.990, NVIDIA GeForce RTX 4060 Ti, 46 %, 3252 MiB, 43, 27.71 W
2026/09/22 03:16:03.991, NVIDIA GeForce RTX 4060 Ti, 25 %, 3252 MiB, 42, 26.88 W
2026/09/22 03:16:04.993, NVIDIA GeForce RTX 4060 Ti, 28 %, 3245 MiB, 42, 26.53 W
2026/09/22 03:16:05.995, NVIDIA GeForce RTX 4060 Ti, 37 %, 3250 MiB, 42, 26.46 W
2026/09/22 03:16:06.997, NVIDIA GeForce RTX 4060 Ti, 27 %, 3250 MiB, 42, 26.47 W
2026/09/22 03:16:07.998, NVIDIA GeForce RTX 4060 Ti, 40 %, 3249 MiB, 43, 27.64 W
2026/09/22 03:16:09.000, NVIDIA GeForce RTX 4060 Ti, 25 %, 3244 MiB, 42, 27.69 W
2026/09/22 03:16:10.002, NVIDIA GeForce RTX 4060 Ti, 33 %, 3249 MiB, 42, 26.69 W
2026/09/22 03:16:11.003, NVIDIA GeForce RTX 4060 Ti, 34 %, 3249 MiB, 42, 25.86 W
2026/09/22 03:16:12.004, NVIDIA GeForce RTX 4060 Ti, 40 %, 3248 MiB, 42, 27.18 W
2026/09/22 03:16:13.006, NVIDIA GeForce RTX 4060 Ti, 35 %, 3244 MiB, 43, 25.74 W
2026/09/22 03:16:14.007, NVIDIA GeForce RTX 4060 Ti, 17 %, 3249 MiB, 44, 42.37 W
2026/09/22 03:16:15.009, NVIDIA GeForce RTX 4060 Ti, 21 %, 3249 MiB, 44, 45.12 W
2026/09/22 03:16:16.011, NVIDIA GeForce RTX 4060 Ti, 27 %, 3248 MiB, 44, 44.56 W
2026/09/22 03:16:17.013, NVIDIA GeForce RTX 4060 Ti, 30 %, 3244 MiB, 44, 33.79 W
2026/09/22 03:16:18.014, NVIDIA GeForce RTX 4060 Ti, 30 %, 3249 MiB, 43, 33.39 W
2026/09/22 03:16:19.016, NVIDIA GeForce RTX 4060 Ti, 26 %, 3249 MiB, 43, 33.34 W
2026/09/22 03:16:20.018, NVIDIA GeForce RTX 4060 Ti, 30 %, 3248 MiB, 44, 35.09 W
2026/09/22 03:16:21.019, NVIDIA GeForce RTX 4060 Ti, 20 %, 3244 MiB, 43, 37.09 W
2026/09/22 03:16:22.020, NVIDIA GeForce RTX 4060 Ti, 27 %, 3249 MiB, 43, 34.89 W
2026/09/22 03:16:23.022, NVIDIA GeForce RTX 4060 Ti, 29 %, 3250 MiB, 43, 29.53 W
2026/09/22 03:16:24.023, NVIDIA GeForce RTX 4060 Ti, 28 %, 3248 MiB, 43, 33.10 W
2026/09/22 03:16:25.025, NVIDIA GeForce RTX 4060 Ti, 29 %, 3244 MiB, 43, 33.50 W
2026/09/22 03:16:26.029, NVIDIA GeForce RTX 4060 Ti, 29 %, 3249 MiB, 43, 34.05 W
2026/09/22 03:16:27.031, NVIDIA GeForce RTX 4060 Ti, 27 %, 3250 MiB, 43, 28.22 W
2026/09/22 03:16:28.036, NVIDIA GeForce RTX 4060 Ti, 27 %, 3248 MiB, 43, 27.36 W
2026/09/22 03:16:29.038, NVIDIA GeForce RTX 4060 Ti, 36 %, 3244 MiB, 43, 29.02 W
2026/09/22 03:16:30.039, NVIDIA GeForce RTX 4060 Ti, 36 %, 3249 MiB, 44, 34.19 W
2026/09/22 03:16:31.040, NVIDIA GeForce RTX 4060 Ti, 23 %, 3249 MiB, 45, 37.66 W
2026/09/22 03:16:32.042, NVIDIA GeForce RTX 4060 Ti, 43 %, 3248 MiB, 44, 37.05 W
2026/09/22 03:16:33.044, NVIDIA GeForce RTX 4060 Ti, 31 %, 3244 MiB, 44, 38.07 W
2026/09/22 03:16:34.046, NVIDIA GeForce RTX 4060 Ti, 29 %, 3251 MiB, 45, 38.04 W
2026/09/22 03:16:35.047, NVIDIA GeForce RTX 4060 Ti, 34 %, 3251 MiB, 45, 42.02 W
2026/09/22 03:16:36.049, NVIDIA GeForce RTX 4060 Ti, 27 %, 3251 MiB, 43, 40.29 W
2026/09/22 03:16:37.050, NVIDIA GeForce RTX 4060 Ti, 33 %, 3249 MiB, 43, 32.88 W
2026/09/22 03:16:38.052, NVIDIA GeForce RTX 4060 Ti, 28 %, 3254 MiB, 43, 31.30 W
2026/09/22 03:16:39.054, NVIDIA GeForce RTX 4060 Ti, 41 %, 3255 MiB, 42, 30.07 W
2026/09/22 03:16:40.055, NVIDIA GeForce RTX 4060 Ti, 29 %, 3255 MiB, 43, 29.08 W
2026/09/22 03:16:41.056, NVIDIA GeForce RTX 4060 Ti, 37 %, 3247 MiB, 43, 29.12 W
2026/09/22 03:16:42.058, NVIDIA GeForce RTX 4060 Ti, 39 %, 3253 MiB, 44, 32.35 W
2026/09/22 03:16:43.060, NVIDIA GeForce RTX 4060 Ti, 19 %, 3253 MiB, 43, 31.36 W
2026/09/22 03:16:44.061, NVIDIA GeForce RTX 4060 Ti, 35 %, 3251 MiB, 43, 32.26 W
2026/09/22 03:16:45.063, NVIDIA GeForce RTX 4060 Ti, 36 %, 3248 MiB, 43, 34.57 W
2026/09/22 03:16:46.064, NVIDIA GeForce RTX 4060 Ti, 44 %, 3253 MiB, 43, 33.20 W
2026/09/22 03:16:47.066, NVIDIA GeForce RTX 4060 Ti, 29 %, 3254 MiB, 43, 33.87 W
2026/09/22 03:16:48.067, NVIDIA GeForce RTX 4060 Ti, 28 %, 3252 MiB, 43, 32.96 W
2026/09/22 03:16:49.069, NVIDIA GeForce RTX 4060 Ti, 20 %, 3248 MiB, 43, 30.55 W
2026/09/22 03:16:50.070, NVIDIA GeForce RTX 4060 Ti, 42 %, 3253 MiB, 43, 32.98 W
2026/09/22 03:16:51.072, NVIDIA GeForce RTX 4060 Ti, 26 %, 3254 MiB, 44, 33.79 W
2026/09/22 03:16:52.073, NVIDIA GeForce RTX 4060 Ti, 29 %, 3251 MiB, 43, 33.94 W
2026/09/22 03:16:53.075, NVIDIA GeForce RTX 4060 Ti, 36 %, 3248 MiB, 43, 29.70 W
2026/09/22 03:16:54.077, NVIDIA GeForce RTX 4060 Ti, 41 %, 3253 MiB, 43, 27.90 W
2026/09/22 03:16:55.079, NVIDIA GeForce RTX 4060 Ti, 24 %, 3254 MiB, 43, 32.00 W
2026/09/22 03:16:56.080, NVIDIA GeForce RTX 4060 Ti, 23 %, 3251 MiB, 44, 32.41 W
2026/09/22 03:16:57.082, NVIDIA GeForce RTX 4060 Ti, 43 %, 3248 MiB, 43, 27.64 W
2026/09/22 03:16:58.083, NVIDIA GeForce RTX 4060 Ti, 43 %, 3253 MiB, 44, 31.23 W
2026/09/22 03:16:59.085, NVIDIA GeForce RTX 4060 Ti, 25 %, 3254 MiB, 43, 32.62 W
2026/09/22 03:17:00.086, NVIDIA GeForce RTX 4060 Ti, 44 %, 3251 MiB, 43, 31.23 W
2026/09/22 03:17:01.088, NVIDIA GeForce RTX 4060 Ti, 30 %, 3248 MiB, 43, 27.29 W
2026/09/22 03:17:02.089, NVIDIA GeForce RTX 4060 Ti, 40 %, 3253 MiB, 43, 28.44 W
2026/09/22 03:17:03.091, NVIDIA GeForce RTX 4060 Ti, 37 %, 3253 MiB, 43, 28.82 W
2026/09/22 03:17:04.092, NVIDIA GeForce RTX 4060 Ti, 41 %, 3247 MiB, 44, 32.54 W
2026/09/22 03:17:05.094, NVIDIA GeForce RTX 4060 Ti, 27 %, 3248 MiB, 43, 36.78 W
2026/09/22 03:17:06.095, NVIDIA GeForce RTX 4060 Ti, 26 %, 3253 MiB, 44, 34.73 W
2026/09/22 03:17:07.097, NVIDIA GeForce RTX 4060 Ti, 39 %, 3253 MiB, 43, 34.07 W
2026/09/22 03:17:08.098, NVIDIA GeForce RTX 4060 Ti, 21 %, 3248 MiB, 44, 34.14 W
2026/09/22 03:17:09.099, NVIDIA GeForce RTX 4060 Ti, 36 %, 3254 MiB, 43, 31.98 W
2026/09/22 03:17:10.101, NVIDIA GeForce RTX 4060 Ti, 34 %, 3255 MiB, 43, 32.00 W
2026/09/22 03:17:11.102, NVIDIA GeForce RTX 4060 Ti, 34 %, 3255 MiB, 43, 28.79 W
2026/09/22 03:17:12.104, NVIDIA GeForce RTX 4060 Ti, 31 %, 3255 MiB, 43, 27.10 W
2026/09/22 03:17:13.105, NVIDIA GeForce RTX 4060 Ti, 27 %, 3248 MiB, 42, 27.01 W
2026/09/22 03:17:14.107, NVIDIA GeForce RTX 4060 Ti, 55 %, 3254 MiB, 42, 28.87 W
2026/09/22 03:17:15.109, NVIDIA GeForce RTX 4060 Ti, 27 %, 3254 MiB, 44, 36.02 W
2026/09/22 03:17:16.111, NVIDIA GeForce RTX 4060 Ti, 30 %, 3248 MiB, 44, 34.42 W
2026/09/22 03:17:17.112, NVIDIA GeForce RTX 4060 Ti, 47 %, 3248 MiB, 43, 34.02 W
2026/09/22 03:17:18.114, NVIDIA GeForce RTX 4060 Ti, 29 %, 3253 MiB, 43, 32.42 W
2026/09/22 03:17:19.115, NVIDIA GeForce RTX 4060 Ti, 30 %, 3253 MiB, 43, 32.80 W
2026/09/22 03:17:20.117, NVIDIA GeForce RTX 4060 Ti, 38 %, 3253 MiB, 43, 29.10 W
2026/09/22 03:17:21.119, NVIDIA GeForce RTX 4060 Ti, 41 %, 3247 MiB, 43, 28.82 W
2026/09/22 03:17:22.120, NVIDIA GeForce RTX 4060 Ti, 35 %, 3253 MiB, 42, 29.03 W
2026/09/22 03:17:23.122, NVIDIA GeForce RTX 4060 Ti, 35 %, 3253 MiB, 44, 31.04 W
2026/09/22 03:17:24.124, NVIDIA GeForce RTX 4060 Ti, 17 %, 3248 MiB, 43, 33.15 W
2026/09/22 03:17:25.125, NVIDIA GeForce RTX 4060 Ti, 25 %, 3248 MiB, 43, 32.71 W
2026/09/22 03:17:26.131, NVIDIA GeForce RTX 4060 Ti, 35 %, 3253 MiB, 44, 32.89 W
2026/09/22 03:17:27.132, NVIDIA GeForce RTX 4060 Ti, 33 %, 3253 MiB, 43, 32.12 W
2026/09/22 03:17:28.133, NVIDIA GeForce RTX 4060 Ti, 29 %, 3247 MiB, 43, 30.93 W
2026/09/22 03:17:29.135, NVIDIA GeForce RTX 4060 Ti, 41 %, 3248 MiB, 43, 29.21 W
2026/09/22 03:17:30.136, NVIDIA GeForce RTX 4060 Ti, 21 %, 3253 MiB, 44, 33.26 W
2026/09/22 03:17:31.138, NVIDIA GeForce RTX 4060 Ti, 17 %, 3253 MiB, 44, 29.41 W
2026/09/22 03:17:32.140, NVIDIA GeForce RTX 4060 Ti, 25 %, 3247 MiB, 44, 32.17 W
2026/09/22 03:17:33.141, NVIDIA GeForce RTX 4060 Ti, 28 %, 3248 MiB, 43, 34.73 W
2026/09/22 03:17:34.143, NVIDIA GeForce RTX 4060 Ti, 49 %, 3253 MiB, 43, 32.37 W
2026/09/22 03:17:35.147, NVIDIA GeForce RTX 4060 Ti, 25 %, 3253 MiB, 43, 30.78 W
2026/09/22 03:17:36.149, NVIDIA GeForce RTX 4060 Ti, 21 %, 3247 MiB, 44, 31.88 W
2026/09/22 03:17:37.150, NVIDIA GeForce RTX 4060 Ti, 41 %, 3248 MiB, 44, 30.72 W
2026/09/22 03:17:38.152, NVIDIA GeForce RTX 4060 Ti, 39 %, 3253 MiB, 43, 32.76 W
2026/09/22 03:17:39.154, NVIDIA GeForce RTX 4060 Ti, 37 %, 3253 MiB, 43, 35.33 W
2026/09/22 03:17:40.156, NVIDIA GeForce RTX 4060 Ti, 24 %, 3247 MiB, 43, 34.62 W
2026/09/22 03:17:41.157, NVIDIA GeForce RTX 4060 Ti, 29 %, 3248 MiB, 43, 32.12 W
2026/09/22 03:17:42.158, NVIDIA GeForce RTX 4060 Ti, 39 %, 3254 MiB, 42, 26.67 W
2026/09/22 03:17:43.160, NVIDIA GeForce RTX 4060 Ti, 20 %, 3254 MiB, 43, 25.64 W
2026/09/22 03:17:44.162, NVIDIA GeForce RTX 4060 Ti, 34 %, 3254 MiB, 43, 26.63 W
2026/09/22 03:17:45.164, NVIDIA GeForce RTX 4060 Ti, 38 %, 3248 MiB, 42, 27.95 W
2026/09/22 03:17:46.165, NVIDIA GeForce RTX 4060 Ti, 29 %, 3253 MiB, 44, 34.03 W
2026/09/22 03:17:47.167, NVIDIA GeForce RTX 4060 Ti, 28 %, 3254 MiB, 43, 33.94 W
2026/09/22 03:17:48.168, NVIDIA GeForce RTX 4060 Ti, 17 %, 3255 MiB, 43, 32.87 W
2026/09/22 03:17:49.170, NVIDIA GeForce RTX 4060 Ti, 20 %, 3256 MiB, 44, 33.45 W
2026/09/22 03:17:50.172, NVIDIA GeForce RTX 4060 Ti, 20 %, 3259 MiB, 44, 35.63 W
2026/09/22 03:17:51.173, NVIDIA GeForce RTX 4060 Ti, 26 %, 3259 MiB, 44, 33.06 W
2026/09/22 03:17:52.175, NVIDIA GeForce RTX 4060 Ti, 39 %, 3259 MiB, 43, 27.17 W
2026/09/22 03:17:53.177, NVIDIA GeForce RTX 4060 Ti, 35 %, 3253 MiB, 42, 27.34 W
2026/09/22 03:17:54.178, NVIDIA GeForce RTX 4060 Ti, 25 %, 3258 MiB, 43, 29.03 W
2026/09/22 03:17:55.180, NVIDIA GeForce RTX 4060 Ti, 22 %, 3254 MiB, 43, 31.48 W
2026/09/22 03:17:56.182, NVIDIA GeForce RTX 4060 Ti, 28 %, 3251 MiB, 43, 34.40 W
2026/09/22 03:17:57.183, NVIDIA GeForce RTX 4060 Ti, 23 %, 3248 MiB, 43, 33.79 W
2026/09/22 03:17:58.185, NVIDIA GeForce RTX 4060 Ti, 29 %, 3253 MiB, 43, 32.29 W
2026/09/22 03:17:59.186, NVIDIA GeForce RTX 4060 Ti, 20 %, 3253 MiB, 43, 31.22 W
2026/09/22 03:18:00.188, NVIDIA GeForce RTX 4060 Ti, 16 %, 3247 MiB, 43, 31.04 W
2026/09/22 03:18:01.189, NVIDIA GeForce RTX 4060 Ti, 55 %, 3248 MiB, 43, 29.85 W
2026/09/22 03:18:02.191, NVIDIA GeForce RTX 4060 Ti, 19 %, 3253 MiB, 44, 32.76 W
2026/09/22 03:18:03.193, NVIDIA GeForce RTX 4060 Ti, 31 %, 3253 MiB, 44, 30.83 W
2026/09/22 03:18:04.204, NVIDIA GeForce RTX 4060 Ti, 29 %, 3247 MiB, 43, 31.22 W
2026/09/22 03:18:05.205, NVIDIA GeForce RTX 4060 Ti, 19 %, 3248 MiB, 44, 32.28 W
2026/09/22 03:18:06.207, NVIDIA GeForce RTX 4060 Ti, 21 %, 3253 MiB, 44, 33.58 W
2026/09/22 03:18:07.208, NVIDIA GeForce RTX 4060 Ti, 22 %, 3253 MiB, 43, 33.38 W
2026/09/22 03:18:08.210, NVIDIA GeForce RTX 4060 Ti, 36 %, 3247 MiB, 43, 32.93 W
2026/09/22 03:18:09.213, NVIDIA GeForce RTX 4060 Ti, 36 %, 3248 MiB, 43, 30.68 W
2026/09/22 03:18:10.214, NVIDIA GeForce RTX 4060 Ti, 31 %, 3253 MiB, 43, 30.13 W
2026/09/22 03:18:11.216, NVIDIA GeForce RTX 4060 Ti, 25 %, 3253 MiB, 43, 30.04 W
2026/09/22 03:18:12.218, NVIDIA GeForce RTX 4060 Ti, 37 %, 3248 MiB, 43, 35.14 W
2026/09/22 03:18:13.220, NVIDIA GeForce RTX 4060 Ti, 18 %, 3248 MiB, 43, 33.99 W
2026/09/22 03:18:14.221, NVIDIA GeForce RTX 4060 Ti, 48 %, 3253 MiB, 43, 33.25 W
2026/09/22 03:18:15.223, NVIDIA GeForce RTX 4060 Ti, 23 %, 3253 MiB, 43, 32.92 W
2026/09/22 03:18:16.224, NVIDIA GeForce RTX 4060 Ti, 22 %, 3247 MiB, 43, 34.32 W
2026/09/22 03:18:17.226, NVIDIA GeForce RTX 4060 Ti, 37 %, 3248 MiB, 43, 32.55 W
2026/09/22 03:18:18.227, NVIDIA GeForce RTX 4060 Ti, 23 %, 3253 MiB, 43, 30.83 W
2026/09/22 03:18:19.229, NVIDIA GeForce RTX 4060 Ti, 37 %, 3253 MiB, 44, 33.55 W
2026/09/22 03:18:20.231, NVIDIA GeForce RTX 4060 Ti, 42 %, 3248 MiB, 43, 34.24 W
2026/09/22 03:18:21.233, NVIDIA GeForce RTX 4060 Ti, 25 %, 3248 MiB, 44, 35.15 W
2026/09/22 03:18:22.235, NVIDIA GeForce RTX 4060 Ti, 32 %, 3258 MiB, 43, 33.69 W
2026/09/22 03:18:23.236, NVIDIA GeForce RTX 4060 Ti, 28 %, 3258 MiB, 43, 28.44 W
2026/09/22 03:18:24.238, NVIDIA GeForce RTX 4060 Ti, 31 %, 3259 MiB, 43, 32.56 W
2026/09/22 03:18:25.239, NVIDIA GeForce RTX 4060 Ti, 27 %, 3253 MiB, 44, 39.46 W
2026/09/22 03:18:26.241, NVIDIA GeForce RTX 4060 Ti, 28 %, 3259 MiB, 44, 37.21 W
2026/09/22 03:18:27.242, NVIDIA GeForce RTX 4060 Ti, 26 %, 3259 MiB, 43, 30.32 W
2026/09/22 03:18:28.244, NVIDIA GeForce RTX 4060 Ti, 34 %, 3254 MiB, 43, 31.09 W
2026/09/22 03:18:29.246, NVIDIA GeForce RTX 4060 Ti, 37 %, 3252 MiB, 43, 32.93 W
2026/09/22 03:18:30.248, NVIDIA GeForce RTX 4060 Ti, 36 %, 3255 MiB, 44, 35.90 W
2026/09/22 03:18:31.250, NVIDIA GeForce RTX 4060 Ti, 34 %, 3254 MiB, 44, 43.46 W
2026/09/22 03:18:32.251, NVIDIA GeForce RTX 4060 Ti, 28 %, 3248 MiB, 46, 43.90 W
2026/09/22 03:18:33.253, NVIDIA GeForce RTX 4060 Ti, 28 %, 3249 MiB, 45, 45.65 W
2026/09/22 03:18:34.255, NVIDIA GeForce RTX 4060 Ti, 31 %, 3253 MiB, 44, 40.60 W
2026/09/22 03:18:35.256, NVIDIA GeForce RTX 4060 Ti, 34 %, 3253 MiB, 44, 35.83 W
2026/09/22 03:18:36.258, NVIDIA GeForce RTX 4060 Ti, 26 %, 3248 MiB, 45, 39.16 W
2026/09/22 03:18:37.260, NVIDIA GeForce RTX 4060 Ti, 21 %, 3250 MiB, 44, 37.11 W
2026/09/22 03:18:38.262, NVIDIA GeForce RTX 4060 Ti, 26 %, 3256 MiB, 43, 31.16 W
2026/09/22 03:18:39.264, NVIDIA GeForce RTX 4060 Ti, 43 %, 3256 MiB, 43, 27.74 W
2026/09/22 03:18:40.266, NVIDIA GeForce RTX 4060 Ti, 31 %, 3256 MiB, 43, 27.50 W
2026/09/22 03:18:41.268, NVIDIA GeForce RTX 4060 Ti, 52 %, 3251 MiB, 43, 28.78 W
2026/09/22 03:18:42.270, NVIDIA GeForce RTX 4060 Ti, 28 %, 3256 MiB, 43, 30.98 W
2026/09/22 03:18:43.271, NVIDIA GeForce RTX 4060 Ti, 38 %, 3256 MiB, 43, 31.27 W
2026/09/22 03:18:44.273, NVIDIA GeForce RTX 4060 Ti, 33 %, 3249 MiB, 43, 27.39 W
2026/09/22 03:18:45.275, NVIDIA GeForce RTX 4060 Ti, 31 %, 3250 MiB, 43, 25.90 W
2026/09/22 03:18:46.276, NVIDIA GeForce RTX 4060 Ti, 33 %, 3255 MiB, 43, 27.25 W
2026/09/22 03:18:47.278, NVIDIA GeForce RTX 4060 Ti, 42 %, 3255 MiB, 43, 27.57 W
2026/09/22 03:18:48.280, NVIDIA GeForce RTX 4060 Ti, 41 %, 3250 MiB, 43, 27.73 W
2026/09/22 03:18:49.282, NVIDIA GeForce RTX 4060 Ti, 33 %, 3250 MiB, 43, 26.62 W
2026/09/22 03:18:50.284, NVIDIA GeForce RTX 4060 Ti, 41 %, 3255 MiB, 43, 27.12 W
2026/09/22 03:18:51.286, NVIDIA GeForce RTX 4060 Ti, 22 %, 3255 MiB, 43, 28.80 W
2026/09/22 03:18:52.288, NVIDIA GeForce RTX 4060 Ti, 29 %, 3249 MiB, 43, 26.98 W
2026/09/22 03:18:53.290, NVIDIA GeForce RTX 4060 Ti, 28 %, 3250 MiB, 43, 28.76 W
2026/09/22 03:18:54.292, NVIDIA GeForce RTX 4060 Ti, 32 %, 3255 MiB, 43, 28.03 W
2026/09/22 03:18:55.293, NVIDIA GeForce RTX 4060 Ti, 34 %, 3255 MiB, 43, 32.07 W
2026/09/22 03:18:56.295, NVIDIA GeForce RTX 4060 Ti, 36 %, 3256 MiB, 43, 32.49 W
2026/09/22 03:18:57.297, NVIDIA GeForce RTX 4060 Ti, 28 %, 3256 MiB, 43, 28.57 W
2026/09/22 03:18:58.299, NVIDIA GeForce RTX 4060 Ti, 22 %, 3256 MiB, 43, 26.31 W
2026/09/22 03:18:59.301, NVIDIA GeForce RTX 4060 Ti, 31 %, 3257 MiB, 43, 28.50 W
2026/09/22 03:19:00.302, NVIDIA GeForce RTX 4060 Ti, 22 %, 3254 MiB, 42, 26.67 W
2026/09/22 03:19:01.304, NVIDIA GeForce RTX 4060 Ti, 43 %, 3251 MiB, 42, 27.42 W
2026/09/22 03:19:02.306, NVIDIA GeForce RTX 4060 Ti, 39 %, 3256 MiB, 43, 27.53 W
2026/09/22 03:19:03.307, NVIDIA GeForce RTX 4060 Ti, 44 %, 3256 MiB, 43, 27.69 W
2026/09/22 03:19:04.309, NVIDIA GeForce RTX 4060 Ti, 42 %, 3250 MiB, 43, 27.25 W
2026/09/22 03:19:05.311, NVIDIA GeForce RTX 4060 Ti, 28 %, 3250 MiB, 43, 28.32 W
2026/09/22 03:19:06.312, NVIDIA GeForce RTX 4060 Ti, 34 %, 3255 MiB, 43, 28.52 W
2026/09/22 03:19:07.314, NVIDIA GeForce RTX 4060 Ti, 23 %, 3255 MiB, 43, 27.65 W
2026/09/22 03:19:08.316, NVIDIA GeForce RTX 4060 Ti, 19 %, 3249 MiB, 43, 30.65 W
2026/09/22 03:19:09.317, NVIDIA GeForce RTX 4060 Ti, 26 %, 3250 MiB, 43, 31.65 W
2026/09/22 03:19:10.319, NVIDIA GeForce RTX 4060 Ti, 40 %, 3255 MiB, 43, 29.16 W
2026/09/22 03:19:11.320, NVIDIA GeForce RTX 4060 Ti, 24 %, 3255 MiB, 43, 27.60 W
2026/09/22 03:19:12.323, NVIDIA GeForce RTX 4060 Ti, 35 %, 3250 MiB, 42, 27.50 W
2026/09/22 03:19:13.325, NVIDIA GeForce RTX 4060 Ti, 29 %, 3250 MiB, 42, 27.03 W
2026/09/22 03:19:14.326, NVIDIA GeForce RTX 4060 Ti, 32 %, 3255 MiB, 43, 26.46 W
2026/09/22 03:19:15.328, NVIDIA GeForce RTX 4060 Ti, 34 %, 3256 MiB, 43, 28.28 W
2026/09/22 03:19:16.329, NVIDIA GeForce RTX 4060 Ti, 31 %, 3249 MiB, 43, 27.82 W
2026/09/22 03:19:17.331, NVIDIA GeForce RTX 4060 Ti, 31 %, 3251 MiB, 43, 29.23 W
2026/09/22 03:19:18.333, NVIDIA GeForce RTX 4060 Ti, 30 %, 3256 MiB, 43, 28.90 W
2026/09/22 03:19:19.335, NVIDIA GeForce RTX 4060 Ti, 37 %, 3256 MiB, 42, 28.77 W
2026/09/22 03:19:20.336, NVIDIA GeForce RTX 4060 Ti, 33 %, 3251 MiB, 43, 27.67 W
2026/09/22 03:19:21.338, NVIDIA GeForce RTX 4060 Ti, 40 %, 3251 MiB, 43, 29.45 W
2026/09/22 03:19:22.340, NVIDIA GeForce RTX 4060 Ti, 45 %, 3256 MiB, 43, 29.20 W
2026/09/22 03:19:23.341, NVIDIA GeForce RTX 4060 Ti, 21 %, 3256 MiB, 43, 30.55 W
2026/09/22 03:19:24.343, NVIDIA GeForce RTX 4060 Ti, 34 %, 3250 MiB, 42, 31.66 W
2026/09/22 03:19:25.344, NVIDIA GeForce RTX 4060 Ti, 23 %, 3251 MiB, 42, 25.89 W
2026/09/22 03:19:26.345, NVIDIA GeForce RTX 4060 Ti, 29 %, 3255 MiB, 43, 30.43 W
2026/09/22 03:19:27.348, NVIDIA GeForce RTX 4060 Ti, 30 %, 3256 MiB, 43, 31.67 W
2026/09/22 03:19:28.349, NVIDIA GeForce RTX 4060 Ti, 23 %, 3249 MiB, 43, 29.77 W
2026/09/22 03:19:29.352, NVIDIA GeForce RTX 4060 Ti, 27 %, 3256 MiB, 44, 28.88 W
2026/09/22 03:19:30.354, NVIDIA GeForce RTX 4060 Ti, 27 %, 3257 MiB, 43, 28.41 W
2026/09/22 03:19:31.355, NVIDIA GeForce RTX 4060 Ti, 37 %, 3257 MiB, 43, 32.38 W
2026/09/22 03:19:32.356, NVIDIA GeForce RTX 4060 Ti, 31 %, 3251 MiB, 43, 32.75 W
2026/09/22 03:19:33.358, NVIDIA GeForce RTX 4060 Ti, 31 %, 3251 MiB, 43, 30.85 W
2026/09/22 03:19:34.360, NVIDIA GeForce RTX 4060 Ti, 25 %, 3256 MiB, 43, 31.07 W
2026/09/22 03:19:35.361, NVIDIA GeForce RTX 4060 Ti, 34 %, 3256 MiB, 43, 34.45 W
2026/09/22 03:19:36.362, NVIDIA GeForce RTX 4060 Ti, 33 %, 3249 MiB, 43, 35.58 W
2026/09/22 03:19:37.367, NVIDIA GeForce RTX 4060 Ti, 31 %, 3251 MiB, 43, 34.37 W
2026/09/22 03:19:38.374, NVIDIA GeForce RTX 4060 Ti, 36 %, 3255 MiB, 42, 27.80 W
2026/09/22 03:19:39.377, NVIDIA GeForce RTX 4060 Ti, 36 %, 3256 MiB, 44, 34.88 W
2026/09/22 03:19:40.378, NVIDIA GeForce RTX 4060 Ti, 37 %, 3251 MiB, 44, 35.84 W
2026/09/22 03:19:41.380, NVIDIA GeForce RTX 4060 Ti, 25 %, 3251 MiB, 43, 34.99 W
2026/09/22 03:19:42.382, NVIDIA GeForce RTX 4060 Ti, 29 %, 3255 MiB, 43, 33.21 W
2026/09/22 03:19:43.384, NVIDIA GeForce RTX 4060 Ti, 39 %, 3256 MiB, 44, 34.21 W
2026/09/22 03:19:44.386, NVIDIA GeForce RTX 4060 Ti, 28 %, 3249 MiB, 43, 34.14 W
2026/09/22 03:19:45.388, NVIDIA GeForce RTX 4060 Ti, 24 %, 3250 MiB, 44, 38.08 W
2026/09/22 03:19:46.389, NVIDIA GeForce RTX 4060 Ti, 34 %, 3255 MiB, 44, 39.36 W
2026/09/22 03:19:47.391, NVIDIA GeForce RTX 4060 Ti, 33 %, 3255 MiB, 48, 48.69 W
2026/09/22 03:19:48.392, NVIDIA GeForce RTX 4060 Ti, 30 %, 3250 MiB, 47, 58.65 W
2026/09/22 03:19:49.394, NVIDIA GeForce RTX 4060 Ti, 30 %, 3250 MiB, 44, 48.42 W
2026/09/22 03:19:50.395, NVIDIA GeForce RTX 4060 Ti, 21 %, 3255 MiB, 43, 36.11 W
2026/09/22 03:19:51.397, NVIDIA GeForce RTX 4060 Ti, 19 %, 3255 MiB, 43, 32.66 W
2026/09/22 03:19:52.399, NVIDIA GeForce RTX 4060 Ti, 23 %, 3256 MiB, 43, 29.23 W
2026/09/22 03:19:53.401, NVIDIA GeForce RTX 4060 Ti, 38 %, 3256 MiB, 43, 28.15 W
2026/09/22 03:19:54.403, NVIDIA GeForce RTX 4060 Ti, 38 %, 3256 MiB, 43, 28.33 W
2026/09/22 03:19:55.404, NVIDIA GeForce RTX 4060 Ti, 36 %, 3256 MiB, 43, 28.54 W
2026/09/22 03:19:56.406, NVIDIA GeForce RTX 4060 Ti, 22 %, 3251 MiB, 42, 27.07 W
2026/09/22 03:19:57.407, NVIDIA GeForce RTX 4060 Ti, 41 %, 3251 MiB, 43, 28.54 W
2026/09/22 03:19:58.409, NVIDIA GeForce RTX 4060 Ti, 39 %, 3256 MiB, 43, 27.59 W
2026/09/22 03:19:59.411, NVIDIA GeForce RTX 4060 Ti, 37 %, 3256 MiB, 43, 26.71 W
2026/09/22 03:20:00.413, NVIDIA GeForce RTX 4060 Ti, 37 %, 3251 MiB, 43, 28.23 W
2026/09/22 03:20:01.414, NVIDIA GeForce RTX 4060 Ti, 26 %, 3251 MiB, 43, 27.98 W
2026/09/22 03:20:02.416, NVIDIA GeForce RTX 4060 Ti, 36 %, 3257 MiB, 43, 27.93 W
2026/09/22 03:20:03.418, NVIDIA GeForce RTX 4060 Ti, 23 %, 3257 MiB, 42, 27.42 W
2026/09/22 03:20:04.420, NVIDIA GeForce RTX 4060 Ti, 33 %, 3250 MiB, 43, 27.23 W
2026/09/22 03:20:05.421, NVIDIA GeForce RTX 4060 Ti, 30 %, 3256 MiB, 43, 28.75 W
2026/09/22 03:20:06.423, NVIDIA GeForce RTX 4060 Ti, 34 %, 3256 MiB, 43, 25.32 W
2026/09/22 03:20:07.425, NVIDIA GeForce RTX 4060 Ti, 48 %, 3256 MiB, 43, 26.68 W
2026/09/22 03:20:08.426, NVIDIA GeForce RTX 4060 Ti, 47 %, 3256 MiB, 43, 28.52 W
2026/09/22 03:20:09.428, NVIDIA GeForce RTX 4060 Ti, 26 %, 3259 MiB, 43, 28.45 W
2026/09/22 03:20:10.429, NVIDIA GeForce RTX 4060 Ti, 28 %, 3260 MiB, 43, 28.45 W
2026/09/22 03:20:11.431, NVIDIA GeForce RTX 4060 Ti, 32 %, 3260 MiB, 43, 27.19 W
2026/09/22 03:20:12.433, NVIDIA GeForce RTX 4060 Ti, 27 %, 3253 MiB, 42, 26.17 W
2026/09/22 03:20:13.435, NVIDIA GeForce RTX 4060 Ti, 28 %, 3259 MiB, 42, 24.85 W
2026/09/22 03:20:14.436, NVIDIA GeForce RTX 4060 Ti, 30 %, 3258 MiB, 42, 27.45 W
2026/09/22 03:20:15.438, NVIDIA GeForce RTX 4060 Ti, 26 %, 3257 MiB, 42, 26.49 W
2026/09/22 03:20:16.440, NVIDIA GeForce RTX 4060 Ti, 34 %, 3256 MiB, 42, 26.74 W
2026/09/22 03:20:17.441, NVIDIA GeForce RTX 4060 Ti, 32 %, 3251 MiB, 42, 27.07 W
2026/09/22 03:20:18.443, NVIDIA GeForce RTX 4060 Ti, 37 %, 3255 MiB, 42, 26.72 W
2026/09/22 03:20:19.445, NVIDIA GeForce RTX 4060 Ti, 30 %, 3256 MiB, 43, 27.56 W
2026/09/22 03:20:20.447, NVIDIA GeForce RTX 4060 Ti, 31 %, 3249 MiB, 43, 27.52 W
2026/09/22 03:20:21.448, NVIDIA GeForce RTX 4060 Ti, 21 %, 3251 MiB, 42, 27.76 W
2026/09/22 03:20:22.450, NVIDIA GeForce RTX 4060 Ti, 34 %, 3255 MiB, 43, 30.22 W
2026/09/22 03:20:23.451, NVIDIA GeForce RTX 4060 Ti, 26 %, 3256 MiB, 43, 31.47 W
2026/09/22 03:20:24.453, NVIDIA GeForce RTX 4060 Ti, 25 %, 3251 MiB, 43, 30.40 W
2026/09/22 03:20:25.455, NVIDIA GeForce RTX 4060 Ti, 35 %, 3250 MiB, 43, 29.46 W
2026/09/22 03:20:26.456, NVIDIA GeForce RTX 4060 Ti, 43 %, 3255 MiB, 43, 28.34 W
2026/09/22 03:20:27.458, NVIDIA GeForce RTX 4060 Ti, 32 %, 3255 MiB, 42, 27.67 W
2026/09/22 03:20:28.460, NVIDIA GeForce RTX 4060 Ti, 38 %, 3250 MiB, 43, 28.00 W
2026/09/22 03:20:29.461, NVIDIA GeForce RTX 4060 Ti, 33 %, 3250 MiB, 42, 28.62 W
2026/09/22 03:20:30.463, NVIDIA GeForce RTX 4060 Ti, 21 %, 3255 MiB, 42, 27.52 W
2026/09/22 03:20:31.464, NVIDIA GeForce RTX 4060 Ti, 29 %, 3255 MiB, 42, 27.62 W
2026/09/22 03:20:32.468, NVIDIA GeForce RTX 4060 Ti, 33 %, 3250 MiB, 43, 26.31 W
2026/09/22 03:20:33.470, NVIDIA GeForce RTX 4060 Ti, 41 %, 3250 MiB, 43, 29.02 W
2026/09/22 03:20:34.472, NVIDIA GeForce RTX 4060 Ti, 35 %, 3255 MiB, 43, 29.69 W
2026/09/22 03:20:35.473, NVIDIA GeForce RTX 4060 Ti, 25 %, 3255 MiB, 43, 31.44 W
2026/09/22 03:20:36.475, NVIDIA GeForce RTX 4060 Ti, 32 %, 3250 MiB, 42, 30.45 W
2026/09/22 03:20:37.477, NVIDIA GeForce RTX 4060 Ti, 42 %, 3250 MiB, 43, 27.94 W
2026/09/22 03:20:38.479, NVIDIA GeForce RTX 4060 Ti, 45 %, 3255 MiB, 43, 29.10 W
2026/09/22 03:20:39.480, NVIDIA GeForce RTX 4060 Ti, 31 %, 3255 MiB, 43, 30.99 W
2026/09/22 03:20:40.482, NVIDIA GeForce RTX 4060 Ti, 30 %, 3250 MiB, 43, 32.11 W
2026/09/22 03:20:41.484, NVIDIA GeForce RTX 4060 Ti, 31 %, 3250 MiB, 43, 32.92 W
2026/09/22 03:20:42.486, NVIDIA GeForce RTX 4060 Ti, 38 %, 3255 MiB, 43, 30.90 W
2026/09/22 03:20:43.488, NVIDIA GeForce RTX 4060 Ti, 39 %, 3255 MiB, 43, 28.39 W
2026/09/22 03:20:44.490, NVIDIA GeForce RTX 4060 Ti, 29 %, 3250 MiB, 43, 31.14 W
2026/09/22 03:20:45.491, NVIDIA GeForce RTX 4060 Ti, 37 %, 3250 MiB, 43, 33.05 W
2026/09/22 03:20:46.493, NVIDIA GeForce RTX 4060 Ti, 32 %, 3255 MiB, 44, 31.34 W
2026/09/22 03:20:47.494, NVIDI