timestamp, name, utilization.gpu [%], memory.used [MiB], memory.total [MiB], temperature.gpu, power.draw [W]
2026/09/23 19:07:24.852, NVIDIA GeForce RTX 4060 Ti, 2 %, 858 MiB, 8188 MiB, 37, 6.18 W
2026/09/23 19:07:25.863, NVIDIA GeForce RTX 4060 Ti, 0 %, 864 MiB, 8188 MiB, 38, 23.87 W
2026/09/23 19:07:26.868, NVIDIA GeForce RTX 4060 Ti, 0 %, 864 MiB, 8188 MiB, 38, 28.38 W
2026/09/23 19:07:27.874, NVIDIA GeForce RTX 4060 Ti, 2 %, 864 MiB, 8188 MiB, 38, 28.53 W
2026/09/23 19:07:28.879, NVIDIA GeForce RTX 4060 Ti, 3 %, 864 MiB, 8188 MiB, 37, 10.81 W
2026/09/23 19:07:29.885, NVIDIA GeForce RTX 4060 Ti, 3 %, 863 MiB, 8188 MiB, 37, 6.37 W
2026/09/23 19:07:30.890, NVIDIA GeForce RTX 4060 Ti, 2 %, 864 MiB, 8188 MiB, 37, 6.13 W
2026/09/23 19:07:31.895, NVIDIA GeForce RTX 4060 Ti, 2 %, 864 MiB, 8188 MiB, 37, 5.75 W
2026/09/23 19:07:32.901, NVIDIA GeForce RTX 4060 Ti, 3 %, 864 MiB, 8188 MiB, 37, 6.17 W
2026/09/23 19:07:33.907, NVIDIA GeForce RTX 4060 Ti, 5 %, 864 MiB, 8188 MiB, 37, 6.01 W
2026/09/23 19:07:34.912, NVIDIA GeForce RTX 4060 Ti, 2 %, 864 MiB, 8188 MiB, 37, 6.05 W
2026/09/23 19:07:35.917, NVIDIA GeForce RTX 4060 Ti, 1 %, 864 MiB, 8188 MiB, 37, 5.66 W
2026/09/23 19:07:36.932, NVIDIA GeForce RTX 4060 Ti, 2 %, 864 MiB, 8188 MiB, 37, 5.76 W
2026/09/23 19:07:37.937, NVIDIA GeForce RTX 4060 Ti, 3 %, 864 MiB, 8188 MiB, 36, 5.99 W
2026/09/23 19:07:38.942, NVIDIA GeForce RTX 4060 Ti, 4 %, 864 MiB, 8188 MiB, 36, 5.93 W
2026/09/23 19:07:39.947, NVIDIA GeForce RTX 4060 Ti, 1 %, 864 MiB, 8188 MiB, 36, 6.03 W
2026/09/23 19:07:40.952, NVIDIA GeForce RTX 4060 Ti, 1 %, 864 MiB, 8188 MiB, 36, 5.66 W
2026/09/23 19:07:41.958, NVIDIA GeForce RTX 4060 Ti, 2 %, 864 MiB, 8188 MiB, 36, 5.78 W
2026/09/23 19:07:42.963, NVIDIA GeForce RTX 4060 Ti, 1 %, 866 MiB, 8188 MiB, 36, 5.92 W
2026/09/23 19:07:43.969, NVIDIA GeForce RTX 4060 Ti, 4 %, 864 MiB, 8188 MiB, 36, 6.15 W
2026/09/23 19:07:44.974, NVIDIA GeForce RTX 4060 Ti, 3 %, 865 MiB, 8188 MiB, 36, 5.94 W
2026/09/23 19:07:45.980, NVIDIA GeForce RTX 4060 Ti, 2 %, 863 MiB, 8188 MiB, 36, 6.19 W
2026/09/23 19:07:46.985, NVIDIA GeForce RTX 4060 Ti, 5 %, 863 MiB, 8188 MiB, 36, 6.17 W
2026/09/23 19:07:47.991, NVIDIA GeForce RTX 4060 Ti, 3 %, 863 MiB, 8188 MiB, 36, 5.90 W
2026/09/23 19:07:48.996, NVIDIA GeForce RTX 4060 Ti, 4 %, 863 MiB, 8188 MiB, 36, 6.22 W
2026/09/23 19:07:50.001, NVIDIA GeForce RTX 4060 Ti, 3 %, 861 MiB, 8188 MiB, 36, 5.94 W
2026/09/23 19:07:51.006, NVIDIA GeForce RTX 4060 Ti, 3 %, 861 MiB, 8188 MiB, 36, 6.19 W
2026/09/23 19:07:52.013, NVIDIA GeForce RTX 4060 Ti, 3 %, 861 MiB, 8188 MiB, 36, 6.17 W
2026/09/23 19:07:53.018, NVIDIA GeForce RTX 4060 Ti, 4 %, 861 MiB, 8188 MiB, 36, 6.17 W
2026/09/23 19:07:54.024, NVIDIA GeForce RTX 4060 Ti, 5 %, 861 MiB, 8188 MiB, 36, 6.14 W
2026/09/23 19:07:55.029, NVIDIA GeForce RTX 4060 Ti, 2 %, 861 MiB, 8188 MiB, 36, 6.18 W
2026/09/23 19:07:56.034, NVIDIA GeForce RTX 4060 Ti, 1 %, 861 MiB, 8188 MiB, 36, 6.27 W
2026/09/23 19:07:57.039, NVIDIA GeForce RTX 4060 Ti, 1 %, 861 MiB, 8188 MiB, 36, 5.92 W
2026/09/23 19:07:58.051, NVIDIA GeForce RTX 4060 Ti, 2 %, 861 MiB, 8188 MiB, 36, 6.01 W
2026/09/23 19:07:59.056, NVIDIA GeForce RTX 4060 Ti, 2 %, 861 MiB, 8188 MiB, 36, 6.06 W
2026/09/23 19:08:00.062, NVIDIA GeForce RTX 4060 Ti, 5 %, 874 MiB, 8188 MiB, 36, 5.92 W
2026/09/23 19:08:01.067, NVIDIA GeForce RTX 4060 Ti, 4 %, 874 MiB, 8188 MiB, 36, 6.00 W
2026/09/23 19:08:02.073, NVIDIA GeForce RTX 4060 Ti, 2 %, 875 MiB, 8188 MiB, 36, 6.30 W
2026/09/23 19:08:03.079, NVIDIA GeForce RTX 4060 Ti, 2 %, 876 MiB, 8188 MiB, 36, 5.98 W
2026/09/23 19:08:04.085, NVIDIA GeForce RTX 4060 Ti, 1 %, 874 MiB, 8188 MiB, 36, 6.02 W
2026/09/23 19:08:05.091, NVIDIA GeForce RTX 4060 Ti, 1 %, 874 MiB, 8188 MiB, 36, 5.90 W
2026/09/23 19:08:06.096, NVIDIA GeForce RTX 4060 Ti, 1 %, 876 MiB, 8188 MiB, 36, 5.97 W
2026/09/23 19:08:07.101, NVIDIA GeForce RTX 4060 Ti, 3 %, 866 MiB, 8188 MiB, 36, 5.95 W
2026/09/23 19:08:08.107, NVIDIA GeForce RTX 4060 Ti, 2 %, 866 MiB, 8188 MiB, 36, 5.82 W
2026/09/23 19:08:09.113, NVIDIA GeForce RTX 4060 Ti, 2 %, 866 MiB, 8188 MiB, 36, 6.15 W
2026/09/23 19:08:10.118, NVIDIA GeForce RTX 4060 Ti, 2 %, 867 MiB, 8188 MiB, 36, 5.98 W
2026/09/23 19:08:11.124, NVIDIA GeForce RTX 4060 Ti, 2 %, 867 MiB, 8188 MiB, 36, 5.99 W
2026/09/23 19:08:12.130, NVIDIA GeForce RTX 4060 Ti, 2 %, 867 MiB, 8188 MiB, 36, 5.77 W
2026/09/23 19:08:13.135, NVIDIA GeForce RTX 4060 Ti, 2 %, 868 MiB, 8188 MiB, 36, 5.86 W
2026/09/23 19:08:14.140, NVIDIA GeForce RTX 4060 Ti, 2 %, 866 MiB, 8188 MiB, 36, 6.16 W
2026/09/23 19:08:15.156, NVIDIA GeForce RTX 4060 Ti, 2 %, 869 MiB, 8188 MiB, 36, 6.02 W
2026/09/23 19:08:16.161, NVIDIA GeForce RTX 4060 Ti, 1 %, 872 MiB, 8188 MiB, 36, 6.04 W
2026/09/23 19:08:17.167, NVIDIA GeForce RTX 4060 Ti, 1 %, 872 MiB, 8188 MiB, 35, 5.58 W
2026/09/23 19:08:18.172, NVIDIA GeForce RTX 4060 Ti, 1 %, 877 MiB, 8188 MiB, 35, 5.82 W
2026/09/23 19:08:19.179, NVIDIA GeForce RTX 4060 Ti, 1 %, 875 MiB, 8188 MiB, 35, 5.85 W
2026/09/23 19:08:20.184, NVIDIA GeForce RTX 4060 Ti, 1 %, 875 MiB, 8188 MiB, 35, 5.73 W
2026/09/23 19:08:21.190, NVIDIA GeForce RTX 4060 Ti, 1 %, 873 MiB, 8188 MiB, 35, 5.74 W
2026/09/23 19:08:22.195, NVIDIA GeForce RTX 4060 Ti, 1 %, 864 MiB, 8188 MiB, 35, 5.67 W
2026/09/23 19:08:23.201, NVIDIA GeForce RTX 4060 Ti, 1 %, 861 MiB, 8188 MiB, 35, 5.69 W
2026/09/23 19:08:24.206, NVIDIA GeForce RTX 4060 Ti, 2 %, 853 MiB, 8188 MiB, 35, 5.73 W
2026/09/23 19:08:25.212, NVIDIA GeForce RTX 4060 Ti, 2 %, 844 MiB, 8188 MiB, 35, 5.57 W
2026/09/23 19:08:26.218, NVIDIA GeForce RTX 4060 Ti, 2 %, 843 MiB, 8188 MiB, 35, 5.53 W
2026/09/23 19:08:27.223, NVIDIA GeForce RTX 4060 Ti, 1 %, 843 MiB, 8188 MiB, 35, 5.72 W
2026/09/23 19:08:28.228, NVIDIA GeForce RTX 4060 Ti, 1 %, 841 MiB, 8188 MiB, 35, 5.77 W
2026/09/23 19:08:29.235, NVIDIA GeForce RTX 4060 Ti, 1 %, 841 MiB, 8188 MiB, 35, 5.78 W
2026/09/23 19:08:30.241, NVIDIA GeForce RTX 4060 Ti, 1 %, 841 MiB, 8188 MiB, 35, 5.67 W
2026/09/23 19:08:31.246, NVIDIA GeForce RTX 4060 Ti, 0 %, 841 MiB, 8188 MiB, 35, 5.78 W
2026/09/23 19:08:32.284, NVIDIA GeForce RTX 4060 Ti, 0 %, 841 MiB, 8188 MiB, 35, 5.81 W
2026/09/23 19:08:33.290, NVIDIA GeForce RTX 4060 Ti, 0 %, 841 MiB, 8188 MiB, 35, 5.80 W
2026/09/23 19:08:34.305, NVIDIA GeForce RTX 4060 Ti, 0 %, 841 MiB, 8188 MiB, 35, 5.60 W
2026/09/23 19:08:35.310, NVIDIA GeForce RTX 4060 Ti, 9 %, 962 MiB, 8188 MiB, 35, 9.05 W
2026/09/23 19:08:36.316, NVIDIA GeForce RTX 4060 Ti, 0 %, 962 MiB, 8188 MiB, 36, 28.51 W
2026/09/23 19:08:37.325, NVIDIA GeForce RTX 4060 Ti, 0 %, 962 MiB, 8188 MiB, 36, 28.51 W
2026/09/23 19:08:38.330, NVIDIA GeForce RTX 4060 Ti, 0 %, 962 MiB, 8188 MiB, 37, 28.53 W
2026/09/23 19:08:39.335, NVIDIA GeForce RTX 4060 Ti, 0 %, 962 MiB, 8188 MiB, 37, 28.43 W
2026/09/23 19:08:40.341, NVIDIA GeForce RTX 4060 Ti, 22 %, 5182 MiB, 8188 MiB, 37, 32.27 W
2026/09/23 19:08:41.346, NVIDIA GeForce RTX 4060 Ti, 20 %, 5184 MiB, 8188 MiB, 37, 32.56 W
2026/09/23 19:08:42.350, NVIDIA GeForce RTX 4060 Ti, 23 %, 5184 MiB, 8188 MiB, 37, 27.13 W
2026/09/23 19:08:43.358, NVIDIA GeForce RTX 4060 Ti, 0 %, 5204 MiB, 8188 MiB, 36, 15.13 W
2026/09/23 19:08:44.362, NVIDIA GeForce RTX 4060 Ti, 0 %, 5204 MiB, 8188 MiB, 35, 8.79 W
2026/09/23 19:08:45.369, NVIDIA GeForce RTX 4060 Ti, 0 %, 5204 MiB, 8188 MiB, 35, 8.09 W
2026/09/23 19:08:46.376, NVIDIA GeForce RTX 4060 Ti, 1 %, 5204 MiB, 8188 MiB, 35, 6.05 W
2026/09/23 19:08:47.382, NVIDIA GeForce RTX 4060 Ti, 1 %, 5224 MiB, 8188 MiB, 35, 6.59 W
2026/09/23 19:08:48.387, NVIDIA GeForce RTX 4060 Ti, 0 %, 5224 MiB, 8188 MiB, 35, 5.80 W
2026/09/23 19:08:49.394, NVIDIA GeForce RTX 4060 Ti, 0 %, 5224 MiB, 8188 MiB, 35, 5.91 W
2026/09/23 19:08:50.401, NVIDIA GeForce RTX 4060 Ti, 0 %, 5224 MiB, 8188 MiB, 35, 5.84 W
2026/09/23 19:08:51.407, NVIDIA GeForce RTX 4060 Ti, 7 %, 5240 MiB, 8188 MiB, 35, 6.36 W
2026/09/23 19:08:52.415, NVIDIA GeForce RTX 4060 Ti, 88 %, 5242 MiB, 8188 MiB, 35, 12.70 W
2026/09/23 19:08:53.421, NVIDIA GeForce RTX 4060 Ti, 57 %, 5242 MiB, 8188 MiB, 46, 80.93 W
2026/09/23 19:08:54.429, NVIDIA GeForce RTX 4060 Ti, 59 %, 5242 MiB, 8188 MiB, 46, 91.80 W
2026/09/23 19:08:55.435, NVIDIA GeForce RTX 4060 Ti, 52 %, 5242 MiB, 8188 MiB, 45, 97.18 W
2026/09/23 19:08:56.441, NVIDIA GeForce RTX 4060 Ti, 72 %, 5242 MiB, 8188 MiB, 48, 90.96 W
2026/09/23 19:08:57.467, NVIDIA GeForce RTX 4060 Ti, 47 %, 5242 MiB, 8188 MiB, 44, 95.55 W
2026/09/23 19:08:58.474, NVIDIA GeForce RTX 4060 Ti, 40 %, 5242 MiB, 8188 MiB, 43, 88.53 W
2026/09/23 19:08:59.482, NVIDIA GeForce RTX 4060 Ti, 49 %, 5242 MiB, 8188 MiB, 46, 96.44 W
2026/09/23 19:09:00.487, NVIDIA GeForce RTX 4060 Ti, 38 %, 5242 MiB, 8188 MiB, 45, 90.82 W
2026/09/23 19:09:01.495, NVIDIA GeForce RTX 4060 Ti, 75 %, 5242 MiB, 8188 MiB, 49, 95.72 W
2026/09/23 19:09:02.502, NVIDIA GeForce RTX 4060 Ti, 52 %, 5242 MiB, 8188 MiB, 46, 93.50 W
2026/09/23 19:09:03.509, NVIDIA GeForce RTX 4060 Ti, 53 %, 5242 MiB, 8188 MiB, 46, 87.71 W
2026/09/23 19:09:04.515, NVIDIA GeForce RTX 4060 Ti, 40 %, 5242 MiB, 8188 MiB, 45, 96.07 W
2026/09/23 19:09:05.521, NVIDIA GeForce RTX 4060 Ti, 50 %, 5242 MiB, 8188 MiB, 48, 86.87 W
2026/09/23 19:09:06.526, NVIDIA GeForce RTX 4060 Ti, 71 %, 5242 MiB, 8188 MiB, 50, 97.60 W
2026/09/23 19:09:07.533, NVIDIA GeForce RTX 4060 Ti, 67 %, 5242 MiB, 8188 MiB, 50, 96.16 W
2026/09/23 19:09:08.537, NVIDIA GeForce RTX 4060 Ti, 54 %, 5242 MiB, 8188 MiB, 49, 97.29 W
2026/09/23 19:09:09.543, NVIDIA GeForce RTX 4060 Ti, 45 %, 5242 MiB, 8188 MiB, 48, 88.64 W
2026/09/23 19:09:10.553, NVIDIA GeForce RTX 4060 Ti, 63 %, 5242 MiB, 8188 MiB, 48, 99.29 W
2026/09/23 19:09:11.559, NVIDIA GeForce RTX 4060 Ti, 35 %, 5242 MiB, 8188 MiB, 47, 87.41 W
2026/09/23 19:09:12.564, NVIDIA GeForce RTX 4060 Ti, 61 %, 5242 MiB, 8188 MiB, 48, 91.19 W
2026/09/23 19:09:13.570, NVIDIA GeForce RTX 4060 Ti, 49 %, 5246 MiB, 8188 MiB, 49, 97.12 W
2026/09/23 19:09:14.576, NVIDIA GeForce RTX 4060 Ti, 66 %, 5245 MiB, 8188 MiB, 52, 102.07 W
2026/09/23 19:09:15.582, NVIDIA GeForce RTX 4060 Ti, 66 %, 5245 MiB, 8188 MiB, 52, 100.59 W
2026/09/23 19:09:16.587, NVIDIA GeForce RTX 4060 Ti, 58 %, 5245 MiB, 8188 MiB, 48, 94.56 W
2026/09/23 19:09:17.594, NVIDIA GeForce RTX 4060 Ti, 59 %, 5245 MiB, 8188 MiB, 50, 103.49 W
2026/09/23 19:09:18.600, NVIDIA GeForce RTX 4060 Ti, 74 %, 5241 MiB, 8188 MiB, 52, 103.20 W
2026/09/23 19:09:19.605, NVIDIA GeForce RTX 4060 Ti, 87 %, 5241 MiB, 8188 MiB, 53, 101.89 W
2026/09/23 19:09:20.651, NVIDIA GeForce RTX 4060 Ti, 72 %, 5241 MiB, 8188 MiB, 53, 103.52 W
2026/09/23 19:09:21.657, NVIDIA GeForce RTX 4060 Ti, 47 %, 5241 MiB, 8188 MiB, 51, 100.94 W
2026/09/23 19:09:22.662, NVIDIA GeForce RTX 4060 Ti, 55 %, 5241 MiB, 8188 MiB, 50, 93.80 W
2026/09/23 19:09:23.672, NVIDIA GeForce RTX 4060 Ti, 71 %, 5241 MiB, 8188 MiB, 53, 105.38 W
2026/09/23 19:09:24.678, NVIDIA GeForce RTX 4060 Ti, 33 %, 5241 MiB, 8188 MiB, 53, 100.94 W
2026/09/23 19:09:25.684, NVIDIA GeForce RTX 4060 Ti, 67 %, 5241 MiB, 8188 MiB, 50, 96.90 W
2026/09/23 19:09:26.691, NVIDIA GeForce RTX 4060 Ti, 70 %, 5241 MiB, 8188 MiB, 53, 108.34 W
2026/09/23 19:09:27.695, NVIDIA GeForce RTX 4060 Ti, 59 %, 5241 MiB, 8188 MiB, 54, 106.58 W
2026/09/23 19:09:28.700, NVIDIA GeForce RTX 4060 Ti, 82 %, 5241 MiB, 8188 MiB, 51, 100.97 W
2026/09/23 19:09:29.705, NVIDIA GeForce RTX 4060 Ti, 86 %, 5241 MiB, 8188 MiB, 53, 105.52 W
2026/09/23 19:09:30.710, NVIDIA GeForce RTX 4060 Ti, 51 %, 5241 MiB, 8188 MiB, 54, 102.70 W
2026/09/23 19:09:31.717, NVIDIA GeForce RTX 4060 Ti, 86 %, 5241 MiB, 8188 MiB, 51, 107.30 W
2026/09/23 19:09:32.723, NVIDIA GeForce RTX 4060 Ti, 59 %, 5241 MiB, 8188 MiB, 53, 99.04 W
2026/09/23 19:09:33.729, NVIDIA GeForce RTX 4060 Ti, 59 %, 5241 MiB, 8188 MiB, 50, 102.07 W
2026/09/23 19:09:34.735, NVIDIA GeForce RTX 4060 Ti, 48 %, 5241 MiB, 8188 MiB, 53, 97.35 W
2026/09/23 19:09:35.742, NVIDIA GeForce RTX 4060 Ti, 66 %, 5241 MiB, 8188 MiB, 51, 108.12 W
2026/09/23 19:09:36.747, NVIDIA GeForce RTX 4060 Ti, 55 %, 5246 MiB, 8188 MiB, 53, 104.56 W
2026/09/23 19:09:37.763, NVIDIA GeForce RTX 4060 Ti, 68 %, 5245 MiB, 8188 MiB, 54, 105.74 W
2026/09/23 19:09:38.768, NVIDIA GeForce RTX 4060 Ti, 66 %, 5245 MiB, 8188 MiB, 47, 89.99 W
2026/09/23 19:09:39.775, NVIDIA GeForce RTX 4060 Ti, 88 %, 5245 MiB, 8188 MiB, 53, 108.28 W
2026/09/23 19:09:40.784, NVIDIA GeForce RTX 4060 Ti, 30 %, 5245 MiB, 8188 MiB, 51, 97.85 W
2026/09/23 19:09:41.790, NVIDIA GeForce RTX 4060 Ti, 74 %, 5241 MiB, 8188 MiB, 50, 103.07 W
2026/09/23 19:09:42.797, NVIDIA GeForce RTX 4060 Ti, 79 %, 5241 MiB, 8188 MiB, 52, 107.91 W
2026/09/23 19:09:43.803, NVIDIA GeForce RTX 4060 Ti, 78 %, 5241 MiB, 8188 MiB, 52, 111.86 W
2026/09/23 19:09:44.809, NVIDIA GeForce RTX 4060 Ti, 61 %, 5241 MiB, 8188 MiB, 53, 107.87 W
2026/09/23 19:09:45.814, NVIDIA GeForce RTX 4060 Ti, 56 %, 5241 MiB, 8188 MiB, 51, 98.55 W
2026/09/23 19:09:46.820, NVIDIA GeForce RTX 4060 Ti, 65 %, 5241 MiB, 8188 MiB, 51, 106.04 W
2026/09/23 19:09:47.827, NVIDIA GeForce RTX 4060 Ti, 85 %, 5241 MiB, 8188 MiB, 55, 117.56 W
2026/09/23 19:09:48.832, NVIDIA GeForce RTX 4060 Ti, 79 %, 5241 MiB, 8188 MiB, 54, 114.45 W
2026/09/23 19:09:49.838, NVIDIA GeForce RTX 4060 Ti, 65 %, 5240 MiB, 8188 MiB, 51, 94.48 W
2026/09/23 19:09:50.844, NVIDIA GeForce RTX 4060 Ti, 64 %, 5241 MiB, 8188 MiB, 48, 108.11 W
2026/09/23 19:09:51.852, NVIDIA GeForce RTX 4060 Ti, 89 %, 5241 MiB, 8188 MiB, 55, 118.35 W
2026/09/23 19:09:52.858, NVIDIA GeForce RTX 4060 Ti, 55 %, 5241 MiB, 8188 MiB, 50, 110.42 W
2026/09/23 19:09:53.863, NVIDIA GeForce RTX 4060 Ti, 54 %, 5241 MiB, 8188 MiB, 51, 95.38 W
2026/09/23 19:09:54.870, NVIDIA GeForce RTX 4060 Ti, 67 %, 5241 MiB, 8188 MiB, 53, 106.52 W
2026/09/23 19:09:55.877, NVIDIA GeForce RTX 4060 Ti, 92 %, 5241 MiB, 8188 MiB, 52, 108.75 W
2026/09/23 19:09:56.883, NVIDIA GeForce RTX 4060 Ti, 60 %, 5241 MiB, 8188 MiB, 48, 101.02 W
2026/09/23 19:09:57.890, NVIDIA GeForce RTX 4060 Ti, 64 %, 5241 MiB, 8188 MiB, 51, 105.05 W
2026/09/23 19:09:58.895, NVIDIA GeForce RTX 4060 Ti, 76 %, 5240 MiB, 8188 MiB, 55, 117.66 W
2026/09/23 19:09:59.900, NVIDIA GeForce RTX 4060 Ti, 67 %, 5241 MiB, 8188 MiB, 51, 99.95 W
2026/09/23 19:10:00.906, NVIDIA GeForce RTX 4060 Ti, 54 %, 5241 MiB, 8188 MiB, 54, 108.24 W
2026/09/23 19:10:01.913, NVIDIA GeForce RTX 4060 Ti, 47 %, 5241 MiB, 8188 MiB, 48, 106.52 W
2026/09/23 19:10:02.918, NVIDIA GeForce RTX 4060 Ti, 45 %, 5241 MiB, 8188 MiB, 49, 94.94 W
2026/09/23 19:10:03.924, NVIDIA GeForce RTX 4060 Ti, 78 %, 5241 MiB, 8188 MiB, 53, 110.86 W
2026/09/23 19:10:04.930, NVIDIA GeForce RTX 4060 Ti, 68 %, 5241 MiB, 8188 MiB, 54, 108.50 W
2026/09/23 19:10:05.937, NVIDIA GeForce RTX 4060 Ti, 91 %, 5241 MiB, 8188 MiB, 53, 110.26 W
2026/09/23 19:10:06.943, NVIDIA GeForce RTX 4060 Ti, 60 %, 5241 MiB, 8188 MiB, 51, 113.04 W
2026/09/23 19:10:07.949, NVIDIA GeForce RTX 4060 Ti, 46 %, 5241 MiB, 8188 MiB, 50, 103.36 W
2026/09/23 19:10:08.954, NVIDIA GeForce RTX 4060 Ti, 75 %, 5241 MiB, 8188 MiB, 54, 110.68 W
2026/09/23 19:10:09.961, NVIDIA GeForce RTX 4060 Ti, 80 %, 5241 MiB, 8188 MiB, 52, 108.22 W
2026/09/23 19:10:10.968, NVIDIA GeForce RTX 4060 Ti, 54 %, 5241 MiB, 8188 MiB, 48, 115.72 W
2026/09/23 19:10:11.975, NVIDIA GeForce RTX 4060 Ti, 46 %, 5241 MiB, 8188 MiB, 48, 107.76 W
2026/09/23 19:10:12.992, NVIDIA GeForce RTX 4060 Ti, 58 %, 5241 MiB, 8188 MiB, 49, 92.88 W
2026/09/23 19:10:13.998, NVIDIA GeForce RTX 4060 Ti, 61 %, 5245 MiB, 8188 MiB, 51, 108.24 W
2026/09/23 19:10:15.005, NVIDIA GeForce RTX 4060 Ti, 65 %, 5245 MiB, 8188 MiB, 48, 103.98 W
2026/09/23 19:10:16.014, NVIDIA GeForce RTX 4060 Ti, 91 %, 5245 MiB, 8188 MiB, 50, 106.46 W
2026/09/23 19:10:17.019, NVIDIA GeForce RTX 4060 Ti, 58 %, 5245 MiB, 8188 MiB, 49, 107.37 W
2026/09/23 19:10:18.024, NVIDIA GeForce RTX 4060 Ti, 87 %, 5245 MiB, 8188 MiB, 51, 111.00 W
2026/09/23 19:10:19.031, NVIDIA GeForce RTX 4060 Ti, 79 %, 5241 MiB, 8188 MiB, 53, 109.86 W
2026/09/23 19:10:20.036, NVIDIA GeForce RTX 4060 Ti, 61 %, 5241 MiB, 8188 MiB, 51, 103.61 W
2026/09/23 19:10:21.041, NVIDIA GeForce RTX 4060 Ti, 57 %, 5241 MiB, 8188 MiB, 52, 109.21 W
2026/09/23 19:10:22.048, NVIDIA GeForce RTX 4060 Ti, 68 %, 5241 MiB, 8188 MiB, 50, 94.40 W
2026/09/23 19:10:23.053, NVIDIA GeForce RTX 4060 Ti, 81 %, 5241 MiB, 8188 MiB, 53, 99.64 W
2026/09/23 19:10:24.059, NVIDIA GeForce RTX 4060 Ti, 76 %, 5241 MiB, 8188 MiB, 52, 111.83 W
2026/09/23 19:10:25.066, NVIDIA GeForce RTX 4060 Ti, 73 %, 5241 MiB, 8188 MiB, 55, 116.60 W
2026/09/23 19:10:26.070, NVIDIA GeForce RTX 4060 Ti, 57 %, 5241 MiB, 8188 MiB, 51, 88.34 W
2026/09/23 19:10:27.076, NVIDIA GeForce RTX 4060 Ti, 86 %, 5241 MiB, 8188 MiB, 51, 111.34 W
2026/09/23 19:10:28.084, NVIDIA GeForce RTX 4060 Ti, 53 %, 5241 MiB, 8188 MiB, 51, 114.38 W
2026/09/23 19:10:29.090, NVIDIA GeForce RTX 4060 Ti, 82 %, 5241 MiB, 8188 MiB, 51, 109.58 W
2026/09/23 19:10:30.099, NVIDIA GeForce RTX 4060 Ti, 44 %, 5241 MiB, 8188 MiB, 48, 108.27 W
2026/09/23 19:10:31.107, NVIDIA GeForce RTX 4060 Ti, 85 %, 5241 MiB, 8188 MiB, 52, 106.90 W
2026/09/23 19:10:32.112, NVIDIA GeForce RTX 4060 Ti, 84 %, 5241 MiB, 8188 MiB, 52, 112.76 W
2026/09/23 19:10:33.118, NVIDIA GeForce RTX 4060 Ti, 80 %, 5241 MiB, 8188 MiB, 46, 104.45 W
2026/09/23 19:10:34.123, NVIDIA GeForce RTX 4060 Ti, 57 %, 5241 MiB, 8188 MiB, 54, 120.11 W
2026/09/23 19:10:35.129, NVIDIA GeForce RTX 4060 Ti, 79 %, 5241 MiB, 8188 MiB, 53, 116.93 W
2026/09/23 19:10:36.135, NVIDIA GeForce RTX 4060 Ti, 69 %, 5241 MiB, 8188 MiB, 51, 108.28 W
2026/09/23 19:10:37.140, NVIDIA GeForce RTX 4060 Ti, 62 %, 5241 MiB, 8188 MiB, 52, 104.95 W
2026/09/23 19:10:38.145, NVIDIA GeForce RTX 4060 Ti, 92 %, 5241 MiB, 8188 MiB, 55, 119.08 W
2026/09/23 19:10:39.151, NVIDIA GeForce RTX 4060 Ti, 91 %, 5241 MiB, 8188 MiB, 52, 117.45 W
2026/09/23 19:10:40.156, NVIDIA GeForce RTX 4060 Ti, 75 %, 5241 MiB, 8188 MiB, 51, 114.79 W
2026/09/23 19:10:41.163, NVIDIA GeForce RTX 4060 Ti, 91 %, 5241 MiB, 8188 MiB, 53, 114.90 W
2026/09/23 19:10:42.169, NVIDIA GeForce RTX 4060 Ti, 94 %, 5241 MiB, 8188 MiB, 55, 119.99 W
2026/09/23 19:10:43.174, NVIDIA GeForce RTX 4060 Ti, 57 %, 5241 MiB, 8188 MiB, 52, 113.20 W
2026/09/23 19:10:44.179, NVIDIA GeForce RTX 4060 Ti, 53 %, 5241 MiB, 8188 MiB, 53, 118.67 W
2026/09/23 19:10:45.186, NVIDIA GeForce RTX 4060 Ti, 42 %, 5241 MiB, 8188 MiB, 48, 104.25 W
2026/09/23 19:10:46.192, NVIDIA GeForce RTX 4060 Ti, 57 %, 5241 MiB, 8188 MiB, 50, 111.40 W
2026/09/23 19:10:47.198, NVIDIA GeForce RTX 4060 Ti, 60 %, 5241 MiB, 8188 MiB, 49, 107.99 W
2026/09/23 19:10:48.205, NVIDIA GeForce RTX 4060 Ti, 62 %, 5241 MiB, 8188 MiB, 54, 114.74 W
2026/09/23 19:10:49.211, NVIDIA GeForce RTX 4060 Ti, 56 %, 5241 MiB, 8188 MiB, 51, 106.76 W
2026/09/23 19:10:50.221, NVIDIA GeForce RTX 4060 Ti, 41 %, 5246 MiB, 8188 MiB, 50, 101.05 W
2026/09/23 19:10:51.225, NVIDIA GeForce RTX 4060 Ti, 56 %, 5245 MiB, 8188 MiB, 51, 98.01 W
2026/09/23 19:10:52.232, NVIDIA GeForce RTX 4060 Ti, 58 %, 5245 MiB, 8188 MiB, 50, 106.26 W
2026/09/23 19:10:53.239, NVIDIA GeForce RTX 4060 Ti, 90 %, 5245 MiB, 8188 MiB, 49, 106.19 W
2026/09/23 19:10:54.245, NVIDIA GeForce RTX 4060 Ti, 55 %, 5245 MiB, 8188 MiB, 51, 115.46 W
2026/09/23 19:10:55.252, NVIDIA GeForce RTX 4060 Ti, 75 %, 5240 MiB, 8188 MiB, 50, 109.87 W
2026/09/23 19:10:56.258, NVIDIA GeForce RTX 4060 Ti, 62 %, 5240 MiB, 8188 MiB, 54, 112.28 W
2026/09/23 19:10:57.264, NVIDIA GeForce RTX 4060 Ti, 87 %, 5241 MiB, 8188 MiB, 51, 113.54 W
2026/09/23 19:10:58.271, NVIDIA GeForce RTX 4060 Ti, 92 %, 5241 MiB, 8188 MiB, 51, 118.50 W
2026/09/23 19:10:59.294, NVIDIA GeForce RTX 4060 Ti, 91 %, 5241 MiB, 8188 MiB, 53, 124.71 W
2026/09/23 19:11:00.299, NVIDIA GeForce RTX 4060 Ti, 84 %, 5245 MiB, 8188 MiB, 52, 111.80 W
2026/09/23 19:11:01.304, NVIDIA GeForce RTX 4060 Ti, 73 %, 5245 MiB, 8188 MiB, 55, 119.22 W
2026/09/23 19:11:02.309, NVIDIA GeForce RTX 4060 Ti, 88 %, 5245 MiB, 8188 MiB, 54, 119.30 W
2026/09/23 19:11:03.316, NVIDIA GeForce RTX 4060 Ti, 85 %, 5245 MiB, 8188 MiB, 56, 121.59 W
2026/09/23 19:11:04.321, NVIDIA GeForce RTX 4060 Ti, 68 %, 5245 MiB, 8188 MiB, 56, 126.11 W
2026/09/23 19:11:05.328, NVIDIA GeForce RTX 4060 Ti, 67 %, 5241 MiB, 8188 MiB, 54, 116.89 W
2026/09/23 19:11:06.334, NVIDIA GeForce RTX 4060 Ti, 74 %, 5241 MiB, 8188 MiB, 54, 115.97 W
2026/09/23 19:11:07.341, NVIDIA GeForce RTX 4060 Ti, 79 %, 5241 MiB, 8188 MiB, 53, 120.79 W
2026/09/23 19:11:08.347, NVIDIA GeForce RTX 4060 Ti, 61 %, 5241 MiB, 8188 MiB, 51, 116.42 W
2026/09/23 19:11:09.354, NVIDIA GeForce RTX 4060 Ti, 95 %, 5241 MiB, 8188 MiB, 56, 123.62 W
2026/09/23 19:11:10.359, NVIDIA GeForce RTX 4060 Ti, 64 %, 5241 MiB, 8188 MiB, 54, 120.69 W
2026/09/23 19:11:11.366, NVIDIA GeForce RTX 4060 Ti, 65 %, 5241 MiB, 8188 MiB, 53, 120.45 W
2026/09/23 19:11:12.372, NVIDIA GeForce RTX 4060 Ti, 79 %, 5241 MiB, 8188 MiB, 55, 128.42 W
2026/09/23 19:11:13.378, NVIDIA GeForce RTX 4060 Ti, 85 %, 5245 MiB, 8188 MiB, 56, 128.01 W
2026/09/23 19:11:14.385, NVIDIA GeForce RTX 4060 Ti, 92 %, 5245 MiB, 8188 MiB, 56, 124.59 W
2026/09/23 19:11:15.392, NVIDIA GeForce RTX 4060 Ti, 69 %, 5245 MiB, 8188 MiB, 54, 120.19 W
2026/09/23 19:11:16.398, NVIDIA GeForce RTX 4060 Ti, 91 %, 5245 MiB, 8188 MiB, 53, 120.71 W
2026/09/23 19:11:17.405, NVIDIA GeForce RTX 4060 Ti, 96 %, 5245 MiB, 8188 MiB, 54, 127.21 W
2026/09/23 19:11:18.411, NVIDIA GeForce RTX 4060 Ti, 85 %, 5241 MiB, 8188 MiB, 56, 124.62 W
2026/09/23 19:11:19.417, NVIDIA GeForce RTX 4060 Ti, 65 %, 5241 MiB, 8188 MiB, 57, 121.45 W
2026/09/23 19:11:20.423, NVIDIA GeForce RTX 4060 Ti, 59 %, 5241 MiB, 8188 MiB, 56, 122.13 W
2026/09/23 19:11:21.444, NVIDIA GeForce RTX 4060 Ti, 77 %, 5241 MiB, 8188 MiB, 54, 115.79 W
2026/09/23 19:11:22.452, NVIDIA GeForce RTX 4060 Ti, 64 %, 5241 MiB, 8188 MiB, 51, 118.99 W
2026/09/23 19:11:23.459, NVIDIA GeForce RTX 4060 Ti, 96 %, 5241 MiB, 8188 MiB, 56, 122.92 W
2026/09/23 19:11:24.464, NVIDIA GeForce RTX 4060 Ti, 79 %, 5241 MiB, 8188 MiB, 57, 124.78 W
2026/09/23 19:11:25.472, NVIDIA GeForce RTX 4060 Ti, 93 %, 5241 MiB, 8188 MiB, 57, 132.21 W
2026/09/23 19:11:26.478, NVIDIA GeForce RTX 4060 Ti, 74 %, 5241 MiB, 8188 MiB, 56, 128.67 W
2026/09/23 19:11:27.485, NVIDIA GeForce RTX 4060 Ti, 70 %, 5241 MiB, 8188 MiB, 51, 120.33 W
2026/09/23 19:11:28.490, NVIDIA GeForce RTX 4060 Ti, 87 %, 5241 MiB, 8188 MiB, 56, 130.08 W
2026/09/23 19:11:29.497, NVIDIA GeForce RTX 4060 Ti, 96 %, 5241 MiB, 8188 MiB, 56, 132.09 W
2026/09/23 19:11:30.504, NVIDIA GeForce RTX 4060 Ti, 96 %, 5241 MiB, 8188 MiB, 57, 128.87 W
2026/09/23 19:11:31.510, NVIDIA GeForce RTX 4060 Ti, 91 %, 5241 MiB, 8188 MiB, 56, 132.24 W
2026/09/23 19:11:32.515, NVIDIA GeForce RTX 4060 Ti, 95 %, 5241 MiB, 8188 MiB, 57, 128.93 W
2026/09/23 19:11:33.521, NVIDIA GeForce RTX 4060 Ti, 96 %, 5241 MiB, 8188 MiB, 57, 129.60 W
2026/09/23 19:11:34.527, NVIDIA GeForce RTX 4060 Ti, 96 %, 5241 MiB, 8188 MiB, 57, 134.81 W
2026/09/23 19:11:35.532, NVIDIA GeForce RTX 4060 Ti, 88 %, 5241 MiB, 8188 MiB, 56, 129.41 W
2026/09/23 19:11:36.537, NVIDIA GeForce RTX 4060 Ti, 96 %, 5241 MiB, 8188 MiB, 53, 134.74 W
2026/09/23 19:11:37.543, NVIDIA GeForce RTX 4060 Ti, 95 %, 5241 MiB, 8188 MiB, 57, 130.10 W
2026/09/23 19:11:38.552, NVIDIA GeForce RTX 4060 Ti, 77 %, 5246 MiB, 8188 MiB, 52, 124.27 W
2026/09/23 19:11:39.559, NVIDIA GeForce RTX 4060 Ti, 90 %, 5245 MiB, 8188 MiB, 57, 126.10 W
2026/09/23 19:11:40.564, NVIDIA GeForce RTX 4060 Ti, 93 %, 5245 MiB, 8188 MiB, 57, 129.74 W
2026/09/23 19:11:41.571, NVIDIA GeForce RTX 4060 Ti, 73 %, 5245 MiB, 8188 MiB, 51, 122.91 W
2026/09/23 19:11:42.577, NVIDIA GeForce RTX 4060 Ti, 96 %, 5244 MiB, 8188 MiB, 57, 120.78 W
2026/09/23 19:11:43.586, NVIDIA GeForce RTX 4060 Ti, 85 %, 5241 MiB, 8188 MiB, 57, 133.33 W
2026/09/23 19:11:44.593, NVIDIA GeForce RTX 4060 Ti, 84 %, 5241 MiB, 8188 MiB, 56, 124.67 W
2026/09/23 19:11:45.598, NVIDIA GeForce RTX 4060 Ti, 96 %, 5241 MiB, 8188 MiB, 57, 134.87 W
2026/09/23 19:11:46.604, NVIDIA GeForce RTX 4060 Ti, 86 %, 5241 MiB, 8188 MiB, 53, 133.00 W
2026/09/23 19:11:47.610, NVIDIA GeForce RTX 4060 Ti, 63 %, 5241 MiB, 8188 MiB, 57, 130.68 W
2026/09/23 19:11:48.616, NVIDIA GeForce RTX 4060 Ti, 89 %, 5241 MiB, 8188 MiB, 57, 125.64 W
2026/09/23 19:11:49.624, NVIDIA GeForce RTX 4060 Ti, 86 %, 5241 MiB, 8188 MiB, 57, 126.22 W
2026/09/23 19:11:50.631, NVIDIA GeForce RTX 4060 Ti, 95 %, 5241 MiB, 8188 MiB, 57, 130.90 W
2026/09/23 19:11:51.637, NVIDIA GeForce RTX 4060 Ti, 97 %, 5241 MiB, 8188 MiB, 57, 122.60 W
2026/09/23 19:11:52.643, NVIDIA GeForce RTX 4060 Ti, 96 %, 5240 MiB, 8188 MiB, 57, 132.97 W
2026/09/23 19:11:53.650, NVIDIA GeForce RTX 4060 Ti, 96 %, 5241 MiB, 8188 MiB, 57, 129.80 W
2026/09/23 19:11:54.655, NVIDIA GeForce RTX 4060 Ti, 95 %, 5241 MiB, 8188 MiB, 57, 130.10 W
2026/09/23 19:11:55.662, NVIDIA GeForce RTX 4060 Ti, 90 %, 5241 MiB, 8188 MiB, 55, 133.05 W
2026/09/23 19:11:56.667, NVIDIA GeForce RTX 4060 Ti, 91 %, 5241 MiB, 8188 MiB, 57, 132.34 W
2026/09/23 19:11:57.672, NVIDIA GeForce RTX 4060 Ti, 100 %, 5241 MiB, 8188 MiB, 57, 130.45 W
2026/09/23 19:11:58.679, NVIDIA GeForce RTX 4060 Ti, 93 %, 5241 MiB, 8188 MiB, 57, 130.84 W
2026/09/23 19:11:59.685, NVIDIA GeForce RTX 4060 Ti, 81 %, 5241 MiB, 8188 MiB, 57, 128.82 W
2026/09/23 19:12:00.690, NVIDIA GeForce RTX 4060 Ti, 96 %, 5241 MiB, 8188 MiB, 58, 132.93 W
2026/09/23 19:12:01.695, NVIDIA GeForce RTX 4060 Ti, 93 %, 5241 MiB, 8188 MiB, 57, 135.63 W
2026/09/23 19:12:02.701, NVIDIA GeForce RTX 4060 Ti, 84 %, 5241 MiB, 8188 MiB, 57, 130.06 W
2026/09/23 19:12:03.706, NVIDIA GeForce RTX 4060 Ti, 95 %, 5241 MiB, 8188 MiB, 57, 134.04 W
2026/09/23 19:12:04.711, NVIDIA GeForce RTX 4060 Ti, 96 %, 5241 MiB, 8188 MiB, 57, 134.85 W
2026/09/23 19:12:05.716, NVIDIA GeForce RTX 4060 Ti, 96 %, 5241 MiB, 8188 MiB, 57, 133.63 W
2026/09/23 19:12:06.721, NVIDIA GeForce RTX 4060 Ti, 87 %, 5241 MiB, 8188 MiB, 58, 130.02 W
2026/09/23 19:12:07.727, NVIDIA GeForce RTX 4060 Ti, 96 %, 5241 MiB, 8188 MiB, 57, 127.99 W
2026/09/23 19:12:08.732, NVIDIA GeForce RTX 4060 Ti, 96 %, 5241 MiB, 8188 MiB, 58, 133.61 W
2026/09/23 19:12:09.738, NVIDIA GeForce RTX 4060 Ti, 96 %, 5241 MiB, 8188 MiB, 58, 135.51 W
2026/09/23 19:12:10.743, NVIDIA GeForce RTX 4060 Ti, 96 %, 5241 MiB, 8188 MiB, 58, 132.64 W
2026/09/23 19:12:11.749, NVIDIA GeForce RTX 4060 Ti, 96 %, 5241 MiB, 8188 MiB, 57, 133.70 W
2026/09/23 19:12:12.755, NVIDIA GeForce RTX 4060 Ti, 77 %, 5241 MiB, 8188 MiB, 55, 134.21 W
2026/09/23 19:12:13.761, NVIDIA GeForce RTX 4060 Ti, 96 %, 5245 MiB, 8188 MiB, 58, 136.49 W
2026/09/23 19:12:14.766, NVIDIA GeForce RTX 4060 Ti, 95 %, 5245 MiB, 8188 MiB, 57, 134.75 W
2026/09/23 19:12:15.772, NVIDIA GeForce RTX 4060 Ti, 89 %, 5245 MiB, 8188 MiB, 58, 129.32 W
2026/09/23 19:12:16.778, NVIDIA GeForce RTX 4060 Ti, 96 %, 5245 MiB, 8188 MiB, 57, 132.48 W
2026/09/23 19:12:17.785, NVIDIA GeForce RTX 4060 Ti, 96 %, 5246 MiB, 8188 MiB, 57, 133.17 W
2026/09/23 19:12:18.791, NVIDIA GeForce RTX 4060 Ti, 96 %, 5245 MiB, 8188 MiB, 58, 137.29 W
2026/09/23 19:12:19.797, NVIDIA GeForce RTX 4060 Ti, 95 %, 5245 MiB, 8188 MiB, 57, 136.20 W
2026/09/23 19:12:20.803, NVIDIA GeForce RTX 4060 Ti, 94 %, 5245 MiB, 8188 MiB, 57, 134.62 W
2026/09/23 19:12:21.809, NVIDIA GeForce RTX 4060 Ti, 97 %, 5245 MiB, 8188 MiB, 57, 136.53 W
2026/09/23 19:12:22.814, NVIDIA GeForce RTX 4060 Ti, 92 %, 5241 MiB, 8188 MiB, 58, 134.83 W
2026/09/23 19:12:23.820, NVIDIA GeForce RTX 4060 Ti, 100 %, 5245 MiB, 8188 MiB, 58, 133.51 W
2026/09/23 19:12:24.826, NVIDIA GeForce RTX 4060 Ti, 96 %, 5246 MiB, 8188 MiB, 57, 136.24 W
2026/09/23 19:12:25.833, NVIDIA GeForce RTX 4060 Ti, 84 %, 5245 MiB, 8188 MiB, 58, 132.06 W
2026/09/23 19:12:26.839, NVIDIA GeForce RTX 4060 Ti, 92 %, 5246 MiB, 8188 MiB, 59, 134.84 W
2026/09/23 19:12:27.850, NVIDIA GeForce RTX 4060 Ti, 93 %, 5245 MiB, 8188 MiB, 59, 133.62 W
2026/09/23 19:12:28.856, NVIDIA GeForce RTX 4060 Ti, 92 %, 5241 MiB, 8188 MiB, 59, 134.68 W
2026/09/23 19:12:29.860, NVIDIA GeForce RTX 4060 Ti, 96 %, 5246 MiB, 8188 MiB, 58, 137.33 W
2026/09/23 19:12:30.866, NVIDIA GeForce RTX 4060 Ti, 92 %, 5246 MiB, 8188 MiB, 56, 133.79 W
2026/09/23 19:12:31.872, NVIDIA GeForce RTX 4060 Ti, 96 %, 5246 MiB, 8188 MiB, 56, 134.88 W
2026/09/23 19:12:32.878, NVIDIA GeForce RTX 4060 Ti, 96 %, 5246 MiB, 8188 MiB, 55, 134.67 W
2026/09/23 19:12:33.883, NVIDIA GeForce RTX 4060 Ti, 95 %, 5245 MiB, 8188 MiB, 57, 133.81 W
2026/09/23 19:12:34.888, NVIDIA GeForce RTX 4060 Ti, 100 %, 5245 MiB, 8188 MiB, 58, 135.27 W
2026/09/23 19:12:35.894, NVIDIA GeForce RTX 4060 Ti, 97 %, 5241 MiB, 8188 MiB, 57, 135.35 W
2026/09/23 19:12:36.899, NVIDIA GeForce RTX 4060 Ti, 100 %, 5246 MiB, 8188 MiB, 57, 134.84 W
2026/09/23 19:12:37.905, NVIDIA GeForce RTX 4060 Ti, 96 %, 5245 MiB, 8188 MiB, 58, 134.48 W
2026/09/23 19:12:38.912, NVIDIA GeForce RTX 4060 Ti, 86 %, 5245 MiB, 8188 MiB, 57, 130.99 W
2026/09/23 19:12:39.917, NVIDIA GeForce RTX 4060 Ti, 96 %, 5245 MiB, 8188 MiB, 58, 135.56 W
2026/09/23 19:12:40.923, NVIDIA GeForce RTX 4060 Ti, 96 %, 5245 MiB, 8188 MiB, 57, 134.82 W
2026/09/23 19:12:41.931, NVIDIA GeForce RTX 4060 Ti, 97 %, 5241 MiB, 8188 MiB, 58, 130.65 W
2026/09/23 19:12:42.936, NVIDIA GeForce RTX 4060 Ti, 96 %, 5246 MiB, 8188 MiB, 58, 134.65 W
2026/09/23 19:12:43.944, NVIDIA GeForce RTX 4060 Ti, 89 %, 5246 MiB, 8188 MiB, 57, 135.47 W
2026/09/23 19:12:44.949, NVIDIA GeForce RTX 4060 Ti, 96 %, 5246 MiB, 8188 MiB, 58, 136.22 W
2026/09/23 19:12:45.958, NVIDIA GeForce RTX 4060 Ti, 96 %, 5245 MiB, 8188 MiB, 57, 137.12 W
2026/09/23 19:12:46.965, NVIDIA GeForce RTX 4060 Ti, 93 %, 5245 MiB, 8188 MiB, 55, 133.85 W
2026/09/23 19:12:47.973, NVIDIA GeForce RTX 4060 Ti, 100 %, 5241 MiB, 8188 MiB, 59, 132.23 W
2026/09/23 19:12:48.984, NVIDIA GeForce RTX 4060 Ti, 92 %, 5245 MiB, 8188 MiB, 58, 134.69 W
2026/09/23 19:12:49.992, NVIDIA GeForce RTX 4060 Ti, 96 %, 5245 MiB, 8188 MiB, 57, 132.86 W
2026/09/23 19:12:50.997, NVIDIA GeForce RTX 4060 Ti, 96 %, 5245 MiB, 8188 MiB, 57, 134.09 W
2026/09/23 19:12:52.003, NVIDIA GeForce RTX 4060 Ti, 89 %, 5245 MiB, 8188 MiB, 58, 131.49 W
2026/09/23 19:12:53.010, NVIDIA GeForce RTX 4060 Ti, 95 %, 5245 MiB, 8188 MiB, 58, 136.55 W
2026/09/23 19:12:54.015, NVIDIA GeForce RTX 4060 Ti, 100 %, 5245 MiB, 8188 MiB, 57, 129.64 W
2026/09/23 19:12:55.023, NVIDIA GeForce RTX 4060 Ti, 95 %, 5241 MiB, 8188 MiB, 58, 134.22 W
2026/09/23 19:12:56.031, NVIDIA GeForce RTX 4060 Ti, 99 %, 5246 MiB, 8188 MiB, 59, 137.10 W
2026/09/23 19:12:57.058, NVIDIA GeForce RTX 4060 Ti, 97 %, 5245 MiB, 8188 MiB, 59, 135.82 W
2026/09/23 19:12:58.063, NVIDIA GeForce RTX 4060 Ti, 98 %, 5245 MiB, 8188 MiB, 58, 133.94 W
2026/09/23 19:12:59.069, NVIDIA GeForce RTX 4060 Ti, 96 %, 5245 MiB, 8188 MiB, 58, 135.74 W
2026/09/23 19:13:00.076, NVIDIA GeForce RTX 4060 Ti, 93 %, 5245 MiB, 8188 MiB, 58, 134.87 W
2026/09/23 19:13:01.082, NVIDIA GeForce RTX 4060 Ti, 95 %, 5241 MiB, 8188 MiB, 58, 133.03 W
2026/09/23 19:13:02.087, NVIDIA GeForce RTX 4060 Ti, 96 %, 5246 MiB, 8188 MiB, 57, 135.52 W
2026/09/23 19:13:03.093, NVIDIA GeForce RTX 4060 Ti, 92 %, 5245 MiB, 8188 MiB, 58, 135.42 W
2026/09/23 19:13:04.099, NVIDIA GeForce RTX 4060 Ti, 92 %, 5245 MiB, 8188 MiB, 59, 131.68 W
2026/09/23 19:13:05.104, NVIDIA GeForce RTX 4060 Ti, 93 %, 5245 MiB, 8188 MiB, 58, 136.37 W
2026/09/23 19:13:06.110, NVIDIA GeForce RTX 4060 Ti, 96 %, 5245 MiB, 8188 MiB, 57, 136.41 W
2026/09/23 19:13:07.116, NVIDIA GeForce RTX 4060 Ti, 94 %, 5241 MiB, 8188 MiB, 59, 132.26 W
2026/09/23 19:13:08.122, NVIDIA GeForce RTX 4060 Ti, 97 %, 5245 MiB, 8188 MiB, 58, 134.98 W
2026/09/23 19:13:09.128, NVIDIA GeForce RTX 4060 Ti, 96 %, 5245 MiB, 8188 MiB, 57, 135.34 W
2026/09/23 19:13:10.135, NVIDIA GeForce RTX 4060 Ti, 76 %, 5245 MiB, 8188 MiB, 54, 127.83 W
2026/09/23 19:13:11.139, NVIDIA GeForce RTX 4060 Ti, 92 %, 5245 MiB, 8188 MiB, 58, 131.21 W
2026/09/23 19:13:12.146, NVIDIA GeForce RTX 4060 Ti, 100 %, 5245 MiB, 8188 MiB, 58, 133.99 W
2026/09/23 19:13:13.152, NVIDIA GeForce RTX 4060 Ti, 90 %, 5245 MiB, 8188 MiB, 57, 135.40 W
2026/09/23 19:13:14.157, NVIDIA GeForce RTX 4060 Ti, 89 %, 5246 MiB, 8188 MiB, 58, 129.89 W
2026/09/23 19:13:15.161, NVIDIA GeForce RTX 4060 Ti, 96 %, 5246 MiB, 8188 MiB, 58, 133.40 W
2026/09/23 19:13:16.167, NVIDIA GeForce RTX 4060 Ti, 96 %, 5246 MiB, 8188 MiB, 58, 136.88 W
2026/09/23 19:13:17.174, NVIDIA GeForce RTX 4060 Ti, 92 %, 5246 MiB, 8188 MiB, 57, 134.62 W
2026/09/23 19:13:18.179, NVIDIA GeForce RTX 4060 Ti, 96 %, 5247 MiB, 8188 MiB, 58, 135.74 W
2026/09/23 19:13:19.185, NVIDIA GeForce RTX 4060 Ti, 93 %, 5246 MiB, 8188 MiB, 59, 135.58 W
2026/09/23 19:13:20.192, NVIDIA GeForce RTX 4060 Ti, 96 %, 5242 MiB, 8188 MiB, 59, 135.71 W
2026/09/23 19:13:21.200, NVIDIA GeForce RTX 4060 Ti, 96 %, 5247 MiB, 8188 MiB, 58, 134.96 W
2026/09/23 19:13:22.205, NVIDIA GeForce RTX 4060 Ti, 100 %, 5247 MiB, 8188 MiB, 58, 132.54 W
2026/09/23 19:13:23.212, NVIDIA GeForce RTX 4060 Ti, 96 %, 5247 MiB, 8188 MiB, 58, 135.82 W
2026/09/23 19:13:24.217, NVIDIA GeForce RTX 4060 Ti, 100 %, 5247 MiB, 8188 MiB, 57, 135.40 W
2026/09/23 19:13:25.225, NVIDIA GeForce RTX 4060 Ti, 95 %, 5246 MiB, 8188 MiB, 59, 132.24 W
2026/09/23 19:13:26.232, NVIDIA GeForce RTX 4060 Ti, 97 %, 5242 MiB, 8188 MiB, 58, 136.44 W
2026/09/23 19:13:27.237, NVIDIA GeForce RTX 4060 Ti, 97 %, 5247 MiB, 8188 MiB, 57, 132.68 W
2026/09/23 19:13:28.242, NVIDIA GeForce RTX 4060 Ti, 96 %, 5246 MiB, 8188 MiB, 58, 134.72 W
2026/09/23 19:13:29.253, NVIDIA GeForce RTX 4060 Ti, 97 %, 5245 MiB, 8188 MiB, 58, 135.99 W
2026/09/23 19:13:30.258, NVIDIA GeForce RTX 4060 Ti, 83 %, 5245 MiB, 8188 MiB, 58, 133.22 W
2026/09/23 19:13:31.263, NVIDIA GeForce RTX 4060 Ti, 96 %, 5245 MiB, 8188 MiB, 59, 133.43 W
2026/09/23 19:13:32.268, NVIDIA GeForce RTX 4060 Ti, 100 %, 5241 MiB, 8188 MiB, 57, 132.02 W
2026/09/23 19:13:33.275, NVIDIA GeForce RTX 4060 Ti, 97 %, 5246 MiB, 8188 MiB, 58, 133.44 W
2026/09/23 19:13:34.280, NVIDIA GeForce RTX 4060 Ti, 100 %, 5246 MiB, 8188 MiB, 59, 133.99 W
2026/09/23 19:13:35.286, NVIDIA GeForce RTX 4060 Ti, 96 %, 5246 MiB, 8188 MiB, 58, 136.81 W
2026/09/23 19:13:36.294, NVIDIA GeForce RTX 4060 Ti, 96 %, 5246 MiB, 8188 MiB, 57, 135.53 W
2026/09/23 19:13:37.300, NVIDIA GeForce RTX 4060 Ti, 96 %, 5245 MiB, 8188 MiB, 59, 135.89 W
2026/09/23 19:13:38.307, NVIDIA GeForce RTX 4060 Ti, 96 %, 5241 MiB, 8188 MiB, 58, 135.25 W
2026/09/23 19:13:39.311, NVIDIA GeForce RTX 4060 Ti, 100 %, 5241 MiB, 8188 MiB, 59, 136.73 W
2026/09/23 19:13:40.321, NVIDIA GeForce RTX 4060 Ti, 96 %, 5246 MiB, 8188 MiB, 59, 133.36 W
2026/09/23 19:13:41.326, NVIDIA GeForce RTX 4060 Ti, 97 %, 5245 MiB, 8188 MiB, 59, 133.99 W
2026/09/23 19:13:42.332, NVIDIA GeForce RTX 4060 Ti, 96 %, 5245 MiB, 8188 MiB, 58, 136.77 W
2026/09/23 19:13:43.353, NVIDIA GeForce RTX 4060 Ti, 100 %, 5245 MiB, 8188 MiB, 58, 135.48 W
2026/09/23 19:13:44.359, NVIDIA GeForce RTX 4060 Ti, 96 %, 5245 MiB, 8188 MiB, 57, 131.02 W
2026/09/23 19:13:45.366, NVIDIA GeForce RTX 4060 Ti, 96 %, 5241 MiB, 8188 MiB, 57, 134.84 W
2026/09/23 19:13:46.374, NVIDIA GeForce RTX 4060 Ti, 97 %, 5246 MiB, 8188 MiB, 58, 135.79 W
2026/09/23 19:13:47.379, NVIDIA GeForce RTX 4060 Ti, 96 %, 5245 MiB, 8188 MiB, 58, 133.28 W
2026/09/23 19:13:48.385, NVIDIA GeForce RTX 4060 Ti, 99 %, 5246 MiB, 8188 MiB, 57, 133.79 W
2026/09/23 19:13:49.391, NVIDIA GeForce RTX 4060 Ti, 100 %, 5245 MiB, 8188 MiB, 59, 133.36 W
2026/09/23 19:13:50.397, NVIDIA GeForce RTX 4060 Ti, 97 %, 5245 MiB, 8188 MiB, 56, 135.41 W
2026/09/23 19:13:51.402, NVIDIA GeForce RTX 4060 Ti, 100 %, 5241 MiB, 8188 MiB, 57, 135.79 W
2026/09/23 19:13:52.408, NVIDIA GeForce RTX 4060 Ti, 97 %, 5246 MiB, 8188 MiB, 58, 134.90 W
2026/09/23 19:13:53.414, NVIDIA GeForce RTX 4060 Ti, 96 %, 5246 MiB, 8188 MiB, 58, 134.10 W
2026/09/23 19:13:54.425, NVIDIA GeForce RTX 4060 Ti, 96 %, 5246 MiB, 8188 MiB, 58, 136.24 W
2026/09/23 19:13:55.432, NVIDIA GeForce RTX 4060 Ti, 97 %, 5246 MiB, 8188 MiB, 58, 135.91 W
2026/09/23 19:13:56.438, NVIDIA GeForce RTX 4060 Ti, 97 %, 5245 MiB, 8188 MiB, 58, 135.12 W
2026/09/23 19:13:57.443, NVIDIA GeForce RTX 4060 Ti, 96 %, 5241 MiB, 8188 MiB, 59, 131.20 W
2026/09/23 19:13:58.449, NVIDIA GeForce RTX 4060 Ti, 96 %, 5246 MiB, 8188 MiB, 59, 135.87 W
2026/09/23 19:13:59.454, NVIDIA GeForce RTX 4060 Ti, 97 %, 5245 MiB, 8188 MiB, 58, 136.68 W
2026/09/23 19:14:00.459, NVIDIA GeForce RTX 4060 Ti, 96 %, 5245 MiB, 8188 MiB, 58, 136.75 W
2026/09/23 19:14:01.468, NVIDIA GeForce RTX 4060 Ti, 100 %, 5245 MiB, 8188 MiB, 58, 136.22 W
2026/09/23 19:14:02.479, NVIDIA GeForce RTX 4060 Ti, 96 %, 5245 MiB, 8188 MiB, 58, 135.15 W
2026/09/23 19:14:03.484, NVIDIA GeForce RTX 4060 Ti, 97 %, 5245 MiB, 8188 MiB, 58, 137.50 W
2026/09/23 19:14:04.490, NVIDIA GeForce RTX 4060 Ti, 87 %, 5241 MiB, 8188 MiB, 59, 135.22 W
2026/09/23 19:14:05.495, NVIDIA GeForce RTX 4060 Ti, 96 %, 5246 MiB, 8188 MiB, 58, 132.82 W
2026/09/23 19:14:06.501, NVIDIA GeForce RTX 4060 Ti, 100 %, 5246 MiB, 8188 MiB, 58, 133.40 W
2026/09/23 19:14:07.507, NVIDIA GeForce RTX 4060 Ti, 100 %, 5246 MiB, 8188 MiB, 57, 133.30 W
2026/09/23 19:14:08.513, NVIDIA GeForce RTX 4060 Ti, 96 %, 5245 MiB, 8188 MiB, 57, 129.96 W
2026/09/23 19:14:09.521, NVIDIA GeForce RTX 4060 Ti, 95 %, 5245 MiB, 8188 MiB, 57, 132.64 W
2026/09/23 19:14:10.528, NVIDIA GeForce RTX 4060 Ti, 96 %, 5241 MiB, 8188 MiB, 58, 131.29 W
2026/09/23 19:14:11.534, NVIDIA GeForce RTX 4060 Ti, 96 %, 5246 MiB, 8188 MiB, 58, 136.82 W
2026/09/23 19:14:12.539, NVIDIA GeForce RTX 4060 Ti, 100 %, 5245 MiB, 8188 MiB, 57, 132.43 W
2026/09/23 19:14:13.544, NVIDIA GeForce RTX 4060 Ti, 100 %, 5246 MiB, 8188 MiB, 58, 134.43 W
2026/09/23 19:14:14.550, NVIDIA GeForce RTX 4060 Ti, 96 %, 5246 MiB, 8188 MiB, 58, 136.83 W
2026/09/23 19:14:15.555, NVIDIA GeForce RTX 4060 Ti, 100 %, 5246 MiB, 8188 MiB, 58, 136.51 W
2026/09/23 19:14:16.562, NVIDIA GeForce RTX 4060 Ti, 97 %, 5246 MiB, 8188 MiB, 57, 134.15 W
2026/09/23 19:14:17.567, NVIDIA GeForce RTX 4060 Ti, 96 %, 5246 MiB, 8188 MiB, 57, 131.15 W
2026/09/23 19:14:18.572, NVIDIA GeForce RTX 4060 Ti, 98 %, 5245 MiB, 8188 MiB, 58, 135.52 W
2026/09/23 19:14:19.577, NVIDIA GeForce RTX 4060 Ti, 100 %, 5245 MiB, 8188 MiB, 57, 131.75 W
2026/09/23 19:14:20.584, NVIDIA GeForce RTX 4060 Ti, 97 %, 5245 MiB, 8188 MiB, 58, 133.82 W
2026/09/23 19:14:21.591, NVIDIA GeForce RTX 4060 Ti, 98 %, 5245 MiB, 8188 MiB, 59, 136.79 W
2026/09/23 19:14:22.600, NVIDIA GeForce RTX 4060 Ti, 100 %, 5245 MiB, 8188 MiB, 57, 133.62 W
2026/09/23 19:14:23.609, NVIDIA GeForce RTX 4060 Ti, 96 %, 5246 MiB, 8188 MiB, 59, 134.91 W
2026/09/23 19:14:24.615, NVIDIA GeForce RTX 4060 Ti, 97 %, 5245 MiB, 8188 MiB, 58, 135.13 W
2026/09/23 19:14:25.621, NVIDIA GeForce RTX 4060 Ti, 96 %, 5245 MiB, 8188 MiB, 58, 127.32 W
2026/09/23 19:14:26.627, NVIDIA GeForce RTX 4060 Ti, 100 %, 5245 MiB, 8188 MiB, 58, 133.80 W
2026/09/23 19:14:27.633, NVIDIA GeForce RTX 4060 Ti, 94 %, 5245 MiB, 8188 MiB, 59, 135.89 W
2026/09/23 19:14:28.639, NVIDIA GeForce RTX 4060 Ti, 96 %, 5245 MiB, 8188 MiB, 56, 136.35 W
2026/09/23 19:14:29.647, NVIDIA GeForce RTX 4060 Ti, 96 %, 5241 MiB, 8188 MiB, 58, 136.07 W
2026/09/23 19:14:30.652, NVIDIA GeForce RTX 4060 Ti, 96 %, 5246 MiB, 8188 MiB, 58, 134.48 W
2026/09/23 19:14:31.658, NVIDIA GeForce RTX 4060 Ti, 96 %, 5245 MiB, 8188 MiB, 58, 136.42 W
2026/09/23 19:14:32.665, NVIDIA GeForce RTX 4060 Ti, 100 %, 5285 MiB, 8188 MiB, 55, 125.26 W
2026/09/23 19:14:33.669, NVIDIA GeForce RTX 4060 Ti, 96 %, 5285 MiB, 8188 MiB, 58, 125.62 W
2026/09/23 19:14:34.676, NVIDIA GeForce RTX 4060 Ti, 100 %, 5285 MiB, 8188 MiB, 57, 129.83 W
2026/09/23 19:14:35.681, NVIDIA GeForce RTX 4060 Ti, 96 %, 5281 MiB, 8188 MiB, 58, 131.26 W
2026/09/23 19:14:36.689, NVIDIA GeForce RTX 4060 Ti, 100 %, 5285 MiB, 8188 MiB, 57, 132.14 W
2026/09/23 19:14:37.693, NVIDIA GeForce RTX 4060 Ti, 100 %, 5285 MiB, 8188 MiB, 58, 128.73 W
2026/09/23 19:14:38.699, NVIDIA GeForce RTX 4060 Ti, 96 %, 5285 MiB, 8188 MiB, 59, 130.56 W
2026/09/23 19:14:39.704, NVIDIA GeForce RTX 4060 Ti, 97 %, 5285 MiB, 8188 MiB, 57, 134.40 W
2026/09/23 19:14:40.709, NVIDIA GeForce RTX 4060 Ti, 97 %, 5285 MiB, 8188 MiB, 57, 131.77 W
2026/09/23 19:14:41.715, NVIDIA GeForce RTX 4060 Ti, 97 %, 5281 MiB, 8188 MiB, 57, 135.40 W
2026/09/23 19:14:42.721, NVIDIA GeForce RTX 4060 Ti, 95 %, 5285 MiB, 8188 MiB, 58, 130.41 W
2026/09/23 19:14:43.728, NVIDIA GeForce RTX 4060 Ti, 100 %, 5285 MiB, 8188 MiB, 57, 129.51 W
2026/09/23 19:14:44.734, NVIDIA GeForce RTX 4060 Ti, 100 %, 5285 MiB, 8188 MiB, 57, 132.95 W
2026/09/23 19:14:45.739, NVIDIA GeForce RTX 4060 Ti, 100 %, 5285 MiB, 8188 MiB, 58, 134.05 W
2026/09/23 19:14:46.745, NVIDIA GeForce RTX 4060 Ti, 96 %, 5285 MiB, 8188 MiB, 55, 130.30 W
2026/09/23 19:14:47.752, NVIDIA GeForce RTX 4060 Ti, 95 %, 5281 MiB, 8188 MiB, 55, 132.26 W
2026/09/23 19:14:48.758, NVIDIA GeForce RTX 4060 Ti, 96 %, 5285 MiB, 8188 MiB, 56, 134.96 W
2026/09/23 19:14:49.763, NVIDIA GeForce RTX 4060 Ti, 100 %, 5285 MiB, 8188 MiB, 56, 134.62 W
2026/09/23 19:14:50.770, NVIDIA GeForce RTX 4060 Ti, 96 %, 5285 MiB, 8188 MiB, 57, 128.49 W
2026/09/23 19:14:51.775, NVIDIA GeForce RTX 4060 Ti, 97 %, 5285 MiB, 8188 MiB, 57, 133.07 W
2026/09/23 19:14:52.781, NVIDIA GeForce RTX 4060 Ti, 96 %, 5285 MiB, 8188 MiB, 57, 132.02 W
2026/09/23 19:14:53.788, NVIDIA GeForce RTX 4060 Ti, 98 %, 5285 MiB, 8188 MiB, 57, 134.43 W
2026/09/23 19:14:54.794, NVIDIA GeForce RTX 4060 Ti, 100 %, 5281 MiB, 8188 MiB, 58, 135.70 W
2026/09/23 19:14:55.803, NVIDIA GeForce RTX 4060 Ti, 100 %, 5285 MiB, 8188 MiB, 56, 127.16 W
2026/09/23 19:14:56.809, NVIDIA GeForce RTX 4060 Ti, 100 %, 5285 MiB, 8188 MiB, 58, 128.80 W
2026/09/23 19:14:57.816, NVIDIA GeForce RTX 4060 Ti, 97 %, 5285 MiB, 8188 MiB, 58, 134.83 W
2026/09/23 19:14:58.822, NVIDIA GeForce RTX 4060 Ti, 100 %, 5285 MiB, 8188 MiB, 58, 132.87 W
2026/09/23 19:14:59.827, NVIDIA GeForce RTX 4060 Ti, 100 %, 5285 MiB, 8188 MiB, 58, 132.92 W
2026/09/23 19:15:00.834, NVIDIA GeForce RTX 4060 Ti, 100 %, 5281 MiB, 8188 MiB, 58, 134.05 W
2026/09/23 19:15:01.840, NVIDIA GeForce RTX 4060 Ti, 100 %, 5285 MiB, 8188 MiB, 58, 136.97 W
2026/09/23 19:15:02.845, NVIDIA GeForce RTX 4060 Ti, 96 %, 5285 MiB, 8188 MiB, 57, 135.53 W
2026/09/23 19:15:03.851, NVIDIA GeForce RTX 4060 Ti, 95 %, 5285 MiB, 8188 MiB, 58, 132.48 W
2026/09/23 19:15:04.858, NVIDIA GeForce RTX 4060 Ti, 96 %, 5285 MiB, 8188 MiB, 58, 133.10 W
2026/09/23 19:15:05.863, NVIDIA GeForce RTX 4060 Ti, 100 %, 5285 MiB, 8188 MiB, 58, 133.38 W
2026/09/23 19:15:06.868, NVIDIA GeForce RTX 4060 Ti, 96 %, 5281 MiB, 8188 MiB, 57, 130.12 W
2026/09/23 19:15:07.884, NVIDIA GeForce RTX 4060 Ti, 96 %, 5286 MiB, 8188 MiB, 54, 130.54 W
2026/09/23 19:15:08.888, NVIDIA GeForce RTX 4060 Ti, 96 %, 5285 MiB, 8188 MiB, 56, 130.46 W
2026/09/23 19:15:09.894, NVIDIA GeForce RTX 4060 Ti, 100 %, 5285 MiB, 8188 MiB, 57, 132.29 W
2026/09/23 19:15:10.899, NVIDIA GeForce RTX 4060 Ti, 100 %, 5285 MiB, 8188 MiB, 57, 131.40 W
2026/09/23 19:15:11.903, NVIDIA GeForce RTX 4060 Ti, 94 %, 5285 MiB, 8188 MiB, 57, 131.69 W
2026/09/23 19:15:12.909, NVIDIA GeForce RTX 4060 Ti, 100 %, 5285 MiB, 8188 MiB, 58, 132.19 W
2026/09/23 19:15:13.918, NVIDIA GeForce RTX 4060 Ti, 97 %, 5285 MiB, 8188 MiB, 57, 129.51 W
2026/09/23 19:15:14.923, NVIDIA GeForce RTX 4060 Ti, 100 %, 5286 MiB, 8188 MiB, 57, 132.81 W
2026/09/23 19:15:15.928, NVIDIA GeForce RTX 4060 Ti, 100 %, 5286 MiB, 8188 MiB, 57, 128.67 W
2026/09/23 19:15:16.934, NVIDIA GeForce RTX 4060 Ti, 100 %, 5286 MiB, 8188 MiB, 58, 129.43 W
2026/09/23 19:15:17.940, NVIDIA GeForce RTX 4060 Ti, 96 %, 5285 MiB, 8188 MiB, 59, 131.76 W
2026/09/23 19:15:18.945, NVIDIA GeForce RTX 4060 Ti, 100 %, 5285 MiB, 8188 MiB, 58, 129.54 W
2026/09/23 19:15:19.951, NVIDIA GeForce RTX 4060 Ti, 96 %, 5281 MiB, 8188 MiB, 57, 130.63 W
2026/09/23 19:15:20.957, NVIDIA GeForce RTX 4060 Ti, 100 %, 5286 MiB, 8188 MiB, 59, 131.51 W
2026/09/23 19:15:21.963, NVIDIA GeForce RTX 4060 Ti, 95 %, 5285 MiB, 8188 MiB, 57, 133.23 W
2026/09/23 19:15:22.969, NVIDIA GeForce RTX 4060 Ti, 100 %, 5285 MiB, 8188 MiB, 58, 133.30 W
2026/09/23 19:15:23.976, NVIDIA GeForce RTX 4060 Ti, 96 %, 5285 MiB, 8188 MiB, 58, 134.12 W
2026/09/23 19:15:24.983, NVIDIA GeForce RTX 4060 Ti, 100 %, 5285 MiB, 8188 MiB, 57, 130.09 W
2026/09/23 19:15:25.990, NVIDIA GeForce RTX 4060 Ti, 100 %, 5281 MiB, 8188 MiB, 57, 129.91 W
2026/09/23 19:15:26.995, NVIDIA GeForce RTX 4060 Ti, 100 %, 5286 MiB, 8188 MiB, 58, 128.83 W
2026/09/23 19:15:28.001, NVIDIA GeForce RTX 4060 Ti, 95 %, 5285 MiB, 8188 MiB, 57, 132.21 W
2026/09/23 19:15:29.007, NVIDIA GeForce RTX 4060 Ti, 96 %, 5285 MiB, 8188 MiB, 57, 131.73 W
2026/09/23 19:15:30.013, NVIDIA GeForce RTX 4060 Ti, 100 %, 5285 MiB, 8188 MiB, 57, 131.64 W
2026/09/23 19:15:31.020, NVIDIA GeForce RTX 4060 Ti, 100 %, 5285 MiB, 8188 MiB, 55, 128.60 W
2026/09/23 19:15:32.026, NVIDIA GeForce RTX 4060 Ti, 97 %, 5281 MiB, 8188 MiB, 57, 128.34 W
2026/09/23 19:15:33.031, NVIDIA GeForce RTX 4060 Ti, 95 %, 5286 MiB, 8188 MiB, 57, 130.27 W
2026/09/23 19:15:34.036, NVIDIA GeForce RTX 4060 Ti, 96 %, 5285 MiB, 8188 MiB, 56, 131.74 W
2026/09/23 19:15:35.041, NVIDIA GeForce RTX 4060 Ti, 100 %, 5285 MiB, 8188 MiB, 57, 129.48 W
2026/09/23 19:15:36.047, NVIDIA GeForce RTX 4060 Ti, 100 %, 5285 MiB, 8188 MiB, 58, 129.46 W
2026/09/23 19:15:37.055, NVIDIA GeForce RTX 4060 Ti, 100 %, 5285 MiB, 8188 MiB, 57, 126.69 W
2026/09/23 19:15:38.063, NVIDIA GeForce RTX 4060 Ti, 100 %, 5281 MiB, 8188 MiB, 56, 126.41 W
2026/09/23 19:15:39.070, NVIDIA GeForce RTX 4060 Ti, 100 %, 5281 MiB, 8188 MiB, 55, 128.85 W
2026/09/23 19:15:40.075, NVIDIA GeForce RTX 4060 Ti, 97 %, 5285 MiB, 8188 MiB, 56, 126.73 W
2026/09/23 19:15:41.080, NVIDIA GeForce RTX 4060 Ti, 96 %, 5285 MiB, 8188 MiB, 56, 128.71 W
2026/09/23 19:15:42.087, NVIDIA GeForce RTX 4060 Ti, 97 %, 5285 MiB, 8188 MiB, 57, 130.46 W
2026/09/23 19:15:43.092, NVIDIA GeForce RTX 4060 Ti, 95 %, 5285 MiB, 8188 MiB, 58, 130.16 W
2026/09/23 19:15:44.097, NVIDIA GeForce RTX 4060 Ti, 95 %, 5285 MiB, 8188 MiB, 57, 132.61 W
2026/09/23 19:15:45.102, NVIDIA GeForce RTX 4060 Ti, 100 %, 5281 MiB, 8188 MiB, 56, 129.35 W
2026/09/23 19:15:46.114, NVIDIA GeForce RTX 4060 Ti, 97 %, 5285 MiB, 8188 MiB, 56, 128.05 W
2026/09/23 19:15:47.120, NVIDIA GeForce RTX 4060 Ti, 100 %, 5285 MiB, 8188 MiB, 56, 129.08 W
2026/09/23 19:15:48.126, NVIDIA GeForce RTX 4060 Ti, 97 %, 5285 MiB, 8188 MiB, 55, 125.44 W
2026/09/23 19:15:49.132, NVIDIA GeForce RTX 4060 Ti, 100 %, 5285 MiB, 8188 MiB, 56, 127.63 W
2026/09/23 19:15:50.140, NVIDIA GeForce RTX 4060 Ti, 100 %, 5285 MiB, 8188 MiB, 57, 132.24 W
2026/09/23 19:15:51.146, NVIDIA GeForce RTX 4060 Ti, 100 %, 5281 MiB, 8188 MiB, 56, 129.53 W
2026/09/23 19:15:52.153, NVIDIA GeForce RTX 4060 Ti, 96 %, 5285 MiB, 8188 MiB, 54, 128.22 W
2026/09/23 19:15:53.158, NVIDIA GeForce RTX 4060 Ti, 96 %, 5285 MiB, 8188 MiB, 58, 130.51 W
2026/09/23 19:15:54.165, NVIDIA GeForce RTX 4060 Ti, 97 %, 5285 MiB, 8188 MiB, 56, 127.87 W
2026/09/23 19:15:55.171, NVIDIA GeForce RTX 4060 Ti, 100 %, 5285 MiB, 8188 MiB, 57, 123.96 W
2026/09/23 19:15:56.176, NVIDIA GeForce RTX 4060 Ti, 100 %, 5284 MiB, 8188 MiB, 56, 129.93 W
2026/09/23 19:15:57.182, NVIDIA GeForce RTX 4060 Ti, 96 %, 5281 MiB, 8188 MiB, 55, 129.07 W
2026/09/23 19:15:58.189, NVIDIA GeForce RTX 4060 Ti, 100 %, 5285 MiB, 8188 MiB, 58, 130.21 W
2026/09/23 19:15:59.194, NVIDIA GeForce RTX 4060 Ti, 100 %, 5285 MiB, 8188 MiB, 57, 124.44 W
2026/09/23 19:16:00.200, NVIDIA GeForce RTX 4060 Ti, 100 %, 5285 MiB, 8188 MiB, 58, 128.38 W
2026/09/23 19:16:01.205, NVIDIA GeForce RTX 4060 Ti, 96 %, 5285 MiB, 8188 MiB, 56, 129.04 W
2026/09/23 19:16:02.213, NVIDIA GeForce RTX 4060 Ti, 100 %, 5285 MiB, 8188 MiB, 57, 130.16 W
2026/09/23 19:16:03.220, NVIDIA GeForce RTX 4060 Ti, 100 %, 5285 MiB, 8188 MiB, 57, 129.63 W
2026/09/23 19:16:04.226, NVIDIA GeForce RTX 4060 Ti, 100 %, 5281 MiB, 8188 MiB, 57, 124.61 W
2026/09/23 19:16:05.230, NVIDIA GeForce RTX 4060 Ti, 100 %, 5286 MiB, 8188 MiB, 58, 124.53 W
2026/09/23 19:16:06.238, NVIDIA GeForce RTX 4060 Ti, 100 %, 5285 MiB, 8188 MiB, 57, 127.76 W
2026/09/23 19:16:07.243, NVIDIA GeForce RTX 4060 Ti, 100 %, 5285 MiB, 8188 MiB, 56, 125.26 W
2026/09/23 19:16:08.250, NVIDIA GeForce RTX 4060 Ti, 95 %, 5285 MiB, 8188 MiB, 56, 128.40 W
2026/09/23 19:16:09.256, NVIDIA GeForce RTX 4060 Ti, 100 %, 5285 MiB, 8188 MiB, 57, 129.09 W
2026/09/23 19:16:10.262, NVIDIA GeForce RTX 4060 Ti, 96 %, 5281 MiB, 8188 MiB, 58, 128.58 W
2026/09/23 19:16:11.268, NVIDIA GeForce RTX 4060 Ti, 100 %, 5286 MiB, 8188 MiB, 57, 123.53 W
2026/09/23 19:16:12.276, NVIDIA GeForce RTX 4060 Ti, 100 %, 5285 MiB, 8188 MiB, 55, 121.05 W
2026/09/23 19:16:13.282, NVIDIA GeForce RTX 4060 Ti, 95 %, 5286 MiB, 8188 MiB, 57, 125.70 W
2026/09/23 19:16:14.287, NVIDIA GeForce RTX 4060 Ti, 100 %, 5286 MiB, 8188 MiB, 57, 123.16 W
2026/09/23 19:16:15.298, NVIDIA GeForce RTX 4060 Ti, 96 %, 5286 MiB, 8188 MiB, 55, 122.28 W
2026/09/23 19:16:16.305, NVIDIA GeForce RTX 4060 Ti, 100 %, 5286 MiB, 8188 MiB, 56, 123.17 W
2026/09/23 19:16:17.310, NVIDIA GeForce RTX 4060 Ti, 100 %, 5286 MiB, 8188 MiB, 55, 123.17 W
2026/09/23 19:16:18.316, NVIDIA GeForce RTX 4060 Ti, 96 %, 5285 MiB, 8188 MiB, 56, 122.23 W
2026/09/23 19:16:19.322, NVIDIA GeForce RTX 4060 Ti, 100 %, 5285 MiB, 8188 MiB, 55, 122.04 W
2026/09/23 19:16:20.329, NVIDIA GeForce RTX 4060 Ti, 100 %, 5555 MiB, 8188 MiB, 55, 120.60 W
2026/09/23 19:16:21.337, NVIDIA GeForce RTX 4060 Ti, 100 %, 5555 MiB, 8188 MiB, 54, 120.91 W
2026/09/23 19:16:22.342, NVIDIA GeForce RTX 4060 Ti, 100 %, 5551 MiB, 8188 MiB, 56, 122.18 W
2026/09/23 19:16:23.348, NVIDIA GeForce RTX 4060 Ti, 100 %, 5556 MiB, 8188 MiB, 56, 122.19 W
2026/09/23 19:16:24.354, NVIDIA GeForce RTX 4060 Ti, 100 %, 5555 MiB, 8188 MiB, 56, 122.43 W
2026/09/23 19:16:25.359, NVIDIA GeForce RTX 4060 Ti, 100 %, 5555 MiB, 8188 MiB, 57, 122.25 W
2026/09/23 19:16:26.365, NVIDIA GeForce RTX 4060 Ti, 100 %, 5555 MiB, 8188 MiB, 56, 121.83 W
2026/09/23 19:16:27.371, NVIDIA GeForce RTX 4060 Ti, 100 %, 5555 MiB, 8188 MiB, 56, 121.89 W
2026/09/23 19:16:28.378, NVIDIA GeForce RTX 4060 Ti, 100 %, 5551 MiB, 8188 MiB, 56, 121.95 W
2026/09/23 19:16:29.384, NVIDIA GeForce RTX 4060 Ti, 100 %, 5551 MiB, 8188 MiB, 55, 121.82 W
2026/09/23 19:16:30.390, NVIDIA GeForce RTX 4060 Ti, 100 %, 5556 MiB, 8188 MiB, 56, 122.06 W
2026/09/23 19:16:31.396, NVIDIA GeForce RTX 4060 Ti, 100 %, 5555 MiB, 8188 MiB, 55, 121.51 W
2026/09/23 19:16:32.402, NVIDIA GeForce RTX 4060 Ti, 100 %, 5555 MiB, 8188 MiB, 55, 121.69 W
2026/09/23 19:16:33.407, NVIDIA GeForce RTX 4060 Ti, 100 %, 5555 MiB, 8188 MiB, 56, 121.32 W
2026/09/23 19:16:34.413, NVIDIA GeForce RTX 4060 Ti, 80 %, 5555 MiB, 8188 MiB, 56, 111.56 W
2026/09/23 19:16:35.418, NVIDIA GeForce RTX 4060 Ti, 56 %, 5551 MiB, 8188 MiB, 49, 84.99 W
2026/09/23 19:16:36.424, NVIDIA GeForce RTX 4060 Ti, 53 %, 5555 MiB, 8188 MiB, 50, 85.85 W
2026/09/23 19:16:37.435, NVIDIA GeForce RTX 4060 Ti, 52 %, 5555 MiB, 8188 MiB, 52, 87.41 W
2026/09/23 19:16:38.439, NVIDIA GeForce RTX 4060 Ti, 53 %, 5555 MiB, 8188 MiB, 53, 95.61 W
2026/09/23 19:16:39.444, NVIDIA GeForce RTX 4060 Ti, 51 %, 5555 MiB, 8188 MiB, 55, 103.49 W
2026/09/23 19:16:40.449, NVIDIA GeForce RTX 4060 Ti, 55 %, 5555 MiB, 8188 MiB, 54, 103.50 W
2026/09/23 19:16:41.455, NVIDIA GeForce RTX 4060 Ti, 58 %, 5551 MiB, 8188 MiB, 54, 104.84 W
2026/09/23 19:16:42.462, NVIDIA GeForce RTX 4060 Ti, 49 %, 5556 MiB, 8188 MiB, 49, 89.11 W
2026/09/23 19:16:43.467, NVIDIA GeForce RTX 4060 Ti, 38 %, 5555 MiB, 8188 MiB, 50, 89.06 W
2026/09/23 19:16:44.472, NVIDIA GeForce RTX 4060 Ti, 71 %, 5555 MiB, 8188 MiB, 51, 94.39 W
2026/09/23 19:16:45.479, NVIDIA GeForce RTX 4060 Ti, 39 %, 5555 MiB, 8188 MiB, 49, 92.58 W
2026/09/23 19:16:46.493, NVIDIA GeForce RTX 4060 Ti, 63 %, 5555 MiB, 8188 MiB, 52, 94.80 W
2026/09/23 19:16:47.506, NVIDIA GeForce RTX 4060 Ti, 72 %, 5551 MiB, 8188 MiB, 52, 103.06 W
2026/09/23 19:16:48.512, NVIDIA GeForce RTX 4060 Ti, 56 %, 5556 MiB, 8188 MiB, 48, 98.32 W
2026/09/23 19:16:49.519, NVIDIA GeForce RTX 4060 Ti, 48 %, 5555 MiB, 8188 MiB, 51, 90.08 W
2026/09/23 19:16:50.544, NVIDIA GeForce RTX 4060 Ti, 48 %, 5555 MiB, 8188 MiB, 49, 92.19 W
2026/09/23 19:16:51.559, NVIDIA GeForce RTX 4060 Ti, 57 %, 5555 MiB, 8188 MiB, 51, 93.06 W
2026/09/23 19:16:52.564, NVIDIA GeForce RTX 4060 Ti, 61 %, 5555 MiB, 8188 MiB, 51, 98.09 W
2026/09/23 19:16:53.570, NVIDIA GeForce RTX 4060 Ti, 83 %, 5555 MiB, 8188 MiB, 54, 103.46 W
2026/09/23 19:16:54.575, NVIDIA GeForce RTX 4060 Ti, 50 %, 5551 MiB, 8188 MiB, 49, 95.70 W
2026/09/23 19:16:55.580, NVIDIA GeForce RTX 4060 Ti, 76 %, 5556 MiB, 8188 MiB, 55, 99.15 W
2026/09/23 19:16:56.586, NVIDIA GeForce RTX 4060 Ti, 52 %, 5555 MiB, 8188 MiB, 52, 101.45 W
2026/09/23 19:16:57.592, NVIDIA GeForce RTX 4060 Ti, 47 %, 5555 MiB, 8188 MiB, 52, 97.82 W
2026/09/23 19:16:58.599, NVIDIA GeForce RTX 4060 Ti, 64 %, 5555 MiB, 8188 MiB, 53, 103.57 W
2026/09/23 19:16:59.607, NVIDIA GeForce RTX 4060 Ti, 81 %, 5555 MiB, 8188 MiB, 55, 107.25 W
2026/09/23 19:17:00.614, NVIDIA GeForce RTX 4060 Ti, 73 %, 5551 MiB, 8188 MiB, 52, 103.43 W
2026/09/23 19:17:01.621, NVIDIA GeForce RTX 4060 Ti, 56 %, 5556 MiB, 8188 MiB, 51, 98.95 W
2026/09/23 19:17:02.626, NVIDIA GeForce RTX 4060 Ti, 80 %, 5555 MiB, 8188 MiB, 53, 104.62 W
2026/09/23 19:17:03.635, NVIDIA GeForce RTX 4060 Ti, 69 %, 5555 MiB, 8188 MiB, 50, 101.88 W
2026/09/23 19:17:04.641, NVIDIA GeForce RTX 4060 Ti, 84 %, 5555 MiB, 8188 MiB, 55, 107.72 W
2026/09/23 19:17:05.647, NVIDIA GeForce RTX 4060 Ti, 49 %, 5555 MiB, 8188 MiB, 48, 97.28 W
2026/09/23 19:17:06.653, NVIDIA GeForce RTX 4060 Ti, 73 %, 5551 MiB, 8188 MiB, 53, 95.84 W
2026/09/23 19:17:07.660, NVIDIA GeForce RTX 4060 Ti, 65 %, 5556 MiB, 8188 MiB, 53, 102.02 W
2026/09/23 19:17:08.667, NVIDIA GeForce RTX 4060 Ti, 51 %, 5555 MiB, 8188 MiB, 50, 96.06 W
2026/09/23 19:17:09.671, NVIDIA GeForce RTX 4060 Ti, 50 %, 5555 MiB, 8188 MiB, 53, 100.94 W
2026/09/23 19:17:10.693, NVIDIA GeForce RTX 4060 Ti, 73 %, 5555 MiB, 8188 MiB, 50, 103.21 W
2026/09/23 19:17:11.699, NVIDIA GeForce RTX 4060 Ti, 79 %, 5555 MiB, 8188 MiB, 54, 113.32 W
2026/09/23 19:17:12.703, NVIDIA GeForce RTX 4060 Ti, 87 %, 5556 MiB, 8188 MiB, 54, 110.78 W
2026/09/23 19:17:13.709, NVIDIA GeForce RTX 4060 Ti, 70 %, 5556 MiB, 8188 MiB, 55, 110.28 W
2026/09/23 19:17:14.713, NVIDIA GeForce RTX 4060 Ti, 64 %, 5556 MiB, 8188 MiB, 50, 97.10 W
2026/09/23 19:17:15.718, NVIDIA GeForce RTX 4060 Ti, 60 %, 5556 MiB, 8188 MiB, 52, 97.34 W
2026/09/23 19:17:16.723, NVIDIA GeForce RTX 4060 Ti, 78 %, 5556 MiB, 8188 MiB, 53, 120.22 W
2026/09/23 19:17:17.739, NVIDIA GeForce RTX 4060 Ti, 66 %, 5555 MiB, 8188 MiB, 51, 109.47 W
2026/09/23 19:17:18.744, NVIDIA GeForce RTX 4060 Ti, 74 %, 5555 MiB, 8188 MiB, 55, 112.96 W
2026/09/23 19:17:19.750, NVIDIA GeForce RTX 4060 Ti, 82 %, 5551 MiB, 8188 MiB, 52, 104.23 W
2026/09/23 19:17:20.755, NVIDIA GeForce RTX 4060 Ti, 59 %, 5556 MiB, 8188 MiB, 53, 101.82 W
2026/09/23 19:17:21.763, NVIDIA GeForce RTX 4060 Ti, 89 %, 5555 MiB, 8188 MiB, 52, 112.00 W
2026/09/23 19:17:22.770, NVIDIA GeForce RTX 4060 Ti, 88 %, 5555 MiB, 8188 MiB, 51, 110.89 W
2026/09/23 19:17:23.778, NVIDIA GeForce RTX 4060 Ti, 53 %, 5555 MiB, 8188 MiB, 51, 100.69 W
2026/09/23 19:17:24.782, NVIDIA GeForce RTX 4060 Ti, 46 %, 5555 MiB, 8188 MiB, 54, 105.91 W
2026/09/23 19:17:25.787, NVIDIA GeForce RTX 4060 Ti, 75 %, 5551 MiB, 8188 MiB, 51, 100.02 W
2026/09/23 19:17:26.793, NVIDIA GeForce RTX 4060 Ti, 64 %, 5555 MiB, 8188 MiB, 53, 117.83 W
2026/09/23 19:17:27.819, NVIDIA GeForce RTX 4060 Ti, 69 %, 5555 MiB, 8188 MiB, 51, 103.70 W
2026/09/23 19:17:28.823, NVIDIA GeForce RTX 4060 Ti, 79 %, 5555 MiB, 8188 MiB, 55, 106.91 W
2026/09/23 19:17:29.829, NVIDIA GeForce RTX 4060 Ti, 70 %, 5555 MiB, 8188 MiB, 54, 121.07 W
2026/09/23 19:17:30.837, NVIDIA GeForce RTX 4060 Ti, 68 %, 5555 MiB, 8188 MiB, 54, 117.66 W
2026/09/23 19:17:31.842, NVIDIA GeForce RTX 4060 Ti, 85 %, 5555 MiB, 8188 MiB, 56, 121.51 W
2026/09/23 19:17:32.848, NVIDIA GeForce RTX 4060 Ti, 77 %, 5551 MiB, 8188 MiB, 55, 120.32 W
2026/09/23 19:17:33.867, NVIDIA GeForce RTX 4060 Ti, 70 %, 5556 MiB, 8188 MiB, 55, 102.92 W
2026/09/23 19:17:34.877, NVIDIA GeForce RTX 4060 Ti, 83 %, 5555 MiB, 8188 MiB, 55, 121.02 W
2026/09/23 19:17:35.881, NVIDIA GeForce RTX 4060 Ti, 49 %, 5555 MiB, 8188 MiB, 54, 101.66 W
2026/09/23 19:17:36.891, NVIDIA GeForce RTX 4060 Ti, 60 %, 5555 MiB, 8188 MiB, 53, 111.68 W
2026/09/23 19:17:37.897, NVIDIA GeForce RTX 4060 Ti, 96 %, 5555 MiB, 8188 MiB, 56, 121.65 W
2026/09/23 19:17:38.902, NVIDIA GeForce RTX 4060 Ti, 90 %, 5551 MiB, 8188 MiB, 54, 112.58 W
2026/09/23 19:17:39.908, NVIDIA GeForce RTX 4060 Ti, 81 %, 5556 MiB, 8188 MiB, 57, 129.48 W
2026/09/23 19:17:40.912, NVIDIA GeForce RTX 4060 Ti, 82 %, 5555 MiB, 8188 MiB, 50, 116.40 W
2026/09/23 19:17:41.918, NVIDIA GeForce RTX 4060 Ti, 89 %, 5555 MiB, 8188 MiB, 56, 131.99 W
2026/09/23 19:17:42.924, NVIDIA GeForce RTX 4060 Ti, 83 %, 5555 MiB, 8188 MiB, 53, 122.33 W
2026/09/23 19:17:43.931, NVIDIA GeForce RTX 4060 Ti, 80 %, 5555 MiB, 8188 MiB, 56, 122.98 W
2026/09/23 19:17:44.937, NVIDIA GeForce RTX 4060 Ti, 94 %, 5551 MiB, 8188 MiB, 56, 129.10 W
2026/09/23 19:17:45.944, NVIDIA GeForce RTX 4060 Ti, 82 %, 5556 MiB, 8188 MiB, 56, 125.85 W
2026/09/23 19:17:46.951, NVIDIA GeForce RTX 4060 Ti, 92 %, 5555 MiB, 8188 MiB, 55, 121.25 W
2026/09/23 19:17:47.956, NVIDIA GeForce RTX 4060 Ti, 96 %, 5555 MiB, 8188 MiB, 57, 127.64 W
2026/09/23 19:17:48.962, NVIDIA GeForce RTX 4060 Ti, 70 %, 5555 MiB, 8188 MiB, 56, 122.14 W
2026/09/23 19:17:49.967, NVIDIA GeForce RTX 4060 Ti, 77 %, 5555 MiB, 8188 MiB, 57, 127.82 W
2026/09/23 19:17:50.974, NVIDIA GeForce RTX 4060 Ti, 96 %, 5551 MiB, 8188 MiB, 57, 128.50 W
2026/09/23 19:17:51.981, NVIDIA GeForce RTX 4060 Ti, 95 %, 5551 MiB, 8188 MiB, 57, 129.61 W
2026/09/23 19:17:52.985, NVIDIA GeForce RTX 4060 Ti, 96 %, 5556 MiB, 8188 MiB, 57, 132.75 W
2026/09/23 19:17:53.993, NVIDIA GeForce RTX 4060 Ti, 96 %, 5556 MiB, 8188 MiB, 57, 134.27 W
2026/09/23 19:17:54.998, NVIDIA GeForce RTX 4060 Ti, 91 %, 5556 MiB, 8188 MiB, 57, 129.20 W
2026/09/23 19:17:56.009, NVIDIA GeForce RTX 4060 Ti, 95 %, 5555 MiB, 8188 MiB, 57, 131.16 W
2026/09/23 19:17:57.017, NVIDIA GeForce RTX 4060 Ti, 74 %, 5555 MiB, 8188 MiB, 57, 124.35 W
2026/09/23 19:17:58.027, NVIDIA GeForce RTX 4060 Ti, 94 %, 5551 MiB, 8188 MiB, 56, 133.71 W
2026/09/23 19:17:59.031, NVIDIA GeForce RTX 4060 Ti, 95 %, 5556 MiB, 8188 MiB, 56, 122.51 W
2026/09/23 19:18:00.038, NVIDIA GeForce RTX 4060 Ti, 98 %, 5556 MiB, 8188 MiB, 57, 133.02 W
2026/09/23 19:18:01.043, NVIDIA GeForce RTX 4060 Ti, 96 %, 5556 MiB, 8188 MiB, 57, 130.51 W
2026/09/23 19:18:02.050, NVIDIA GeForce RTX 4060 Ti, 84 %, 5556 MiB, 8188 MiB, 56, 131.67 W
2026/09/23 19:18:03.056, NVIDIA GeForce RTX 4060 Ti, 96 %, 5555 MiB, 8188 MiB, 57, 126.84 W
2026/09/23 19:18:04.064, NVIDIA GeForce RTX 4060 Ti, 84 %, 5551 MiB, 8188 MiB, 57, 127.18 W
2026/09/23 19:18:05.070, NVIDIA GeForce RTX 4060 Ti, 95 %, 5556 MiB, 8188 MiB, 55, 130.18 W
2026/09/23 19:18:06.075, NVIDIA GeForce RTX 4060 Ti, 96 %, 5556 MiB, 8188 MiB, 57, 129.81 W
2026/09/23 19:18:07.080, NVIDIA GeForce RTX 4060 Ti, 96 %, 5556 MiB, 8188 MiB, 57, 128.29 W
2026/09/23 19:18:08.086, NVIDIA GeForce RTX 4060 Ti, 88 %, 5556 MiB, 8188 MiB, 57, 132.70 W
2026/09/23 19:18:09.092, NVIDIA GeForce RTX 4060 Ti, 97 %, 5555 MiB, 8188 MiB, 57, 133.74 W
2026/09/23 19:18:10.098, NVIDIA GeForce RTX 4060 Ti, 87 %, 5551 MiB, 8188 MiB, 58, 130.96 W
2026/09/23 19:18:11.104, NVIDIA GeForce RTX 4060 Ti, 89 %, 5555 MiB, 8188 MiB, 58, 128.19 W
2026/09/23 19:18:12.110, NVIDIA GeForce RTX 4060 Ti, 96 %, 5555 MiB, 8188 MiB, 57, 135.25 W
2026/09/23 19:18:13.115, NVIDIA GeForce RTX 4060 Ti, 100 %, 5556 MiB, 8188 MiB, 57, 129.35 W
2026/09/23 19:18:14.121, NVIDIA GeForce RTX 4060 Ti, 96 %, 5556 MiB, 8188 MiB, 56, 136.68 W
2026/09/23 19:18:15.126, NVIDIA GeForce RTX 4060 Ti, 93 %, 5556 MiB, 8188 MiB, 57, 136.68 W
2026/09/23 19:18:16.132, NVIDIA GeForce RTX 4060 Ti, 86 %, 5556 MiB, 8188 MiB, 56, 133.58 W
2026/09/23 19:18:17.138, NVIDIA GeForce RTX 4060 Ti, 95 %, 5555 MiB, 8188 MiB, 57, 130.11 W
2026/09/23 19:18:18.143, NVIDIA GeForce RTX 4060 Ti, 96 %, 5558 MiB, 8188 MiB, 57, 133.29 W
2026/09/23 19:18:19.150, NVIDIA GeForce RTX 4060 Ti, 97 %, 5557 MiB, 8188 MiB, 57, 135.95 W
2026/09/23 19:18:20.155, NVIDIA GeForce RTX 4060 Ti, 90 %, 5557 MiB, 8188 MiB, 57, 134.47 W
2026/09/23 19:18:21.161, NVIDIA GeForce RTX 4060 Ti, 96 %, 5557 MiB, 8188 MiB, 57, 133.40 W
2026/09/23 19:18:22.167, NVIDIA GeForce RTX 4060 Ti, 96 %, 5557 MiB, 8188 MiB, 58, 132.40 W
2026/09/23 19:18:23.172, NVIDIA GeForce RTX 4060 Ti, 93 %, 5553 MiB, 8188 MiB, 58, 131.17 W
2026/09/23 19:18:24.179, NVIDIA GeForce RTX 4060 Ti, 100 %, 5557 MiB, 8188 MiB, 57, 133.94 W
2026/09/23 19:18:25.185, NVIDIA GeForce RTX 4060 Ti, 94 %, 5557 MiB, 8188 MiB, 57, 136.24 W
2026/09/23 19:18:26.191, NVIDIA GeForce RTX 4060 Ti, 96 %, 5557 MiB, 8188 MiB, 59, 135.03 W
2026/09/23 19:18:27.198, NVIDIA GeForce RTX 4060 Ti, 100 %, 5556 MiB, 8188 MiB, 58, 134.35 W
2026/09/23 19:18:28.206, NVIDIA GeForce RTX 4060 Ti, 96 %, 5555 MiB, 8188 MiB, 58, 133.45 W
2026/09/23 19:18:29.211, NVIDIA GeForce RTX 4060 Ti, 95 %, 5551 MiB, 8188 MiB, 58, 134.46 W
2026/09/23 19:18:30.217, NVIDIA GeForce RTX 4060 Ti, 94 %, 5556 MiB, 8188 MiB, 54, 133.52 W
2026/09/23 19:18:31.224, NVIDIA GeForce RTX 4060 Ti, 96 %, 5556 MiB, 8188 MiB, 57, 134.63 W
2026/09/23 19:18:32.229, NVIDIA GeForce RTX 4060 Ti, 96 %, 5556 MiB, 8188 MiB, 58, 133.62 W
2026/09/23 19:18:33.235, NVIDIA GeForce RTX 4060 Ti, 100 %, 5556 MiB, 8188 MiB, 58, 136.26 W
2026/09/23 19:18:34.240, NVIDIA GeForce RTX 4060 Ti, 96 %, 5555 MiB, 8188 MiB, 58, 135.34 W
2026/09/23 19:18:35.248, NVIDIA GeForce RTX 4060 Ti, 97 %, 5555 MiB, 8188 MiB, 55, 136.60 W
2026/09/23 19:18:36.254, NVIDIA GeForce RTX 4060 Ti, 97 %, 5551 MiB, 8188 MiB, 58, 136.64 W
2026/09/23 19:18:37.260, NVIDIA GeForce RTX 4060 Ti, 90 %, 5556 MiB, 8188 MiB, 58, 134.19 W
2026/09/23 19:18:38.266, NVIDIA GeForce RTX 4060 Ti, 100 %, 5556 MiB, 8188 MiB, 58, 132.28 W
2026/09/23 19:18:39.272, NVIDIA GeForce RTX 4060 Ti, 96 %, 5556 MiB, 8188 MiB, 57, 132.00 W
2026/09/23 19:18:40.277, NVIDIA GeForce RTX 4060 Ti, 97 %, 5555 MiB, 8188 MiB, 58, 133.36 W
2026/09/23 19:18:41.282, NVIDIA GeForce RTX 4060 Ti, 96 %, 5555 MiB, 8188 MiB, 58, 135.66 W
2026/09/23 19:18:42.291, NVIDIA GeForce RTX 4060 Ti, 97 %, 5551 MiB, 8188 MiB, 58, 137.23 W
2026/09/23 19:18:43.298, NVIDIA GeForce RTX 4060 Ti, 96 %, 5555 MiB, 8188 MiB, 59, 135.48 W
2026/09/23 19:18:44.304, NVIDIA GeForce RTX 4060 Ti, 90 %, 5555 MiB, 8188 MiB, 58, 131.26 W
2026/09/23 19:18:45.309, NVIDIA GeForce RTX 4060 Ti, 100 %, 5555 MiB, 8188 MiB, 58, 132.35 W
2026/09/23 19:18:46.316, NVIDIA GeForce RTX 4060 Ti, 100 %, 5555 MiB, 8188 MiB, 57, 131.77 W
2026/09/23 19:18:47.322, NVIDIA GeForce RTX 4060 Ti, 97 %, 5555 MiB, 8188 MiB, 55, 134.06 W
2026/09/23 19:18:48.330, NVIDIA GeForce RTX 4060 Ti, 96 %, 5551 MiB, 8188 MiB, 59, 133.83 W
2026/09/23 19:18:49.335, NVIDIA GeForce RTX 4060 Ti, 95 %, 5556 MiB, 8188 MiB, 57, 130.42 W
2026/09/23 19:18:50.340, NVIDIA GeForce RTX 4060 Ti, 93 %, 5555 MiB, 8188 MiB, 58, 133.94 W
2026/09/23 19:18:51.345, NVIDIA GeForce RTX 4060 Ti, 96 %, 5555 MiB, 8188 MiB, 59, 134.81 W
2026/09/23 19:18:52.353, NVIDIA GeForce RTX 4060 Ti, 97 %, 5555 MiB, 8188 MiB, 57, 130.09 W
2026/09/23 19:18:53.359, NVIDIA GeForce RTX 4060 Ti, 100 %, 5555 MiB, 8188 MiB, 57, 134.34 W
2026/09/23 19:18:54.367, NVIDIA GeForce RTX 4060 Ti, 95 %, 5551 MiB, 8188 MiB, 57, 133.02 W
2026/09/23 19:18:55.372, NVIDIA GeForce RTX 4060 Ti, 95 %, 5555 MiB, 8188 MiB, 58, 132.32 W
2026/09/23 19:18:56.378, NVIDIA GeForce RTX 4060 Ti, 96 %, 5555 MiB, 8188 MiB, 57, 134.34 W
2026/09/23 19:18:57.387, NVIDIA GeForce RTX 4060 Ti, 94 %, 5555 MiB, 8188 MiB, 58, 136.15 W
2026/09/23 19:18:58.392, NVIDIA GeForce RTX 4060 Ti, 97 %, 5555 MiB, 8188 MiB, 59, 137.36 W
2026/09/23 19:18:59.398, NVIDIA GeForce RTX 4060 Ti, 96 %, 5555 MiB, 8188 MiB, 58, 135.30 W
2026/09/23 19:19:00.404, NVIDIA GeForce RTX 4060 Ti, 96 %, 5551 MiB, 8188 MiB, 57, 130.49 W
2026/09/23 19:19:01.409, NVIDIA GeForce RTX 4060 Ti, 96 %, 5551 MiB, 8188 MiB, 57, 134.14 W
2026/09/23 19:19:02.444, NVIDIA GeForce RTX 4060 Ti, 97 %, 5555 MiB, 8188 MiB, 57, 136.52 W
2026/09/23 19:19:03.452, NVIDIA GeForce RTX 4060 Ti, 94 %, 5555 MiB, 8188 MiB, 58, 134.57 W
2026/09/23 19:19:04.456, NVIDIA GeForce RTX 4060 Ti, 97 %, 5555 MiB, 8188 MiB, 58, 132.77 W
2026/09/23 19:19:05.462, NVIDIA GeForce RTX 4060 Ti, 96 %, 5555 MiB, 8188 MiB, 59, 135.65 W
2026/09/23 19:19:06.468, NVIDIA GeForce RTX 4060 Ti, 96 %, 5555 MiB, 8188 MiB, 58, 136.63 W
2026/09/23 19:19:07.474, NVIDIA GeForce RTX 4060 Ti, 100 %, 5551 MiB, 8188 MiB, 58, 130.57 W
2026/09/23 19:19:08.480, NVIDIA GeForce RTX 4060 Ti, 100 %, 5555 MiB, 8188 MiB, 57, 127.81 W
2026/09/23 19:19:09.487, NVIDIA GeForce RTX 4060 Ti, 97 %, 5555 MiB, 8188 MiB, 59, 131.62 W
2026/09/23 19:19:10.494, NVIDIA GeForce RTX 4060 Ti, 96 %, 5555 MiB, 8188 MiB, 58, 132.05 W
2026/09/23 19:19:11.499, NVIDIA GeForce RTX 4060 Ti, 94 %, 5555 MiB, 8188 MiB, 58, 132.63 W
2026/09/23 19:19:12.505, NVIDIA GeForce RTX 4060 Ti, 100 %, 5555 MiB, 8188 MiB, 58, 130.29 W
2026/09/23 19:19:13.512, NVIDIA GeForce RTX 4060 Ti, 97 %, 5555 MiB, 8188 MiB, 58, 130.48 W
2026/09/23 19:19:14.519, NVIDIA GeForce RTX 4060 Ti, 96 %, 5556 MiB, 8188 MiB, 59, 134.32 W
2026/09/23 19:19:15.524, NVIDIA GeForce RTX 4060 Ti, 100 %, 5556 MiB, 8188 MiB, 57, 128.38 W
2026/09/23 19:19:16.530, NVIDIA GeForce RTX 4060 Ti, 96 %, 5556 MiB, 8188 MiB, 56, 129.61 W
2026/09/23 19:19:17.535, NVIDIA GeForce RTX 4060 Ti, 100 %, 5555 MiB, 8188 MiB, 56, 128.10 W
2026/09/23 19:19:18.541, NVIDIA GeForce RTX 4060 Ti, 99 %, 5555 MiB, 8188 MiB, 58, 130.33 W
2026/09/23 19:19:19.547, NVIDIA GeForce RTX 4060 Ti, 100 %, 5551 MiB, 8188 MiB, 58, 134.03 W
2026/09/23 19:19:20.552, NVIDIA GeForce RTX 4060 Ti, 95 %, 5551 MiB, 8188 MiB, 57, 133.91 W
2026/09/23 19:19:21.572, NVIDIA GeForce RTX 4060 Ti, 97 %, 5555 MiB, 8188 MiB, 59, 132.12 W
2026/09/23 19:19:22.579, NVIDIA GeForce RTX 4060 Ti, 100 %, 5555 MiB, 8188 MiB, 57, 133.35 W
2026/09/23 19:19:23.585, NVIDIA GeForce RTX 4060 Ti, 100 %, 5555 MiB, 8188 MiB, 58, 130.51 W
2026/09/23 19:19:24.591, NVIDIA GeForce RTX 4060 Ti, 100 %, 5555 MiB, 8188 MiB, 58, 133.15 W
2026/09/23 19:19:25.596, NVIDIA GeForce RTX 4060 Ti, 100 %, 5555 MiB, 8188 MiB, 57, 131.11 W
2026/09/23 19:19:26.602, NVIDIA GeForce RTX 4060 Ti, 98 %, 5551 MiB, 8188 MiB, 57, 130.86 W
2026/09/23 19:19:27.607, NVIDIA GeForce RTX 4060 Ti, 96 %, 5555 MiB, 8188 MiB, 58, 130.17 W
2026/09/23 19:19:28.613, NVIDIA GeForce RTX 4060 Ti, 100 %, 5555 MiB, 8188 MiB, 58, 129.56 W
2026/09/23 19:19:29.620, NVIDIA GeForce RTX 4060 Ti, 95 %, 5555 MiB, 8188 MiB, 56, 126.06 W
2026/09/23 19:19:30.627, NVIDIA GeForce RTX 4060 Ti, 100 %, 5555 MiB, 8188 MiB, 59, 130.88 W
2026/09/23 19:19:31.636, NVIDIA GeForce RTX 4060 Ti, 95 %, 5555 MiB, 8188 MiB, 58, 131.61 W
2026/09/23 19:19:32.642, NVIDIA GeForce RTX 4060 Ti, 96 %, 5551 MiB, 8188 MiB, 57, 132.21 W
2026/09/23 19:19:33.647, NVIDIA GeForce RTX 4060 Ti, 97 %, 5555 MiB, 8188 MiB, 59, 132.71 W
2026/09/23 19:19:34.655, NVIDIA GeForce RTX 4060 Ti, 96 %, 5555 MiB, 8188 MiB, 57, 130.54 W
2026/09/23 19:19:35.662, NVIDIA GeForce RTX 4060 Ti, 100 %, 5555 MiB, 8188 MiB, 59, 134.05 W
2026/09/23 19:19:36.668, NVIDIA GeForce RTX 4060 Ti, 100 %, 5555 MiB, 8188 MiB, 58, 133.43 W
2026/09/23 19:19:37.675, NVIDIA GeForce RTX 4060 Ti, 97 %, 5555 MiB, 8188 MiB, 59, 134.30 W
2026/09/23 19:19:38.680, NVIDIA GeForce RTX 4060 Ti, 100 %, 5551 MiB, 8188 MiB, 57, 133.13 W
2026/09/23 19:19:39.687, NVIDIA GeForce RTX 4060 Ti, 100 %, 5555 MiB, 8188 MiB, 58, 126.81 W
2026/09/23 19:19:40.694, NVIDIA GeForce RTX 4060 Ti, 100 %, 5555 MiB, 8188 MiB, 58, 127.71 W
2026/09/23 19:19:41.699, NVIDIA GeForce RTX 4060 Ti, 100 %, 5555 MiB, 8188 MiB, 59, 131.68 W
2026/09/23 19:19:42.705, NVIDIA GeForce RTX 4060 Ti, 100 %, 5555 MiB, 8188 MiB, 57, 126.79 W
2026/09/23 19:19:43.711, NVIDIA GeForce RTX 4060 Ti, 100 %, 5555 MiB, 8188 MiB, 57, 127.49 W
2026/09/23 19:19:44.717, NVIDIA GeForce RTX 4060 Ti, 100 %, 5555 MiB, 8188 MiB, 58, 127.77 W
2026/09/23 19:19:45.722, NVIDIA GeForce RTX 4060 Ti, 100 %, 5551 MiB, 8188 MiB, 55, 125.90 W
2026/09/23 19:19:46.726, NVIDIA GeForce RTX 4060 Ti, 100 %, 5556 MiB, 8188 MiB, 56, 124.59 W
2026/09/23 19:19:47.768, NVIDIA GeForce RTX 4060 Ti, 96 %, 5555 MiB, 8188 MiB, 57, 127.95 W
2026/09/23 19:19:48.775, NVIDIA GeForce RTX 4060 Ti, 93 %, 5555 MiB, 8188 MiB, 56, 124.50 W
2026/09/23 19:19:49.780, NVIDIA GeForce RTX 4060 Ti, 100 %, 5555 MiB, 8188 MiB, 56, 127.41 W
2026/09/23 19:19:50.788, NVIDIA GeForce RTX 4060 Ti, 100 %, 5555 MiB, 8188 MiB, 58, 125.88 W
2026/09/23 19:19:51.801, NVIDIA GeForce RTX 4060 Ti, 96 %, 5551 MiB, 8188 MiB, 58, 127.63 W
2026/09/23 19:19:52.808, NVIDIA GeForce RTX 4060 Ti, 100 %, 5556 MiB, 8188 MiB, 57, 125.75 W
2026/09/23 19:19:53.812, NVIDIA GeForce RTX 4060 Ti, 96 %, 5555 MiB, 8188 MiB, 57, 124.43 W
2026/09/23 19:19:54.817, NVIDIA GeForce RTX 4060 Ti, 100 %, 5555 MiB, 8188 MiB, 56, 128.01 W
2026/09/23 19:19:55.823, NVIDIA GeForce RTX 4060 Ti, 100 %, 5555 MiB, 8188 MiB, 55, 121.65 W
2026/09/23 19:19:56.830, NVIDIA GeForce RTX 4060 Ti, 100 %, 5555 MiB, 8188 MiB, 56, 125.11 W
2026/09/23 19:19:57.837, NVIDIA GeForce RTX 4060 Ti, 100 %, 5551 MiB, 8188 MiB, 58, 127.51 W
2026/09/23 19:19:58.845, NVIDIA GeForce RTX 4060 Ti, 100 %, 5555 MiB, 8188 MiB, 56, 122.69 W
2026/09/23 19:19:59.851, NVIDIA GeForce RTX 4060 Ti, 100 %, 5555 MiB, 8188 MiB, 56, 122.47 W
2026/09/23 19:20:00.856, NVIDIA GeForce RTX 4060 Ti, 100 %, 5555 MiB, 8188 MiB, 56, 122.60 W
2026/09/23 19:20:01.864, NVIDIA GeForce RTX 4060 Ti, 95 %, 5555 MiB, 8188 MiB, 57, 122.20 W
2026/09/23 19:20:02.870, NVIDIA GeForce RTX 4060 Ti, 100 %, 5555 MiB, 8188 MiB, 56, 122.07 W
2026/09/23 19:20:03.877, NVIDIA GeForce RTX 4060 Ti, 100 %, 5551 MiB, 8188 MiB, 54, 122.23 W
2026/09/23 19:20:04.882, NVIDIA GeForce RTX 4060 Ti, 100 %, 5555 MiB, 8188 MiB, 56, 122.10 W
2026/09/23 19:20:05.887, NVIDIA GeForce RTX 4060 Ti, 100 %, 5555 MiB, 8188 MiB, 57, 121.15 W
2026/09/23 19:20:06.893, NVIDIA GeForce RTX 4060 Ti, 100 %, 5555 MiB, 8188 MiB, 56, 120.64 W
2026/09/23 19:20:07.899, NVIDIA GeForce RTX 4060 Ti, 100 %, 5555 MiB, 8188 MiB, 55, 121.44 W
2026/09/23 19:20:08.906, NVIDIA GeForce RTX 4060 Ti, 100 %, 5555 MiB, 8188 MiB, 55, 120.17 W
2026/09/23 19:20:09.912, NVIDIA GeForce RTX 4060 Ti, 61 %, 5551 MiB, 8188 MiB, 56, 117.44 W
2026/09/23 19:20:10.919, NVIDIA GeForce RTX 4060 Ti, 49 %, 5555 MiB, 8188 MiB, 53, 87.18 W
2026/09/23 19:20:11.925, NVIDIA GeForce RTX 4060 Ti, 63 %, 5555 MiB, 8188 MiB, 52, 89.50 W
2026/09/23 19:20:12.963, NVIDIA GeForce RTX 4060 Ti, 47 %, 5555 MiB, 8188 MiB, 53, 94.79 W
2026/09/23 19:20:13.969, NVIDIA GeForce RTX 4060 Ti, 51 %, 5556 MiB, 8188 MiB, 54, 97.66 W
2026/09/23 19:20:14.975, NVIDIA GeForce RTX 4060 Ti, 60 %, 5555 MiB, 8188 MiB, 51, 91.49 W
2026/09/23 19:20:15.984, NVIDIA GeForce RTX 4060 Ti, 46 %, 5555 MiB, 8188 MiB, 50, 94.63 W
2026/09/23 19:20:16.989, NVIDIA GeForce RTX 4060 Ti, 29 %, 5555 MiB, 8188 MiB, 50, 73.61 W
2026/09/23 19:20:17.996, NVIDIA GeForce RTX 4060 Ti, 53 %, 5556 MiB, 8188 MiB, 49, 86.91 W
2026/09/23 19:20:19.001, NVIDIA GeForce RTX 4060 Ti, 52 %, 5555 MiB, 8188 MiB, 49, 92.81 W
2026/09/23 19:20:20.006, NVIDIA GeForce RTX 4060 Ti, 64 %, 5555 MiB, 8188 MiB, 52, 82.10 W
2026/09/23 19:20:21.012, NVIDIA GeForce RTX 4060 Ti, 46 %, 5555 MiB, 8188 MiB, 52, 87.42 W
2026/09/23 19:20:22.019, NVIDIA GeForce RTX 4060 Ti, 35 %, 5555 MiB, 8188 MiB, 47, 90.22 W
2026/09/23 19:20:23.026, NVIDIA GeForce RTX 4060 Ti, 57 %, 5551 MiB, 8188 MiB, 54, 91.67 W
2026/09/23 19:20:24.031, NVIDIA GeForce RTX 4060 Ti, 32 %, 5556 MiB, 8188 MiB, 48, 80.87 W
2026/09/23 19:20:25.040, NVIDIA GeForce RTX 4060 Ti, 55 %, 5555 MiB, 8188 MiB, 48, 83.40 W
2026/09/23 19:20:26.044, NVIDIA GeForce RTX 4060 Ti, 61 %, 5555 MiB, 8188 MiB, 53, 94.39 W
2026/09/23 19:20:27.067, NVIDIA GeForce RTX 4060 Ti, 37 %, 5555 MiB, 8188 MiB, 48, 85.55 W
2026/09/23 19:20:28.072, NVIDIA GeForce RTX 4060 Ti, 50 %, 5555 MiB, 8188 MiB, 52, 91.93 W
2026/09/23 19:20:29.079, NVIDIA GeForce RTX 4060 Ti, 36 %, 5551 MiB, 8188 MiB, 49, 84.75 W
2026/09/23 19:20:30.085, NVIDIA GeForce RTX 4060 Ti, 36 %, 5556 MiB, 8188 MiB, 48, 75.31 W
2026/09/23 19:20:31.089, NVIDIA GeForce RTX 4060 Ti, 52 %, 5555 MiB, 8188 MiB, 51, 83.19 W
2026/09/23 19:20:32.095, NVIDIA GeForce RTX 4060 Ti, 37 %, 5555 MiB, 8188 MiB, 48, 86.48 W
2026/09/23 19:20:33.100, NVIDIA GeForce RTX 4060 Ti, 31 %, 5555 MiB, 8188 MiB, 48, 75.11 W
2026/09/23 19:20:34.105, NVIDIA GeForce RTX 4060 Ti, 67 %, 5555 MiB, 8188 MiB, 52, 84.23 W
2026/09/23 19:20:35.110, NVIDIA GeForce RTX 4060 Ti, 53 %, 5555 MiB, 8188 MiB, 50, 84.69 W
2026/09/23 19:20:36.117, NVIDIA GeForce RTX 4060 Ti, 49 %, 5551 MiB, 8188 MiB, 48, 87.91 W
2026/09/23 19:20:37.123, NVIDIA GeForce RTX 4060 Ti, 31 %, 5556 MiB, 8188 MiB, 47, 86.09 W
2026/09/23 19:20:38.130, NVIDIA GeForce RTX 4060 Ti, 47 %, 5555 MiB, 8188 MiB, 48, 79.29 W
2026/09/23 19:20:39.136, NVIDIA GeForce RTX 4060 Ti, 59 %, 5555 MiB, 8188 MiB, 49, 84.39 W
2026/09/23 19:20:40.141, NVIDIA GeForce RTX 4060 Ti, 52 %, 5555 MiB, 8188 MiB, 49, 88.32 W
2026/09/23 19:20:41.146, NVIDIA GeForce RTX 4060 Ti, 52 %, 5555 MiB, 8188 MiB, 49, 95.66 W
2026/09/23 19:20:42.150, NVIDIA GeForce RTX 4060 Ti, 62 %, 5551 MiB, 8188 MiB, 51, 97.07 W
2026/09/23 19:20:43.156, NVIDIA GeForce RTX 4060 Ti, 38 %, 5555 MiB, 8188 MiB, 48, 79.64 W
2026/09/23 19:20:44.161, NVIDIA GeForce RTX 4060 Ti, 40 %, 5555 MiB, 8188 MiB, 46, 78.04 W
2026/09/23 19:20:45.168, NVIDIA GeForce RTX 4060 Ti, 76 %, 5555 MiB, 8188 MiB, 53, 88.43 W
2026/09/23 19:20:46.174, NVIDIA GeForce RTX 4060 Ti, 61 %, 5555 MiB, 8188 MiB, 51, 94.16 W
2026/09/23 19:20:47.180, NVIDIA GeForce RTX 4060 Ti, 49 %, 5555 MiB, 8188 MiB, 50, 84.84 W
2026/09/23 19:20:48.186, NVIDIA GeForce RTX 4060 Ti, 53 %, 5551 MiB, 8188 MiB, 47, 82.17 W
2026/09/23 19:20:49.192, NVIDIA GeForce RTX 4060 Ti, 39 %, 5555 MiB, 8188 MiB, 49, 84.83 W
2026/09/23 19:20:50.197, NVIDIA GeForce RTX 4060 Ti, 28 %, 5555 MiB, 8188 MiB, 46, 91.14 W
2026/09/23 19:20:51.201, NVIDIA GeForce RTX 4060 Ti, 35 %, 5555 MiB, 8188 MiB, 48, 87.61 W
2026/09/23 19:20:52.208, NVIDIA GeForce RTX 4060 Ti, 50 %, 5555 MiB, 8188 MiB, 50, 87.75 W
2026/09/23 19:20:53.213, NVIDIA GeForce RTX 4060 Ti, 46 %, 5555 MiB, 8188 MiB, 46, 84.00 W
2026/09/23 19:20:54.220, NVIDIA GeForce RTX 4060 Ti, 41 %, 5555 MiB, 8188 MiB, 48, 81.46 W
2026/09/23 19:20:55.225, NVIDIA GeForce RTX 4060 Ti, 41 %, 5551 MiB, 8188 MiB, 49, 79.29 W
2026/09/23 19:20:56.235, NVIDIA GeForce RTX 4060 Ti, 34 %, 5555 MiB, 8188 MiB, 49, 76.25 W
2026/09/23 19:20:57.243, NVIDIA GeForce RTX 4060 Ti, 70 %, 5555 MiB, 8188 MiB, 48, 81.30 W
2026/09/23 19:20:58.249, NVIDIA GeForce RTX 4060 Ti, 37 %, 5555 MiB, 8188 MiB, 48, 83.79 W
2026/09/23 19:20:59.256, NVIDIA GeForce RTX 4060 Ti, 38 %, 5555 MiB, 8188 MiB, 49, 87.12 W
2026/09/23 19:21:00.264, NVIDIA GeForce RTX 4060 Ti, 44 %, 5555 MiB, 8188 MiB, 47, 79.00 W
2026/09/23 19:21:01.271, NVIDIA GeForce RTX 4060 Ti, 55 %, 5551 MiB, 8188 MiB, 50, 93.32 W
2026/09/23 19:21:02.278, NVIDIA GeForce RTX 4060 Ti, 46 %, 5556 MiB, 8188 MiB, 49, 91.22 W
2026/09/23 19:21:03.283, NVIDIA GeForce RTX 4060 Ti, 60 %, 5555 MiB, 8188 MiB, 48, 94.16 W
2026/09/23 19:21:04.290, NVIDIA GeForce RTX 4060 Ti, 39 %, 5555 MiB, 8188 MiB, 49, 82.83 W
2026/09/23 19:21:05.296, NVIDIA GeForce RTX 4060 Ti, 72 %, 5555 MiB, 8188 MiB, 48, 100.64 W
2026/09/23 19:21:06.302, NVIDIA GeForce RTX 4060 Ti, 61 %, 5555 MiB, 8188 MiB, 50, 98.38 W
2026/09/23 19:21:07.307, NVIDIA GeForce RTX 4060 Ti, 70 %, 5551 MiB, 8188 MiB, 48, 89.47 W
2026/09/23 19:21:08.312, NVIDIA GeForce RTX 4060 Ti, 54 %, 5556 MiB, 8188 MiB, 50, 93.78 W
2026/09/23 19:21:09.321, NVIDIA GeForce RTX 4060 Ti, 50 %, 5556 MiB, 8188 MiB, 51, 97.56 W
2026/09/23 19:21:10.327, NVIDIA GeForce RTX 4060 Ti, 62 %, 5556 MiB, 8188 MiB, 47, 93.45 W
2026/09/23 19:21:11.338, NVIDIA GeForce RTX 4060 Ti, 61 %, 5556 MiB, 8188 MiB, 51, 102.07 W
2026/09/23 19:21:12.344, NVIDIA GeForce RTX 4060 Ti, 43 %, 5555 MiB, 8188 MiB, 49, 89.04 W
2026/09/23 19:21:13.352, NVIDIA GeForce RTX 4060 Ti, 64 %, 5556 MiB, 8188 MiB, 54, 100.84 W
2026/09/23 19:21:14.358, NVIDIA GeForce RTX 4060 Ti, 64 %, 5556 MiB, 8188 MiB, 47, 94.44 W
2026/09/23 19:21:15.364, NVIDIA GeForce RTX 4060 Ti, 83 %, 5556 MiB, 8188 MiB, 51, 102.09 W
2026/09/23 19:21:16.369, NVIDIA GeForce RTX 4060 Ti, 69 %, 5556 MiB, 8188 MiB, 54, 112.38 W
2026/09/23 19:21:17.375, NVIDIA GeForce RTX 4060 Ti, 54 %, 5556 MiB, 8188 MiB, 47, 98.01 W
2026/09/23 19:21:18.380, NVIDIA GeForce RTX 4060 Ti, 66 %, 5556 MiB, 8188 MiB, 52, 111.99 W
2026/09/23 19:21:19.386, NVIDIA GeForce RTX 4060 Ti, 39 %, 5555 MiB, 8188 MiB, 51, 103.40 W
2026/09/23 19:21:20.392, NVIDIA GeForce RTX 4060 Ti, 56 %, 5551 MiB, 8188 MiB, 49, 109.48 W
2026/09/23 19:21:21.399, NVIDIA GeForce RTX 4060 Ti, 78 %, 5556 MiB, 8188 MiB, 50, 104.78 W
2026/09/23 19:21:22.405, NVIDIA GeForce RTX 4060 Ti, 79 %, 5556 MiB, 8188 MiB, 51, 103.08 W
2026/09/23 19:21:23.411, NVIDIA GeForce RTX 4060 Ti, 81 %, 5556 MiB, 8188 MiB, 53, 116.73 W
2026/09/23 19:21:24.418, NVIDIA GeForce RTX 4060 Ti, 87 %, 5556 MiB, 8188 MiB, 55, 121.39 W
2026/09/23 19:21:25.425, NVIDIA GeForce RTX 4060 Ti, 91 %, 5555 MiB, 8188 MiB, 55, 120.15 W
2026/09/23 19:21:26.433, NVIDIA GeForce RTX 4060 Ti, 80 %, 5551 MiB, 8188 MiB, 53, 118.32 W
2026/09/23 19:21:27.439, NVIDIA GeForce RTX 4060 Ti, 72 %, 5555 MiB, 8188 MiB, 52, 110.10 W
2026/09/23 19:21:28.445, NVIDIA GeForce RTX 4060 Ti, 81 %, 5555 MiB, 8188 MiB, 52, 106.46 W
2026/09/23 19:21:29.451, NVIDIA GeForce RTX 4060 Ti, 80 %, 5555 MiB, 8188 MiB, 51, 113.80 W
2026/09/23 19:21:30.457, NVIDIA GeForce RTX 4060 Ti, 71 %, 5555 MiB, 8188 MiB, 56, 122.19 W
2026/09/23 19:21:31.463, NVIDIA GeForce RTX 4060 Ti, 59 %, 5555 MiB, 8188 MiB, 50, 107.80 W
2026/09/23 19:21:32.470, NVIDIA GeForce RTX 4060 Ti, 74 %, 5555 MiB, 8188 MiB, 56, 107.83 W
2026/09/23 19:21:33.476, NVIDIA GeForce RTX 4060 Ti, 91 %, 5551 MiB, 8188 MiB, 56, 127.96 W
2026/09/23 19:21:34.483, NVIDIA GeForce RTX 4060 Ti, 89 %, 5555 MiB, 8188 MiB, 56, 113.43 W
2026/09/23 19:21:35.489, NVIDIA GeForce RTX 4060 Ti, 63 %, 5555 MiB, 8188 MiB, 54, 121.45 W
2026/09/23 19:21:36.494, NVIDIA GeForce RTX 4060 Ti, 83 %, 5555 MiB, 8188 MiB, 55, 124.03 W
2026/09/23 19:21:37.500, NVIDIA GeForce RTX 4060 Ti, 68 %, 5555 MiB, 8188 MiB, 55, 127.26 W
2026/09/23 19:21:38.506, NVIDIA GeForce RTX 4060 Ti, 91 %, 5555 MiB, 8188 MiB, 56, 128.97 W
2026/09/23 19:21:39.512, NVIDIA GeForce RTX 4060 Ti, 90 %, 5551 MiB, 8188 MiB, 57, 118.36 W
2026/09/23 19:21:40.519, NVIDIA GeForce RTX 4060 Ti, 68 %, 5556 MiB, 8188 MiB, 55, 123.72 W
2026/09/23 19:21:41.525, NVIDIA GeForce RTX 4060 Ti, 87 %, 5555 MiB, 8188 MiB, 57, 132.49 W
2026/09/23 19:21:42.531, NVIDIA GeForce RTX 4060 Ti, 95 %, 5555 MiB, 8188 MiB, 57, 128.74 W
2026/09/23 19:21:43.536, NVIDIA GeForce RTX 4060 Ti, 93 %, 5555 MiB, 8188 MiB, 56, 130.95 W
2026/09/23 19:21:44.542, NVIDIA GeForce RTX 4060 Ti, 91 %, 5555 MiB, 8188 MiB, 57, 133.96 W
2026/09/23 19:21:45.547, NVIDIA GeForce RTX 4060 Ti, 85 %, 5551 MiB, 8188 MiB, 56, 122.89 W
2026/09/23 19:21:46.553, NVIDIA GeForce RTX 4060 Ti, 80 %, 5556 MiB, 8188 MiB, 57, 131.19 W
2026/09/23 19:21:47.560, NVIDIA GeForce RTX 4060 Ti, 93 %, 5555 MiB, 8188 MiB, 57, 128.52 W
2026/09/23 19:21:48.565, NVIDIA GeForce RTX 4060 Ti, 92 %, 5555 MiB, 8188 MiB, 54, 131.97 W
2026/09/23 19:21:49.571, NVIDIA GeForce RTX 4060 Ti, 87 %, 5555 MiB, 8188 MiB, 54, 132.11 W
2026/09/23 19:21:50.576, NVIDIA GeForce RTX 4060 Ti, 95 %, 5555 MiB, 8188 MiB, 55, 127.99 W
2026/09/23 19:21:51.582, NVIDIA GeForce RTX 4060 Ti, 97 %, 5555 MiB, 8188 MiB, 58, 131.95 W
2026/09/23 19:21:52.590, NVIDIA GeForce RTX 4060 Ti, 90 %, 5551 MiB, 8188 MiB, 57, 131.69 W
2026/09/23 19:21:53.595, NVIDIA GeForce RTX 4060 Ti, 96 %, 5556 MiB, 8188 MiB, 57, 133.12 W
2026/09/23 19:21:54.602, NVIDIA GeForce RTX 4060 Ti, 0 %, 5223 MiB, 8188 MiB, 44, 68.11 W
2026/09/23 19:21:55.607, NVIDIA GeForce RTX 4060 Ti, 0 %, 5223 MiB, 8188 MiB, 43, 33.07 W
2026/09/23 19:21:56.617, NVIDIA GeForce RTX 4060 Ti, 0 %, 5223 MiB, 8188 MiB, 41, 22.84 W
2026/09/23 19:21:57.624, NVIDIA GeForce RTX 4060 Ti, 75 %, 5263 MiB, 8188 MiB, 41, 13.48 W
2026/09/23 19:21:58.632, NVIDIA GeForce RTX 4060 Ti, 0 %, 5261 MiB, 8188 MiB, 42, 27.74 W
2026/09/23 19:21:59.635, NVIDIA GeForce RTX 4060 Ti, 89 %, 5267 MiB, 8188 MiB, 42, 28.91 W
2026/09/23 19:22:00.646, NVIDIA GeForce RTX 4060 Ti, 31 %, 5267 MiB, 8188 MiB, 46, 51.52 W
2026/09/23 19:22:01.651, NVIDIA GeForce RTX 4060 Ti, 33 %, 5267 MiB, 8188 MiB, 45, 60.34 W
2026/09/23 19:22:02.657, NVIDIA GeForce RTX 4060 Ti, 33 %, 5267 MiB, 8188 MiB, 46, 65.31 W
2026/09/23 19:22:03.662, NVIDIA GeForce RTX 4060 Ti, 35 %, 5267 MiB, 8188 MiB, 46, 65.88 W
2026/09/23 19:22:04.666, NVIDIA GeForce RTX 4060 Ti, 41 %, 5263 MiB, 8188 MiB, 45, 55.63 W
2026/09/23 19:22:05.671, NVIDIA GeForce RTX 4060 Ti, 38 %, 5267 MiB, 8188 MiB, 45, 49.14 W
2026/09/23 19:22:06.680, NVIDIA GeForce RTX 4060 Ti, 49 %, 5267 MiB, 8188 MiB, 44, 50.99 W
2026/09/23 19:22:07.686, NVIDIA GeForce RTX 4060 Ti, 38 %, 5267 MiB, 8188 MiB, 46, 69.06 W
2026/09/23 19:22:08.692, NVIDIA GeForce RTX 4060 Ti, 36 %, 5267 MiB, 8188 MiB, 46, 66.93 W
2026/09/23 19:22:09.697, NVIDIA GeForce RTX 4060 Ti, 36 %, 5267 MiB, 8188 MiB, 46, 70.28 W
2026/09/23 19:22:10.703, NVIDIA GeForce RTX 4060 Ti, 30 %, 5263 MiB, 8188 MiB, 45, 65.95 W
2026/09/23 19:22:11.708, NVIDIA GeForce RTX 4060 Ti, 30 %, 5269 MiB, 8188 MiB, 44, 65.46 W
2026/09/23 19:22:12.711, NVIDIA GeForce RTX 4060 Ti, 37 %, 5269 MiB, 8188 MiB, 46, 61.25 W
2026/09/23 19:22:13.720, NVIDIA GeForce RTX 4060 Ti, 37 %, 5270 MiB, 8188 MiB, 46, 70.43 W
2026/09/23 19:22:14.726, NVIDIA GeForce RTX 4060 Ti, 36 %, 5270 MiB, 8188 MiB, 47, 71.86 W
2026/09/23 19:22:15.732, NVIDIA GeForce RTX 4060 Ti, 36 %, 5269 MiB, 8188 MiB, 45, 69.82 W
2026/09/23 19:22:16.738, NVIDIA GeForce RTX 4060 Ti, 26 %, 5269 MiB, 8188 MiB, 46, 68.93 W
2026/09/23 19:22:17.743, NVIDIA GeForce RTX 4060 Ti, 32 %, 5265 MiB, 8188 MiB, 45, 71.82 W
2026/09/23 19:22:18.750, NVIDIA GeForce RTX 4060 Ti, 40 %, 5270 MiB, 8188 MiB, 47, 70.57 W
2026/09/23 19:22:19.757, NVIDIA GeForce RTX 4060 Ti, 36 %, 5269 MiB, 8188 MiB, 45, 71.00 W
2026/09/23 19:22:20.764, NVIDIA GeForce RTX 4060 Ti, 32 %, 5269 MiB, 8188 MiB, 45, 72.90 W
2026/09/23 19:22:21.775, NVIDIA GeForce RTX 4060 Ti, 35 %, 5269 MiB, 8188 MiB, 44, 70.62 W
2026/09/23 19:22:22.780, NVIDIA GeForce RTX 4060 Ti, 40 %, 5269 MiB, 8188 MiB, 46, 70.23 W
2026/09/23 19:22:23.792, NVIDIA GeForce RTX 4060 Ti, 41 %, 5265 MiB, 8188 MiB, 46, 72.39 W
2026/09/23 19:22:24.797, NVIDIA GeForce RTX 4060 Ti, 47 %, 5269 MiB, 8188 MiB, 45, 72.60 W
2026/09/23 19:22:25.803, NVIDIA GeForce RTX 4060 Ti, 45 %, 5269 MiB, 8188 MiB, 46, 74.60 W
2026/09/23 19:22:26.809, NVIDIA GeForce RTX 4060 Ti, 40 %, 5269 MiB, 8188 MiB, 45, 72.00 W
2026/09/23 19:22:27.814, NVIDIA GeForce RTX 4060 Ti, 37 %, 5269 MiB, 8188 MiB, 46, 70.46 W
2026/09/23 19:22:28.819, NVIDIA GeForce RTX 4060 Ti, 40 %, 5268 MiB, 8188 MiB, 45, 65.62 W
2026/09/23 19:22:29.825, NVIDIA GeForce RTX 4060 Ti, 37 %, 5265 MiB, 8188 MiB, 44, 73.40 W
2026/09/23 19:22:30.831, NVIDIA GeForce RTX 4060 Ti, 35 %, 5269 MiB, 8188 MiB, 45, 78.26 W
2026/09/23 19:22:31.836, NVIDIA GeForce RTX 4060 Ti, 33 %, 5269 MiB, 8188 MiB, 44, 73.22 W
2026/09/23 19:22:32.840, NVIDIA GeForce RTX 4060 Ti, 42 %, 5269 MiB, 8188 MiB, 48, 81.66 W
2026/09/23 19:22:33.845, NVIDIA GeForce RTX 4060 Ti, 35 %, 5269 MiB, 8188 MiB, 47, 75.21 W
2026/09/23 19:22:34.851, NVIDIA GeForce RTX 4060 Ti, 35 %, 5269 MiB, 8188 MiB, 48, 76.47 W
2026/09/23 19:22:35.858, NVIDIA GeForce RTX 4060 Ti, 34 %, 5269 MiB, 8188 MiB, 48, 77.11 W
2026/09/23 19:22:36.863, NVIDIA GeForce RTX 4060 Ti, 54 %, 5265 MiB, 8188 MiB, 48, 84.61 W
2026/09/23 19:22:37.868, NVIDIA GeForce RTX 4060 Ti, 47 %, 5270 MiB, 8188 MiB, 45, 79.92 W
2026/09/23 19:22:38.875, NVIDIA GeForce RTX 4060 Ti, 39 %, 5269 MiB, 8188 MiB, 46, 78.29 W
2026/09/23 19:22:39.881, NVIDIA GeForce RTX 4060 Ti, 43 %, 5269 MiB, 8188 MiB, 49, 84.63 W
2026/09/23 19:22:40.887, NVIDIA GeForce RTX 4060 Ti, 39 %, 5269 MiB, 8188 MiB, 49, 86.24 W
2026/09/23 19:22:41.891, NVIDIA GeForce RTX 4060 Ti, 49 %, 5269 MiB, 8188 MiB, 49, 86.53 W
2026/09/23 19:22:42.897, NVIDIA GeForce RTX 4060 Ti, 62 %, 5265 MiB, 8188 MiB, 48, 89.76 W
2026/09/23 19:22:43.903, NVIDIA GeForce RTX 4060 Ti, 45 %, 5270 MiB, 8188 MiB, 48, 77.30 W
2026/09/23 19:22:44.908, NVIDIA GeForce RTX 4060 Ti, 60 %, 5271 MiB, 8188 MiB, 47, 84.01 W
2026/09/23 19:22:45.914, NVIDIA GeForce RTX 4060 Ti, 58 %, 5271 MiB, 8188 MiB, 49, 88.82 W
2026/09/23 19:22:46.920, NVIDIA GeForce RTX 4060 Ti, 55 %, 5271 MiB, 8188 MiB, 49, 85.68 W
2026/09/23 19:22:47.926, NVIDIA GeForce RTX 4060 Ti, 59 %, 5271 MiB, 8188 MiB, 50, 93.09 W
2026/09/23 19:22:48.932, NVIDIA GeForce RTX 4060 Ti, 58 %, 5267 MiB, 8188 MiB, 48, 89.44 W
2026/09/23 19:22:49.938, NVIDIA GeForce RTX 4060 Ti, 42 %, 5271 MiB, 8188 MiB, 51, 91.66 W
2026/09/23 19:22:50.942, NVIDIA GeForce RTX 4060 Ti, 55 %, 5271 MiB, 8188 MiB, 46, 87.95 W
2026/09/23 19:22:51.948, NVIDIA GeForce RTX 4060 Ti, 69 %, 5271 MiB, 8188 MiB, 50, 94.27 W
2026/09/23 19:22:52.954, NVIDIA GeForce RTX 4060 Ti, 64 %, 5271 MiB, 8188 MiB, 49, 92.13 W
2026/09/23 19:22:53.959, NVIDIA GeForce RTX 4060 Ti, 52 %, 5271 MiB, 8188 MiB, 49, 100.57 W
2026/09/23 19:22:54.965, NVIDIA GeForce RTX 4060 Ti, 48 %, 5271 MiB, 8188 MiB, 52, 105.31 W
2026/09/23 19:22:55.970, NVIDIA GeForce RTX 4060 Ti, 45 %, 5267 MiB, 8188 MiB, 51, 92.86 W
2026/09/23 19:22:56.975, NVIDIA GeForce RTX 4060 Ti, 58 %, 5272 MiB, 8188 MiB, 50, 88.75 W
2026/09/23 19:22:57.980, NVIDIA GeForce RTX 4060 Ti, 61 %, 5271 MiB, 8188 MiB, 49, 102.99 W
2026/09/23 19:22:58.988, NVIDIA GeForce RTX 4060 Ti, 66 %, 5271 MiB, 8188 MiB, 53, 103.20 W
2026/09/23 19:22:59.995, NVIDIA GeForce RTX 4060 Ti, 79 %, 5271 MiB, 8188 MiB, 53, 113.36 W
2026/09/23 19:23:01.001, NVIDIA GeForce RTX 4060 Ti, 85 %, 5271 MiB, 8188 MiB, 53, 111.50 W
2026/09/23 19:23:02.009, NVIDIA GeForce RTX 4060 Ti, 72 %, 5267 MiB, 8188 MiB, 49, 113.07 W
2026/09/23 19:23:03.015, NVIDIA GeForce RTX 4060 Ti, 67 %, 5272 MiB, 8188 MiB, 54, 105.12 W
2026/09/23 19:23:04.020, NVIDIA GeForce RTX 4060 Ti, 63 %, 5271 MiB, 8188 MiB, 54, 114.56 W
2026/09/23 19:23:05.026, NVIDIA GeForce RTX 4060 Ti, 71 %, 5271 MiB, 8188 MiB, 51, 115.27 W
2026/09/23 19:23:06.032, NVIDIA GeForce RTX 4060 Ti, 67 %, 5271 MiB, 8188 MiB, 54, 112.16 W
2026/09/23 19:23:07.037, NVIDIA GeForce RTX 4060 Ti, 58 %, 5271 MiB, 8188 MiB, 52, 106.15 W
2026/09/23 19:23:08.043, NVIDIA GeForce RTX 4060 Ti, 81 %, 5267 MiB, 8188 MiB, 54, 117.86 W
2026/09/23 19:23:09.048, NVIDIA GeForce RTX 4060 Ti, 72 %, 5271 MiB, 8188 MiB, 55, 116.06 W
2026/09/23 19:23:10.054, NVIDIA GeForce RTX 4060 Ti, 74 %, 5271 MiB, 8188 MiB, 56, 114.92 W
2026/09/23 19:23:11.059, NVIDIA GeForce RTX 4060 Ti, 83 %, 5271 MiB, 8188 MiB, 52, 115.81 W
2026/09/23 19:23:12.065, NVIDIA GeForce RTX 4060 Ti, 83 %, 5271 MiB, 8188 MiB, 54, 118.64 W
2026/09/23 19:23:13.071, NVIDIA GeForce RTX 4060 Ti, 78 %, 5271 MiB, 8188 MiB, 56, 120.92 W
2026/09/23 19:23:14.076, NVIDIA GeForce RTX 4060 Ti, 84 %, 5271 MiB, 8188 MiB, 55, 114.58 W
2026/09/23 19:23:15.082, NVIDIA GeForce RTX 4060 Ti, 82 %, 5271 MiB, 8188 MiB, 56, 122.42 W
2026/09/23 19:23:16.087, NVIDIA GeForce RTX 4060 Ti, 73 %, 5272 MiB, 8188 MiB, 54, 121.79 W
2026/09/23 19:23:17.092, NVIDIA GeForce RTX 4060 Ti, 75 %, 5272 MiB, 8188 MiB, 55, 116.25 W
2026/09/23 19:23:18.097, NVIDIA GeForce RTX 4060 Ti, 91 %, 5273 MiB, 8188 MiB, 55, 124.57 W
2026/09/23 19:23:19.104, NVIDIA GeForce RTX 4060 Ti, 83 %, 5273 MiB, 8188 MiB, 57, 124.01 W
2026/09/23 19:23:20.108, NVIDIA GeForce RTX 4060 Ti, 91 %, 5272 MiB, 8188 MiB, 55, 124.46 W
2026/09/23 19:23:21.113, NVIDIA GeForce RTX 4060 Ti, 93 %, 5268 MiB, 8188 MiB, 56, 126.45 W
2026/09/23 19:23:22.120, NVIDIA GeForce RTX 4060 Ti, 84 %, 5273 MiB, 8188 MiB, 53, 128.24 W
2026/09/23 19:23:23.126, NVIDIA GeForce RTX 4060 Ti, 87 %, 5273 MiB, 8188 MiB, 54, 126.16 W
2026/09/23 19:23:24.132, NVIDIA GeForce RTX 4060 Ti, 87 %, 5273 MiB, 8188 MiB, 57, 126.28 W
2026/09/23 19:23:25.138, NVIDIA GeForce RTX 4060 Ti, 86 %, 5273 MiB, 8188 MiB, 56, 132.67 W
2026/09/23 19:23:26.144, NVIDIA GeForce RTX 4060 Ti, 83 %, 5272 MiB, 8188 MiB, 55, 127.38 W
2026/09/23 19:23:27.151, NVIDIA GeForce RTX 4060 Ti, 90 %, 5268 MiB, 8188 MiB, 57, 131.31 W
2026/09/23 19:23:28.161, NVIDIA GeForce RTX 4060 Ti, 88 %, 5272 MiB, 8188 MiB, 55, 132.11 W
2026/09/23 19:23:29.166, NVIDIA GeForce RTX 4060 Ti, 85 %, 5272 MiB, 8188 MiB, 57, 130.08 W
2026/09/23 19:23:30.172, NVIDIA GeForce RTX 4060 Ti, 88 %, 5272 MiB, 8188 MiB, 57, 130.79 W
2026/09/23 19:23:31.178, NVIDIA GeForce RTX 4060 Ti, 87 %, 5272 MiB, 8188 MiB, 55, 128.46 W
2026/09/23 19:23:32.185, NVIDIA GeForce RTX 4060 Ti, 89 %, 5271 MiB, 8188 MiB, 57, 132.05 W
2026/09/23 19:23:33.192, NVIDIA GeForce RTX 4060 Ti, 95 %, 5271 MiB, 8188 MiB, 58, 131.15 W
2026/09/23 19:23:34.198, NVIDIA GeForce RTX 4060 Ti, 86 %, 5267 MiB, 8188 MiB, 57, 133.87 W
2026/09/23 19:23:35.203, NVIDIA GeForce RTX 4060 Ti, 91 %, 5272 MiB, 8188 MiB, 58, 130.69 W
2026/09/23 19:23:36.217, NVIDIA GeForce RTX 4060 Ti, 87 %, 5272 MiB, 8188 MiB, 57, 132.63 W
2026/09/23 19:23:37.224, NVIDIA GeForce RTX 4060 Ti, 88 %, 5272 MiB, 8188 MiB, 58, 131.74 W
2026/09/23 19:23:38.230, NVIDIA GeForce RTX 4060 Ti, 89 %, 5271 MiB, 8188 MiB, 56, 132.58 W
2026/09/23 19:23:39.238, NVIDIA GeForce RTX 4060 Ti, 90 %, 5271 MiB, 8188 MiB, 58, 133.54 W
2026/09/23 19:23:40.244, NVIDIA GeForce RTX 4060 Ti, 92 %, 5267 MiB, 8188 MiB, 58, 134.10 W
2026/09/23 19:23:41.250, NVIDIA GeForce RTX 4060 Ti, 93 %, 5272 MiB, 8188 MiB, 58, 134.03 W
2026/09/23 19:23:42.255, NVIDIA GeForce RTX 4060 Ti, 88 %, 5272 MiB, 8188 MiB, 55, 133.43 W
2026/09/23 19:23:43.262, NVIDIA GeForce RTX 4060 Ti, 88 %, 5272 MiB, 8188 MiB, 58, 135.25 W
2026/09/23 19:23:44.284, NVIDIA GeForce RTX 4060 Ti, 89 %, 5271 MiB, 8188 MiB, 56, 136.75 W
2026/09/23 19:23:45.290, NVIDIA GeForce RTX 4060 Ti, 90 %, 5271 MiB, 8188 MiB, 56, 136.45 W
2026/09/23 19:23:46.295, NVIDIA GeForce RTX 4060 Ti, 94 %, 5267 MiB, 8188 MiB, 59, 135.08 W
2026/09/23 19:23:47.301, NVIDIA GeForce RTX 4060 Ti, 94 %, 5272 MiB, 8188 MiB, 54, 134.71 W
2026/09/23 19:23:48.306, NVIDIA GeForce RTX 4060 Ti, 90 %, 5271 MiB, 8188 MiB, 58, 135.15 W
2026/09/23 19:23:49.311, NVIDIA GeForce RTX 4060 Ti, 89 %, 5271 MiB, 8188 MiB, 58, 134.30 W
2026/09/23 19:23:50.317, NVIDIA GeForce RTX 4060 Ti, 89 %, 5271 MiB, 8188 MiB, 58, 135.57 W
2026/09/23 19:23:51.322, NVIDIA GeForce RTX 4060 Ti, 89 %, 5271 MiB, 8188 MiB, 58, 134.29 W
2026/09/23 19:23:52.328, NVIDIA GeForce RTX 4060 Ti, 94 %, 5271 MiB, 8188 MiB, 56, 134.46 W
2026/09/23 19:23:53.334, NVIDIA GeForce RTX 4060 Ti, 93 %, 5272 MiB, 8188 MiB, 57, 132.12 W
2026/09/23 19:23:54.343, NVIDIA GeForce RTX 4060 Ti, 88 %, 5271 MiB, 8188 MiB, 57, 133.38 W
2026/09/23 19:23:55.350, NVIDIA GeForce RTX 4060 Ti, 95 %, 5271 MiB, 8188 MiB, 58, 133.64 W
2026/09/23 19:23:56.358, NVIDIA GeForce RTX 4060 Ti, 90 %, 5271 MiB, 8188 MiB, 58, 133.40 W
2026/09/23 19:23:57.363, NVIDIA GeForce RTX 4060 Ti, 87 %, 5271 MiB, 8188 MiB, 58, 133.10 W
2026/09/23 19:23:58.369, NVIDIA GeForce RTX 4060 Ti, 94 %, 5271 MiB, 8188 MiB, 58, 133.10 W
2026/09/23 19:23:59.375, NVIDIA GeForce RTX 4060 Ti, 90 %, 5267 MiB, 8188 MiB, 58, 133.52 W
2026/09/23 19:24:00.382, NVIDIA GeForce RTX 4060 Ti, 94 %, 5272 MiB, 8188 MiB, 55, 132.54 W
2026/09/23 19:24:01.388, NVIDIA GeForce RTX 4060 Ti, 94 %, 5271 MiB, 8188 MiB, 58, 132.67 W
2026/09/23 19:24:02.395, NVIDIA GeForce RTX 4060 Ti, 94 %, 5271 MiB, 8188 MiB, 57, 131.88 W
2026/09/23 19:24:03.409, NVIDIA GeForce RTX 4060 Ti, 94 %, 5271 MiB, 8188 MiB, 58, 129.81 W
2026/09/23 19:24:04.416, NVIDIA GeForce RTX 4060 Ti, 93 %, 5271 MiB, 8188 MiB, 58, 131.91 W
2026/09/23 19:24:05.422, NVIDIA GeForce RTX 4060 Ti, 94 %, 5267 MiB, 8188 MiB, 58, 132.33 W
2026/09/23 19:24:06.428, NVIDIA GeForce RTX 4060 Ti, 93 %, 5272 MiB, 8188 MiB, 58, 131.27 W
2026/09/23 19:24:07.433, NVIDIA GeForce RTX 4060 Ti, 94 %, 5271 MiB, 8188 MiB, 56, 132.23 W
2026/09/23 19:24:08.439, NVIDIA GeForce RTX 4060 Ti, 94 %, 5271 MiB, 8188 MiB, 58, 131.62 W
2026/09/23 19:24:09.444, NVIDIA GeForce RTX 4060 Ti, 94 %, 5271 MiB, 8188 MiB, 57, 132.33 W
2026/09/23 19:24:10.450, NVIDIA GeForce RTX 4060 Ti, 92 %, 5271 MiB, 8188 MiB, 58, 132.33 W
2026/09/23 19:24:11.456, NVIDIA GeForce RTX 4060 Ti, 93 %, 5267 MiB, 8188 MiB, 58, 131.51 W
2026/09/23 19:24:12.463, NVIDIA GeForce RTX 4060 Ti, 93 %, 5272 MiB, 8188 MiB, 59, 132.35 W
2026/09/23 19:24:13.468, NVIDIA GeForce RTX 4060 Ti, 93 %, 5272 MiB, 8188 MiB, 58, 131.35 W
2026/09/23 19:24:14.475, NVIDIA GeForce RTX 4060 Ti, 94 %, 5272 MiB, 8188 MiB, 58, 131.79 W
2026/09/23 19:24:15.485, NVIDIA GeForce RTX 4060 Ti, 94 %, 5271 MiB, 8188 MiB, 58, 131.07 W
2026/09/23 19:24:16.492, NVIDIA GeForce RTX 4060 Ti, 100 %, 5271 MiB, 8188 MiB, 58, 131.05 W
2026/09/23 19:24:17.500, NVIDIA GeForce RTX 4060 Ti, 92 %, 5267 MiB, 8188 MiB, 57, 130.73 W
2026/09/23 19:24:18.504, NVIDIA GeForce RTX 4060 Ti, 94 %, 5272 MiB, 8188 MiB, 58, 130.99 W
2026/09/23 19:24:19.509, NVIDIA GeForce RTX 4060 Ti, 100 %, 5271 MiB, 8188 MiB, 58, 130.68 W
2026/09/23 19:24:20.514, NVIDIA GeForce RTX 4060 Ti, 92 %, 5271 MiB, 8188 MiB, 58, 130.30 W
2026/09/23 19:24:21.522, NVIDIA GeForce RTX 4060 Ti, 93 %, 5271 MiB, 8188 MiB, 58, 130.20 W
2026/09/23 19:24:22.528, NVIDIA GeForce RTX 4060 Ti, 93 %, 5271 MiB, 8188 MiB, 58, 130.96 W
2026/09/23 19:24:23.534, NVIDIA GeForce RTX 4060 Ti, 100 %, 5271 MiB, 8188 MiB, 58, 130.99 W
2026/09/23 19:24:24.544, NVIDIA GeForce RTX 4060 Ti, 100 %, 5267 MiB, 8188 MiB, 57, 130.88 W
2026/09/23 19:24:25.549, NVIDIA GeForce RTX 4060 Ti, 93 %, 5271 MiB, 8188 MiB, 58, 130.26 W
2026/09/23 19:24:26.554, NVIDIA GeForce RTX 4060 Ti, 90 %, 5271 MiB, 8188 MiB, 56, 130.04 W
2026/09/23 19:24:27.559, NVIDIA GeForce RTX 4060 Ti, 100 %, 5271 MiB, 8188 MiB, 58, 129.64 W
2026/09/23 19:24:28.565, NVIDIA GeForce RTX 4060 Ti, 92 %, 5271 MiB, 8188 MiB, 57, 128.97 W
2026/09/23 19:24:29.572, NVIDIA GeForce RTX 4060 Ti, 100 %, 5271 MiB, 8188 MiB, 58, 129.65 W
2026/09/23 19:24:30.578, NVIDIA GeForce RTX 4060 Ti, 90 %, 5267 MiB, 8188 MiB, 58, 129.13 W
2026/09/23 19:24:31.586, NVIDIA GeForce RTX 4060 Ti, 91 %, 5271 MiB, 8188 MiB, 57, 128.74 W
2026/09/23 19:24:32.591, NVIDIA GeForce RTX 4060 Ti, 93 %, 5271 MiB, 8188 MiB, 58, 129.40 W
2026/09/23 19:24:33.599, NVIDIA GeForce RTX 4060 Ti, 100 %, 5271 MiB, 8188 MiB, 57, 131.44 W
2026/09/23 19:24:34.606, NVIDIA GeForce RTX 4060 Ti, 100 %, 5271 MiB, 8188 MiB, 58, 130.00 W
2026/09/23 19:24:35.611, NVIDIA GeForce RTX 4060 Ti, 91 %, 5271 MiB, 8188 MiB, 58, 128.24 W
2026/09/23 19:24:36.617, NVIDIA GeForce RTX 4060 Ti, 90 %, 5267 MiB, 8188 MiB, 57, 133.16 W
2026/09/23 19:24:37.622, NVIDIA GeForce RTX 4060 Ti, 100 %, 5271 MiB, 8188 MiB, 58, 131.04 W
2026/09/23 19:24:38.628, NVIDIA GeForce RTX 4060 Ti, 100 %, 5271 MiB, 8188 MiB, 59, 129.26 W
2026/09/23 19:24:39.636, NVIDIA GeForce RTX 4060 Ti, 100 %, 5271 MiB, 8188 MiB, 58, 133.52 W
2026/09/23 19:24:40.641, NVIDIA GeForce RTX 4060 Ti, 100 %, 5271 MiB, 8188 MiB, 58, 133.89 W
2026/09/23 19:24:41.652, NVIDIA GeForce RTX 4060 Ti, 80 %, 5271 MiB, 8188 MiB, 54, 120.39 W
2026/09/23 19:24:42.665, NVIDIA GeForce RTX 4060 Ti, 0 %, 5219 MiB, 8188 MiB, 45, 34.53 W
2026/09/23 19:24:43.670, NVIDIA GeForce RTX 4060 Ti, 1 %, 5223 MiB, 8188 MiB, 43, 30.01 W
2026/09/23 19:24:44.676, NVIDIA GeForce RTX 4060 Ti, 0 %, 5223 MiB, 8188 MiB, 42, 17.85 W
2026/09/23 19:24:45.682, NVIDIA GeForce RTX 4060 Ti, 0 %, 5223 MiB, 8188 MiB, 42, 17.68 W
2026/09/23 19:24:46.688, NVIDIA GeForce RTX 4060 Ti, 1 %, 5233 MiB, 8188 MiB, 41, 13.65 W
2026/09/23 19:24:47.692, NVIDIA GeForce RTX 4060 Ti, 62 %, 5255 MiB, 8188 MiB, 41, 10.80 W
2026/09/23 19:24:48.698, NVIDIA GeForce RTX 4060 Ti, 25 %, 5251 MiB, 8188 MiB, 44, 39.08 W
2026/09/23 19:24:49.703, NVIDIA GeForce RTX 4060 Ti, 19 %, 5255 MiB, 8188 MiB, 43, 43.16 W
2026/09/23 19:24:50.707, NVIDIA GeForce RTX 4060 Ti, 35 %, 5255 MiB, 8188 MiB, 42, 29.23 W
2026/09/23 19:24:51.713, NVIDIA GeForce RTX 4060 Ti, 33 %, 5255 MiB, 8188 MiB, 42, 27.98 W
2026/09/23 19:24:52.718, NVIDIA GeForce RTX 4060 Ti, 24 %, 5255 MiB, 8188 MiB, 41, 26.81 W
2026/09/23 19:24:53.723, NVIDIA GeForce RTX 4060 Ti, 38 %, 5255 MiB, 8188 MiB, 41, 27.47 W
2026/09/23 19:24:54.730, NVIDIA GeForce RTX 4060 Ti, 43 %, 5255 MiB, 8188 MiB, 41, 27.41 W
2026/09/23 19:24:55.736, NVIDIA GeForce RTX 4060 Ti, 41 %, 5251 MiB, 8188 MiB, 41, 27.64 W
2026/09/23 19:24:56.741, NVIDIA GeForce RTX 4060 Ti, 29 %, 5256 MiB, 8188 MiB, 41, 26.85 W
2026/09/23 19:24:57.746, NVIDIA GeForce RTX 4060 Ti, 36 %, 5255 MiB, 8188 MiB, 40, 26.47 W
2026/09/23 19:24:58.751, NVIDIA GeForce RTX 4060 Ti, 28 %, 5255 MiB, 8188 MiB, 41, 27.36 W
2026/09/23 19:24:59.760, NVIDIA GeForce RTX 4060 Ti, 31 %, 5255 MiB, 8188 MiB, 41, 31.52 W
2026/09/23 19:25:00.766, NVIDIA GeForce RTX 4060 Ti, 39 %, 5255 MiB, 8188 MiB, 41, 29.70 W
2026/09/23 19:25:01.771, NVIDIA GeForce RTX 4060 Ti, 45 %, 5251 MiB, 8188 MiB, 40, 27.08 W
2026/09/23 19:25:02.779, NVIDIA GeForce RTX 4060 Ti, 28 %, 5256 MiB, 8188 MiB, 40, 26.90 W
2026/09/23 19:25:03.785, NVIDIA GeForce RTX 4060 Ti, 39 %, 5255 MiB, 8188 MiB, 40, 27.36 W
2026/09/23 19:25:04.793, NVIDIA GeForce RTX 4060 Ti, 31 %, 5255 MiB, 8188 MiB, 40, 27.82 W
2026/09/23 19:25:05.799, NVIDIA GeForce RTX 4060 Ti, 36 %, 5255 MiB, 8188 MiB, 40, 28.63 W
2026/09/23 19:25:06.808, NVIDIA GeForce RTX 4060 Ti, 37 %, 5255 MiB, 8188 MiB, 40, 28.89 W
2026/09/23 19:25:07.817, NVIDIA GeForce RTX 4060 Ti, 28 %, 5251 MiB, 8188 MiB, 40, 27.78 W
2026/09/23 19:25:08.823, NVIDIA GeForce RTX 4060 Ti, 27 %, 5256 MiB, 8188 MiB, 41, 31.18 W
2026/09/23 19:25:09.830, NVIDIA GeForce RTX 4060 Ti, 30 %, 5255 MiB, 8188 MiB, 41, 31.31 W
2026/09/23 19:25:10.837, NVIDIA GeForce RTX 4060 Ti, 32 %, 5255 MiB, 8188 MiB, 40, 28.95 W
2026/09/23 19:25:11.842, NVIDIA GeForce RTX 4060 Ti, 25 %, 5255 MiB, 8188 MiB, 41, 30.66 W
2026/09/23 19:25:12.848, NVIDIA GeForce RTX 4060 Ti, 37 %, 5255 MiB, 8188 MiB, 41, 33.65 W
2026/09/23 19:25:13.853, NVIDIA GeForce RTX 4060 Ti, 39 %, 5256 MiB, 8188 MiB, 41, 34.00 W
2026/09/23 19:25:14.858, NVIDIA GeForce RTX 4060 Ti, 35 %, 5256 MiB, 8188 MiB, 41, 33.73 W
2026/09/23 19:25:15.864, NVIDIA GeForce RTX 4060 Ti, 31 %, 5256 MiB, 8188 MiB, 41, 30.23 W
2026/09/23 19:25:16.869, NVIDIA GeForce RTX 4060 Ti, 30 %, 5256 MiB, 8188 MiB, 41, 32.15 W
2026/09/23 19:25:17.875, NVIDIA GeForce RTX 4060 Ti, 34 %, 5256 MiB, 8188 MiB, 42, 33.29 W
2026/09/23 19:25:18.880, NVIDIA GeForce RTX 4060 Ti, 41 %, 5255 MiB, 8188 MiB, 41, 29.16 W
2026/09/23 19:25:19.887, NVIDIA GeForce RTX 4060 Ti, 40 %, 5255 MiB, 8188 MiB, 42, 34.94 W
2026/09/23 19:25:20.896, NVIDIA GeForce RTX 4060 Ti, 33 %, 5251 MiB, 8188 MiB, 41, 34.94 W
2026/09/23 19:25:21.902, NVIDIA GeForce RTX 4060 Ti, 34 %, 5256 MiB, 8188 MiB, 42, 34.25 W
2026/09/23 19:25:22.908, NVIDIA GeForce RTX 4060 Ti, 26 %, 5255 MiB, 8188 MiB, 41, 28.86 W
2026/09/23 19:25:23.913, NVIDIA GeForce RTX 4060 Ti, 30 %, 5255 MiB, 8188 MiB, 42, 33.28 W
2026/09/23 19:25:24.921, NVIDIA GeForce RTX 4060 Ti, 36 %, 5255 MiB, 8188 MiB, 41, 34.26 W
2026/09/23 19:25:25.928, NVIDIA GeForce RTX 4060 Ti, 23 %, 5255 MiB, 8188 MiB, 41, 34.16 W
2026/09/23 19:25:26.971, NVIDIA GeForce RTX 4060 Ti, 37 %, 5251 MiB, 8188 MiB, 42, 36.32 W
2026/09/23 19:25:27.978, NVIDIA GeForce RTX 4060 Ti, 28 %, 5251 MiB, 8188 MiB, 42, 36.44 W
2026/09/23 19:25:28.982, NVIDIA GeForce RTX 4060 Ti, 30 %, 5255 MiB, 8188 MiB, 42, 34.83 W
2026/09/23 19:25:29.989, NVIDIA GeForce RTX 4060 Ti, 37 %, 5255 MiB, 8188 MiB, 42, 36.05 W
2026/09/23 19:25:30.994, NVIDIA GeForce RTX 4060 Ti, 27 %, 5255 MiB, 8188 MiB, 42, 34.59 W
2026/09/23 19:25:32.000, NVIDIA GeForce RTX 4060 Ti, 36 %, 5255 MiB, 8188 MiB, 43, 35.48 W
2026/09/23 19:25:33.005, NVIDIA GeForce RTX 4060 Ti, 38 %, 5255 MiB, 8188 MiB, 43, 36.14 W
2026/09/23 19:25:34.009, NVIDIA GeForce RTX 4060 Ti, 35 %, 5251 MiB, 8188 MiB, 42, 38.48 W
2026/09/23 19:25:35.015, NVIDIA GeForce RTX 4060 Ti, 32 %, 5256 MiB, 8188 MiB, 43, 37.64 W
2026/09/23 19:25:36.024, NVIDIA GeForce RTX 4060 Ti, 27 %, 5255 MiB, 8188 MiB, 42, 36.63 W
2026/09/23 19:25:37.029, NVIDIA GeForce RTX 4060 Ti, 40 %, 5255 MiB, 8188 MiB, 44, 40.82 W
2026/09/23 19:25:38.035, NVIDIA GeForce RTX 4060 Ti, 33 %, 5255 MiB, 8188 MiB, 44, 44.73 W
2026/09/23 19:25:39.041, NVIDIA GeForce RTX 4060 Ti, 46 %, 5255 MiB, 8188 MiB, 43, 42.16 W
2026/09/23 19:25:40.047, NVIDIA GeForce RTX 4060 Ti, 35 %, 5251 MiB, 8188 MiB, 43, 41.99 W
2026/09/23 19:25:41.053, NVIDIA GeForce RTX 4060 Ti, 34 %, 5256 MiB, 8188 MiB, 43, 41.51 W
2026/09/23 19:25:42.060, NVIDIA GeForce RTX 4060 Ti, 36 %, 5255 MiB, 8188 MiB, 43, 38.48 W
2026/09/23 19:25:43.065, NVIDIA GeForce RTX 4060 Ti, 30 %, 5255 MiB, 8188 MiB, 43, 38.35 W
2026/09/23 19:25:44.071, NVIDIA GeForce RTX 4060 Ti, 27 %, 5255 MiB, 8188 MiB, 46, 54.10 W
2026/09/23 19:25:45.077, NVIDIA GeForce RTX 4060 Ti, 29 %, 5255 MiB, 8188 MiB, 45, 62.45 W
2026/09/23 19:25:46.085, NVIDIA GeForce RTX 4060 Ti, 36 %, 5255 MiB, 8188 MiB, 45, 48.50 W
2026/09/23 19:25:47.091, NVIDIA GeForce RTX 4060 Ti, 34 %, 5251 MiB, 8188 MiB, 44, 48.44 W
2026/09/23 19:25:48.096, NVIDIA GeForce RTX 4060 Ti, 34 %, 5256 MiB, 8188 MiB, 44, 47.06 W
2026/09/23 19:25:49.100, NVIDIA GeForce RTX 4060 Ti, 45 %, 5255 MiB, 8188 MiB, 46, 53.01 W
2026/09/23 19:25:50.108, NVIDIA GeForce RTX 4060 Ti, 42 %, 5255 MiB, 8188 MiB, 46, 64.02 W
2026/09/23 19:25:51.118, NVIDIA GeForce RTX 4060 Ti, 44 %, 5255 MiB, 8188 MiB, 49, 70.94 W
2026/09/23 19:25:52.123, NVIDIA GeForce RTX 4060 Ti, 37 %, 5255 MiB, 8188 MiB, 47, 68.02 W
2026/09/23 19:25:53.129, NVIDIA GeForce RTX 4060 Ti, 31 %, 5251 MiB, 8188 MiB, 47, 72.69 W
2026/09/23 19:25:54.135, NVIDIA GeForce RTX 4060 Ti, 31 %, 5256 MiB, 8188 MiB, 49, 67.53 W
2026/09/23 19:25:55.140, NVIDIA GeForce RTX 4060 Ti, 38 %, 5255 MiB, 8188 MiB, 49, 67.63 W
2026/09/23 19:25:56.148, NVIDIA GeForce RTX 4060 Ti, 46 %, 5255 MiB, 8188 MiB, 48, 73.54 W
2026/09/23 19:25:57.155, NVIDIA GeForce RTX 4060 Ti, 27 %, 5255 MiB, 8188 MiB, 46, 72.10 W
2026/09/23 19:25:58.161, NVIDIA GeForce RTX 4060 Ti, 29 %, 5255 MiB, 8188 MiB, 47, 70.53 W
2026/09/23 19:25:59.167, NVIDIA GeForce RTX 4060 Ti, 27 %, 5251 MiB, 8188 MiB, 49, 74.74 W
2026/09/23 19:26:00.174, NVIDIA GeForce RTX 4060 Ti, 45 %, 5255 MiB, 8188 MiB, 51, 79.69 W
2026/09/23 19:26:01.187, NVIDIA GeForce RTX 4060 Ti, 29 %, 5255 MiB, 8188 MiB, 48, 70.18 W
2026/09/23 19:26:02.191, NVIDIA GeForce RTX 4060 Ti, 32 %, 5255 MiB, 8188 MiB, 49, 72.39 W
2026/09/23 19:26:03.197, NVIDIA GeForce RTX 4060 Ti, 43 %, 5255 MiB, 8188 MiB, 49, 80.11 W
2026/09/23 19:26:04.202, NVIDIA GeForce RTX 4060 Ti, 50 %, 5255 MiB, 8188 MiB, 50, 82.99 W
2026/09/23 19:26:05.206, NVIDIA GeForce RTX 4060 Ti, 47 %, 5255 MiB, 8188 MiB, 51, 85.87 W
2026/09/23 19:26:06.213, NVIDIA GeForce RTX 4060 Ti, 46 %, 5251 MiB, 8188 MiB, 52, 82.49 W
2026/09/23 19:26:07.219, NVIDIA GeForce RTX 4060 Ti, 34 %, 5255 MiB, 8188 MiB, 52, 76.08 W
2026/09/23 19:26:08.224, NVIDIA GeForce RTX 4060 Ti, 48 %, 5255 MiB, 8188 MiB, 51, 80.42 W
2026/09/23 19:26:09.229, NVIDIA GeForce RTX 4060 Ti, 44 %, 5255 MiB, 8188 MiB, 51, 78.22 W
2026/09/23 19:26:10.236, NVIDIA GeForce RTX 4060 Ti, 57 %, 5255 MiB, 8188 MiB, 52, 91.18 W
2026/09/23 19:26:11.242, NVIDIA GeForce RTX 4060 Ti, 60 %, 5255 MiB, 8188 MiB, 54, 97.90 W
2026/09/23 19:26:12.249, NVIDIA GeForce RTX 4060 Ti, 36 %, 5251 MiB, 8188 MiB, 51, 85.03 W
2026/09/23 19:26:13.253, NVIDIA GeForce RTX 4060 Ti, 44 %, 5256 MiB, 8188 MiB, 55, 84.91 W
2026/09/23 19:26:14.258, NVIDIA GeForce RTX 4060 Ti, 49 %, 5256 MiB, 8188 MiB, 54, 88.35 W
2026/09/23 19:26:15.264, NVIDIA GeForce RTX 4060 Ti, 48 %, 5256 MiB, 8188 MiB, 54, 93.31 W
2026/09/23 19:26:16.271, NVIDIA GeForce RTX 4060 Ti, 67 %, 5255 MiB, 8188 MiB, 56, 95.68 W
2026/09/23 19:26:17.277, NVIDIA GeForce RTX 4060 Ti, 53 %, 5255 MiB, 8188 MiB, 54, 104.29 W
2026/09/23 19:26:18.282, NVIDIA GeForce RTX 4060 Ti, 66 %, 5251 MiB, 8188 MiB, 55, 102.79 W
2026/09/23 19:26:19.288, NVIDIA GeForce RTX 4060 Ti, 41 %, 5256 MiB, 8188 MiB, 51, 95.14 W
2026/09/23 19:26:20.293, NVIDIA GeForce RTX 4060 Ti, 69 %, 5255 MiB, 8188 MiB, 58, 107.96 W
2026/09/23 19:26:21.303, NVIDIA GeForce RTX 4060 Ti, 53 %, 5255 MiB, 8188 MiB, 54, 105.51 W
2026/09/23 19:26:22.310, NVIDIA GeForce RTX 4060 Ti, 76 %, 5255 MiB, 8188 MiB, 55, 110.04 W
2026/09/23 19:26:23.320, NVIDIA GeForce RTX 4060 Ti, 84 %, 5255 MiB, 8188 MiB, 57, 114.11 W
2026/09/23 19:26:24.326, NVIDIA GeForce RTX 4060 Ti, 80 %, 5255 MiB, 8188 MiB, 59, 118.13 W
2026/09/23 19:26:25.331, NVIDIA GeForce RTX 4060 Ti, 59 %, 5251 MiB, 8188 MiB, 54, 110.27 W
2026/09/23 19:26:26.338, NVIDIA GeForce RTX 4060 Ti, 83 %, 5255 MiB, 8188 MiB, 56, 109.80 W
2026/09/23 19:26:27.344, NVIDIA GeForce RTX 4060 Ti, 77 %, 5255 MiB, 8188 MiB, 57, 120.04 W
2026/09/23 19:26:28.350, NVIDIA GeForce RTX 4060 Ti, 82 %, 5255 MiB, 8188 MiB, 58, 115.84 W
2026/09/23 19:26:29.357, NVIDIA GeForce RTX 4060 Ti, 81 %, 5255 MiB, 8188 MiB, 54, 114.56 W
2026/09/23 19:26:30.364, NVIDIA GeForce RTX 4060 Ti, 84 %, 5255 MiB, 8188 MiB, 57, 115.51 W
2026/09/23 19:26:31.369, NVIDIA GeForce RTX 4060 Ti, 80 %, 5251 MiB, 8188 MiB, 57, 117.56 W
2026/09/23 19:26:32.377, NVIDIA GeForce RTX 4060 Ti, 78 %, 5255 MiB, 8188 MiB, 58, 114.05 W
2026/09/23 19:26:33.383, NVIDIA GeForce RTX 4060 Ti, 99 %, 5255 MiB, 8188 MiB, 58, 116.81 W
2026/09/23 19:26:34.391, NVIDIA GeForce RTX 4060 Ti, 88 %, 5255 MiB, 8188 MiB, 58, 115.68 W
2026/09/23 19:26:35.397, NVIDIA GeForce RTX 4060 Ti, 87 %, 5255 MiB, 8188 MiB, 55, 115.14 W
2026/09/23 19:26:36.404, NVIDIA GeForce RTX 4060 Ti, 88 %, 5255 MiB, 8188 MiB, 54, 118.74 W
2026/09/23 19:26:37.409, NVIDIA GeForce RTX 4060 Ti, 84 %, 5251 MiB, 8188 MiB, 57, 117.39 W
2026/09/23 19:26:38.415, NVIDIA GeForce RTX 4060 Ti, 86 %, 5256 MiB, 8188 MiB, 57, 116.30 W
2026/09/23 19:26:39.422, NVIDIA GeForce RTX 4060 Ti, 92 %, 5255 MiB, 8188 MiB, 55, 117.38 W
2026/09/23 19:26:40.427, NVIDIA GeForce RTX 4060 Ti, 87 %, 5255 MiB, 8188 MiB, 57, 115.64 W
2026/09/23 19:26:41.432, NVIDIA GeForce RTX 4060 Ti, 86 %, 5255 MiB, 8188 MiB, 56, 116.94 W
2026/09/23 19:26:42.439, NVIDIA GeForce RTX 4060 Ti, 91 %, 5255 MiB, 8188 MiB, 56, 115.35 W
2026/09/23 19:26:43.445, NVIDIA GeForce RTX 4060 Ti, 90 %, 5255 MiB, 8188 MiB, 56, 113.96 W
2026/09/23 19:26:44.451, NVIDIA GeForce RTX 4060 Ti, 89 %, 5251 MiB, 8188 MiB, 56, 115.19 W
2026/09/23 19:26:45.456, NVIDIA GeForce RTX 4060 Ti, 93 %, 5256 MiB, 8188 MiB, 56, 114.32 W
2026/09/23 19:26:46.461, NVIDIA GeForce RTX 4060 Ti, 91 %, 5255 MiB, 8188 MiB, 56, 112.21 W
2026/09/23 19:26:47.467, NVIDIA GeForce RTX 4060 Ti, 92 %, 5255 MiB, 8188 MiB, 54, 111.11 W
2026/09/23 19:26:48.473, NVIDIA GeForce RTX 4060 Ti, 92 %, 5255 MiB, 8188 MiB, 55, 110.28 W
2026/09/23 19:26:49.480, NVIDIA GeForce RTX 4060 Ti, 91 %, 5255 MiB, 8188 MiB, 55, 111.25 W
2026/09/23 19:26:50.486, NVIDIA GeForce RTX 4060 Ti, 100 %, 5251 MiB, 8188 MiB, 55, 110.69 W
2026/09/23 19:26:51.499, NVIDIA GeForce RTX 4060 Ti, 91 %, 5255 MiB, 8188 MiB, 55, 110.43 W
2026/09/23 19:26:52.503, NVIDIA GeForce RTX 4060 Ti, 90 %, 5255 MiB, 8188 MiB, 55, 109.65 W
2026/09/23 19:26:53.509, NVIDIA GeForce RTX 4060 Ti, 100 %, 5255 MiB, 8188 MiB, 55, 111.88 W
2026/09/23 19:26:54.516, NVIDIA GeForce RTX 4060 Ti, 100 %, 5255 MiB, 8188 MiB, 56, 110.60 W
2026/09/23 19:26:55.522, NVIDIA GeForce RTX 4060 Ti, 100 %, 5255 MiB, 8188 MiB, 55, 111.05 W
2026/09/23 19:26:56.529, NVIDIA GeForce RTX 4060 Ti, 0 %, 5219 MiB, 8188 MiB, 45, 49.73 W
2026/09/23 19:26:57.542, NVIDIA GeForce RTX 4060 Ti, 0 %, 5224 MiB, 8188 MiB, 44, 33.40 W
2026/09/23 19:26:58.548, NVIDIA GeForce RTX 4060 Ti, 1 %, 5223 MiB, 8188 MiB, 42, 20.68 W
2026/09/23 19:26:59.554, NVIDIA GeForce RTX 4060 Ti, 61 %, 5237 MiB, 8188 MiB, 42, 11.52 W
2026/09/23 19:27:00.561, NVIDIA GeForce RTX 4060 Ti, 5 %, 5267 MiB, 8188 MiB, 42, 14.76 W
2026/09/23 19:27:01.572, NVIDIA GeForce RTX 4060 Ti, 0 %, 5267 MiB, 8188 MiB, 42, 22.24 W
2026/09/23 19:27:02.578, NVIDIA GeForce RTX 4060 Ti, 100 %, 5265 MiB, 8188 MiB, 42, 21.68 W
2026/09/23 19:27:03.589, NVIDIA GeForce RTX 4060 Ti, 86 %, 5269 MiB, 8188 MiB, 57, 116.79 W
2026/09/23 19:27:04.594, NVIDIA GeForce RTX 4060 Ti, 81 %, 5269 MiB, 8188 MiB, 55, 125.21 W
2026/09/23 19:27:05.601, NVIDIA GeForce RTX 4060 Ti, 87 %, 5269 MiB, 8188 MiB, 59, 132.08 W
2026/09/23 19:27:06.607, NVIDIA GeForce RTX 4060 Ti, 85 %, 5269 MiB, 8188 MiB, 55, 135.11 W
2026/09/23 19:27:07.612, NVIDIA GeForce RTX 4060 Ti, 89 %, 5269 MiB, 8188 MiB, 59, 134.56 W
2026/09/23 19:27:08.618, NVIDIA GeForce RTX 4060 Ti, 81 %, 5265 MiB, 8188 MiB, 56, 132.21 W
2026/09/23 19:27:09.625, NVIDIA GeForce RTX 4060 Ti, 78 %, 5265 MiB, 8188 MiB, 59, 130.02 W
2026/09/23 19:27:10.632, NVIDIA GeForce RTX 4060 Ti, 83 %, 5269 MiB, 8188 MiB, 59, 127.98 W
2026/09/23 19:27:11.639, NVIDIA GeForce RTX 4060 Ti, 72 %, 5269 MiB, 8188 MiB, 55, 132.31 W
2026/09/23 19:27:12.647, NVIDIA GeForce RTX 4060 Ti, 65 %, 5269 MiB, 8188 MiB, 54, 126.68 W
2026/09/23 19:27:13.656, NVIDIA GeForce RTX 4060 Ti, 89 %, 5270 MiB, 8188 MiB, 59, 137.45 W
2026/09/23 19:27:14.662, NVIDIA GeForce RTX 4060 Ti, 84 %, 5269 MiB, 8188 MiB, 58, 133.07 W
2026/09/23 19:27:15.668, NVIDIA GeForce RTX 4060 Ti, 75 %, 5269 MiB, 8188 MiB, 55, 135.24 W
2026/09/23 19:27:16.674, NVIDIA GeForce RTX 4060 Ti, 80 %, 5270 MiB, 8188 MiB, 59, 136.45 W
2026/09/23 19:27:17.680, NVIDIA GeForce RTX 4060 Ti, 88 %, 5270 MiB, 8188 MiB, 56, 139.81 W
2026/09/23 19:27:18.686, NVIDIA GeForce RTX 4060 Ti, 79 %, 5269 MiB, 8188 MiB, 58, 133.51 W
2026/09/23 19:27:19.690, NVIDIA GeForce RTX 4060 Ti, 80 %, 5269 MiB, 8188 MiB, 58, 131.99 W
2026/09/23 19:27:20.697, NVIDIA GeForce RTX 4060 Ti, 88 %, 5268 MiB, 8188 MiB, 56, 135.35 W
2026/09/23 19:27:21.702, NVIDIA GeForce RTX 4060 Ti, 84 %, 5267 MiB, 8188 MiB, 60, 137.82 W
2026/09/23 19:27:22.708, NVIDIA GeForce RTX 4060 Ti, 87 %, 5271 MiB, 8188 MiB, 59, 132.89 W
2026/09/23 19:27:23.716, NVIDIA GeForce RTX 4060 Ti, 84 %, 5271 MiB, 8188 MiB, 59, 137.84 W
2026/09/23 19:27:24.722, NVIDIA GeForce RTX 4060 Ti, 86 %, 5271 MiB, 8188 MiB, 58, 135.22 W
2026/09/23 19:27:25.728, NVIDIA GeForce RTX 4060 Ti, 80 %, 5271 MiB, 8188 MiB, 59, 136.11 W
2026/09/23 19:27:26.734, NVIDIA GeForce RTX 4060 Ti, 89 %, 5271 MiB, 8188 MiB, 58, 139.03 W
2026/09/23 19:27:27.743, NVIDIA GeForce RTX 4060 Ti, 82 %, 5267 MiB, 8188 MiB, 60, 133.55 W
2026/09/23 19:27:28.750, NVIDIA GeForce RTX 4060 Ti, 85 %, 5267 MiB, 8188 MiB, 60, 137.05 W
2026/09/23 19:27:29.756, NVIDIA GeForce RTX 4060 Ti, 87 %, 5271 MiB, 8188 MiB, 59, 136.05 W
2026/09/23 19:27:30.760, NVIDIA GeForce RTX 4060 Ti, 90 %, 5271 MiB, 8188 MiB, 60, 140.33 W
2026/09/23 19:27:31.766, NVIDIA GeForce RTX 4060 Ti, 89 %, 5271 MiB, 8188 MiB, 60, 139.87 W
2026/09/23 19:27:32.772, NVIDIA GeForce RTX 4060 Ti, 93 %, 5271 MiB, 8188 MiB, 55, 138.79 W
2026/09/23 19:27:33.779, NVIDIA GeForce RTX 4060 Ti, 89 %, 5271 MiB, 8188 MiB, 59, 139.40 W
2026/09/23 19:27:34.785, NVIDIA GeForce RTX 4060 Ti, 88 %, 5267 MiB, 8188 MiB, 58, 140.66 W
2026/09/23 19:27:35.799, NVIDIA GeForce RTX 4060 Ti, 89 %, 5271 MiB, 8188 MiB, 60, 140.81 W
2026/09/23 19:27:36.814, NVIDIA GeForce RTX 4060 Ti, 85 %, 5271 MiB, 8188 MiB, 60, 141.05 W
2026/09/23 19:27:37.818, NVIDIA GeForce RTX 4060 Ti, 89 %, 5271 MiB, 8188 MiB, 56, 142.54 W
2026/09/23 19:27:38.823, NVIDIA GeForce RTX 4060 Ti, 86 %, 5271 MiB, 8188 MiB, 61, 141.55 W
2026/09/23 19:27:39.828, NVIDIA GeForce RTX 4060 Ti, 93 %, 5271 MiB, 8188 MiB, 60, 143.31 W
2026/09/23 19:27:40.835, NVIDIA GeForce RTX 4060 Ti, 89 %, 5267 MiB, 8188 MiB, 56, 142.01 W
2026/09/23 19:27:41.840, NVIDIA GeForce RTX 4060 Ti, 87 %, 5271 MiB, 8188 MiB, 61, 143.37 W
2026/09/23 19:27:42.846, NVIDIA GeForce RTX 4060 Ti, 93 %, 5271 MiB, 8188 MiB, 60, 144.67 W
2026/09/23 19:27:43.854, NVIDIA GeForce RTX 4060 Ti, 91 %, 5271 MiB, 8188 MiB, 61, 144.31 W
2026/09/23 19:27:44.859, NVIDIA GeForce RTX 4060 Ti, 93 %, 5271 MiB, 8188 MiB, 60, 143.34 W
2026/09/23 19:27:45.876, NVIDIA GeForce RTX 4060 Ti, 91 %, 5271 MiB, 8188 MiB, 60, 141.74 W
2026/09/23 19:27:46.881, NVIDIA GeForce RTX 4060 Ti, 89 %, 5267 MiB, 8188 MiB, 58, 144.01 W
2026/09/23 19:27:47.886, NVIDIA GeForce RTX 4060 Ti, 91 %, 5272 MiB, 8188 MiB, 61, 144.48 W
2026/09/23 19:27:48.895, NVIDIA GeForce RTX 4060 Ti, 86 %, 5271 MiB, 8188 MiB, 60, 143.14 W
2026/09/23 19:27:49.901, NVIDIA GeForce RTX 4060 Ti, 92 %, 5273 MiB, 8188 MiB, 61, 145.20 W
2026/09/23 19:27:50.907, NVIDIA GeForce RTX 4060 Ti, 92 %, 5273 MiB, 8188 MiB, 61, 142.88 W
2026/09/23 19:27:51.914, NVIDIA GeForce RTX 4060 Ti, 90 %, 5273 MiB, 8188 MiB, 61, 143.73 W
2026/09/23 19:27:52.921, NVIDIA GeForce RTX 4060 Ti, 93 %, 5273 MiB, 8188 MiB, 61, 145.81 W
2026/09/23 19:27:53.928, NVIDIA GeForce RTX 4060 Ti, 93 %, 5269 MiB, 8188 MiB, 60, 145.00 W
2026/09/23 19:27:54.935, NVIDIA GeForce RTX 4060 Ti, 93 %, 5274 MiB, 8188 MiB, 61, 144.58 W
2026/09/23 19:27:55.940, NVIDIA GeForce RTX 4060 Ti, 92 %, 5273 MiB, 8188 MiB, 57, 146.65 W
2026/09/23 19:27:56.948, NVIDIA GeForce RTX 4060 Ti, 92 %, 5273 MiB, 8188 MiB, 61, 144.95 W
2026/09/23 19:27:57.955, NVIDIA GeForce RTX 4060 Ti, 89 %, 5273 MiB, 8188 MiB, 61, 143.19 W
2026/09/23 19:27:58.961, NVIDIA GeForce RTX 4060 Ti, 89 %, 5273 MiB, 8188 MiB, 61, 145.12 W
2026/09/23 19:27:59.966, NVIDIA GeForce RTX 4060 Ti, 91 %, 5269 MiB, 8188 MiB, 61, 145.36 W
2026/09/23 19:28:00.972, NVIDIA GeForce RTX 4060 Ti, 93 %, 5274 MiB, 8188 MiB, 60, 145.09 W
2026/09/23 19:28:01.977, NVIDIA GeForce RTX 4060 Ti, 92 %, 5273 MiB, 8188 MiB, 60, 145.37 W
2026/09/23 19:28:02.983, NVIDIA GeForce RTX 4060 Ti, 91 %, 5273 MiB, 8188 MiB, 57, 145.22 W
2026/09/23 19:28:03.991, NVIDIA GeForce RTX 4060 Ti, 93 %, 5273 MiB, 8188 MiB, 61, 145.85 W
2026/09/23 19:28:04.996, NVIDIA GeForce RTX 4060 Ti, 91 %, 5273 MiB, 8188 MiB, 62, 145.16 W
2026/09/23 19:28:06.003, NVIDIA GeForce RTX 4060 Ti, 96 %, 5269 MiB, 8188 MiB, 60, 146.58 W
2026/09/23 19:28:07.012, NVIDIA GeForce RTX 4060 Ti, 93 %, 5274 MiB, 8188 MiB, 61, 147.19 W
2026/09/23 19:28:08.019, NVIDIA GeForce RTX 4060 Ti, 93 %, 5273 MiB, 8188 MiB, 60, 146.96 W
2026/09/23 19:28:09.025, NVIDIA GeForce RTX 4060 Ti, 92 %, 5273 MiB, 8188 MiB, 61, 145.79 W
2026/09/23 19:28:10.031, NVIDIA GeForce RTX 4060 Ti, 92 %, 5273 MiB, 8188 MiB, 61, 146.21 W
2026/09/23 19:28:11.037, NVIDIA GeForce RTX 4060 Ti, 96 %, 5273 MiB, 8188 MiB, 60, 145.48 W
2026/09/23 19:28:12.044, NVIDIA GeForce RTX 4060 Ti, 89 %, 5273 MiB, 8188 MiB, 61, 144.29 W
2026/09/23 19:28:13.050, NVIDIA GeForce RTX 4060 Ti, 92 %, 5274 MiB, 8188 MiB, 60, 145.60 W
2026/09/23 19:28:14.056, NVIDIA GeForce RTX 4060 Ti, 91 %, 5274 MiB, 8188 MiB, 62, 144.51 W
2026/09/23 19:28:15.062, NVIDIA GeForce RTX 4060 Ti, 92 %, 5274 MiB, 8188 MiB, 61, 145.74 W
2026/09/23 19:28:16.067, NVIDIA GeForce RTX 4060 Ti, 95 %, 5274 MiB, 8188 MiB, 61, 144.68 W
2026/09/23 19:28:17.073, NVIDIA GeForce RTX 4060 Ti, 89 %, 5273 MiB, 8188 MiB, 60, 141.82 W
2026/09/23 19:28:18.079, NVIDIA GeForce RTX 4060 Ti, 93 %, 5278 MiB, 8188 MiB, 61, 141.23 W
2026/09/23 19:28:19.085, NVIDIA GeForce RTX 4060 Ti, 96 %, 5274 MiB, 8188 MiB, 61, 146.60 W
2026/09/23 19:28:20.092, NVIDIA GeForce RTX 4060 Ti, 94 %, 5279 MiB, 8188 MiB, 59, 143.01 W
2026/09/23 19:28:21.097, NVIDIA GeForce RTX 4060 Ti, 92 %, 5278 MiB, 8188 MiB, 61, 146.53 W
2026/09/23 19:28:22.104, NVIDIA GeForce RTX 4060 Ti, 93 %, 5278 MiB, 8188 MiB, 62, 143.94 W
2026/09/23 19:28:23.110, NVIDIA GeForce RTX 4060 Ti, 91 %, 5278 MiB, 8188 MiB, 61, 143.33 W
2026/09/23 19:28:24.117, NVIDIA GeForce RTX 4060 Ti, 97 %, 5278 MiB, 8188 MiB, 61, 143.79 W
2026/09/23 19:28:25.122, NVIDIA GeForce RTX 4060 Ti, 91 %, 5271 MiB, 8188 MiB, 61, 144.18 W
2026/09/23 19:28:26.129, NVIDIA GeForce RTX 4060 Ti, 97 %, 5275 MiB, 8188 MiB, 61, 143.30 W
2026/09/23 19:28:27.135, NVIDIA GeForce RTX 4060 Ti, 93 %, 5275 MiB, 8188 MiB, 61, 146.01 W
2026/09/23 19:28:28.142, NVIDIA GeForce RTX 4060 Ti, 96 %, 5275 MiB, 8188 MiB, 60, 140.35 W
2026/09/23 19:28:29.148, NVIDIA GeForce RTX 4060 Ti, 96 %, 5275 MiB, 8188 MiB, 60, 141.71 W
2026/09/23 19:28:30.154, NVIDIA GeForce RTX 4060 Ti, 92 %, 5273 MiB, 8188 MiB, 60, 142.31 W
2026/09/23 19:28:31.161, NVIDIA GeForce RTX 4060 Ti, 92 %, 5269 MiB, 8188 MiB, 62, 142.28 W
2026/09/23 19:28:32.167, NVIDIA GeForce RTX 4060 Ti, 97 %, 5274 MiB, 8188 MiB, 61, 142.73 W
2026/09/23 19:28:33.182, NVIDIA GeForce RTX 4060 Ti, 91 %, 5273 MiB, 8188 MiB, 60, 142.74 W
2026/09/23 19:28:34.190, NVIDIA GeForce RTX 4060 Ti, 94 %, 5273 MiB, 8188 MiB, 61, 140.14 W
2026/09/23 19:28:35.196, NVIDIA GeForce RTX 4060 Ti, 94 %, 5273 MiB, 8188 MiB, 61, 138.98 W
2026/09/23 19:28:36.202, NVIDIA GeForce RTX 4060 Ti, 95 %, 5273 MiB, 8188 MiB, 60, 141.44 W
2026/09/23 19:28:37.207, NVIDIA GeForce RTX 4060 Ti, 94 %, 5269 MiB, 8188 MiB, 61, 144.20 W
2026/09/23 19:28:38.213, NVIDIA GeForce RTX 4060 Ti, 91 %, 5274 MiB, 8188 MiB, 62, 145.71 W
2026/09/23 19:28:39.219, NVIDIA GeForce RTX 4060 Ti, 96 %, 5273 MiB, 8188 MiB, 58, 140.28 W
2026/09/23 19:28:40.228, NVIDIA GeForce RTX 4060 Ti, 96 %, 5273 MiB, 8188 MiB, 56, 138.54 W
2026/09/23 19:28:41.235, NVIDIA GeForce RTX 4060 Ti, 95 %, 5273 MiB, 8188 MiB, 59, 137.49 W
2026/09/23 19:28:42.242, NVIDIA GeForce RTX 4060 Ti, 96 %, 5273 MiB, 8188 MiB, 61, 143.80 W
2026/09/23 19:28:43.250, NVIDIA GeForce RTX 4060 Ti, 96 %, 5273 MiB, 8188 MiB, 58, 143.48 W
2026/09/23 19:28:44.259, NVIDIA GeForce RTX 4060 Ti, 96 %, 5269 MiB, 8188 MiB, 59, 141.79 W
2026/09/23 19:28:45.268, NVIDIA GeForce RTX 4060 Ti, 96 %, 5273 MiB, 8188 MiB, 57, 137.99 W
2026/09/23 19:28:46.273, NVIDIA GeForce RTX 4060 Ti, 89 %, 5274 MiB, 8188 MiB, 61, 139.30 W
2026/09/23 19:28:47.279, NVIDIA GeForce RTX 4060 Ti, 96 %, 5274 MiB, 8188 MiB, 59, 139.90 W
2026/09/23 19:28:48.286, NVIDIA GeForce RTX 4060 Ti, 91 %, 5273 MiB, 8188 MiB, 60, 141.64 W
2026/09/23 19:28:49.292, NVIDIA GeForce RTX 4060 Ti, 95 %, 5273 MiB, 8188 MiB, 59, 137.32 W
2026/09/23 19:28:50.300, NVIDIA GeForce RTX 4060 Ti, 95 %, 5269 MiB, 8188 MiB, 61, 138.70 W
2026/09/23 19:28:51.306, NVIDIA GeForce RTX 4060 Ti, 96 %, 5273 MiB, 8188 MiB, 61, 143.55 W
2026/09/23 19:28:52.314, NVIDIA GeForce RTX 4060 Ti, 95 %, 5273 MiB, 8188 MiB, 60, 141.43 W
2026/09/23 19:28:53.320, NVIDIA GeForce RTX 4060 Ti, 92 %, 5273 MiB, 8188 MiB, 60, 138.25 W
2026/09/23 19:28:54.329, NVIDIA GeForce RTX 4060 Ti, 96 %, 5273 MiB, 8188 MiB, 59, 138.81 W
2026/09/23 19:28:55.335, NVIDIA GeForce RTX 4060 Ti, 96 %, 5273 MiB, 8188 MiB, 60, 140.10 W
2026/09/23 19:28:56.341, NVIDIA GeForce RTX 4060 Ti, 91 %, 5269 MiB, 8188 MiB, 60, 137.49 W
2026/09/23 19:28:57.347, NVIDIA GeForce RTX 4060 Ti, 96 %, 5274 MiB, 8188 MiB, 60, 142.34 W
2026/09/23 19:28:58.353, NVIDIA GeForce RTX 4060 Ti, 96 %, 5273 MiB, 8188 MiB, 60, 137.71 W
2026/09/23 19:28:59.359, NVIDIA GeForce RTX 4060 Ti, 96 %, 5273 MiB, 8188 MiB, 60, 136.41 W
2026/09/23 19:29:00.365, NVIDIA GeForce RTX 4060 Ti, 93 %, 5273 MiB, 8188 MiB, 60, 136.41 W
2026/09/23 19:29:01.371, NVIDIA GeForce RTX 4060 Ti, 96 %, 5273 MiB, 8188 MiB, 60, 139.66 W
2026/09/23 19:29:02.376, NVIDIA GeForce RTX 4060 Ti, 95 %, 5273 MiB, 8188 MiB, 59, 136.15 W
2026/09/23 19:29:03.382, NVIDIA GeForce RTX 4060 Ti, 96 %, 5274 MiB, 8188 MiB, 61, 139.68 W
2026/09/23 19:29:04.388, NVIDIA GeForce RTX 4060 Ti, 95 %, 5273 MiB, 8188 MiB, 60, 136.63 W
2026/09/23 19:29:05.394, NVIDIA GeForce RTX 4060 Ti, 96 %, 5273 MiB, 8188 MiB, 58, 141.18 W
2026/09/23 19:29:06.401, NVIDIA GeForce RTX 4060 Ti, 100 %, 5273 MiB, 8188 MiB, 60, 143.71 W
2026/09/23 19:29:07.408, NVIDIA GeForce RTX 4060 Ti, 95 %, 5273 MiB, 8188 MiB, 60, 140.27 W
2026/09/23 19:29:08.414, NVIDIA GeForce RTX 4060 Ti, 100 %, 5269 MiB, 8188 MiB, 59, 133.70 W
2026/09/23 19:29:09.420, NVIDIA GeForce RTX 4060 Ti, 96 %, 5269 MiB, 8188 MiB, 59, 137.42 W
2026/09/23 19:29:10.430, NVIDIA GeForce RTX 4060 Ti, 95 %, 5274 MiB, 8188 MiB, 59, 137.15 W
2026/09/23 19:29:11.435, NVIDIA GeForce RTX 4060 Ti, 95 %, 5273 MiB, 8188 MiB, 61, 142.79 W
2026/09/23 19:29:12.442, NVIDIA GeForce RTX 4060 Ti, 96 %, 5273 MiB, 8188 MiB, 59, 133.81 W
2026/09/23 19:29:13.448, NVIDIA GeForce RTX 4060 Ti, 95 %, 5274 MiB, 8188 MiB, 60, 139.38 W
2026/09/23 19:29:14.454, NVIDIA GeForce RTX 4060 Ti, 95 %, 5273 MiB, 8188 MiB, 59, 133.66 W
2026/09/23 19:29:15.460, NVIDIA GeForce RTX 4060 Ti, 95 %, 5273 MiB, 8188 MiB, 60, 142.22 W
2026/09/23 19:29:16.468, NVIDIA GeForce RTX 4060 Ti, 95 %, 5274 MiB, 8188 MiB, 60, 142.85 W
2026/09/23 19:29:17.473, NVIDIA GeForce RTX 4060 Ti, 95 %, 5274 MiB, 8188 MiB, 60, 138.12 W
2026/09/23 19:29:18.479, NVIDIA GeForce RTX 4060 Ti, 100 %, 5274 MiB, 8188 MiB, 60, 137.46 W
2026/09/23 19:29:19.487, NVIDIA GeForce RTX 4060 Ti, 100 %, 5273 MiB, 8188 MiB, 60, 143.16 W
2026/09/23 19:29:20.492, NVIDIA GeForce RTX 4060 Ti, 96 %, 5273 MiB, 8188 MiB, 60, 142.59 W
2026/09/23 19:29:21.500, NVIDIA GeForce RTX 4060 Ti, 95 %, 5269 MiB, 8188 MiB, 60, 141.38 W
2026/09/23 19:29:22.507, NVIDIA GeForce RTX 4060 Ti, 95 %, 5273 MiB, 8188 MiB, 60, 141.58 W
2026/09/23 19:29:23.513, NVIDIA GeForce RTX 4060 Ti, 99 %, 5273 MiB, 8188 MiB, 59, 140.47 W
2026/09/23 19:29:24.519, NVIDIA GeForce RTX 4060 Ti, 100 %, 5273 MiB, 8188 MiB, 59, 139.50 W
2026/09/23 19:29:25.527, NVIDIA GeForce RTX 4060 Ti, 96 %, 5273 MiB, 8188 MiB, 60, 140.18 W
2026/09/23 19:29:26.533, NVIDIA GeForce RTX 4060 Ti, 96 %, 5273 MiB, 8188 MiB, 60, 140.05 W
2026/09/23 19:29:27.541, NVIDIA GeForce RTX 4060 Ti, 95 %, 5269 MiB, 8188 MiB, 59, 138.05 W
2026/09/23 19:29:28.548, NVIDIA GeForce RTX 4060 Ti, 95 %, 5273 MiB, 8188 MiB, 59, 135.85 W
2026/09/23 19:29:29.553, NVIDIA GeForce RTX 4060 Ti, 95 %, 5273 MiB, 8188 MiB, 59, 139.71 W
2026/09/23 19:29:30.560, NVIDIA GeForce RTX 4060 Ti, 100 %, 5273 MiB, 8188 MiB, 59, 137.14 W
2026/09/23 19:29:31.569, NVIDIA GeForce RTX 4060 Ti, 100 %, 5273 MiB, 8188 MiB, 58, 132.17 W
2026/09/23 19:29:32.577, NVIDIA GeForce RTX 4060 Ti, 100 %, 5273 MiB, 8188 MiB, 56, 133.12 W
2026/09/23 19:29:33.585, NVIDIA GeForce RTX 4060 Ti, 95 %, 5273 MiB, 8188 MiB, 59, 134.64 W
2026/09/23 19:29:34.590, NVIDIA GeForce RTX 4060 Ti, 95 %, 5273 MiB, 8188 MiB, 60, 141.74 W
2026/09/23 19:29:35.597, NVIDIA GeForce RTX 4060 Ti, 100 %, 5273 MiB, 8188 MiB, 56, 142.05 W
2026/09/23 19:29:36.603, NVIDIA GeForce RTX 4060 Ti, 95 %, 5273 MiB, 8188 MiB, 60, 137.89 W
2026/09/23 19:29:37.609, NVIDIA GeForce RTX 4060 Ti, 100 %, 5273 MiB, 8188 MiB, 59, 137.66 W
2026/09/23 19:29:38.615, NVIDIA GeForce RTX 4060 Ti, 96 %, 5273 MiB, 8188 MiB, 59, 132.66 W
2026/09/23 19:29:39.620, NVIDIA GeForce RTX 4060 Ti, 94 %, 5269 MiB, 8188 MiB, 59, 135.29 W
2026/09/23 19:29:40.627, NVIDIA GeForce RTX 4060 Ti, 100 %, 5269 MiB, 8188 MiB, 58, 133.84 W
2026/09/23 19:29:41.632, NVIDIA GeForce RTX 4060 Ti, 95 %, 5273 MiB, 8188 MiB, 60, 138.90 W
2026/09/23 19:29:42.638, NVIDIA GeForce RTX 4060 Ti, 95 %, 5273 MiB, 8188 MiB, 59, 130.49 W
2026/09/23 19:29:43.644, NVIDIA GeForce RTX 4060 Ti, 100 %, 5273 MiB, 8188 MiB, 60, 136.87 W
2026/09/23 19:29:44.651, NVIDIA GeForce RTX 4060 Ti, 95 %, 5273 MiB, 8188 MiB, 59, 134.15 W
2026/09/23 19:29:45.660, NVIDIA GeForce RTX 4060 Ti, 95 %, 5273 MiB, 8188 MiB, 59, 132.69 W
2026/09/23 19:29:46.666, NVIDIA GeForce RTX 4060 Ti, 96 %, 5269 MiB, 8188 MiB, 59, 136.67 W
2026/09/23 19:29:47.674, NVIDIA GeForce RTX 4060 Ti, 100 %, 5274 MiB, 8188 MiB, 59, 135.17 W
2026/09/23 19:29:48.684, NVIDIA GeForce RTX 4060 Ti, 100 %, 5273 MiB, 8188 MiB, 59, 131.63 W
2026/09/23 19:29:49.689, NVIDIA GeForce RTX 4060 Ti, 96 %, 5273 MiB, 8188 MiB, 59, 130.37 W
2026/09/23 19:29:50.694, NVIDIA GeForce RTX 4060 Ti, 95 %, 5273 MiB, 8188 MiB, 59, 132.19 W
2026/09/23 19:29:51.699, NVIDIA GeForce RTX 4060 Ti, 96 %, 5273 MiB, 8188 MiB, 58, 131.69 W
2026/09/23 19:29:52.705, NVIDIA GeForce RTX 4060 Ti, 95 %, 5269 MiB, 8188 MiB, 58, 129.38 W
2026/09/23 19:29:53.711, NVIDIA GeForce RTX 4060 Ti, 95 %, 5274 MiB, 8188 MiB, 59, 132.16 W
2026/09/23 19:29:54.717, NVIDIA GeForce RTX 4060 Ti, 95 %, 5273 MiB, 8188 MiB, 59, 132.24 W
2026/09/23 19:29:55.723, NVIDIA GeForce RTX 4060 Ti, 95 %, 5273 MiB, 8188 MiB, 59, 132.88 W
2026/09/23 19:29:56.729, NVIDIA GeForce RTX 4060 Ti, 95 %, 5273 MiB, 8188 MiB, 59, 132.53 W
2026/09/23 19:29:57.735, NVIDIA GeForce RTX 4060 Ti, 96 %, 5273 MiB, 8188 MiB, 58, 132.81 W
2026/09/23 19:29:58.742, NVIDIA GeForce RTX 4060 Ti, 95 %, 5269 MiB, 8188 MiB, 59, 131.46 W
2026/09/23 19:29:59.747, NVIDIA GeForce RTX 4060 Ti, 95 %, 5274 MiB, 8188 MiB, 59, 130.20 W
2026/09/23 19:30:00.753, NVIDIA GeForce RTX 4060 Ti, 95 %, 5273 MiB, 8188 MiB, 59, 132.97 W
2026/09/23 19:30:01.759, NVIDIA GeForce RTX 4060 Ti, 100 %, 5273 MiB, 8188 MiB, 59, 132.66 W
2026/09/23 19:30:02.766, NVIDIA GeForce RTX 4060 Ti, 100 %, 5273 MiB, 8188 MiB, 58, 132.86 W
2026/09/23 19:30:03.773, NVIDIA GeForce RTX 4060 Ti, 95 %, 5273 MiB, 8188 MiB, 59, 130.55 W
2026/09/23 19:30:04.779, NVIDIA GeForce RTX 4060 Ti, 94 %, 5273 MiB, 8188 MiB, 54, 132.52 W
2026/09/23 19:30:05.786, NVIDIA GeForce RTX 4060 Ti, 94 %, 5269 MiB, 8188 MiB, 58, 132.35 W
2026/09/23 19:30:06.792, NVIDIA GeForce RTX 4060 Ti, 100 %, 5274 MiB, 8188 MiB, 59, 131.83 W
2026/09/23 19:30:07.797, NVIDIA GeForce RTX 4060 Ti, 99 %, 5273 MiB, 8188 MiB, 58, 130.85 W
2026/09/23 19:30:08.805, NVIDIA GeForce RTX 4060 Ti, 94 %, 5273 MiB, 8188 MiB, 59, 130.98 W
2026/09/23 19:30:09.812, NVIDIA GeForce RTX 4060 Ti, 100 %, 5273 MiB, 8188 MiB, 58, 132.24 W
2026/09/23 19:30:10.818, NVIDIA GeForce RTX 4060 Ti, 100 %, 5273 MiB, 8188 MiB, 59, 132.15 W
2026/09/23 19:30:11.824, NVIDIA GeForce RTX 4060 Ti, 100 %, 5269 MiB, 8188 MiB, 58, 131.93 W
2026/09/23 19:30:12.830, NVIDIA GeForce RTX 4060 Ti, 100 %, 5274 MiB, 8188 MiB, 54, 132.22 W
2026/09/23 19:30:13.835, NVIDIA GeForce RTX 4060 Ti, 94 %, 5274 MiB, 8188 MiB, 58, 129.66 W
2026/09/23 19:30:14.841, NVIDIA GeForce RTX 4060 Ti, 99 %, 5274 MiB, 8188 MiB, 59, 132.25 W
2026/09/23 19:30:15.847, NVIDIA GeForce RTX 4060 Ti, 99 %, 5274 MiB, 8188 MiB, 58, 131.91 W
2026/09/23 19:30:16.853, NVIDIA GeForce RTX 4060 Ti, 100 %, 5273 MiB, 8188 MiB, 58, 132.75 W
2026/09/23 19:30:17.860, NVIDIA GeForce RTX 4060 Ti, 94 %, 5269 MiB, 8188 MiB, 59, 130.59 W
2026/09/23 19:30:18.867, NVIDIA GeForce RTX 4060 Ti, 100 %, 5274 MiB, 8188 MiB, 58, 131.24 W
2026/09/23 19:30:19.872, NVIDIA GeForce RTX 4060 Ti, 94 %, 5273 MiB, 8188 MiB, 59, 132.00 W
2026/09/23 19:30:20.877, NVIDIA GeForce RTX 4060 Ti, 100 %, 5273 MiB, 8188 MiB, 59, 130.70 W
2026/09/23 19:30:21.883, NVIDIA GeForce RTX 4060 Ti, 94 %, 5273 MiB, 8188 MiB, 58, 130.01 W
2026/09/23 19:30:22.890, NVIDIA GeForce RTX 4060 Ti, 94 %, 5273 MiB, 8188 MiB, 60, 131.06 W
2026/09/23 19:30:23.895, NVIDIA GeForce RTX 4060 Ti, 100 %, 5269 MiB, 8188 MiB, 59, 131.42 W
2026/09/23 19:30:24.903, NVIDIA GeForce RTX 4060 Ti, 95 %, 5273 MiB, 8188 MiB, 58, 132.40 W
2026/09/23 19:30:25.909, NVIDIA GeForce RTX 4060 Ti, 100 %, 5273 MiB, 8188 MiB, 59, 132.90 W
2026/09/23 19:30:26.914, NVIDIA GeForce RTX 4060 Ti, 93 %, 5273 MiB, 8188 MiB, 59, 131.80 W
2026/09/23 19:30:27.920, NVIDIA GeForce RTX 4060 Ti, 100 %, 5273 MiB, 8188 MiB, 59, 132.56 W
2026/09/23 19:30:28.926, NVIDIA GeForce RTX 4060 Ti, 95 %, 5273 MiB, 8188 MiB, 58, 131.48 W
2026/09/23 19:30:29.931, NVIDIA GeForce RTX 4060 Ti, 94 %, 5273 MiB, 8188 MiB, 58, 132.56 W
2026/09/23 19:30:30.938, NVIDIA GeForce RTX 4060 Ti, 100 %, 5273 MiB, 8188 MiB, 59, 132.42 W
2026/09/23 19:30:31.943, NVIDIA GeForce RTX 4060 Ti, 95 %, 5273 MiB, 8188 MiB, 58, 129.68 W
2026/09/23 19:30:32.950, NVIDIA GeForce RTX 4060 Ti, 96 %, 5273 MiB, 8188 MiB, 58, 132.97 W
2026/09/23 19:30:33.956, NVIDIA GeForce RTX 4060 Ti, 100 %, 5273 MiB, 8188 MiB, 58, 131.61 W
2026/09/23 19:30:34.961, NVIDIA GeForce RTX 4060 Ti, 100 %, 5273 MiB, 8188 MiB, 58, 130.99 W
2026/09/23 19:30:35.965, NVIDIA GeForce RTX 4060 Ti, 95 %, 5273 MiB, 8188 MiB, 58, 131.86 W
2026/09/23 19:30:36.970, NVIDIA GeForce RTX 4060 Ti, 100 %, 5269 MiB, 8188 MiB, 58, 132.37 W
2026/09/23 19:30:37.988, NVIDIA GeForce RTX 4060 Ti, 94 %, 5274 MiB, 8188 MiB, 58, 130.89 W
2026/09/23 19:30:38.992, NVIDIA GeForce RTX 4060 Ti, 95 %, 5273 MiB, 8188 MiB, 58, 129.30 W
2026/09/23 19:30:39.999, NVIDIA GeForce RTX 4060 Ti, 100 %, 5273 MiB, 8188 MiB, 59, 132.42 W
2026/09/23 19:30:41.004, NVIDIA GeForce RTX 4060 Ti, 100 %, 5273 MiB, 8188 MiB, 58, 129.37 W
2026/09/23 19:30:42.011, NVIDIA GeForce RTX 4060 Ti, 94 %, 5273 MiB, 8188 MiB, 58, 131.77 W
2026/09/23 19:30:43.039, NVIDIA GeForce RTX 4060 Ti, 100 %, 5269 MiB, 8188 MiB, 59, 134.69 W
2026/09/23 19:30:44.045, NVIDIA GeForce RTX 4060 Ti, 100 %, 5274 MiB, 8188 MiB, 59, 133.29 W
2026/09/23 19:30:45.050, NVIDIA GeForce RTX 4060 Ti, 100 %, 5273 MiB, 8188 MiB, 59, 133.28 W
2026/09/23 19:30:46.057, NVIDIA GeForce RTX 4060 Ti, 100 %, 5273 MiB, 8188 MiB, 58, 132.06 W
2026/09/23 19:30:47.063, NVIDIA GeForce RTX 4060 Ti, 100 %, 5273 MiB, 8188 MiB, 58, 129.05 W
2026/09/23 19:30:48.069, NVIDIA GeForce RTX 4060 Ti, 100 %, 5273 MiB, 8188 MiB, 58, 130.95 W
2026/09/23 19:30:49.076, NVIDIA GeForce RTX 4060 Ti, 100 %, 5269 MiB, 8188 MiB, 59, 129.53 W
2026/09/23 19:30:50.082, NVIDIA GeForce RTX 4060 Ti, 100 %, 5274 MiB, 8188 MiB, 58, 132.26 W
2026/09/23 19:30:51.088, NVIDIA GeForce RTX 4060 Ti, 100 %, 5273 MiB, 8188 MiB, 59, 131.49 W
2026/09/23 19:30:52.094, NVIDIA GeForce RTX 4060 Ti, 100 %, 5273 MiB, 8188 MiB, 58, 132.38 W
2026/09/23 19:30:53.102, NVIDIA GeForce RTX 4060 Ti, 100 %, 5273 MiB, 8188 MiB, 59, 130.96 W
2026/09/23 19:30:54.107, NVIDIA GeForce RTX 4060 Ti, 100 %, 5273 MiB, 8188 MiB, 58, 132.58 W
2026/09/23 19:30:55.115, NVIDIA GeForce RTX 4060 Ti, 98 %, 5269 MiB, 8188 MiB, 58, 131.91 W
2026/09/23 19:30:56.121, NVIDIA GeForce RTX 4060 Ti, 94 %, 5274 MiB, 8188 MiB, 59, 132.01 W
2026/09/23 19:30:57.126, NVIDIA GeForce RTX 4060 Ti, 94 %, 5273 MiB, 8188 MiB, 59, 132.89 W
2026/09/23 19:30:58.131, NVIDIA GeForce RTX 4060 Ti, 100 %, 5273 MiB, 8188 MiB, 59, 129.52 W
2026/09/23 19:30:59.138, NVIDIA GeForce RTX 4060 Ti, 100 %, 5273 MiB, 8188 MiB, 58, 127.44 W
2026/09/23 19:31:00.144, NVIDIA GeForce RTX 4060 Ti, 100 %, 5273 MiB, 8188 MiB, 59, 127.52 W
2026/09/23 19:31:01.150, NVIDIA GeForce RTX 4060 Ti, 100 %, 5273 MiB, 8188 MiB, 58, 129.44 W
2026/09/23 19:31:02.157, NVIDIA GeForce RTX 4060 Ti, 100 %, 5274 MiB, 8188 MiB, 58, 126.42 W
2026/09/23 19:31:03.163, NVIDIA GeForce RTX 4060 Ti, 100 %, 5273 MiB, 8188 MiB, 58, 132.62 W
2026/09/23 19:31:04.170, NVIDIA GeForce RTX 4060 Ti, 100 %, 5273 MiB, 8188 MiB, 59, 133.58 W
2026/09/23 19:31:05.175, NVIDIA GeForce RTX 4060 Ti, 94 %, 5273 MiB, 8188 MiB, 58, 132.90 W
2026/09/23 19:31:06.182, NVIDIA GeForce RTX 4060 Ti, 100 %, 5273 MiB, 8188 MiB, 58, 131.59 W
2026/09/23 19:31:07.188, NVIDIA GeForce RTX 4060 Ti, 100 %, 5273 MiB, 8188 MiB, 58, 133.40 W
2026/09/23 19:31:08.195, NVIDIA GeForce RTX 4060 Ti, 100 %, 5269 MiB, 8188 MiB, 59, 132.78 W
2026/09/23 19:31:09.199, NVIDIA GeForce RTX 4060 Ti, 93 %, 5274 MiB, 8188 MiB, 58, 131.89 W
2026/09/23 19:31:10.205, NVIDIA GeForce RTX 4060 Ti, 94 %, 5273 MiB, 8188 MiB, 59, 132.98 W
2026/09/23 19:31:11.237, NVIDIA GeForce RTX 4060 Ti, 100 %, 5273 MiB, 8188 MiB, 59, 133.19 W
2026/09/23 19:31:12.243, NVIDIA GeForce RTX 4060 Ti, 94 %, 5273 MiB, 8188 MiB, 59, 133.40 W
2026/09/23 19:31:13.249, NVIDIA GeForce RTX 4060 Ti, 100 %, 5274 MiB, 8188 MiB, 58, 134.05 W
2026/09/23 19:31:14.253, NVIDIA GeForce RTX 4060 Ti, 100 %, 5274 MiB, 8188 MiB, 58, 129.10 W
2026/09/23 19:31:15.259, NVIDIA GeForce RTX 4060 Ti, 93 %, 5274 MiB, 8188 MiB, 59, 131.19 W
2026/09/23 19:31:16.264, NVIDIA GeForce RTX 4060 Ti, 100 %, 5274 MiB, 8188 MiB, 60, 131.27 W
2026/09/23 19:31:17.270, NVIDIA GeForce RTX 4060 Ti, 100 %, 5274 MiB, 8188 MiB, 59, 131.55 W
2026/09/23 19:31:18.275, NVIDIA GeForce RTX 4060 Ti, 98 %, 5274 MiB, 8188 MiB, 58, 130.85 W
2026/09/23 19:31:19.280, NVIDIA GeForce RTX 4060 Ti, 100 %, 5273 MiB, 8188 MiB, 58, 128.63 W
2026/09/23 19:31:20.287, NVIDIA GeForce RTX 4060 Ti, 100 %, 5269 MiB, 8188 MiB, 58, 130.40 W
2026/09/23 19:31:21.293, NVIDIA GeForce RTX 4060 Ti, 100 %, 5274 MiB, 8188 MiB, 58, 131.36 W
2026/09/23 19:31:22.298, NVIDIA GeForce RTX 4060 Ti, 100 %, 5274 MiB, 8188 MiB, 58, 128.27 W
2026/09/23 19:31:23.304, NVIDIA GeForce RTX 4060 Ti, 100 %, 5274 MiB, 8188 MiB, 58, 126.16 W
2026/09/23 19:31:24.311, NVIDIA GeForce RTX 4060 Ti, 100 %, 5273 MiB, 8188 MiB, 59, 131.53 W
2026/09/23 19:31:25.317, NVIDIA GeForce RTX 4060 Ti, 100 %, 5273 MiB, 8188 MiB, 58, 131.29 W
2026/09/23 19:31:26.324, NVIDIA GeForce RTX 4060 Ti, 100 %, 5269 MiB, 8188 MiB, 58, 128.77 W
2026/09/23 19:31:27.344, NVIDIA GeForce RTX 4060 Ti, 100 %, 5274 MiB, 8188 MiB, 58, 135.05 W
2026/09/23 19:31:28.349, NVIDIA GeForce RTX 4060 Ti, 93 %, 5273 MiB, 8188 MiB, 58, 127.03 W
2026/09/23 19:31:29.355, NVIDIA GeForce RTX 4060 Ti, 100 %, 5273 MiB, 8188 MiB, 57, 127.27 W
2026/09/23 19:31:30.360, NVIDIA GeForce RTX 4060 Ti, 100 %, 5273 MiB, 8188 MiB, 58, 132.10 W
2026/09/23 19:31:31.365, NVIDIA GeForce RTX 4060 Ti, 93 %, 5273 MiB, 8188 MiB, 59, 133.63 W
2026/09/23 19:31:32.370, NVIDIA GeForce RTX 4060 Ti, 100 %, 5273 MiB, 8188 MiB, 59, 131.48 W
2026/09/23 19:31:33.377, NVIDIA GeForce RTX 4060 Ti, 100 %, 5274 MiB, 8188 MiB, 57, 125.91 W
2026/09/23 19:31:34.383, NVIDIA GeForce RTX 4060 Ti, 92 %, 5273 MiB, 8188 MiB, 59, 133.13 W
2026/09/23 19:31:35.389, NVIDIA GeForce RTX 4060 Ti, 93 %, 5273 MiB, 8188 MiB, 59, 135.21 W
2026/09/23 19:31:36.396, NVIDIA GeForce RTX 4060 Ti, 100 %, 5273 MiB, 8188 MiB, 57, 132.53 W
2026/09/23 19:31:37.402, NVIDIA GeForce RTX 4060 Ti, 100 %, 5273 MiB, 8188 MiB, 59, 130.33 W
2026/09/23 19:31:38.408, NVIDIA GeForce RTX 4060 Ti, 92 %, 5273 MiB, 8188 MiB, 59, 132.26 W
2026/09/23 19:31:39.414, NVIDIA GeForce RTX 4060 Ti, 100 %, 5269 MiB, 8188 MiB, 58, 126.75 W
2026/09/23 19:31:40.419, NVIDIA GeForce RTX 4060 Ti, 100 %, 5274 MiB, 8188 MiB, 56, 128.19 W
2026/09/23 19:31:41.428, NVIDIA GeForce RTX 4060 Ti, 100 %, 5273 MiB, 8188 MiB, 59, 127.69 W
2026/09/23 19:31:42.435, NVIDIA GeForce RTX 4060 Ti, 100 %, 5273 MiB, 8188 MiB, 60, 131.87 W
2026/09/23 19:31:43.441, NVIDIA GeForce RTX 4060 Ti, 100 %, 5273 MiB, 8188 MiB, 60, 135.12 W
2026/09/23 19:31:44.448, NVIDIA GeForce RTX 4060 Ti, 100 %, 5273 MiB, 8188 MiB, 60, 135.54 W
2026/09/23 19:31:45.455, NVIDIA GeForce RTX 4060 Ti, 91 %, 5269 MiB, 8188 MiB, 59, 127.44 W
2026/09/23 19:31:46.461, NVIDIA GeForce RTX 4060 Ti, 92 %, 5273 MiB, 8188 MiB, 60, 132.71 W
2026/09/23 19:31:47.466, NVIDIA GeForce RTX 4060 Ti, 100 %, 5273 MiB, 8188 MiB, 59, 128.35 W
2026/09/23 19:31:48.472, NVIDIA GeForce RTX 4060 Ti, 99 %, 5273 MiB, 8188 MiB, 58, 127.29 W
2026/09/23 19:31:49.479, NVIDIA GeForce RTX 4060 Ti, 98 %, 5273 MiB, 8188 MiB, 59, 127.24 W
2026/09/23 19:31:50.484, NVIDIA GeForce RTX 4060 Ti, 97 %, 5273 MiB, 8188 MiB, 59, 126.12 W
2026/09/23 19:31:51.491, NVIDIA GeForce RTX 4060 Ti, 92 %, 5269 MiB, 8188 MiB, 59, 126.57 W
2026/09/23 19:31:52.498, NVIDIA GeForce RTX 4060 Ti, 100 %, 5274 MiB, 8188 MiB, 58, 127.21 W
2026/09/23 19:31:53.503, NVIDIA GeForce RTX 4060 Ti, 100 %, 5273 MiB, 8188 MiB, 60, 132.01 W
2026/09/23 19:31:54.509, NVIDIA GeForce RTX 4060 Ti, 100 %, 5273 MiB, 8188 MiB, 59, 128.59 W
2026/09/23 19:31:55.516, NVIDIA GeForce RTX 4060 Ti, 100 %, 5273 MiB, 8188 MiB, 58, 128.17 W
2026/09/23 19:31:56.522, NVIDIA GeForce RTX 4060 Ti, 100 %, 5273 MiB, 8188 MiB, 59, 128.27 W
2026/09/23 19:31:57.529, NVIDIA GeForce RTX 4060 Ti, 100 %, 6793 MiB, 8188 MiB, 59, 130.73 W
2026/09/23 19:31:58.535, NVIDIA GeForce RTX 4060 Ti, 100 %, 6798 MiB, 8188 MiB, 58, 135.06 W
2026/09/23 19:31:59.541, NVIDIA GeForce RTX 4060 Ti, 100 %, 6797 MiB, 8188 MiB, 60, 130.25 W
2026/09/23 19:32:00.547, NVIDIA GeForce RTX 4060 Ti, 100 %, 6797 MiB, 8188 MiB, 59, 128.58 W
2026/09/23 19:32:01.554, NVIDIA GeForce RTX 4060 Ti, 100 %, 6797 MiB, 8188 MiB, 59, 129.08 W
2026/09/23 19:32:02.561, NVIDIA GeForce RTX 4060 Ti, 100 %, 6797 MiB, 8188 MiB, 57, 131.71 W
2026/09/23 19:32:03.567, NVIDIA GeForce RTX 4060 Ti, 100 %, 6797 MiB, 8188 MiB, 61, 131.45 W
2026/09/23 19:32:04.574, NVIDIA GeForce RTX 4060 Ti, 100 %, 6798 MiB, 8188 MiB, 59, 133.98 W
2026/09/23 19:32:05.579, NVIDIA GeForce RTX 4060 Ti, 100 %, 6797 MiB, 8188 MiB, 59, 131.60 W
2026/09/23 19:32:06.585, NVIDIA GeForce RTX 4060 Ti, 100 %, 6797 MiB, 8188 MiB, 58, 131.88 W
2026/09/23 19:32:07.592, NVIDIA GeForce RTX 4060 Ti, 100 %, 6797 MiB, 8188 MiB, 58, 134.48 W
2026/09/23 19:32:08.599, NVIDIA GeForce RTX 4060 Ti, 100 %, 6797 MiB, 8188 MiB, 58, 132.28 W
2026/09/23 19:32:09.606, NVIDIA GeForce RTX 4060 Ti, 100 %, 6793 MiB, 8188 MiB, 58, 134.45 W
2026/09/23 19:32:10.612, NVIDIA GeForce RTX 4060 Ti, 17 %, 6793 MiB, 8188 MiB, 45, 64.28 W
2026/09/23 19:32:11.618, NVIDIA GeForce RTX 4060 Ti, 17 %, 6798 MiB, 8188 MiB, 44, 33.93 W
2026/09/23 19:32:12.623, NVIDIA GeForce RTX 4060 Ti, 4 %, 5225 MiB, 8188 MiB, 42, 20.60 W
2026/09/23 19:32:13.632, NVIDIA GeForce RTX 4060 Ti, 0 %, 5226 MiB, 8188 MiB, 42, 18.55 W
2026/09/23 19:32:14.638, NVIDIA GeForce RTX 4060 Ti, 0 %, 5225 MiB, 8188 MiB, 41, 17.71 W
2026/09/23 19:32:15.645, NVIDIA GeForce RTX 4060 Ti, 1 %, 5225 MiB, 8188 MiB, 41, 17.29 W
2026/09/23 19:32:16.651, NVIDIA GeForce RTX 4060 Ti, 4 %, 5237 MiB, 8188 MiB, 41, 12.57 W
2026/09/23 19:32:17.657, NVIDIA GeForce RTX 4060 Ti, 38 %, 5238 MiB, 8188 MiB, 41, 12.61 W
2026/09/23 19:32:18.667, NVIDIA GeForce RTX 4060 Ti, 42 %, 5237 MiB, 8188 MiB, 40, 10.42 W
2026/09/23 19:32:19.674, NVIDIA GeForce RTX 4060 Ti, 36 %, 5237 MiB, 8188 MiB, 40, 10.01 W
2026/09/23 19:32:20.678, NVIDIA GeForce RTX 4060 Ti, 37 %, 5237 MiB, 8188 MiB, 40, 10.23 W
2026/09/23 19:32:21.684, NVIDIA GeForce RTX 4060 Ti, 35 %, 5237 MiB, 8188 MiB, 40, 10.01 W
2026/09/23 19:32:22.689, NVIDIA GeForce RTX 4060 Ti, 34 %, 5233 MiB, 8188 MiB, 40, 10.04 W
2026/09/23 19:32:23.694, NVIDIA GeForce RTX 4060 Ti, 34 %, 5237 MiB, 8188 MiB, 40, 9.97 W
2026/09/23 19:32:24.699, NVIDIA GeForce RTX 4060 Ti, 34 %, 5237 MiB, 8188 MiB, 40, 9.88 W
2026/09/23 19:32:25.706, NVIDIA GeForce RTX 4060 Ti, 40 %, 5237 MiB, 8188 MiB, 40, 9.90 W
2026/09/23 19:32:26.712, NVIDIA GeForce RTX 4060 Ti, 39 %, 5237 MiB, 8188 MiB, 40, 9.95 W
2026/09/23 19:32:27.721, NVIDIA GeForce RTX 4060 Ti, 38 %, 5237 MiB, 8188 MiB, 40, 10.02 W
2026/09/23 19:32:28.727, NVIDIA GeForce RTX 4060 Ti, 37 %, 5237 MiB, 8188 MiB, 39, 10.07 W
2026/09/23 19:32:29.733, NVIDIA GeForce RTX 4060 Ti, 31 %, 5233 MiB, 8188 MiB, 39, 10.10 W
2026/09/23 19:32:30.740, NVIDIA GeForce RTX 4060 Ti, 25 %, 5237 MiB, 8188 MiB, 39, 9.95 W
2026/09/23 19:32:31.745, NVIDIA GeForce RTX 4060 Ti, 36 %, 5237 MiB, 8188 MiB, 39, 10.06 W
2026/09/23 19:32:32.751, NVIDIA GeForce RTX 4060 Ti, 36 %, 5237 MiB, 8188 MiB, 39, 10.02 W
2026/09/23 19:32:33.759, NVIDIA GeForce RTX 4060 Ti, 41 %, 5237 MiB, 8188 MiB, 39, 10.00 W
2026/09/23 19:32:34.767, NVIDIA GeForce RTX 4060 Ti, 35 %, 5237 MiB, 8188 MiB, 39, 9.98 W
2026/09/23 19:32:35.772, NVIDIA GeForce RTX 4060 Ti, 35 %, 5233 MiB, 8188 MiB, 39, 10.03 W
2026/09/23 19:32:36.784, NVIDIA GeForce RTX 4060 Ti, 37 %, 5237 MiB, 8188 MiB, 39, 9.85 W
2026/09/23 19:32:37.789, NVIDIA GeForce RTX 4060 Ti, 40 %, 5237 MiB, 8188 MiB, 39, 9.70 W
2026/09/23 19:32:38.796, NVIDIA GeForce RTX 4060 Ti, 34 %, 5237 MiB, 8188 MiB, 39, 9.83 W
2026/09/23 19:32:39.803, NVIDIA GeForce RTX 4060 Ti, 33 %, 5237 MiB, 8188 MiB, 39, 10.13 W
2026/09/23 19:32:40.808, NVIDIA GeForce RTX 4060 Ti, 33 %, 5237 MiB, 8188 MiB, 39, 10.03 W
2026/09/23 19:32:41.816, NVIDIA GeForce RTX 4060 Ti, 38 %, 5237 MiB, 8188 MiB, 39, 10.05 W
2026/09/23 19:32:42.823, NVIDIA GeForce RTX 4060 Ti, 31 %, 5233 MiB, 8188 MiB, 39, 9.95 W
2026/09/23 19:32:43.828, NVIDIA GeForce RTX 4060 Ti, 32 %, 5237 MiB, 8188 MiB, 39, 9.85 W
2026/09/23 19:32:44.833, NVIDIA GeForce RTX 4060 Ti, 43 %, 5237 MiB, 8188 MiB, 39, 9.88 W
2026/09/23 19:32:45.842, NVIDIA GeForce RTX 4060 Ti, 1 %, 5237 MiB, 8188 MiB, 39, 8.10 W
2026/09/23 19:32:46.848, NVIDIA GeForce RTX 4060 Ti, 1 %, 5237 MiB, 8188 MiB, 39, 5.78 W
2026/09/23 19:32:47.855, NVIDIA GeForce RTX 4060 Ti, 1 %, 5237 MiB, 8188 MiB, 39, 5.69 W
2026/09/23 19:32:48.861, NVIDIA GeForce RTX 4060 Ti, 47 %, 5233 MiB, 8188 MiB, 39, 6.70 W
2026/09/23 19:32:49.867, NVIDIA GeForce RTX 4060 Ti, 31 %, 5238 MiB, 8188 MiB, 39, 9.47 W
2026/09/23 19:32:50.873, NVIDIA GeForce RTX 4060 Ti, 29 %, 5238 MiB, 8188 MiB, 39, 9.43 W
2026/09/23 19:32:51.880, NVIDIA GeForce RTX 4060 Ti, 35 %, 5238 MiB, 8188 MiB, 39, 9.53 W
2026/09/23 19:32:52.885, NVIDIA GeForce RTX 4060 Ti, 34 %, 5238 MiB, 8188 MiB, 39, 9.44 W
2026/09/23 19:32:53.889, NVIDIA GeForce RTX 4060 Ti, 36 %, 5237 MiB, 8188 MiB, 39, 9.47 W
2026/09/23 19:32:54.896, NVIDIA GeForce RTX 4060 Ti, 36 %, 5233 MiB, 8188 MiB, 39, 9.41 W
2026/09/23 19:32:55.902, NVIDIA GeForce RTX 4060 Ti, 34 %, 5238 MiB, 8188 MiB, 39, 9.53 W
2026/09/23 19:32:56.907, NVIDIA GeForce RTX 4060 Ti, 36 %, 5238 MiB, 8188 MiB, 39, 9.49 W
2026/09/23 19:32:57.912, NVIDIA GeForce RTX 4060 Ti, 34 %, 5238 MiB, 8188 MiB, 39, 9.52 W
2026/09/23 19:32:58.920, NVIDIA GeForce RTX 4060 Ti, 33 %, 5238 MiB, 8188 MiB, 39, 9.49 W
2026/09/23 19:32:59.926, NVIDIA GeForce RTX 4060 Ti, 42 %, 5237 MiB, 8188 MiB, 39, 9.80 W
2026/09/23 19:33:00.934, NVIDIA GeForce RTX 4060 Ti, 36 %, 5237 MiB, 8188 MiB, 39, 9.91 W
2026/09/23 19:33:01.940, NVIDIA GeForce RTX 4060 Ti, 35 %, 5233 MiB, 8188 MiB, 39, 9.93 W
2026/09/23 19:33:02.946, NVIDIA GeForce RTX 4060 Ti, 29 %, 5238 MiB, 8188 MiB, 39, 9.70 W
2026/09/23 19:33:03.953, NVIDIA GeForce RTX 4060 Ti, 35 %, 5238 MiB, 8188 MiB, 39, 9.52 W
2026/09/23 19:33:04.959, NVIDIA GeForce RTX 4060 Ti, 35 %, 5237 MiB, 8188 MiB, 39, 9.36 W
2026/09/23 19:33:05.965, NVIDIA GeForce RTX 4060 Ti, 32 %, 5237 MiB, 8188 MiB, 39, 9.48 W
2026/09/23 19:33:06.975, NVIDIA GeForce RTX 4060 Ti, 38 %, 5237 MiB, 8188 MiB, 39, 9.41 W
2026/09/23 19:33:07.981, NVIDIA GeForce RTX 4060 Ti, 38 %, 5233 MiB, 8188 MiB, 39, 9.42 W
2026/09/23 19:33:08.987, NVIDIA GeForce RTX 4060 Ti, 38 %, 5238 MiB, 8188 MiB, 39, 9.49 W
2026/09/23 19:33:09.994, NVIDIA GeForce RTX 4060 Ti, 33 %, 5237 MiB, 8188 MiB, 39, 9.26 W
2026/09/23 19:33:11.003, NVIDIA GeForce RTX 4060 Ti, 34 %, 5237 MiB, 8188 MiB, 39, 9.42 W
2026/09/23 19:33:12.009, NVIDIA GeForce RTX 4060 Ti, 36 %, 5237 MiB, 8188 MiB, 39, 9.44 W
2026/09/23 19:33:13.015, NVIDIA GeForce RTX 4060 Ti, 36 %, 5237 MiB, 8188 MiB, 39, 9.47 W
2026/09/23 19:33:14.024, NVIDIA GeForce RTX 4060 Ti, 34 %, 5237 MiB, 8188 MiB, 39, 9.42 W
2026/09/23 19:33:15.032, NVIDIA GeForce RTX 4060 Ti, 36 %, 5237 MiB, 8188 MiB, 39, 9.70 W
2026/09/23 19:33:16.056, NVIDIA GeForce RTX 4060 Ti, 35 %, 5238 MiB, 8188 MiB, 39, 9.68 W
2026/09/23 19:33:17.065, NVIDIA GeForce RTX 4060 Ti, 41 %, 5243 MiB, 8188 MiB, 39, 9.73 W
2026/09/23 19:33:18.070, NVIDIA GeForce RTX 4060 Ti, 37 %, 5243 MiB, 8188 MiB, 39, 9.92 W
2026/09/23 19:33:19.077, NVIDIA GeForce RTX 4060 Ti, 38 %, 5242 MiB, 8188 MiB, 39, 9.95 W
2026/09/23 19:33:20.089, NVIDIA GeForce RTX 4060 Ti, 36 %, 5242 MiB, 8188 MiB, 39, 9.93 W
2026/09/23 19:33:21.095, NVIDIA GeForce RTX 4060 Ti, 32 %, 5238 MiB, 8188 MiB, 39, 9.85 W
2026/09/23 19:33:22.100, NVIDIA GeForce RTX 4060 Ti, 19 %, 5243 MiB, 8188 MiB, 38, 9.11 W
2026/09/23 19:33:23.108, NVIDIA GeForce RTX 4060 Ti, 0 %, 5242 MiB, 8188 MiB, 38, 5.79 W
2026/09/23 19:33:24.113, NVIDIA GeForce RTX 4060 Ti, 1 %, 5240 MiB, 8188 MiB, 38, 5.94 W
2026/09/23 19:33:25.120, NVIDIA GeForce RTX 4060 Ti, 1 %, 5239 MiB, 8188 MiB, 38, 5.69 W
2026/09/23 19:33:26.127, NVIDIA GeForce RTX 4060 Ti, 45 %, 5239 MiB, 8188 MiB, 38, 9.09 W
2026/09/23 19:33:27.136, NVIDIA GeForce RTX 4060 Ti, 40 %, 5235 MiB, 8188 MiB, 38, 9.98 W
2026/09/23 19:33:28.151, NVIDIA GeForce RTX 4060 Ti, 28 %, 5239 MiB, 8188 MiB, 38, 9.94 W
2026/09/23 19:33:29.157, NVIDIA GeForce RTX 4060 Ti, 34 %, 5238 MiB, 8188 MiB, 38, 9.60 W
2026/09/23 19:33:30.165, NVIDIA GeForce RTX 4060 Ti, 29 %, 5238 MiB, 8188 MiB, 38, 9.89 W
2026/09/23 19:33:31.179, NVIDIA GeForce RTX 4060 Ti, 29 %, 5238 MiB, 8188 MiB, 38, 9.88 W
2026/09/23 19:33:32.185, NVIDIA GeForce RTX 4060 Ti, 38 %, 5237 MiB, 8188 MiB, 38, 9.98 W
2026/09/23 19:33:33.194, NVIDIA GeForce RTX 4060 Ti, 39 %, 5237 MiB, 8188 MiB, 38, 10.04 W
2026/09/23 19:33:34.200, NVIDIA GeForce RTX 4060 Ti, 39 %, 5233 MiB, 8188 MiB, 38, 10.09 W
2026/09/23 19:33:35.206, NVIDIA GeForce RTX 4060 Ti, 35 %, 5238 MiB, 8188 MiB, 38, 9.89 W
2026/09/23 19:33:36.212, NVIDIA GeForce RTX 4060 Ti, 41 %, 5237 MiB, 8188 MiB, 38, 9.89 W
2026/09/23 19:33:37.223, NVIDIA GeForce RTX 4060 Ti, 35 %, 5237 MiB, 8188 MiB, 38, 10.01 W
2026/09/23 19:33:38.230, NVIDIA GeForce RTX 4060 Ti, 32 %, 5237 MiB, 8188 MiB, 38, 10.18 W
2026/09/23 19:33:39.236, NVIDIA GeForce RTX 4060 Ti, 35 %, 5237 MiB, 8188 MiB, 38, 10.10 W
2026/09/23 19:33:40.243, NVIDIA GeForce RTX 4060 Ti, 35 %, 5233 MiB, 8188 MiB, 38, 10.11 W
2026/09/23 19:33:41.249, NVIDIA GeForce RTX 4060 Ti, 35 %, 5238 MiB, 8188 MiB, 38, 9.85 W
2026/09/23 19:33:42.255, NVIDIA GeForce RTX 4060 Ti, 36 %, 5237 MiB, 8188 MiB, 38, 9.71 W
2026/09/23 19:33:43.261, NVIDIA GeForce RTX 4060 Ti, 37 %, 5237 MiB, 8188 MiB, 38, 10.03 W
2026/09/23 19:33:44.266, NVIDIA GeForce RTX 4060 Ti, 33 %, 5237 MiB, 8188 MiB, 38, 10.03 W
2026/09/23 19:33:45.272, NVIDIA GeForce RTX 4060 Ti, 38 %, 5237 MiB, 8188 MiB, 38, 10.10 W
2026/09/23 19:33:46.281, NVIDIA GeForce RTX 4060 Ti, 41 %, 5237 MiB, 8188 MiB, 38, 10.06 W
2026/09/23 19:33:47.286, NVIDIA GeForce RTX 4060 Ti, 35 %, 5233 MiB, 8188 MiB, 38, 9.91 W
2026/09/23 19:33:48.314, NVIDIA GeForce RTX 4060 Ti, 33 %, 5237 MiB, 8188 MiB, 38, 9.82 W
2026/09/23 19:33:49.319, NVIDIA GeForce RTX 4060 Ti, 41 %, 5237 MiB, 8188 MiB, 38, 9.99 W
2026/09/23 19:33:50.326, NVIDIA GeForce RTX 4060 Ti, 36 %, 5237 MiB, 8188 MiB, 38, 9.94 W
2026/09/23 19:33:51.332, NVIDIA GeForce RTX 4060 Ti, 36 %, 5236 MiB, 8188 MiB, 38, 9.98 W
2026/09/23 19:33:52.341, NVIDIA GeForce RTX 4060 Ti, 39 %, 5237 MiB, 8188 MiB, 38, 9.99 W
2026/09/23 19:33:53.347, NVIDIA GeForce RTX 4060 Ti, 16 %, 5233 MiB, 8188 MiB, 38, 9.46 W
2026/09/23 19:33:54.368, NVIDIA GeForce RTX 4060 Ti, 0 %, 5237 MiB, 8188 MiB, 38, 6.30 W
2026/09/23 19:33:55.374, NVIDIA GeForce RTX 4060 Ti, 1 %, 5237 MiB, 8188 MiB, 38, 5.70 W
2026/09/23 19:33:56.381, NVIDIA GeForce RTX 4060 Ti, 1 %, 5237 MiB, 8188 MiB, 38, 5.69 W
2026/09/23 19:33:57.387, NVIDIA GeForce RTX 4060 Ti, 1 %, 5237 MiB, 8188 MiB, 38, 7.24 W
2026/09/23 19:33:58.393, NVIDIA GeForce RTX 4060 Ti, 1 %, 5237 MiB, 8188 MiB, 38, 5.82 W
2026/09/23 19:33:59.400, NVIDIA GeForce RTX 4060 Ti, 1 %, 5233 MiB, 8188 MiB, 38, 5.68 W
2026/09/23 19:34:00.407, NVIDIA GeForce RTX 4060 Ti, 56 %, 5237 MiB, 8188 MiB, 38, 7.03 W
2026/09/23 19:34:01.414, NVIDIA GeForce RTX 4060 Ti, 37 %, 5237 MiB, 8188 MiB, 38, 9.84 W
2026/09/23 19:34:02.420, NVIDIA GeForce RTX 4060 Ti, 37 %, 5237 MiB, 8188 MiB, 38, 10.02 W
2026/09/23 19:34:03.426, NVIDIA GeForce RTX 4060 Ti, 38 %, 5237 MiB, 8188 MiB, 38, 10.11 W
2026/09/23 19:34:04.432, NVIDIA GeForce RTX 4060 Ti, 32 %, 5237 MiB, 8188 MiB, 38, 10.12 W
2026/09/23 19:34:05.438, NVIDIA GeForce RTX 4060 Ti, 36 %, 5237 MiB, 8188 MiB, 38, 10.12 W
2026/09/23 19:34:06.444, NVIDIA GeForce RTX 4060 Ti, 29 %, 5233 MiB, 8188 MiB, 38, 10.13 W
2026/09/23 19:34:07.450, NVIDIA GeForce RTX 4060 Ti, 34 %, 5237 MiB, 8188 MiB, 38, 9.94 W
2026/09/23 19:34:08.455, NVIDIA GeForce RTX 4060 Ti, 40 %, 5237 MiB, 8188 MiB, 38, 9.86 W
2026/09/23 19:34:09.462, NVIDIA GeForce RTX 4060 Ti, 38 %, 5237 MiB, 8188 MiB, 38, 9.88 W
2026/09/23 19:34:10.467, NVIDIA GeForce RTX 4060 Ti, 38 %, 5237 MiB, 8188 MiB, 38, 9.96 W
2026/09/23 19:34:11.473, NVIDIA GeForce RTX 4060 Ti, 34 %, 5237 MiB, 8188 MiB, 38, 10.05 W
2026/09/23 19:34:12.479, NVIDIA GeForce RTX 4060 Ti, 37 %, 5233 MiB, 8188 MiB, 38, 10.12 W
2026/09/23 19:34:13.485, NVIDIA GeForce RTX 4060 Ti, 36 %, 5238 MiB, 8188 MiB, 38, 9.97 W
2026/09/23 19:34:14.490, NVIDIA GeForce RTX 4060 Ti, 35 %, 5238 MiB, 8188 MiB, 38, 9.95 W
2026/09/23 19:34:15.496, NVIDIA GeForce RTX 4060 Ti, 38 %, 5238 MiB, 8188 MiB, 38, 9.91 W
2026/09/23 19:34:16.502, NVIDIA GeForce RTX 4060 Ti, 41 %, 5237 MiB, 8188 MiB, 38, 9.90 W
2026/09/23 19:34:17.508, NVIDIA GeForce RTX 4060 Ti, 38 %, 5237 MiB, 8188 MiB, 38, 9.85 W
2026/09/23 19:34:18.513, NVIDIA GeForce RTX 4060 Ti, 38 %, 5233 MiB, 8188 MiB, 38, 9.91 W
2026/09/23 19:34:19.519, NVIDIA GeForce RTX 4060 Ti, 37 %, 5238 MiB, 8188 MiB, 38, 9.94 W
2026/09/23 19:34:20.526, NVIDIA GeForce RTX 4060 Ti, 36 %, 5237 MiB, 8188 MiB, 38, 9.84 W
2026/09/23 19:34:21.532, NVIDIA GeForce RTX 4060 Ti, 31 %, 5237 MiB, 8188 MiB, 38, 11.53 W
2026/09/23 19:34:22.547, NVIDIA GeForce RTX 4060 Ti, 32 %, 5237 MiB, 8188 MiB, 38, 13.73 W
2026/09/23 19:34:23.552, NVIDIA GeForce RTX 4060 Ti, 34 %, 5237 MiB, 8188 MiB, 38, 11.30 W
2026/09/23 19:34:24.558, NVIDIA GeForce RTX 4060 Ti, 27 %, 5237 MiB, 8188 MiB, 38, 11.41 W
2026/09/23 19:34:25.568, NVIDIA GeForce RTX 4060 Ti, 0 %, 5233 MiB, 8188 MiB, 37, 10.28 W
2026/09/23 19:34:26.574, NVIDIA GeForce RTX 4060 Ti, 0 %, 5238 MiB, 8188 MiB, 37, 6.57 W
2026/09/23 19:34:27.580, NVIDIA GeForce RTX 4060 Ti, 2 %, 5237 MiB, 8188 MiB, 37, 5.72 W
2026/09/23 19:34:28.588, NVIDIA GeForce RTX 4060 Ti, 46 %, 5237 MiB, 8188 MiB, 37, 7.36 W
2026/09/23 19:34:29.593, NVIDIA GeForce RTX 4060 Ti, 42 %, 5237 MiB, 8188 MiB, 37, 10.18 W
2026/09/23 19:34:30.600, NVIDIA GeForce RTX 4060 Ti, 35 %, 5237 MiB, 8188 MiB, 37, 10.28 W
2026/09/23 19:34:31.604, NVIDIA GeForce RTX 4060 Ti, 34 %, 5233 MiB, 8188 MiB, 37, 10.30 W
2026/09/23 19:34:32.611, NVIDIA GeForce RTX 4060 Ti, 29 %, 5238 MiB, 8188 MiB, 37, 9.92 W
2026/09/23 19:34:33.616, NVIDIA GeForce RTX 4060 Ti, 40 %, 5237 MiB, 8188 MiB, 37, 10.00 W
2026/09/23 19:34:34.623, NVIDIA GeForce RTX 4060 Ti, 35 %, 5237 MiB, 8188 MiB, 37, 11.40 W
2026/09/23 19:34:35.628, NVIDIA GeForce RTX 4060 Ti, 37 %, 5237 MiB, 8188 MiB, 37, 13.70 W
2026/09/23 19:34:36.633, NVIDIA GeForce RTX 4060 Ti, 33 %, 5237 MiB, 8188 MiB, 37, 12.41 W
2026/09/23 19:34:37.639, NVIDIA GeForce RTX 4060 Ti, 35 %, 5233 MiB, 8188 MiB, 37, 13.62 W
2026/09/23 19:34:38.644, NVIDIA GeForce RTX 4060 Ti, 43 %, 5238 MiB, 8188 MiB, 37, 12.09 W
2026/09/23 19:34:39.649, NVIDIA GeForce RTX 4060 Ti, 33 %, 5238 MiB, 8188 MiB, 37, 9.98 W
2026/09/23 19:34:40.655, NVIDIA GeForce RTX 4060 Ti, 33 %, 5238 MiB, 8188 MiB, 37, 12.20 W
2026/09/23 19:34:41.660, NVIDIA GeForce RTX 4060 Ti, 37 %, 5238 MiB, 8188 MiB, 37, 13.55 W
2026/09/23 19:34:42.666, NVIDIA GeForce RTX 4060 Ti, 38 %, 5237 MiB, 8188 MiB, 37, 10.59 W
2026/09/23 19:34:43.672, NVIDIA GeForce RTX 4060 Ti, 40 %, 5237 MiB, 8188 MiB, 37, 10.11 W
2026/09/23 19:34:44.678, NVIDIA GeForce RTX 4060 Ti, 40 %, 5233 MiB, 8188 MiB, 37, 10.05 W
2026/09/23 19:34:45.682, NVIDIA GeForce RTX 4060 Ti, 35 %, 5238 MiB, 8188 MiB, 37, 10.01 W
2026/09/23 19:34:46.687, NVIDIA GeForce RTX 4060 Ti, 38 %, 5238 MiB, 8188 MiB, 37, 10.18 W
2026/09/23 19:34:47.693, NVIDIA GeForce RTX 4060 Ti, 32 %, 5237 MiB, 8188 MiB, 37, 10.16 W
2026/09/23 19:34:48.699, NVIDIA GeForce RTX 4060 Ti, 34 %, 5237 MiB, 8188 MiB, 37, 10.13 W
2026/09/23 19:34:49.705, NVIDIA GeForce RTX 4060 Ti, 37 %, 5237 MiB, 8188 MiB, 37, 10.19 W
2026/09/23 19:34:50.709, NVIDIA GeForce RTX 4060 Ti, 37 %, 5233 MiB, 8188 MiB, 37, 10.10 W
2026/09/23 19:34:51.716, NVIDIA GeForce RTX 4060 Ti, 25 %, 5238 MiB, 8188 MiB, 37, 9.75 W
2026/09/23 19:34:52.720, NVIDIA GeForce RTX 4060 Ti, 0 %, 5237 MiB, 8188 MiB, 37, 6.26 W
2026/09/23 19:34:53.727, NVIDIA GeForce RTX 4060 Ti, 1 %, 5237 MiB, 8188 MiB, 37, 5.45 W
2026/09/23 19:34:54.734, NVIDIA GeForce RTX 4060 Ti, 0 %, 5237 MiB, 8188 MiB, 37, 5.74 W
2026/09/23 19:34:55.741, NVIDIA GeForce RTX 4060 Ti, 42 %, 5237 MiB, 8188 MiB, 37, 8.75 W
2026/09/23 19:34:56.747, NVIDIA GeForce RTX 4060 Ti, 35 %, 5233 MiB, 8188 MiB, 37, 10.14 W
2026/09/23 19:34:57.753, NVIDIA GeForce RTX 4060 Ti, 29 %, 5238 MiB, 8188 MiB, 37, 9.95 W
2026/09/23 19:34:58.759, NVIDIA GeForce RTX 4060 Ti, 35 %, 5237 MiB, 8188 MiB, 37, 9.94 W
2026/09/23 19:34:59.764, NVIDIA GeForce RTX 4060 Ti, 38 %, 5238 MiB, 8188 MiB, 37, 10.12 W
2026/09/23 19:35:00.769, NVIDIA GeForce RTX 4060 Ti, 35 %, 5238 MiB, 8188 MiB, 37, 9.97 W
2026/09/23 19:35:01.775, NVIDIA GeForce RTX 4060 Ti, 35 %, 5237 MiB, 8188 MiB, 37, 9.90 W
2026/09/23 19:35:02.780, NVIDIA GeForce RTX 4060 Ti, 39 %, 5237 MiB, 8188 MiB, 37, 9.96 W
2026/09/23 19:35:03.789, NVIDIA GeForce RTX 4060 Ti, 36 %, 5233 MiB, 8188 MiB, 37, 10.00 W
2026/09/23 19:35:04.796, NVIDIA GeForce RTX 4060 Ti, 33 %, 5238 MiB, 8188 MiB, 37, 11.83 W
2026/09/23 19:35:05.801, NVIDIA GeForce RTX 4060 Ti, 34 %, 5238 MiB, 8188 MiB, 37, 13.61 W
2026/09/23 19:35:06.807, NVIDIA GeForce RTX 4060 Ti, 35 %, 5237 MiB, 8188 MiB, 37, 13.16 W
2026/09/23 19:35:07.813, NVIDIA GeForce RTX 4060 Ti, 36 %, 5237 MiB, 8188 MiB, 37, 13.76 W
2026/09/23 19:35:08.818, NVIDIA GeForce RTX 4060 Ti, 38 %, 5237 MiB, 8188 MiB, 37, 11.87 W
2026/09/23 19:35:09.824, NVIDIA GeForce RTX 4060 Ti, 36 %, 5233 MiB, 8188 MiB, 37, 13.79 W
2026/09/23 19:35:10.829, NVIDIA GeForce RTX 4060 Ti, 32 %, 5238 MiB, 8188 MiB, 37, 13.06 W
2026/09/23 19:35:11.835, NVIDIA GeForce RTX 4060 Ti, 36 %, 5237 MiB, 8188 MiB, 37, 13.61 W
2026/09/23 19:35:12.840, NVIDIA GeForce RTX 4060 Ti, 39 %, 5237 MiB, 8188 MiB, 37, 12.15 W
2026/09/23 19:35:13.847, NVIDIA GeForce RTX 4060 Ti, 36 %, 5238 MiB, 8188 MiB, 37, 12.84 W
2026/09/23 19:35:14.852, NVIDIA GeForce RTX 4060 Ti, 37 %, 5238 MiB, 8188 MiB, 37, 13.35 W
2026/09/23 19:35:15.859, NVIDIA GeForce RTX 4060 Ti, 34 %, 5237 MiB, 8188 MiB, 37, 11.76 W
2026/09/23 19:35:16.864, NVIDIA GeForce RTX 4060 Ti, 29 %, 5238 MiB, 8188 MiB, 37, 13.59 W
2026/09/23 19:35:17.869, NVIDIA GeForce RTX 4060 Ti, 35 %, 5238 MiB, 8188 MiB, 37, 11.26 W
2026/09/23 19:35:18.876, NVIDIA GeForce RTX 4060 Ti, 0 %, 5238 MiB, 8188 MiB, 37, 8.98 W
2026/09/23 19:35:19.883, NVIDIA GeForce RTX 4060 Ti, 0 %, 5237 MiB, 8188 MiB, 36, 6.20 W
2026/09/23 19:35:20.890, NVIDIA GeForce RTX 4060 Ti, 0 %, 5237 MiB, 8188 MiB, 36, 5.62 W
2026/09/23 19:35:21.899, NVIDIA GeForce RTX 4060 Ti, 21 %, 5237 MiB, 8188 MiB, 36, 6.39 W
2026/09/23 19:35:22.905, NVIDIA GeForce RTX 4060 Ti, 0 %, 5233 MiB, 8188 MiB, 36, 7.41 W
2026/09/23 19:35:23.912, NVIDIA GeForce RTX 4060 Ti, 2 %, 5238 MiB, 8188 MiB, 36, 5.83 W
2026/09/23 19:35:24.918, NVIDIA GeForce RTX 4060 Ti, 0 %, 5237 MiB, 8188 MiB, 36, 5.71 W
2026/09/23 19:35:25.925, NVIDIA GeForce RTX 4060 Ti, 48 %, 5237 MiB, 8188 MiB, 36, 7.26 W
2026/09/23 19:35:26.939, NVIDIA GeForce RTX 4060 Ti, 43 %, 5237 MiB, 8188 MiB, 37, 10.77 W
2026/09/23 19:35:27.947, NVIDIA GeForce RTX 4060 Ti, 41 %, 5237 MiB, 8188 MiB, 37, 10.79 W
2026/09/23 19:35:28.954, NVIDIA GeForce RTX 4060 Ti, 43 %, 5233 MiB, 8188 MiB, 37, 10.65 W
2026/09/23 19:35:29.960, NVIDIA GeForce RTX 4060 Ti, 35 %, 5238 MiB, 8188 MiB, 37, 10.49 W
2026/09/23 19:35:30.969, NVIDIA GeForce RTX 4060 Ti, 39 %, 5237 MiB, 8188 MiB, 37, 10.48 W
2026/09/23 19:35:31.976, NVIDIA GeForce RTX 4060 Ti, 34 %, 5237 MiB, 8188 MiB, 37, 13.29 W
2026/09/23 19:35:32.986, NVIDIA GeForce RTX 4060 Ti, 30 %, 5237 MiB, 8188 MiB, 37, 14.02 W
2026/09/23 19:35:33.991, NVIDIA GeForce RTX 4060 Ti, 30 %, 5237 MiB, 8188 MiB, 37, 11.26 W
2026/09/23 19:35:35.001, NVIDIA GeForce RTX 4060 Ti, 37 %, 5237 MiB, 8188 MiB, 37, 10.91 W
2026/09/23 19:35:36.009, NVIDIA GeForce RTX 4060 Ti, 30 %, 5238 MiB, 8188 MiB, 37, 10.71 W
2026/09/23 19:35:37.014, NVIDIA GeForce RTX 4060 Ti, 36 %, 5237 MiB, 8188 MiB, 37, 10.51 W
2026/09/23 19:35:38.021, NVIDIA GeForce RTX 4060 Ti, 43 %, 5237 MiB, 8188 MiB, 37, 10.63 W
2026/09/23 19:35:39.029, NVIDIA GeForce RTX 4060 Ti, 36 %, 5237 MiB, 8188 MiB, 37, 10.58 W
2026/09/23 19:35:40.037, NVIDIA GeForce RTX 4060 Ti, 32 %, 5237 MiB, 8188 MiB, 37, 10.65 W
2026/09/23 19:35:41.044, NVIDIA GeForce RTX 4060 Ti, 32 %, 5237 MiB, 8188 MiB, 36, 10.57 W
2026/09/23 19:35:42.054, NVIDIA GeForce RTX 4060 Ti, 34 %, 5233 MiB, 8188 MiB, 36, 10.69 W
2026/09/23 19:35:43.059, NVIDIA GeForce RTX 4060 Ti, 34 %, 5238 MiB, 8188 MiB, 37, 10.26 W
2026/09/23 19:35:44.067, NVIDIA GeForce RTX 4060 Ti, 42 %, 5237 MiB, 8188 MiB, 36, 10.32 W
2026/09/23 19:35:45.075, NVIDIA GeForce RTX 4060 Ti, 44 %, 5237 MiB, 8188 MiB, 37, 10.62 W
2026/09/23 19:35:46.081, NVIDIA GeForce RTX 4060 Ti, 42 %, 5237 MiB, 8188 MiB, 37, 10.68 W
2026/09/23 19:35:47.086, NVIDIA GeForce RTX 4060 Ti, 27 %, 5237 MiB, 8188 MiB, 37, 12.63 W
2026/09/23 19:35:48.095, NVIDIA GeForce RTX 4060 Ti, 25 %, 5233 MiB, 8188 MiB, 36, 13.36 W
2026/09/23 19:35:49.099, NVIDIA GeForce RTX 4060 Ti, 29 %, 5238 MiB, 8188 MiB, 36, 10.84 W
2026/09/23 19:35:50.104, NVIDIA GeForce RTX 4060 Ti, 38 %, 5238 MiB, 8188 MiB, 36, 9.97 W
2026/09/23 19:35:51.109, NVIDIA GeForce RTX 4060 Ti, 39 %, 5238 MiB, 8188 MiB, 36, 10.11 W
2026/09/23 19:35:52.123, NVIDIA GeForce RTX 4060 Ti, 44 %, 5238 MiB, 8188 MiB, 36, 10.24 W
2026/09/23 19:35:53.129, NVIDIA GeForce RTX 4060 Ti, 35 %, 5237 MiB, 8188 MiB, 36, 10.22 W
2026/09/23 19:35:54.137, NVIDIA GeForce RTX 4060 Ti, 40 %, 5237 MiB, 8188 MiB, 36, 10.17 W
2026/09/23 19:35:55.147, NVIDIA GeForce RTX 4060 Ti, 40 %, 5233 MiB, 8188 MiB, 36, 10.02 W
2026/09/23 19:35:56.153, NVIDIA GeForce RTX 4060 Ti, 38 %, 5238 MiB, 8188 MiB, 36, 9.96 W
2026/09/23 19:35:57.161, NVIDIA GeForce RTX 4060 Ti, 43 %, 5238 MiB, 8188 MiB, 36, 10.10 W
2026/09/23 19:35:58.168, NVIDIA GeForce RTX 4060 Ti, 36 %, 5238 MiB, 8188 MiB, 36, 10.25 W
2026/09/23 19:35:59.178, NVIDIA GeForce RTX 4060 Ti, 37 %, 5237 MiB, 8188 MiB, 36, 10.06 W
2026/09/23 19:36:00.185, NVIDIA GeForce RTX 4060 Ti, 43 %, 5237 MiB, 8188 MiB, 36, 10.21 W
2026/09/23 19:36:01.193, NVIDIA GeForce RTX 4060 Ti, 44 %, 5233 MiB, 8188 MiB, 36, 10.41 W
2026/09/23 19:36:02.200, NVIDIA GeForce RTX 4060 Ti, 38 %, 5238 MiB, 8188 MiB, 36, 9.33 W
2026/09/23 19:36:03.205, NVIDIA GeForce RTX 4060 Ti, 1 %, 5237 MiB, 8188 MiB, 36, 6.03 W
2026/09/23 19:36:04.212, NVIDIA GeForce RTX 4060 Ti, 1 %, 5237 MiB, 8188 MiB, 36, 5.69 W
2026/09/23 19:36:05.220, NVIDIA GeForce RTX 4060 Ti, 1 %, 5237 MiB, 8188 MiB, 36, 5.76 W
2026/09/23 19:36:06.227, NVIDIA GeForce RTX 4060 Ti, 36 %, 5237 MiB, 8188 MiB, 36, 9.45 W
2026/09/23 19:36:07.254, NVIDIA GeForce RTX 4060 Ti, 43 %, 5233 MiB, 8188 MiB, 36, 10.57 W
2026/09/23 19:36:08.259, NVIDIA GeForce RTX 4060 Ti, 33 %, 5233 MiB, 8188 MiB, 36, 10.48 W
2026/09/23 19:36:09.265, NVIDIA GeForce RTX 4060 Ti, 38 %, 5238 MiB, 8188 MiB, 36, 10.32 W
2026/09/23 19:36:10.276, NVIDIA GeForce RTX 4060 Ti, 40 %, 5237 MiB, 8188 MiB, 36, 10.37 W
2026/09/23 19:36:11.282, NVIDIA GeForce RTX 4060 Ti, 48 %, 5237 MiB, 8188 MiB, 36, 10.56 W
2026/09/23 19:36:12.299, NVIDIA GeForce RTX 4060 Ti, 43 %, 5237 MiB, 8188 MiB, 36, 10.56 W
2026/09/23 19:36:13.305, NVIDIA GeForce RTX 4060 Ti, 41 %, 5237 MiB, 8188 MiB, 36, 10.48 W
2026/09/23 19:36:14.315, NVIDIA GeForce RTX 4060 Ti, 36 %, 5237 MiB, 8188 MiB, 36, 10.61 W
2026/09/23 19:36:15.324, NVIDIA GeForce RTX 4060 Ti, 34 %, 5238 MiB, 8188 MiB, 36, 10.13 W
2026/09/23 19:36:16.330, NVIDIA GeForce RTX 4060 Ti, 46 %, 5238 MiB, 8188 MiB, 36, 10.52 W
2026/09/23 19:36:17.340, NVIDIA GeForce RTX 4060 Ti, 36 %, 5238 MiB, 8188 MiB, 36, 10.67 W
2026/09/23 19:36:18.347, NVIDIA GeForce RTX 4060 Ti, 39 %, 5237 MiB, 8188 MiB, 36, 10.54 W
2026/09/23 19:36:19.354, NVIDIA GeForce RTX 4060 Ti, 44 %, 5237 MiB, 8188 MiB, 36, 10.63 W
2026/09/23 19:36:20.360, NVIDIA GeForce RTX 4060 Ti, 31 %, 5233 MiB, 8188 MiB, 36, 10.71 W
2026/09/23 19:36:21.366, NVIDIA GeForce RTX 4060 Ti, 35 %, 5237 MiB, 8188 MiB, 36, 10.59 W
2026/09/23 19:36:22.371, NVIDIA GeForce RTX 4060 Ti, 35 %, 5237 MiB, 8188 MiB, 36, 10.41 W
2026/09/23 19:36:23.377, NVIDIA GeForce RTX 4060 Ti, 37 %, 5237 MiB, 8188 MiB, 36, 10.49 W
2026/09/23 19:36:24.390, NVIDIA GeForce RTX 4060 Ti, 39 %, 5237 MiB, 8188 MiB, 36, 10.50 W
2026/09/23 19:36:25.397, NVIDIA GeForce RTX 4060 Ti, 37 %, 5237 MiB, 8188 MiB, 36, 10.57 W
2026/09/23 19:36:26.404, NVIDIA GeForce RTX 4060 Ti, 42 %, 5237 MiB, 8188 MiB, 36, 10.61 W
2026/09/23 19:36:27.410, NVIDIA GeForce RTX 4060 Ti, 45 %, 5233 MiB, 8188 MiB, 36, 10.77 W
2026/09/23 19:36:28.415, NVIDIA GeForce RTX 4060 Ti, 36 %, 5237 MiB, 8188 MiB, 36, 10.38 W
2026/09/23 19:36:29.421, NVIDIA GeForce RTX 4060 Ti, 45 %, 5237 MiB, 8188 MiB, 36, 10.32 W
2026/09/23 19:36:30.430, NVIDIA GeForce RTX 4060 Ti, 34 %, 5237 MiB, 8188 MiB, 36, 12.16 W
2026/09/23 19:36:31.436, NVIDIA GeForce RTX 4060 Ti, 33 %, 5237 MiB, 8188 MiB, 36, 13.83 W
2026/09/23 19:36:32.452, NVIDIA GeForce RTX 4060 Ti, 40 %, 5237 MiB, 8188 MiB, 36, 12.13 W
2026/09/23 19:36:33.459, NVIDIA GeForce RTX 4060 Ti, 37 %, 5233 MiB, 8188 MiB, 36, 10.84 W
2026/09/23 19:36:34.466, NVIDIA GeForce RTX 4060 Ti, 37 %, 5237 MiB, 8188 MiB, 36, 10.56 W
2026/09/23 19:36:35.472, NVIDIA GeForce RTX 4060 Ti, 38 %, 5237 MiB, 8188 MiB, 36, 10.41 W
2026/09/23 19:36:36.478, NVIDIA GeForce RTX 4060 Ti, 38 %, 5237 MiB, 8188 MiB, 36, 10.60 W
2026/09/23 19:36:37.483, NVIDIA GeForce RTX 4060 Ti, 39 %, 5237 MiB, 8188 MiB, 36, 10.64 W
2026/09/23 19:36:38.489, NVIDIA GeForce RTX 4060 Ti, 42 %, 5237 MiB, 8188 MiB, 36, 10.98 W
2026/09/23 19:36:39.499, NVIDIA GeForce RTX 4060 Ti, 38 %, 5237 MiB, 8188 MiB, 36, 10.98 W
2026/09/23 19:36:40.504, NVIDIA GeForce RTX 4060 Ti, 21 %, 5233 MiB, 8188 MiB, 36, 10.29 W
2026/09/23 19:36:41.510, NVIDIA GeForce RTX 4060 Ti, 0 %, 5237 MiB, 8188 MiB, 36, 8.13 W
2026/09/23 19:36:42.515, NVIDIA GeForce RTX 4060 Ti, 0 %, 5237 MiB, 8188 MiB, 36, 7.05 W
2026/09/23 19:36:43.521, NVIDIA GeForce RTX 4060 Ti, 0 %, 5237 MiB, 8188 MiB, 36, 5.83 W
2026/09/23 19:36:44.528, NVIDIA GeForce RTX 4060 Ti, 41 %, 5237 MiB, 8188 MiB, 36, 9.34 W
2026/09/23 19:36:45.536, NVIDIA GeForce RTX 4060 Ti, 35 %, 5237 MiB, 8188 MiB, 36, 10.81 W
2026/09/23 19:36:46.546, NVIDIA GeForce RTX 4060 Ti, 34 %, 5233 MiB, 8188 MiB, 36, 10.65 W
2026/09/23 19:36:47.553, NVIDIA GeForce RTX 4060 Ti, 38 %, 5237 MiB, 8188 MiB, 36, 10.46 W
2026/09/23 19:36:48.560, NVIDIA GeForce RTX 4060 Ti, 48 %, 5237 MiB, 8188 MiB, 36, 10.54 W
2026/09/23 19:36:49.566, NVIDIA GeForce RTX 4060 Ti, 39 %, 5237 MiB, 8188 MiB, 36, 10.76 W
2026/09/23 19:36:50.572, NVIDIA GeForce RTX 4060 Ti, 42 %, 5237 MiB, 8188 MiB, 36, 10.87 W
2026/09/23 19:36:51.579, NVIDIA GeForce RTX 4060 Ti, 42 %, 5237 MiB, 8188 MiB, 36, 10.73 W
2026/09/23 19:36:52.583, NVIDIA GeForce RTX 4060 Ti, 32 %, 5237 MiB, 8188 MiB, 36, 10.69 W
2026/09/23 19:36:53.588, NVIDIA GeForce RTX 4060 Ti, 38 %, 5237 MiB, 8188 MiB, 36, 10.35 W
2026/09/23 19:36:54.604, NVIDIA GeForce RTX 4060 Ti, 38 %, 5237 MiB, 8188 MiB, 36, 10.44 W
2026/09/23 19:36:55.610, NVIDIA GeForce RTX 4060 Ti, 39 %, 5237 MiB, 8188 MiB, 36, 10.87 W
2026/09/23 19:36:56.618, NVIDIA GeForce RTX 4060 Ti, 35 %, 5237 MiB, 8188 MiB, 36, 10.94 W
2026/09/23 19:36:57.625, NVIDIA GeForce RTX 4060 Ti, 36 %, 5237 MiB, 8188 MiB, 36, 10.73 W
2026/09/23 19:36:58.631, NVIDIA GeForce RTX 4060 Ti, 46 %, 5237 MiB, 8188 MiB, 36, 10.78 W
2026/09/23 19:36:59.640, NVIDIA GeForce RTX 4060 Ti, 39 %, 5233 MiB, 8188 MiB, 36, 10.81 W
2026/09/23 19:37:00.647, NVIDIA GeForce RTX 4060 Ti, 32 %, 5237 MiB, 8188 MiB, 36, 10.37 W
2026/09/23 19:37:01.654, NVIDIA GeForce RTX 4060 Ti, 37 %, 5237 MiB, 8188 MiB, 36, 10.36 W
2026/09/23 19:37:02.660, NVIDIA GeForce RTX 4060 Ti, 38 %, 5237 MiB, 8188 MiB, 36, 10.85 W
2026/09/23 19:37:03.671, NVIDIA GeForce RTX 4060 Ti, 41 %, 5237 MiB, 8188 MiB, 36, 10.77 W
2026/09/23 19:37:04.677, NVIDIA GeForce RTX 4060 Ti, 39 %, 5237 MiB, 8188 MiB, 36, 10.83 W
2026/09/23 19:37:05.683, NVIDIA GeForce RTX 4060 Ti, 39 %, 5233 MiB, 8188 MiB, 36, 10.80 W
2026/09/23 19:37:06.690, NVIDIA GeForce RTX 4060 Ti, 35 %, 5237 MiB, 8188 MiB, 36, 10.49 W
2026/09/23 19:37:07.696, NVIDIA GeForce RTX 4060 Ti, 38 %, 5237 MiB, 8188 MiB, 36, 10.44 W
2026/09/23 19:37:08.702, NVIDIA GeForce RTX 4060 Ti, 35 %, 5237 MiB, 8188 MiB, 36, 10.69 W
2026/09/23 19:37:09.708, NVIDIA GeForce RTX 4060 Ti, 33 %, 5237 MiB, 8188 MiB, 36, 10.68 W
2026/09/23 19:37:10.713, NVIDIA GeForce RTX 4060 Ti, 34 %, 5237 MiB, 8188 MiB, 36, 10.69 W
2026/09/23 19:37:11.722, NVIDIA GeForce RTX 4060 Ti, 35 %, 5233 MiB, 8188 MiB, 36, 10.71 W
2026/09/23 19:37:12.729, NVIDIA GeForce RTX 4060 Ti, 35 %, 5233 MiB, 8188 MiB, 36, 10.72 W
2026/09/23 19:37:13.738, NVIDIA GeForce RTX 4060 Ti, 35 %, 5238 MiB, 8188 MiB, 36, 10.53 W
2026/09/23 19:37:14.745, NVIDIA GeForce RTX 4060 Ti, 39 %, 5238 MiB, 8188 MiB, 36, 10.45 W
2026/09/23 19:37:15.752, NVIDIA GeForce RTX 4060 Ti, 40 %, 5238 MiB, 8188 MiB, 36, 10.64 W
2026/09/23 19:37:16.762, NVIDIA GeForce RTX 4060 Ti, 35 %, 5238 MiB, 8188 MiB, 36, 10.59 W
2026/09/23 19:37:17.768, NVIDIA GeForce RTX 4060 Ti, 38 %, 5237 MiB, 8188 MiB, 36, 10.79 W
2026/09/23 19:37:18.779, NVIDIA GeForce RTX 4060 Ti, 41 %, 5233 MiB, 8188 MiB, 36, 10.03 W
2026/09/23 19:37:19.786, NVIDIA GeForce RTX 4060 Ti, 1 %, 5238 MiB, 8188 MiB, 35, 6.27 W
2026/09/23 19:37:20.793, NVIDIA GeForce RTX 4060 Ti, 3 %, 5237 MiB, 8188 MiB, 35, 5.83 W
2026/09/23 19:37:21.801, NVIDIA GeForce RTX 4060 Ti, 0 %, 5237 MiB, 8188 MiB, 35, 5.66 W
2026/09/23 19:37:22.808, NVIDIA GeForce RTX 4060 Ti, 37 %, 5237 MiB, 8188 MiB, 36, 7.51 W
2026/09/23 19:37:23.814, NVIDIA GeForce RTX 4060 Ti, 0 %, 5237 MiB, 8188 MiB, 35, 5.88 W
2026/09/23 19:37:24.821, NVIDIA GeForce RTX 4060 Ti, 0 %, 5233 MiB, 8188 MiB, 35, 5.91 W
2026/09/23 19:37:25.828, NVIDIA GeForce RTX 4060 Ti, 2 %, 5238 MiB, 8188 MiB, 35, 5.79 W
2026/09/23 19:37:26.835, NVIDIA GeForce RTX 4060 Ti, 40 %, 5237 MiB, 8188 MiB, 35, 8.85 W
2026/09/23 19:37:27.841, NVIDIA GeForce RTX 4060 Ti, 37 %, 5237 MiB, 8188 MiB, 36, 9.79 W
2026/09/23 19:37:28.852, NVIDIA GeForce RTX 4060 Ti, 41 %, 5237 MiB, 8188 MiB, 36, 9.95 W
2026/09/23 19:37:29.858, NVIDIA GeForce RTX 4060 Ti, 36 %, 5237 MiB, 8188 MiB, 36, 9.99 W
2026/09/23 19:37:30.864, NVIDIA GeForce RTX 4060 Ti, 36 %, 5233 MiB, 8188 MiB, 36, 10.02 W
2026/09/23 19:37:31.869, NVIDIA GeForce RTX 4060 Ti, 41 %, 5233 MiB, 8188 MiB, 35, 10.00 W
2026/09/23 19:37:32.876, NVIDIA GeForce RTX 4060 Ti, 30 %, 5238 MiB, 8188 MiB, 35, 9.70 W
2026/09/23 19:37:33.887, NVIDIA GeForce RTX 4060 Ti, 37 %, 5237 MiB, 8188 MiB, 35, 9.65 W
2026/09/23 19:37:34.893, NVIDIA GeForce RTX 4060 Ti, 36 %, 5237 MiB, 8188 MiB, 35, 9.85 W
2026/09/23 19:37:35.898, NVIDIA GeForce RTX 4060 Ti, 34 %, 5237 MiB, 8188 MiB, 35, 9.98 W
2026/09/23 19:37:36.903, NVIDIA GeForce RTX 4060 Ti, 37 %, 5237 MiB, 8188 MiB, 36, 10.03 W
2026/09/23 19:37:37.912, NVIDIA GeForce RTX 4060 Ti, 31 %, 5233 MiB, 8188 MiB, 35, 9.92 W
2026/09/23 19:37:38.917, NVIDIA GeForce RTX 4060 Ti, 33 %, 5238 MiB, 8188 MiB, 35, 9.84 W
2026/09/23 19:37:39.922, NVIDIA GeForce RTX 4060 Ti, 39 %, 5237 MiB, 8188 MiB, 35, 9.84 W
2026/09/23 19:37:40.927, NVIDIA GeForce RTX 4060 Ti, 36 %, 5237 MiB, 8188 MiB, 35, 9.91 W
2026/09/23 19:37:41.932, NVIDIA GeForce RTX 4060 Ti, 38 %, 5237 MiB, 8188 MiB, 35, 9.88 W
2026/09/23 19:37:42.938, NVIDIA GeForce RTX 4060 Ti, 33 %, 5237 MiB, 8188 MiB, 35, 10.01 W
2026/09/23 19:37:43.945, NVIDIA GeForce RTX 4060 Ti, 33 %, 5237 MiB, 8188 MiB, 35, 9.89 W
2026/09/23 19:37:44.951, NVIDIA GeForce RTX 4060 Ti, 25 %, 5233 MiB, 8188 MiB, 35, 9.88 W
2026/09/23 19:37:45.955, NVIDIA GeForce RTX 4060 Ti, 34 %, 5237 MiB, 8188 MiB, 35, 9.84 W
2026/09/23 19:37:46.961, NVIDIA GeForce RTX 4060 Ti, 38 %, 5237 MiB, 8188 MiB, 35, 9.81 W
2026/09/23 19:37:47.966, NVIDIA GeForce RTX 4060 Ti, 33 %, 5237 MiB, 8188 MiB, 35, 9.93 W
2026/09/23 19:37:48.971, NVIDIA GeForce RTX 4060 Ti, 39 %, 5237 MiB, 8188 MiB, 35, 9.95 W
2026/09/23 19:37:49.976, NVIDIA GeForce RTX 4060 Ti, 42 %, 5237 MiB, 8188 MiB, 35, 9.95 W
2026/09/23 19:37:50.981, NVIDIA GeForce RTX 4060 Ti, 32 %, 5233 MiB, 8188 MiB, 35, 10.06 W
2026/09/23 19:37:51.988, NVIDIA GeForce RTX 4060 Ti, 30 %, 5238 MiB, 8188 MiB, 35, 9.77 W
2026/09/23 19:37:52.992, NVIDIA GeForce RTX 4060 Ti, 37 %, 5238 MiB, 8188 MiB, 35, 9.72 W
2026/09/23 19:37:53.998, NVIDIA GeForce RTX 4060 Ti, 37 %, 5238 MiB, 8188 MiB, 35, 9.78 W
2026/09/23 19:37:55.003, NVIDIA GeForce RTX 4060 Ti, 0 %, 5238 MiB, 8188 MiB, 35, 8.75 W
2026/09/23 19:37:56.009, NVIDIA GeForce RTX 4060 Ti, 0 %, 5237 MiB, 8188 MiB, 35, 5.86 W
2026/09/23 19:37:57.017, NVIDIA GeForce RTX 4060 Ti, 1 %, 5237 MiB, 8188 MiB, 35, 5.84 W
2026/09/23 19:37:58.024, NVIDIA GeForce RTX 4060 Ti, 17 %, 5233 MiB, 8188 MiB, 35, 6.17 W
2026/09/23 19:37:59.032, NVIDIA GeForce RTX 4060 Ti, 39 %, 5238 MiB, 8188 MiB, 35, 9.42 W
2026/09/23 19:38:00.041, NVIDIA GeForce RTX 4060 Ti, 32 %, 5238 MiB, 8188 MiB, 35, 9.70 W
2026/09/23 19:38:01.047, NVIDIA GeForce RTX 4060 Ti, 32 %, 5238 MiB, 8188 MiB, 35, 9.94 W
2026/09/23 19:38:02.052, NVIDIA GeForce RTX 4060 Ti, 42 %, 5237 MiB, 8188 MiB, 35, 9.88 W
2026/09/23 19:38:03.058, NVIDIA GeForce RTX 4060 Ti, 37 %, 5237 MiB, 8188 MiB, 35, 9.94 W
2026/09/23 19:38:04.063, NVIDIA GeForce RTX 4060 Ti, 43 %, 5233 MiB, 8188 MiB, 35, 9.94 W
2026/09/23 19:38:05.070, NVIDIA GeForce RTX 4060 Ti, 31 %, 5238 MiB, 8188 MiB, 35, 9.82 W
2026/09/23 19:38:06.076, NVIDIA GeForce RTX 4060 Ti, 45 %, 5238 MiB, 8188 MiB, 35, 9.74 W
2026/09/23 19:38:07.081, NVIDIA GeForce RTX 4060 Ti, 40 %, 5238 MiB, 8188 MiB, 35, 9.78 W
2026/09/23 19:38:08.089, NVIDIA GeForce RTX 4060 Ti, 39 %, 5237 MiB, 8188 MiB, 35, 9.92 W
2026/09/23 19:38:09.099, NVIDIA GeForce RTX 4060 Ti, 36 %, 5237 MiB, 8188 MiB, 35, 9.93 W
2026/09/23 19:38:10.106, NVIDIA GeForce RTX 4060 Ti, 35 %, 5233 MiB, 8188 MiB, 35, 10.06 W
2026/09/23 19:38:11.113, NVIDIA GeForce RTX 4060 Ti, 34 %, 5238 MiB, 8188 MiB, 35, 9.81 W
2026/09/23 19:38:12.120, NVIDIA GeForce RTX 4060 Ti, 32 %, 5238 MiB, 8188 MiB, 35, 9.71 W
2026/09/23 19:38:13.124, NVIDIA GeForce RTX 4060 Ti, 36 %, 5238 MiB, 8188 MiB, 35, 9.77 W
2026/09/23 19:38:14.132, NVIDIA GeForce RTX 4060 Ti, 34 %, 5238 MiB, 8188 MiB, 35, 9.79 W
2026/09/23 19:38:15.137, NVIDIA GeForce RTX 4060 Ti, 41 %, 5238 MiB, 8188 MiB, 35, 9.98 W
2026/09/23 19:38:16.144, NVIDIA GeForce RTX 4060 Ti, 29 %, 5237 MiB, 8188 MiB, 35, 10.01 W
2026/09/23 19:38:17.151, NVIDIA GeForce RTX 4060 Ti, 29 %, 5238 MiB, 8188 MiB, 35, 9.97 W
2026/09/23 19:38:18.160, NVIDIA GeForce RTX 4060 Ti, 34 %, 5243 MiB, 8188 MiB, 35, 9.63 W
2026/09/23 19:38:19.165, NVIDIA GeForce RTX 4060 Ti, 39 %, 5242 MiB, 8188 MiB, 35, 9.79 W
2026/09/23 19:38:20.170, NVIDIA GeForce RTX 4060 Ti, 41 %, 5242 MiB, 8188 MiB, 35, 10.04 W
2026/09/23 19:38:21.177, NVIDIA GeForce RTX 4060 Ti, 38 %, 5242 MiB, 8188 MiB, 35, 10.07 W
2026/09/23 19:38:22.184, NVIDIA GeForce RTX 4060 Ti, 38 %, 5242 MiB, 8188 MiB, 35, 9.96 W
2026/09/23 19:38:23.190, NVIDIA GeForce RTX 4060 Ti, 38 %, 5238 MiB, 8188 MiB, 35, 9.75 W
2026/09/23 19:38:24.196, NVIDIA GeForce RTX 4060 Ti, 37 %, 5241 MiB, 8188 MiB, 35, 9.82 W
2026/09/23 19:38:25.202, NVIDIA GeForce RTX 4060 Ti, 39 %, 5239 MiB, 8188 MiB, 35, 9.64 W
2026/09/23 19:38:26.208, NVIDIA GeForce RTX 4060 Ti, 37 %, 5239 MiB, 8188 MiB, 35, 9.72 W
2026/09/23 19:38:27.216, NVIDIA GeForce RTX 4060 Ti, 1 %, 5239 MiB, 8188 MiB, 35, 6.33 W
2026/09/23 19:38:28.237, NVIDIA GeForce RTX 4060 Ti, 2 %, 5239 MiB, 8188 MiB, 35, 5.82 W
2026/09/23 19:38:29.244, NVIDIA GeForce RTX 4060 Ti, 2 %, 5239 MiB, 8188 MiB, 35, 5.95 W
2026/09/23 19:38:30.252, NVIDIA GeForce RTX 4060 Ti, 40 %, 5235 MiB, 8188 MiB, 35, 8.19 W
2026/09/23 19:38:31.258, NVIDIA GeForce RTX 4060 Ti, 33 %, 5238 MiB, 8188 MiB, 35, 9.50 W
2026/09/23 19:38:32.270, NVIDIA GeForce RTX 4060 Ti, 39 %, 5238 MiB, 8188 MiB, 35, 9.44 W
2026/09/23 19:38:33.277, NVIDIA GeForce RTX 4060 Ti, 31 %, 5238 MiB, 8188 MiB, 35, 9.36 W
2026/09/23 19:38:34.287, NVIDIA GeForce RTX 4060 Ti, 35 %, 5237 MiB, 8188 MiB, 35, 9.33 W
2026/09/23 19:38:35.295, NVIDIA GeForce RTX 4060 Ti, 37 %, 5237 MiB, 8188 MiB, 35, 9.34 W
2026/09/23 19:38:36.300, NVIDIA GeForce RTX 4060 Ti, 35 %, 5233 MiB, 8188 MiB, 35, 9.43 W
2026/09/23 19:38:37.308, NVIDIA GeForce RTX 4060 Ti, 32 %, 5238 MiB, 8188 MiB, 35, 9.44 W
2026/09/23 19:38:38.315, NVIDIA GeForce RTX 4060 Ti, 37 %, 5238 MiB, 8188 MiB, 35, 9.50 W
2026/09/23 19:38:39.322, NVIDIA GeForce RTX 4060 Ti, 36 %, 5238 MiB, 8188 MiB, 35, 9.56 W
2026/09/23 19:38:40.328, NVIDIA GeForce RTX 4060 Ti, 41 %, 5237 MiB, 8188 MiB, 35, 9.58 W
2026/09/23 19:38:41.333, NVIDIA GeForce RTX 4060 Ti, 39 %, 5237 MiB, 8188 MiB, 35, 9.70 W
2026/09/23 19:38:42.341, NVIDIA GeForce RTX 4060 Ti, 36 %, 5233 MiB, 8188 MiB, 35, 9.70 W
2026/09/23 19:38:43.347, NVIDIA GeForce RTX 4060 Ti, 33 %, 5233 MiB, 8188 MiB, 35, 9.72 W
2026/09/23 19:38:44.354, NVIDIA GeForce RTX 4060 Ti, 33 %, 5238 MiB, 8188 MiB, 35, 9.52 W
2026/09/23 19:38:45.366, NVIDIA GeForce RTX 4060 Ti, 36 %, 5237 MiB, 8188 MiB, 35, 9.56 W
2026/09/23 19:38:46.371, NVIDIA GeForce RTX 4060 Ti, 33 %, 5237 MiB, 8188 MiB, 35, 9.61 W
2026/09/23 19:38:47.376, NVIDIA GeForce RTX 4060 Ti, 38 %, 5237 MiB, 8188 MiB, 35, 9.67 W
2026/09/23 19:38:48.382, NVIDIA GeForce RTX 4060 Ti, 37 %, 5237 MiB, 8188 MiB, 35, 9.66 W
2026/09/23 19:38:49.387, NVIDIA GeForce RTX 4060 Ti, 41 %, 5233 MiB, 8188 MiB, 35, 9.67 W
2026/09/23 19:38:50.392, NVIDIA GeForce RTX 4060 Ti, 34 %, 5237 MiB, 8188 MiB, 35, 9.67 W
2026/09/23 19:38:51.397, NVIDIA GeForce RTX 4060 Ti, 38 %, 5237 MiB, 8188 MiB, 35, 9.98 W
2026/09/23 19:38:52.402, NVIDIA GeForce RTX 4060 Ti, 32 %, 5237 MiB, 8188 MiB, 35, 10.10 W
2026/09/23 19:38:53.408, NVIDIA GeForce RTX 4060 Ti, 34 %, 5237 MiB, 8188 MiB, 35, 10.17 W
2026/09/23 19:38:54.420, NVIDIA GeForce RTX 4060 Ti, 34 %, 5237 MiB, 8188 MiB, 35, 10.01 W
2026/09/23 19:38:55.427, NVIDIA GeForce RTX 4060 Ti, 29 %, 5233 MiB, 8188 MiB, 35, 10.11 W
2026/09/23 19:38:56.444, NVIDIA GeForce RTX 4060 Ti, 34 %, 5238 MiB, 8188 MiB, 35, 10.07 W
2026/09/23 19:38:57.450, NVIDIA GeForce RTX 4060 Ti, 39 %, 5237 MiB, 8188 MiB, 35, 10.10 W
2026/09/23 19:38:58.461, NVIDIA GeForce RTX 4060 Ti, 32 %, 5237 MiB, 8188 MiB, 35, 10.05 W
2026/09/23 19:38:59.468, NVIDIA GeForce RTX 4060 Ti, 33 %, 5237 MiB, 8188 MiB, 35, 9.79 W
2026/09/23 19:39:00.476, NVIDIA GeForce RTX 4060 Ti, 32 %, 5237 MiB, 8188 MiB, 35, 9.72 W
2026/09/23 19:39:01.482, NVIDIA GeForce RTX 4060 Ti, 34 %, 5237 MiB, 8188 MiB, 35, 9.61 W
2026/09/23 19:39:02.488, NVIDIA GeForce RTX 4060 Ti, 30 %, 5233 MiB, 8188 MiB, 35, 9.66 W
2026/09/23 19:39:03.495, NVIDIA GeForce RTX 4060 Ti, 20 %, 5238 MiB, 8188 MiB, 35, 9.08 W
2026/09/23 19:39:04.501, NVIDIA GeForce RTX 4060 Ti, 0 %, 5237 MiB, 8188 MiB, 35, 6.03 W
2026/09/23 19:39:05.507, NVIDIA GeForce RTX 4060 Ti, 0 %, 5237 MiB, 8188 MiB, 35, 5.77 W
2026/09/23 19:39:06.513, NVIDIA GeForce RTX 4060 Ti, 0 %, 5237 MiB, 8188 MiB, 34, 5.80 W
2026/09/23 19:39:07.522, NVIDIA GeForce RTX 4060 Ti, 0 %, 5237 MiB, 8188 MiB, 35, 7.33 W
2026/09/23 19:39:08.529, NVIDIA GeForce RTX 4060 Ti, 1 %, 5233 MiB, 8188 MiB, 35, 5.86 W
2026/09/23 19:39:09.537, NVIDIA GeForce RTX 4060 Ti, 2 %, 5238 MiB, 8188 MiB, 34, 5.91 W
2026/09/23 19:39:10.542, NVIDIA GeForce RTX 4060 Ti, 50 %, 5237 MiB, 8188 MiB, 34, 6.87 W
2026/09/23 19:39:11.551, NVIDIA GeForce RTX 4060 Ti, 35 %, 5237 MiB, 8188 MiB, 35, 9.55 W
2026/09/23 19:39:12.556, NVIDIA GeForce RTX 4060 Ti, 36 %, 5237 MiB, 8188 MiB, 35, 9.49 W
2026/09/23 19:39:13.561, NVIDIA GeForce RTX 4060 Ti, 35 %, 5238 MiB, 8188 MiB, 35, 9.57 W
2026/09/23 19:39:14.568, NVIDIA GeForce RTX 4060 Ti, 37 %, 5238 MiB, 8188 MiB, 35, 9.62 W
2026/09/23 19:39:15.574, NVIDIA GeForce RTX 4060 Ti, 40 %, 5238 MiB, 8188 MiB, 35, 9.56 W
2026/09/23 19:39:16.580, NVIDIA GeForce RTX 4060 Ti, 36 %, 5238 MiB, 8188 MiB, 35, 9.38 W
2026/09/23 19:39:17.585, NVIDIA GeForce RTX 4060 Ti, 36 %, 5238 MiB, 8188 MiB, 35, 9.41 W
2026/09/23 19:39:18.594, NVIDIA GeForce RTX 4060 Ti, 39 %, 5238 MiB, 8188 MiB, 35, 9.43 W
2026/09/23 19:39:19.600, NVIDIA GeForce RTX 4060 Ti, 39 %, 5237 MiB, 8188 MiB, 35, 9.55 W
2026/09/23 19:39:20.606, NVIDIA GeForce RTX 4060 Ti, 36 %, 5233 MiB, 8188 MiB, 35, 9.63 W
2026/09/23 19:39:21.614, NVIDIA GeForce RTX 4060 Ti, 33 %, 5233 MiB, 8188 MiB, 35, 9.58 W
2026/09/23 19:39:22.618, NVIDIA GeForce RTX 4060 Ti, 35 %, 5238 MiB, 8188 MiB, 35, 9.57 W
2026/09/23 19:39:23.624, NVIDIA GeForce RTX 4060 Ti, 36 %, 5237 MiB, 8188 MiB, 35, 9.60 W
2026/09/23 19:39:24.630, NVIDIA GeForce RTX 4060 Ti, 38 %, 5237 MiB, 8188 MiB, 35, 9.63 W
2026/09/23 19:39:25.635, NVIDIA GeForce RTX 4060 Ti, 36 %, 5237 MiB, 8188 MiB, 35, 9.63 W
2026/09/23 19:39:26.642, NVIDIA GeForce RTX 4060 Ti, 37 %, 5237 MiB, 8188 MiB, 35, 9.58 W
2026/09/23 19:39:27.649, NVIDIA GeForce RTX 4060 Ti, 34 %, 5233 MiB, 8188 MiB, 35, 9.60 W
2026/09/23 19:39:28.655, NVIDIA GeForce RTX 4060 Ti, 35 %, 5238 MiB, 8188 MiB, 35, 9.52 W
2026/09/23 19:39:29.661, NVIDIA GeForce RTX 4060 Ti, 37 %, 5237 MiB, 8188 MiB, 35, 9.50 W
2026/09/23 19:39:30.667, NVIDIA GeForce RTX 4060 Ti, 38 %, 5237 MiB, 8188 MiB, 35, 9.54 W
2026/09/23 19:39:31.672, NVIDIA GeForce RTX 4060 Ti, 43 %, 5237 MiB, 8188 MiB, 35, 9.56 W
2026/09/23 19:39:32.678, NVIDIA GeForce RTX 4060 Ti, 40 %, 5237 MiB, 8188 MiB, 35, 9.97 W
2026/09/23 19:39:33.684, NVIDIA GeForce RTX 4060 Ti, 41 %, 5233 MiB, 8188 MiB, 35, 9.95 W
2026/09/23 19:39:34.690, NVIDIA GeForce RTX 4060 Ti, 39 %, 5238 MiB, 8188 MiB, 35, 9.90 W
2026/09/23 19:39:35.696, NVIDIA GeForce RTX 4060 Ti, 39 %, 5237 MiB, 8188 MiB, 35, 9.90 W
2026/09/23 19:39:36.702, NVIDIA GeForce RTX 4060 Ti, 34 %, 5237 MiB, 8188 MiB, 35, 9.91 W
2026/09/23 19:39:37.713, NVIDIA GeForce RTX 4060 Ti, 40 %, 5237 MiB, 8188 MiB, 35, 9.85 W
2026/09/23 19:39:38.719, NVIDIA GeForce RTX 4060 Ti, 40 %, 5237 MiB, 8188 MiB, 35, 9.93 W
2026/09/23 19:39:39.725, NVIDIA GeForce RTX 4060 Ti, 40 %, 5237 MiB, 8188 MiB, 35, 10.00 W
2026/09/23 19:39:40.730, NVIDIA GeForce RTX 4060 Ti, 1 %, 5233 MiB, 8188 MiB, 34, 8.23 W
2026/09/23 19:39:41.735, NVIDIA GeForce RTX 4060 Ti, 0 %, 5237 MiB, 8188 MiB, 34, 5.95 W
2026/09/23 19:39:42.741, NVIDIA GeForce RTX 4060 Ti, 0 %, 5237 MiB, 8188 MiB, 34, 5.88 W
2026/09/23 19:39:43.748, NVIDIA GeForce RTX 4060 Ti, 63 %, 5237 MiB, 8188 MiB, 35, 7.31 W
2026/09/23 19:39:44.753, NVIDIA GeForce RTX 4060 Ti, 30 %, 5237 MiB, 8188 MiB, 35, 10.23 W
2026/09/23 19:39:45.759, NVIDIA GeForce RTX 4060 Ti, 32 %, 5237 MiB, 8188 MiB, 35, 10.19 W
2026/09/23 19:39:46.764, NVIDIA GeForce RTX 4060 Ti, 35 %, 5233 MiB, 8188 MiB, 35, 10.16 W
2026/09/23 19:39:47.830, NVIDIA GeForce RTX 4060 Ti, 36 %, 5237 MiB, 8188 MiB, 35, 9.97 W
2026/09/23 19:39:48.836, NVIDIA GeForce RTX 4060 Ti, 37 %, 5237 MiB, 8188 MiB, 35, 10.00 W
2026/09/23 19:39:49.845, NVIDIA GeForce RTX 4060 Ti, 37 %, 5237 MiB, 8188 MiB, 35, 10.04 W
2026/09/23 19:39:50.851, NVIDIA GeForce RTX 4060 Ti, 39 %, 5237 MiB, 8188 MiB, 35, 10.01 W
2026/09/23 19:39:51.857, NVIDIA GeForce RTX 4060 Ti, 40 %, 5237 MiB, 8188 MiB, 35, 10.12 W
2026/09/23 19:39:52.876, NVIDIA GeForce RTX 4060 Ti, 39 %, 5233 MiB, 8188 MiB, 35, 10.06 W
2026/09/23 19:39:53.884, NVIDIA GeForce RTX 4060 Ti, 36 %, 5237 MiB, 8188 MiB, 35, 10.03 W
2026/09/23 19:39:54.889, NVIDIA GeForce RTX 4060 Ti, 37 %, 5237 MiB, 8188 MiB, 35, 9.84 W
2026/09/23 19:39:55.894, NVIDIA GeForce RTX 4060 Ti, 33 %, 5237 MiB, 8188 MiB, 35, 10.07 W
2026/09/23 19:39:56.903, NVIDIA GeForce RTX 4060 Ti, 35 %, 5237 MiB, 8188 MiB, 35, 10.14 W
2026/09/23 19:39:57.911, NVIDIA GeForce RTX 4060 Ti, 37 %, 5237 MiB, 8188 MiB, 35, 10.09 W
2026/09/23 19:39:58.916, NVIDIA GeForce RTX 4060 Ti, 38 %, 5237 MiB, 8188 MiB, 35, 10.16 W
2026/09/23 19:39:59.923, NVIDIA GeForce RTX 4060 Ti, 32 %, 5233 MiB, 8188 MiB, 35, 10.05 W
2026/09/23 19:40:00.929, NVIDIA GeForce RTX 4060 Ti, 35 %, 5238 MiB, 8188 MiB, 35, 9.99 W
2026/09/23 19:40:01.940, NVIDIA GeForce RTX 4060 Ti, 39 %, 5237 MiB, 8188 MiB, 35, 10.06 W
2026/09/23 19:40:02.946, NVIDIA GeForce RTX 4060 Ti, 37 %, 5237 MiB, 8188 MiB, 35, 9.99 W
2026/09/23 19:40:03.954, NVIDIA GeForce RTX 4060 Ti, 34 %, 5237 MiB, 8188 MiB, 35, 10.09 W
2026/09/23 19:40:04.960, NVIDIA GeForce RTX 4060 Ti, 31 %, 5237 MiB, 8188 MiB, 35, 9.99 W
2026/09/23 19:40:05.967, NVIDIA GeForce RTX 4060 Ti, 40 %, 5233 MiB, 8188 MiB, 35, 10.07 W
2026/09/23 19:40:06.976, NVIDIA GeForce RTX 4060 Ti, 31 %, 5238 MiB, 8188 MiB, 35, 9.83 W
2026/09/23 19:40:07.982, NVIDIA GeForce RTX 4060 Ti, 0 %, 5237 MiB, 8188 MiB, 34, 8.38 W
2026/09/23 19:40:08.989, NVIDIA GeForce RTX 4060 Ti, 1 %, 5237 MiB, 8188 MiB, 34, 5.80 W
2026/09/23 19:40:09.997, NVIDIA GeForce RTX 4060 Ti, 1 %, 5237 MiB, 8188 MiB, 34, 5.76 W
2026/09/23 19:40:11.005, NVIDIA GeForce RTX 4060 Ti, 14 %, 5237 MiB, 8188 MiB, 34, 6.28 W
2026/09/23 19:40:12.011, NVIDIA GeForce RTX 4060 Ti, 38 %, 5233 MiB, 8188 MiB, 35, 10.11 W
2026/09/23 19:40:13.016, NVIDIA GeForce RTX 4060 Ti, 31 %, 5238 MiB, 8188 MiB, 35, 9.96 W
2026/09/23 19:40:14.023, NVIDIA GeForce RTX 4060 Ti, 33 %, 5238 MiB, 8188 MiB, 35, 9.88 W
2026/09/23 19:40:15.028, NVIDIA GeForce RTX 4060 Ti, 35 %, 5238 MiB, 8188 MiB, 35, 9.86 W
2026/09/23 19:40:16.035, NVIDIA GeForce RTX 4060 Ti, 37 %, 5238 MiB, 8188 MiB, 35, 9.93 W
2026/09/23 19:40:17.041, NVIDIA GeForce RTX 4060 Ti, 40 %, 5237 MiB, 8188 MiB, 35, 9.96 W
2026/09/23 19:40:18.047, NVIDIA GeForce RTX 4060 Ti, 40 %, 5237 MiB, 8188 MiB, 34, 9.98 W
2026/09/23 19:40:19.053, NVIDIA GeForce RTX 4060 Ti, 39 %, 5233 MiB, 8188 MiB, 35, 10.00 W
2026/09/23 19:40:20.059, NVIDIA GeForce RTX 4060 Ti, 39 %, 5238 MiB, 8188 MiB, 35, 9.89 W
2026/09/23 19:40:21.066, NVIDIA GeForce RTX 4060 Ti, 41 %, 5238 MiB, 8188 MiB, 35, 9.85 W
2026/09/23 19:40:22.072, NVIDIA GeForce RTX 4060 Ti, 34 %, 5238 MiB, 8188 MiB, 34, 9.88 W
2026/09/23 19:40:23.078, NVIDIA GeForce RTX 4060 Ti, 33 %, 5237 MiB, 8188 MiB, 34, 9.94 W
2026/09/23 19:40:24.083, NVIDIA GeForce RTX 4060 Ti, 37 %, 5237 MiB, 8188 MiB, 35, 9.97 W
2026/09/23 19:40:25.090, NVIDIA GeForce RTX 4060 Ti, 37 %, 5233 MiB, 8188 MiB, 35, 9.83 W
2026/09/23 19:40:26.096, NVIDIA GeForce RTX 4060 Ti, 39 %, 5238 MiB, 8188 MiB, 35, 9.85 W
2026/09/23 19:40:27.102, NVIDIA GeForce RTX 4060 Ti, 39 %, 5238 MiB, 8188 MiB, 35, 9.87 W
2026/09/23 19:40:28.108, NVIDIA GeForce RTX 4060 Ti, 39 %, 5238 MiB, 8188 MiB, 34, 9.87 W
2026/09/23 19:40:29.114, NVIDIA GeForce RTX 4060 Ti, 40 %, 5238 MiB, 8188 MiB, 35, 9.85 W
2026/09/23 19:40:30.119, NVIDIA GeForce RTX 4060 Ti, 38 %, 5237 MiB, 8188 MiB, 35, 9.98 W
2026/09/23 19:40:31.125, NVIDIA GeForce RTX 4060 Ti, 39 %, 5233 MiB, 8188 MiB, 34, 9.95 W
2026/09/23 19:40:32.130, NVIDIA GeForce RTX 4060 Ti, 31 %, 5233 MiB, 8188 MiB, 34, 9.97 W
2026/09/23 19:40:33.135, NVIDIA GeForce RTX 4060 Ti, 35 %, 5238 MiB, 8188 MiB, 34, 9.88 W
2026/09/23 19:40:34.141, NVIDIA GeForce RTX 4060 Ti, 37 %, 5237 MiB, 8188 MiB, 34, 9.85 W
2026/09/23 19:40:35.149, NVIDIA GeForce RTX 4060 Ti, 33 %, 5237 MiB, 8188 MiB, 35, 9.88 W
2026/09/23 19:40:36.154, NVIDIA GeForce RTX 4060 Ti, 40 %, 5237 MiB, 8188 MiB, 34, 9.96 W
2026/09/23 19:40:37.159, NVIDIA GeForce RTX 4060 Ti, 1 %, 5237 MiB, 8188 MiB, 34, 8.13 W
2026/09/23 19:40:38.167, NVIDIA GeForce RTX 4060 Ti, 2 %, 5233 MiB, 8188 MiB, 34, 6.03 W
2026/09/23 19:40:39.174, NVIDIA GeForce RTX 4060 Ti, 2 %, 5238 MiB, 8188 MiB, 34, 5.90 W
2026/09/23 19:40:40.180, NVIDIA GeForce RTX 4060 Ti, 39 %, 5237 MiB, 8188 MiB, 34, 6.76 W
2026/09/23 19:40:41.197, NVIDIA GeForce RTX 4060 Ti, 0 %, 5237 MiB, 8188 MiB, 34, 7.05 W
2026/09/23 19:40:42.203, NVIDIA GeForce RTX 4060 Ti, 0 %, 5237 MiB, 8188 MiB, 34, 5.88 W
2026/09/23 19:40:43.210, NVIDIA GeForce RTX 4060 Ti, 0 %, 5237 MiB, 8188 MiB, 34, 5.74 W
2026/09/23 19:40:44.217, NVIDIA GeForce RTX 4060 Ti, 39 %, 5233 MiB, 8188 MiB, 34, 8.35 W
2026/09/23 19:40:45.228, NVIDIA GeForce RTX 4060 Ti, 37 %, 5237 MiB, 8188 MiB, 34, 10.27 W
2026/09/23 19:40:46.234, NVIDIA GeForce RTX 4060 Ti, 49 %, 5237 MiB, 8188 MiB, 34, 10.42 W
2026/09/23 19:40:47.242, NVIDIA GeForce RTX 4060 Ti, 42 %, 5237 MiB, 8188 MiB, 34, 11.03 W
2026/09/23 19:40:48.249, NVIDIA GeForce RTX 4060 Ti, 29 %, 5237 MiB, 8188 MiB, 34, 10.80 W
2026/09/23 19:40:49.256, NVIDIA GeForce RTX 4060 Ti, 28 %, 5237 MiB, 8188 MiB, 34, 10.45 W
2026/09/23 19:40:50.263, NVIDIA GeForce RTX 4060 Ti, 36 %, 5233 MiB, 8188 MiB, 34, 10.39 W
2026/09/23 19:40:51.272, NVIDIA GeForce RTX 4060 Ti, 33 %, 5237 MiB, 8188 MiB, 34, 10.32 W
2026/09/23 19:40:52.282, NVIDIA GeForce RTX 4060 Ti, 39 %, 5237 MiB, 8188 MiB, 34, 10.17 W
2026/09/23 19:40:53.288, NVIDIA GeForce RTX 4060 Ti, 39 %, 5237 MiB, 8188 MiB, 34, 10.26 W
2026/09/23 19:40:54.296, NVIDIA GeForce RTX 4060 Ti, 40 %, 5237 MiB, 8188 MiB, 34, 10.30 W
2026/09/23 19:40:55.304, NVIDIA GeForce RTX 4060 Ti, 38 %, 5237 MiB, 8188 MiB, 34, 10.27 W
2026/09/23 19:40:56.309, NVIDIA GeForce RTX 4060 Ti, 32 %, 5237 MiB, 8188 MiB, 34, 10.82 W
2026/09/23 19:40:57.315, NVIDIA GeForce RTX 4060 Ti, 33 %, 5233 MiB, 8188 MiB, 35, 13.01 W
2026/09/23 19:40:58.321, NVIDIA GeForce RTX 4060 Ti, 33 %, 5237 MiB, 8188 MiB, 34, 13.45 W
2026/09/23 19:40:59.325, NVIDIA GeForce RTX 4060 Ti, 40 %, 5237 MiB, 8188 MiB, 34, 11.00 W
2026/09/23 19:41:00.331, NVIDIA GeForce RTX 4060 Ti, 43 %, 5237 MiB, 8188 MiB, 34, 11.17 W
2026/09/23 19:41:01.338, NVIDIA GeForce RTX 4060 Ti, 32 %, 5237 MiB, 8188 MiB, 34, 13.96 W
2026/09/23 19:41:02.345, NVIDIA GeForce RTX 4060 Ti, 31 %, 5237 MiB, 8188 MiB, 34, 13.06 W
2026/09/23 19:41:03.351, NVIDIA GeForce RTX 4060 Ti, 29 %, 5233 MiB, 8188 MiB, 34, 12.39 W
2026/09/23 19:41:04.358, NVIDIA GeForce RTX 4060 Ti, 26 %, 5237 MiB, 8188 MiB, 34, 13.82 W
2026/09/23 19:41:05.364, NVIDIA GeForce RTX 4060 Ti, 35 %, 5237 MiB, 8188 MiB, 34, 11.26 W
2026/09/23 19:41:06.372, NVIDIA GeForce RTX 4060 Ti, 42 %, 5237 MiB, 8188 MiB, 34, 10.44 W
2026/09/23 19:41:07.383, NVIDIA GeForce RTX 4060 Ti, 44 %, 5237 MiB, 8188 MiB, 34, 10.80 W
2026/09/23 19:41:08.391, NVIDIA GeForce RTX 4060 Ti, 40 %, 5237 MiB, 8188 MiB, 34, 10.94 W
2026/09/23 19:41:09.399, NVIDIA GeForce RTX 4060 Ti, 41 %, 5237 MiB, 8188 MiB, 34, 10.90 W
2026/09/23 19:41:10.408, NVIDIA GeForce RTX 4060 Ti, 43 %, 5233 MiB, 8188 MiB, 34, 10.87 W
2026/09/23 19:41:11.426, NVIDIA GeForce RTX 4060 Ti, 34 %, 5238 MiB, 8188 MiB, 34, 10.57 W
2026/09/23 19:41:12.434, NVIDIA GeForce RTX 4060 Ti, 41 %, 5238 MiB, 8188 MiB, 34, 10.41 W
2026/09/23 19:41:13.443, NVIDIA GeForce RTX 4060 Ti, 36 %, 5238 MiB, 8188 MiB, 34, 10.79 W
2026/09/23 19:41:14.453, NVIDIA GeForce RTX 4060 Ti, 39 %, 5238 MiB, 8188 MiB, 34, 10.62 W
2026/09/23 19:41:15.459, NVIDIA GeForce RTX 4060 Ti, 36 %, 5238 MiB, 8188 MiB, 34, 10.43 W
2026/09/23 19:41:16.468, NVIDIA GeForce RTX 4060 Ti, 35 %, 5237 MiB, 8188 MiB, 34, 10.43 W
2026/09/23 19:41:17.473, NVIDIA GeForce RTX 4060 Ti, 37 %, 5238 MiB, 8188 MiB, 34, 10.24 W
2026/09/23 19:41:18.483, NVIDIA GeForce RTX 4060 Ti, 34 %, 5238 MiB, 8188 MiB, 34, 10.03 W
2026/09/23 19:41:19.490, NVIDIA GeForce RTX 4060 Ti, 31 %, 5238 MiB, 8188 MiB, 34, 10.02 W
2026/09/23 19:41:20.497, NVIDIA GeForce RTX 4060 Ti, 1 %, 5238 MiB, 8188 MiB, 34, 7.61 W
2026/09/23 19:41:21.504, NVIDIA GeForce RTX 4060 Ti, 1 %, 5237 MiB, 8188 MiB, 34, 5.72 W
2026/09/23 19:41:22.511, NVIDIA GeForce RTX 4060 Ti, 1 %, 5237 MiB, 8188 MiB, 34, 5.82 W
2026/09/23 19:41:23.518, NVIDIA GeForce RTX 4060 Ti, 43 %, 5233 MiB, 8188 MiB, 34, 7.67 W
2026/09/23 19:41:24.527, NVIDIA GeForce RTX 4060 Ti, 37 %, 5238 MiB, 8188 MiB, 34, 10.00 W
2026/09/23 19:41:25.535, NVIDIA GeForce RTX 4060 Ti, 43 %, 5238 MiB, 8188 MiB, 34, 10.33 W
2026/09/23 19:41:26.541, NVIDIA GeForce RTX 4060 Ti, 41 %, 5237 MiB, 8188 MiB, 34, 10.68 W
2026/09/23 19:41:27.548, NVIDIA GeForce RTX 4060 Ti, 38 %, 5237 MiB, 8188 MiB, 34, 10.64 W
2026/09/23 19:41:28.554, NVIDIA GeForce RTX 4060 Ti, 34 %, 5237 MiB, 8188 MiB, 34, 10.72 W
2026/09/23 19:41:29.560, NVIDIA GeForce RTX 4060 Ti, 35 %, 5233 MiB, 8188 MiB, 34, 10.68 W
2026/09/23 19:41:30.568, NVIDIA GeForce RTX 4060 Ti, 44 %, 5238 MiB, 8188 MiB, 34, 10.47 W
2026/09/23 19:41:31.573, NVIDIA GeForce RTX 4060 Ti, 36 %, 5237 MiB, 8188 MiB, 34, 10.53 W
2026/09/23 19:41:32.582, NVIDIA GeForce RTX 4060 Ti, 36 %, 5237 MiB, 8188 MiB, 34, 10.68 W
2026/09/23 19:41:33.590, NVIDIA GeForce RTX 4060 Ti, 41 %, 5237 MiB, 8188 MiB, 34, 10.64 W
2026/09/23 19:41:34.598, NVIDIA GeForce RTX 4060 Ti, 41 %, 5237 MiB, 8188 MiB, 34, 10.60 W
2026/09/23 19:41:35.612, NVIDIA GeForce RTX 4060 Ti, 37 %, 5233 MiB, 8188 MiB, 34, 10.57 W
2026/09/23 19:41:36.619, NVIDIA GeForce RTX 4060 Ti, 32 %, 5233 MiB, 8188 MiB, 34, 10.65 W
2026/09/23 19:41:37.625, NVIDIA GeForce RTX 4060 Ti, 32 %, 5238 MiB, 8188 MiB, 34, 10.41 W
2026/09/23 19:41:38.632, NVIDIA GeForce RTX 4060 Ti, 35 %, 5238 MiB, 8188 MiB, 34, 10.66 W
2026/09/23 19:41:39.639, NVIDIA GeForce RTX 4060 Ti, 36 %, 5238 MiB, 8188 MiB, 34, 10.58 W
2026/09/23 19:41:40.645, NVIDIA GeForce RTX 4060 Ti, 32 %, 5237 MiB, 8188 MiB, 34, 10.53 W
2026/09/23 19:41:41.653, NVIDIA GeForce RTX 4060 Ti, 41 %, 5237 MiB, 8188 MiB, 34, 10.49 W
2026/09/23 19:41:42.661, NVIDIA GeForce RTX 4060 Ti, 44 %, 5233 MiB, 8188 MiB, 34, 10.43 W
2026/09/23 19:41:43.669, NVIDIA GeForce RTX 4060 Ti, 41 %, 5238 MiB, 8188 MiB, 34, 10.24 W
2026/09/23 19:41:44.676, NVIDIA GeForce RTX 4060 Ti, 39 %, 5238 MiB, 8188 MiB, 34, 10.24 W
2026/09/23 19:41:45.683, NVIDIA GeForce RTX 4060 Ti, 34 %, 5238 MiB, 8188 MiB, 34, 10.88 W
2026/09/23 19:41:46.694, NVIDIA GeForce RTX 4060 Ti, 37 %, 5238 MiB, 8188 MiB, 34, 10.81 W
2026/09/23 19:41:47.703, NVIDIA GeForce RTX 4060 Ti, 38 %, 5237 MiB, 8188 MiB, 34, 10.75 W
2026/09/23 19:41:48.708, NVIDIA GeForce RTX 4060 Ti, 40 %, 5233 MiB, 8188 MiB, 34, 10.79 W
2026/09/23 19:41:49.717, NVIDIA GeForce RTX 4060 Ti, 32 %, 5238 MiB, 8188 MiB, 34, 10.40 W
2026/09/23 19:41:50.727, NVIDIA GeForce RTX 4060 Ti, 34 %, 5237 MiB, 8188 MiB, 34, 10.17 W
2026/09/23 19:41:51.731, NVIDIA GeForce RTX 4060 Ti, 37 %, 5237 MiB, 8188 MiB, 34, 10.14 W
2026/09/23 19:41:52.741, NVIDIA GeForce RTX 4060 Ti, 35 %, 5237 MiB, 8188 MiB, 34, 10.51 W
2026/09/23 19:41:53.753, NVIDIA GeForce RTX 4060 Ti, 38 %, 5237 MiB, 8188 MiB, 34, 10.48 W
2026/09/23 19:41:54.762, NVIDIA GeForce RTX 4060 Ti, 41 %, 5237 MiB, 8188 MiB, 34, 10.74 W
2026/09/23 19:41:55.773, NVIDIA GeForce RTX 4060 Ti, 39 %, 5233 MiB, 8188 MiB, 34, 10.65 W
2026/09/23 19:41:56.787, NVIDIA GeForce RTX 4060 Ti, 35 %, 5238 MiB, 8188 MiB, 34, 10.20 W
2026/09/23 19:41:57.795, NVIDIA GeForce RTX 4060 Ti, 41 %, 5238 MiB, 8188 MiB, 34, 10.35 W
2026/09/23 19:41:58.805, NVIDIA GeForce RTX 4060 Ti, 36 %, 5238 MiB, 8188 MiB, 34, 10.33 W
2026/09/23 19:41:59.813, NVIDIA GeForce RTX 4060 Ti, 0 %, 5237 MiB, 8188 MiB, 34, 7.60 W
2026/09/23 19:42:00.820, NVIDIA GeForce RTX 4060 Ti, 0 %, 5237 MiB, 8188 MiB, 34, 5.78 W
2026/09/23 19:42:01.827, NVIDIA GeForce RTX 4060 Ti, 0 %, 5233 MiB, 8188 MiB, 34, 5.74 W
2026/09/23 19:42:02.837, NVIDIA GeForce RTX 4060 Ti, 46 %, 5238 MiB, 8188 MiB, 34, 6.95 W
2026/09/23 19:42:03.846, NVIDIA GeForce RTX 4060 Ti, 44 %, 5237 MiB, 8188 MiB, 34, 10.23 W
2026/09/23 19:42:04.855, NVIDIA GeForce RTX 4060 Ti, 43 %, 5237 MiB, 8188 MiB, 34, 10.73 W
2026/09/23 19:42:05.867, NVIDIA GeForce RTX 4060 Ti, 39 %, 5237 MiB, 8188 MiB, 34, 10.83 W
2026/09/23 19:42:06.874, NVIDIA GeForce RTX 4060 Ti, 44 %, 5237 MiB, 8188 MiB, 34, 10.54 W
2026/09/23 19:42:07.881, NVIDIA GeForce RTX 4060 Ti, 39 %, 5237 MiB, 8188 MiB, 34, 10.77 W
2026/09/23 19:42:08.885, NVIDIA GeForce RTX 4060 Ti, 32 %, 5233 MiB, 8188 MiB, 34, 10.64 W
2026/09/23 19:42:09.895, NVIDIA GeForce RTX 4060 Ti, 34 %, 5238 MiB, 8188 MiB, 34, 10.31 W
2026/09/23 19:42:10.902, NVIDIA GeForce RTX 4060 Ti, 40 %, 5237 MiB, 8188 MiB, 34, 10.65 W
2026/09/23 19:42:11.906, NVIDIA GeForce RTX 4060 Ti, 40 %, 5237 MiB, 8188 MiB, 34, 10.64 W
2026/09/23 19:42:12.912, NVIDIA GeForce RTX 4060 Ti, 41 %, 5238 MiB, 8188 MiB, 34, 10.64 W
2026/09/23 19:42:13.918, NVIDIA GeForce RTX 4060 Ti, 42 %, 5238 MiB, 8188 MiB, 34, 10.73 W
2026/09/23 19:42:14.927, NVIDIA GeForce RTX 4060 Ti, 39 %, 5238 MiB, 8188 MiB, 34, 10.64 W
2026/09/23 19:42:15.934, NVIDIA GeForce RTX 4060 Ti, 31 %, 5238 MiB, 8188 MiB, 34, 10.48 W
2026/09/23 19:42:16.939, NVIDIA GeForce RTX 4060 Ti, 30 %, 5238 MiB, 8188 MiB, 34, 10.28 W
2026/09/23 19:42:17.945, NVIDIA GeForce RTX 4060 Ti, 34 %, 5238 MiB, 8188 MiB, 34, 10.31 W
2026/09/23 19:42:18.954, NVIDIA GeForce RTX 4060 Ti, 35 %, 5238 MiB, 8188 MiB, 34, 10.33 W
2026/09/23 19:42:19.963, NVIDIA GeForce RTX 4060 Ti, 42 %, 5237 MiB, 8188 MiB, 34, 10.59 W
2026/09/23 19:42:20.970, NVIDIA GeForce RTX 4060 Ti, 42 %, 5237 MiB, 8188 MiB, 34, 10.72 W
2026/09/23 19:42:21.976, NVIDIA GeForce RTX 4060 Ti, 36 %, 5233 MiB, 8188 MiB, 34, 10.48 W
2026/09/23 19:42:22.983, NVIDIA GeForce RTX 4060 Ti, 36 %, 5238 MiB, 8188 MiB, 34, 10.25 W
2026/09/23 19:42:23.995, NVIDIA GeForce RTX 4060 Ti, 41 %, 5238 MiB, 8188 MiB, 34, 10.50 W
2026/09/23 19:42:25.001, NVIDIA GeForce RTX 4060 Ti, 33 %, 5238 MiB, 8188 MiB, 34, 10.65 W
2026/09/23 19:42:26.007, NVIDIA GeForce RTX 4060 Ti, 29 %, 5237 MiB, 8188 MiB, 34, 11.84 W
2026/09/23 19:42:27.014, NVIDIA GeForce RTX 4060 Ti, 31 %, 5237 MiB, 8188 MiB, 34, 13.88 W
2026/09/23 19:42:28.025, NVIDIA GeForce RTX 4060 Ti, 38 %, 5233 MiB, 8188 MiB, 34, 12.03 W
2026/09/23 19:42:29.033, NVIDIA GeForce RTX 4060 Ti, 35 %, 5238 MiB, 8188 MiB, 34, 10.39 W
2026/09/23 19:42:30.040, NVIDIA GeForce RTX 4060 Ti, 36 %, 5238 MiB, 8188 MiB, 34, 10.12 W
2026/09/23 19:42:31.047, NVIDIA GeForce RTX 4060 Ti, 36 %, 5238 MiB, 8188 MiB, 34, 10.27 W
2026/09/23 19:42:32.052, NVIDIA GeForce RTX 4060 Ti, 34 %, 5237 MiB, 8188 MiB, 34, 10.30 W
2026/09/23 19:42:33.060, NVIDIA GeForce RTX 4060 Ti, 33 %, 5237 MiB, 8188 MiB, 34, 10.27 W
2026/09/23 19:42:34.068, NVIDIA GeForce RTX 4060 Ti, 35 %, 5233 MiB, 8188 MiB, 34, 10.25 W
2026/09/23 19:42:35.077, NVIDIA GeForce RTX 4060 Ti, 38 %, 5238 MiB, 8188 MiB, 34, 10.10 W
2026/09/23 19:42:36.084, NVIDIA GeForce RTX 4060 Ti, 37 %, 5237 MiB, 8188 MiB, 34, 9.87 W
2026/09/23 19:42:37.092, NVIDIA GeForce RTX 4060 Ti, 38 %, 5237 MiB, 8188 MiB, 34, 10.01 W
2026/09/23 19:42:38.101, NVIDIA GeForce RTX 4060 Ti, 38 %, 5237 MiB, 8188 MiB, 34, 10.01 W
2026/09/23 19:42:39.110, NVIDIA GeForce RTX 4060 Ti, 37 %, 5237 MiB, 8188 MiB, 34, 10.26 W
2026/09/23 19:42:40.116, NVIDIA GeForce RTX 4060 Ti, 36 %, 5237 MiB, 8188 MiB, 34, 9.47 W
2026/09/23 19:42:41.122, NVIDIA GeForce RTX 4060 Ti, 1 %, 5233 MiB, 8188 MiB, 34, 6.00 W
2026/09/23 19:42:42.129, NVIDIA GeForce RTX 4060 Ti, 2 %, 5238 MiB, 8188 MiB, 34, 5.71 W
2026/09/23 19:42:43.149, NVIDIA GeForce RTX 4060 Ti, 1 %, 5237 MiB, 8188 MiB, 34, 5.77 W
2026/09/23 19:42:44.156, NVIDIA GeForce RTX 4060 Ti, 18 %, 5237 MiB, 8188 MiB, 34, 7.54 W
2026/09/23 19:42:45.163, NVIDIA GeForce RTX 4060 Ti, 0 %, 5237 MiB, 8188 MiB, 34, 5.97 W
2026/09/23 19:42:46.170, NVIDIA GeForce RTX 4060 Ti, 0 %, 5237 MiB, 8188 MiB, 34, 5.99 W
2026/09/23 19:42:47.177, NVIDIA GeForce RTX 4060 Ti, 13 %, 5233 MiB, 8188 MiB, 34, 6.09 W
2026/09/23 19:42:48.187, NVIDIA GeForce RTX 4060 Ti, 40 %, 5238 MiB, 8188 MiB, 34, 9.24 W
2026/09/23 19:42:49.198, NVIDIA GeForce RTX 4060 Ti, 48 %, 5237 MiB, 8188 MiB, 34, 9.60 W
2026/09/23 19:42:50.203, NVIDIA GeForce RTX 4060 Ti, 36 %, 5237 MiB, 8188 MiB, 34, 9.88 W
2026/09/23 19:42:51.220, NVIDIA GeForce RTX 4060 Ti, 28 %, 5237 MiB, 8188 MiB, 34, 9.75 W
2026/09/23 19:42:52.237, NVIDIA GeForce RTX 4060 Ti, 30 %, 5237 MiB, 8188 MiB, 34, 9.59 W
2026/09/23 19:42:53.247, NVIDIA GeForce RTX 4060 Ti, 35 %, 5233 MiB, 8188 MiB, 34, 9.33 W
2026/09/23 19:42:54.252, NVIDIA GeForce RTX 4060 Ti, 42 %, 5238 MiB, 8188 MiB, 34, 9.23 W
2026/09/23 19:42:55.259, NVIDIA GeForce RTX 4060 Ti, 36 %, 5237 MiB, 8188 MiB, 34, 9.16 W
2026/09/23 19:42:56.266, NVIDIA GeForce RTX 4060 Ti, 38 %, 5237 MiB, 8188 MiB, 34, 9.28 W
2026/09/23 19:42:57.273, NVIDIA GeForce RTX 4060 Ti, 36 %, 5237 MiB, 8188 MiB, 34, 9.35 W
2026/09/23 19:42:58.278, NVIDIA GeForce RTX 4060 Ti, 35 %, 5237 MiB, 8188 MiB, 34, 9.38 W
2026/09/23 19:42:59.283, NVIDIA GeForce RTX 4060 Ti, 36 %, 5237 MiB, 8188 MiB, 34, 9.38 W
2026/09/23 19:43:00.288, NVIDIA GeForce RTX 4060 Ti, 40 %, 5233 MiB, 8188 MiB, 34, 9.47 W
2026/09/23 19:43:01.296, NVIDIA GeForce RTX 4060 Ti, 36 %, 5237 MiB, 8188 MiB, 34, 9.28 W
2026/09/23 19:43:02.306, NVIDIA GeForce RTX 4060 Ti, 38 %, 5237 MiB, 8188 MiB, 34, 9.41 W
2026/09/23 19:43:03.310, NVIDIA GeForce RTX 4060 Ti, 36 %, 5237 MiB, 8188 MiB, 34, 9.39 W
2026/09/23 19:43:04.318, NVIDIA GeForce RTX 4060 Ti, 38 %, 5237 MiB, 8188 MiB, 34, 9.45 W
2026/09/23 19:43:05.323, NVIDIA GeForce RTX 4060 Ti, 40 %, 5237 MiB, 8188 MiB, 34, 9.57 W
2026/09/23 19:43:06.329, NVIDIA GeForce RTX 4060 Ti, 36 %, 5233 MiB, 8188 MiB, 34, 9.43 W
2026/09/23 19:43:07.339, NVIDIA GeForce RTX 4060 Ti, 34 %, 5238 MiB, 8188 MiB, 34, 9.33 W
2026/09/23 19:43:08.345, NVIDIA GeForce RTX 4060 Ti, 33 %, 5237 MiB, 8188 MiB, 34, 9.17 W
2026/09/23 19:43:09.353, NVIDIA GeForce RTX 4060 Ti, 40 %, 5237 MiB, 8188 MiB, 34, 9.24 W
2026/09/23 19:43:10.359, NVIDIA GeForce RTX 4060 Ti, 39 %, 5237 MiB, 8188 MiB, 34, 9.32 W
2026/09/23 19:43:11.366, NVIDIA GeForce RTX 4060 Ti, 35 %, 5237 MiB, 8188 MiB, 34, 9.42 W
2026/09/23 19:43:12.372, NVIDIA GeForce RTX 4060 Ti, 35 %, 5237 MiB, 8188 MiB, 34, 9.36 W
2026/09/23 19:43:13.378, NVIDIA GeForce RTX 4060 Ti, 33 %, 5237 MiB, 8188 MiB, 34, 9.54 W
2026/09/23 19:43:14.384, NVIDIA GeForce RTX 4060 Ti, 34 %, 5238 MiB, 8188 MiB, 34, 9.35 W
2026/09/23 19:43:15.391, NVIDIA GeForce RTX 4060 Ti, 37 %, 5238 MiB, 8188 MiB, 34, 9.48 W
2026/09/23 19:43:16.397, NVIDIA GeForce RTX 4060 Ti, 33 %, 5238 MiB, 8188 MiB, 34, 9.38 W
2026/09/23 19:43:17.410, NVIDIA GeForce RTX 4060 Ti, 34 %, 5237 MiB, 8188 MiB, 34, 9.38 W
2026/09/23 19:43:18.416, NVIDIA GeForce RTX 4060 Ti, 34 %, 5242 MiB, 8188 MiB, 34, 9.40 W
2026/09/23 19:43:19.422, NVIDIA GeForce RTX 4060 Ti, 35 %, 5238 MiB, 8188 MiB, 34, 9.48 W
2026/09/23 19:43:20.430, NVIDIA GeForce RTX 4060 Ti, 35 %, 5242 MiB, 8188 MiB, 34, 9.47 W
2026/09/23 19:43:21.438, NVIDIA GeForce RTX 4060 Ti, 39 %, 5242 MiB, 8188 MiB, 34, 9.38 W
2026/09/23 19:43:22.445, NVIDIA GeForce RTX 4060 Ti, 37 %, 5242 MiB, 8188 MiB, 34, 9.45 W
2026/09/23 19:43:23.451, NVIDIA GeForce RTX 4060 Ti, 1 %, 5242 MiB, 8188 MiB, 34, 8.64 W
2026/09/23 19:43:24.458, NVIDIA GeForce RTX 4060 Ti, 1 %, 5239 MiB, 8188 MiB, 34, 6.01 W
2026/09/23 19:43:25.465, NVIDIA GeForce RTX 4060 Ti, 1 %, 5234 MiB, 8188 MiB, 34, 5.88 W
2026/09/23 19:43:26.471, NVIDIA GeForce RTX 4060 Ti, 44 %, 5239 MiB, 8188 MiB, 34, 6.86 W
2026/09/23 19:43:27.478, NVIDIA GeForce RTX 4060 Ti, 34 %, 5238 MiB, 8188 MiB, 34, 9.26 W
2026/09/23 19:43:28.486, NVIDIA GeForce RTX 4060 Ti, 34 %, 5238 MiB, 8188 MiB, 34, 9.24 W
2026/09/23 19:43:29.491, NVIDIA GeForce RTX 4060 Ti, 35 %, 5237 MiB, 8188 MiB, 34, 9.43 W
2026/09/23 19:43:30.497, NVIDIA GeForce RTX 4060 Ti, 37 %, 5237 MiB, 8188 MiB, 34, 9.47 W
2026/09/23 19:43:31.503, NVIDIA GeForce RTX 4060 Ti, 36 %, 5237 MiB, 8188 MiB, 34, 9.34 W
2026/09/23 19:43:32.510, NVIDIA GeForce RTX 4060 Ti, 38 %, 5233 MiB, 8188 MiB, 34, 9.36 W
2026/09/23 19:43:33.517, NVIDIA GeForce RTX 4060 Ti, 37 %, 5237 MiB, 8188 MiB, 34, 9.23 W
2026/09/23 19:43:34.522, NVIDIA GeForce RTX 4060 Ti, 38 %, 5237 MiB, 8188 MiB, 34, 9.31 W
2026/09/23 19:43:35.528, NVIDIA GeForce RTX 4060 Ti, 37 %, 5237 MiB, 8188 MiB, 34, 9.35 W
2026/09/23 19:43:36.534, NVIDIA GeForce RTX 4060 Ti, 37 %, 5237 MiB, 8188 MiB, 34, 9.30 W
2026/09/23 19:43:37.539, NVIDIA GeForce RTX 4060 Ti, 36 %, 5237 MiB, 8188 MiB, 34, 9.38 W
2026/09/23 19:43:38.548, NVIDIA GeForce RTX 4060 Ti, 38 %, 5233 MiB, 8188 MiB, 34, 9.38 W
2026/09/23 19:43:39.553, NVIDIA GeForce RTX 4060 Ti, 33 %, 5237 MiB, 8188 MiB, 34, 9.17 W
2026/09/23 19:43:40.561, NVIDIA GeForce RTX 4060 Ti, 48 %, 5237 MiB, 8188 MiB, 34, 9.39 W
2026/09/23 19:43:41.572, NVIDIA GeForce RTX 4060 Ti, 31 %, 5237 MiB, 8188 MiB, 34, 9.56 W
2026/09/23 19:43:42.577, NVIDIA GeForce RTX 4060 Ti, 33 %, 5237 MiB, 8188 MiB, 34, 9.44 W
2026/09/23 19:43:43.595, NVIDIA GeForce RTX 4060 Ti, 33 %, 5237 MiB, 8188 MiB, 34, 9.46 W
2026/09/23 19:43:44.600, NVIDIA GeForce RTX 4060 Ti, 36 %, 5233 MiB, 8188 MiB, 34, 9.28 W
2026/09/23 19:43:45.609, NVIDIA GeForce RTX 4060 Ti, 33 %, 5233 MiB, 8188 MiB, 34, 9.68 W
2026/09/23 19:43:46.615, NVIDIA GeForce RTX 4060 Ti, 36 %, 5237 MiB, 8188 MiB, 34, 9.60 W
2026/09/23 19:43:47.621, NVIDIA GeForce RTX 4060 Ti, 39 %, 5237 MiB, 8188 MiB, 34, 9.69 W
2026/09/23 19:43:48.628, NVIDIA GeForce RTX 4060 Ti, 40 %, 5237 MiB, 8188 MiB, 34, 9.84 W
2026/09/23 19:43:49.635, NVIDIA GeForce RTX 4060 Ti, 30 %, 5237 MiB, 8188 MiB, 34, 9.86 W
2026/09/23 19:43:50.640, NVIDIA GeForce RTX 4060 Ti, 31 %, 5237 MiB, 8188 MiB, 34, 9.82 W
2026/09/23 19:43:51.645, NVIDIA GeForce RTX 4060 Ti, 34 %, 5233 MiB, 8188 MiB, 34, 9.83 W
2026/09/23 19:43:52.650, NVIDIA GeForce RTX 4060 Ti, 32 %, 5238 MiB, 8188 MiB, 34, 9.65 W
2026/09/23 19:43:53.658, NVIDIA GeForce RTX 4060 Ti, 30 %, 5237 MiB, 8188 MiB, 34, 9.64 W
2026/09/23 19:43:54.663, NVIDIA GeForce RTX 4060 Ti, 42 %, 5237 MiB, 8188 MiB, 34, 9.67 W
2026/09/23 19:43:55.672, NVIDIA GeForce RTX 4060 Ti, 38 %, 5237 MiB, 8188 MiB, 34, 9.81 W
2026/09/23 19:43:56.678, NVIDIA GeForce RTX 4060 Ti, 30 %, 5237 MiB, 8188 MiB, 34, 9.84 W
2026/09/23 19:43:57.685, NVIDIA GeForce RTX 4060 Ti, 32 %, 5233 MiB, 8188 MiB, 34, 9.57 W
2026/09/23 19:43:58.689, NVIDIA GeForce RTX 4060 Ti, 31 %, 5238 MiB, 8188 MiB, 34, 9.84 W
2026/09/23 19:43:59.704, NVIDIA GeForce RTX 4060 Ti, 0 %, 5237 MiB, 8188 MiB, 34, 8.01 W
2026/09/23 19:44:00.709, NVIDIA GeForce RTX 4060 Ti, 0 %, 5237 MiB, 8188 MiB, 34, 5.70 W
2026/09/23 19:44:01.716, NVIDIA GeForce RTX 4060 Ti, 1 %, 5237 MiB, 8188 MiB, 34, 5.65 W
2026/09/23 19:44:02.722, NVIDIA GeForce RTX 4060 Ti, 18 %, 5237 MiB, 8188 MiB, 34, 6.24 W
2026/09/23 19:44:03.727, NVIDIA GeForce RTX 4060 Ti, 37 %, 5237 MiB, 8188 MiB, 34, 9.42 W
2026/09/23 19:44:04.732, NVIDIA GeForce RTX 4060 Ti, 40 %, 5233 MiB, 8188 MiB, 34, 9.73 W
2026/09/23 19:44:05.741, NVIDIA GeForce RTX 4060 Ti, 31 %, 5238 MiB, 8188 MiB, 34, 9.57 W
2026/09/23 19:44:06.747, NVIDIA GeForce RTX 4060 Ti, 32 %, 5237 MiB, 8188 MiB, 34, 9.55 W
2026/09/23 19:44:07.754, NVIDIA GeForce RTX 4060 Ti, 38 %, 5237 MiB, 8188 MiB, 34, 9.55 W
2026/09/23 19:44:08.759, NVIDIA GeForce RTX 4060 Ti, 33 %, 5237 MiB, 8188 MiB, 34, 9.83 W
2026/09/23 19:44:09.764, NVIDIA GeForce RTX 4060 Ti, 35 %, 5237 MiB, 8188 MiB, 34, 9.90 W
2026/09/23 19:44:10.770, NVIDIA GeForce RTX 4060 Ti, 38 %, 5233 MiB, 8188 MiB, 34, 9.81 W
2026/09/23 19:44:11.776, NVIDIA GeForce RTX 4060 Ti, 36 %, 5238 MiB, 8188 MiB, 34, 9.72 W
2026/09/23 19:44:12.780, NVIDIA GeForce RTX 4060 Ti, 38 %, 5237 MiB, 8188 MiB, 34, 9.73 W
2026/09/23 19:44:13.788, NVIDIA GeForce RTX 4060 Ti, 38 %, 5238 MiB, 8188 MiB, 34, 9.77 W
2026/09/23 19:44:14.795, NVIDIA GeForce RTX 4060 Ti, 35 %, 5238 MiB, 8188 MiB, 34, 9.73 W
2026/09/23 19:44:15.802, NVIDIA GeForce RTX 4060 Ti, 41 %, 5237 MiB, 8188 MiB, 34, 9.70 W
2026/09/23 19:44:16.808, NVIDIA GeForce RTX 4060 Ti, 35 %, 5237 MiB, 8188 MiB, 34, 9.76 W
2026/09/23 19:44:17.817, NVIDIA GeForce RTX 4060 Ti, 29 %, 5237 MiB, 8188 MiB, 34, 9.74 W
2026/09/23 19:44:18.822, NVIDIA GeForce RTX 4060 Ti, 31 %, 5238 MiB, 8188 MiB, 34, 9.52 W
2026/09/23 19:44:19.829, NVIDIA GeForce RTX 4060 Ti, 36 %, 5237 MiB, 8188 MiB, 34, 9.77 W
2026/09/23 19:44:20.837, NVIDIA GeForce RTX 4060 Ti, 34 %, 5237 MiB, 8188 MiB, 34, 9.70 W
2026/09/23 19:44:21.842, NVIDIA GeForce RTX 4060 Ti, 37 %, 5237 MiB, 8188 MiB, 34, 9.77 W
2026/09/23 19:44:22.848, NVIDIA GeForce RTX 4060 Ti, 38 %, 5237 MiB, 8188 MiB, 34, 9.87 W
2026/09/23 19:44:23.858, NVIDIA GeForce RTX 4060 Ti, 35 %, 5233 MiB, 8188 MiB, 34, 9.77 W
2026/09/23 19:44:24.866, NVIDIA GeForce RTX 4060 Ti, 35 %, 5238 MiB, 8188 MiB, 34, 9.68 W
2026/09/23 19:44:25.871, NVIDIA GeForce RTX 4060 Ti, 31 %, 5237 MiB, 8188 MiB, 34, 9.64 W
2026/09/23 19:44:26.878, NVIDIA GeForce RTX 4060 Ti, 36 %, 5237 MiB, 8188 MiB, 34, 9.65 W
2026/09/23 19:44:27.884, NVIDIA GeForce RTX 4060 Ti, 31 %, 5237 MiB, 8188 MiB, 34, 9.60 W
2026/09/23 19:44:28.890, NVIDIA GeForce RTX 4060 Ti, 31 %, 5237 MiB, 8188 MiB, 34, 9.57 W
2026/09/23 19:44:29.895, NVIDIA GeForce RTX 4060 Ti, 36 %, 5237 MiB, 8188 MiB, 34, 9.36 W
2026/09/23 19:44:30.901, NVIDIA GeForce RTX 4060 Ti, 32 %, 5238 MiB, 8188 MiB, 34, 9.39 W
2026/09/23 19:44:31.908, NVIDIA GeForce RTX 4060 Ti, 28 %, 5237 MiB, 8188 MiB, 34, 9.11 W
2026/09/23 19:44:32.913, NVIDIA GeForce RTX 4060 Ti, 2 %, 5237 MiB, 8188 MiB, 34, 6.72 W
2026/09/23 19:44:33.919, NVIDIA GeForce RTX 4060 Ti, 1 %, 5237 MiB, 8188 MiB, 34, 5.72 W
2026/09/23 19:44:34.925, NVIDIA GeForce RTX 4060 Ti, 0 %, 5237 MiB, 8188 MiB, 34, 5.80 W
2026/09/23 19:44:35.930, NVIDIA GeForce RTX 4060 Ti, 13 %, 5237 MiB, 8188 MiB, 34, 7.15 W
2026/09/23 19:44:36.936, NVIDIA GeForce RTX 4060 Ti, 0 %, 5233 MiB, 8188 MiB, 34, 5.68 W
2026/09/23 19:44:37.943, NVIDIA GeForce RTX 4060 Ti, 1 %, 5238 MiB, 8188 MiB, 34, 5.79 W
2026/09/23 19:44:38.953, NVIDIA GeForce RTX 4060 Ti, 8 %, 5237 MiB, 8188 MiB, 34, 5.62 W
2026/09/23 19:44:39.959, NVIDIA GeForce RTX 4060 Ti, 33 %, 5237 MiB, 8188 MiB, 34, 8.97 W
2026/09/23 19:44:40.965, NVIDIA GeForce RTX 4060 Ti, 32 %, 5237 MiB, 8188 MiB, 34, 9.38 W
2026/09/23 19:44:41.971, NVIDIA GeForce RTX 4060 Ti, 38 %, 5237 MiB, 8188 MiB, 34, 9.35 W
2026/09/23 19:44:42.976, NVIDIA GeForce RTX 4060 Ti, 37 %, 5233 MiB, 8188 MiB, 34, 9.35 W
2026/09/23 19:44:43.983, NVIDIA GeForce RTX 4060 Ti, 35 %, 5238 MiB, 8188 MiB, 34, 9.37 W
2026/09/23 19:44:44.989, NVIDIA GeForce RTX 4060 Ti, 40 %, 5237 MiB, 8188 MiB, 34, 9.25 W
2026/09/23 19:44:45.995, NVIDIA GeForce RTX 4060 Ti, 37 %, 5237 MiB, 8188 MiB, 34, 9.23 W
2026/09/23 19:44:47.001, NVIDIA GeForce RTX 4060 Ti, 38 %, 5237 MiB, 8188 MiB, 34, 9.24 W
2026/09/23 19:44:48.006, NVIDIA GeForce RTX 4060 Ti, 38 %, 5237 MiB, 8188 MiB, 34, 9.30 W
2026/09/23 19:44:49.013, NVIDIA GeForce RTX 4060 Ti, 38 %, 5237 MiB, 8188 MiB, 34, 9.32 W
2026/09/23 19:44:50.019, NVIDIA GeForce RTX 4060 Ti, 42 %, 5237 MiB, 8188 MiB, 34, 9.38 W
2026/09/23 19:44:51.024, NVIDIA GeForce RTX 4060 Ti, 39 %, 5237 MiB, 8188 MiB, 34, 9.26 W
2026/09/23 19:44:52.030, NVIDIA GeForce RTX 4060 Ti, 36 %, 5237 MiB, 8188 MiB, 34, 9.28 W
2026/09/23 19:44:53.035, NVIDIA GeForce RTX 4060 Ti, 36 %, 5237 MiB, 8188 MiB, 34, 9.33 W
2026/09/23 19:44:54.042, NVIDIA GeForce RTX 4060 Ti, 39 %, 5237 MiB, 8188 MiB, 34, 9.36 W
2026/09/23 19:44:55.048, NVIDIA GeForce RTX 4060 Ti, 38 %, 5237 MiB, 8188 MiB, 34, 9.39 W
2026/09/23 19:44:56.053, NVIDIA GeForce RTX 4060 Ti, 36 %, 5233 MiB, 8188 MiB, 34, 9.48 W
2026/09/23 19:44:57.060, NVIDIA GeForce RTX 4060 Ti, 35 %, 5237 MiB, 8188 MiB, 34, 9.37 W
2026/09/23 19:44:58.066, NVIDIA GeForce RTX 4060 Ti, 40 %, 5237 MiB, 8188 MiB, 34, 9.31 W
2026/09/23 19:44:59.071, NVIDIA GeForce RTX 4060 Ti, 36 %, 5237 MiB, 8188 MiB, 34, 9.35 W
2026/09/23 19:45:00.080, NVIDIA GeForce RTX 4060 Ti, 34 %, 5237 MiB, 8188 MiB, 34, 9.39 W
2026/09/23 19:45:01.085, NVIDIA GeForce RTX 4060 Ti, 38 %, 5237 MiB, 8188 MiB, 34, 9.38 W
2026/09/23 19:45:02.108, NVIDIA GeForce RTX 4060 Ti, 35 %, 5233 MiB, 8188 MiB, 34, 9.30 W
2026/09/23 19:45:03.115, NVIDIA GeForce RTX 4060 Ti, 45 %, 5238 MiB, 8188 MiB, 34, 9.40 W
2026/09/23 19:45:04.122, NVIDIA GeForce RTX 4060 Ti, 35 %, 5237 MiB, 8188 MiB, 34, 9.33 W
2026/09/23 19:45:05.127, NVIDIA GeForce RTX 4060 Ti, 37 %, 5237 MiB, 8188 MiB, 34, 9.40 W
2026/09/23 19:45:06.132, NVIDIA GeForce RTX 4060 Ti, 39 %, 5237 MiB, 8188 MiB, 34, 9.34 W
2026/09/23 19:45:07.141, NVIDIA GeForce RTX 4060 Ti, 42 %, 5237 MiB, 8188 MiB, 34, 9.43 W
2026/09/23 19:45:08.146, NVIDIA GeForce RTX 4060 Ti, 30 %, 5233 MiB, 8188 MiB, 34, 9.73 W
2026/09/23 19:45:09.151, NVIDIA GeForce RTX 4060 Ti, 35 %, 5238 MiB, 8188 MiB, 34, 9.55 W
2026/09/23 19:45:10.156, NVIDIA GeForce RTX 4060 Ti, 1 %, 5238 MiB, 8188 MiB, 34, 8.53 W
2026/09/23 19:45:11.163, NVIDIA GeForce RTX 4060 Ti, 1 %, 5238 MiB, 8188 MiB, 34, 6.13 W
2026/09/23 19:45:12.170, NVIDIA GeForce RTX 4060 Ti, 1 %, 5238 MiB, 8188 MiB, 34, 5.55 W
2026/09/23 19:45:13.178, NVIDIA GeForce RTX 4060 Ti, 53 %, 5238 MiB, 8188 MiB, 34, 6.42 W
2026/09/23 19:45:14.184, NVIDIA GeForce RTX 4060 Ti, 35 %, 5238 MiB, 8188 MiB, 34, 9.54 W
2026/09/23 19:45:15.189, NVIDIA GeForce RTX 4060 Ti, 38 %, 5238 MiB, 8188 MiB, 34, 9.46 W
2026/09/23 19:45:16.201, NVIDIA GeForce RTX 4060 Ti, 38 %, 5238 MiB, 8188 MiB, 34, 9.29 W
2026/09/23 19:45:17.206, NVIDIA GeForce RTX 4060 Ti, 39 %, 5238 MiB, 8188 MiB, 34, 9.34 W
2026/09/23 19:45:18.213, NVIDIA GeForce RTX 4060 Ti, 40 %, 5237 MiB, 8188 MiB, 34, 9.41 W
2026/09/23 19:45:19.219, NVIDIA GeForce RTX 4060 Ti, 39 %, 5237 MiB, 8188 MiB, 34, 9.48 W
2026/09/23 19:45:20.225, NVIDIA GeForce RTX 4060 Ti, 39 %, 5237 MiB, 8188 MiB, 34, 9.52 W
2026/09/23 19:45:21.236, NVIDIA GeForce RTX 4060 Ti, 40 %, 5233 MiB, 8188 MiB, 34, 9.43 W
2026/09/23 19:45:22.241, NVIDIA GeForce RTX 4060 Ti, 39 %, 5238 MiB, 8188 MiB, 34, 9.37 W
2026/09/23 19:45:23.250, NVIDIA GeForce RTX 4060 Ti, 39 %, 5237 MiB, 8188 MiB, 34, 9.36 W
2026/09/23 19:45:24.255, NVIDIA GeForce RTX 4060 Ti, 37 %, 5237 MiB, 8188 MiB, 34, 9.39 W
2026/09/23 19:45:25.261, NVIDIA GeForce RTX 4060 Ti, 37 %, 5237 MiB, 8188 MiB, 34, 9.32 W
2026/09/23 19:45:26.266, NVIDIA GeForce RTX 4060 Ti, 37 %, 5237 MiB, 8188 MiB, 34, 9.39 W
2026/09/23 19:45:27.272, NVIDIA GeForce RTX 4060 Ti, 36 %, 5233 MiB, 8188 MiB, 34, 9.28 W
2026/09/23 19:45:28.278, NVIDIA GeForce RTX 4060 Ti, 38 %, 5237 MiB, 8188 MiB, 34, 9.38 W
2026/09/23 19:45:29.284, NVIDIA GeForce RTX 4060 Ti, 38 %, 5237 MiB, 8188 MiB, 34, 9.37 W
2026/09/23 19:45:30.295, NVIDIA GeForce RTX 4060 Ti, 37 %, 5237 MiB, 8188 MiB, 34, 9.34 W
2026/09/23 19:45:31.300, NVIDIA GeForce RTX 4060 Ti, 37 %, 5237 MiB, 8188 MiB, 34, 9.39 W
2026/09/23 19:45:32.305, NVIDIA GeForce RTX 4060 Ti, 41 %, 5237 MiB, 8188 MiB, 34, 9.43 W
2026/09/23 19:45:33.310, NVIDIA GeForce RTX 4060 Ti, 36 %, 5237 MiB, 8188 MiB, 34, 9.36 W
2026/09/23 19:45:34.315, NVIDIA GeForce RTX 4060 Ti, 36 %, 5233 MiB, 8188 MiB, 34, 9.42 W
2026/09/23 19:45:35.321, NVIDIA GeForce RTX 4060 Ti, 34 %, 5238 MiB, 8188 MiB, 34, 9.38 W
2026/09/23 19:45:36.331, NVIDIA GeForce RTX 4060 Ti, 36 %, 5237 MiB, 8188 MiB, 34, 9.37 W
2026/09/23 19:45:37.337, NVIDIA GeForce RTX 4060 Ti, 40 %, 5237 MiB, 8188 MiB, 34, 9.46 W
2026/09/23 19:45:38.344, NVIDIA GeForce RTX 4060 Ti, 37 %, 5237 MiB, 8188 MiB, 34, 9.42 W
2026/09/23 19:45:39.349, NVIDIA GeForce RTX 4060 Ti, 36 %, 5237 MiB, 8188 MiB, 34, 9.38 W
2026/09/23 19:45:40.355, NVIDIA GeForce RTX 4060 Ti, 33 %, 5233 MiB, 8188 MiB, 34, 9.33 W
2026/09/23 19:45:41.360, NVIDIA GeForce RTX 4060 Ti, 32 %, 5238 MiB, 8188 MiB, 34, 9.35 W
2026/09/23 19:45:42.367, NVIDIA GeForce RTX 4060 Ti, 37 %, 5237 MiB, 8188 MiB, 34, 9.34 W
2026/09/23 19:45:43.371, NVIDIA GeForce RTX 4060 Ti, 31 %, 5237 MiB, 8188 MiB, 34, 9.32 W
2026/09/23 19:45:44.377, NVIDIA GeForce RTX 4060 Ti, 1 %, 5237 MiB, 8188 MiB, 34, 8.66 W
2026/09/23 19:45:45.384, NVIDIA GeForce RTX 4060 Ti, 1 %, 5237 MiB, 8188 MiB, 33, 5.85 W
2026/09/23 19:45:46.390, NVIDIA GeForce RTX 4060 Ti, 1 %, 5233 MiB, 8188 MiB, 33, 5.84 W
2026/09/23 19:45:47.399, NVIDIA GeForce RTX 4060 Ti, 39 %, 5238 MiB, 8188 MiB, 34, 6.32 W
2026/09/23 19:45:48.405, NVIDIA GeForce RTX 4060 Ti, 35 %, 5237 MiB, 8188 MiB, 34, 9.22 W
2026/09/23 19:45:49.410, NVIDIA GeForce RTX 4060 Ti, 36 %, 5237 MiB, 8188 MiB, 34, 9.23 W
2026/09/23 19:45:50.415, NVIDIA GeForce RTX 4060 Ti, 36 %, 5237 MiB, 8188 MiB, 34, 9.28 W
2026/09/23 19:45:51.423, NVIDIA GeForce RTX 4060 Ti, 37 %, 5237 MiB, 8188 MiB, 34, 9.28 W
2026/09/23 19:45:52.428, NVIDIA GeForce RTX 4060 Ti, 36 %, 5237 MiB, 8188 MiB, 34, 9.19 W
2026/09/23 19:45:53.434, NVIDIA GeForce RTX 4060 Ti, 36 %, 5233 MiB, 8188 MiB, 34, 9.19 W
2026/09/23 19:45:54.440, NVIDIA GeForce RTX 4060 Ti, 37 %, 5238 MiB, 8188 MiB, 34, 9.12 W
2026/09/23 19:45:55.446, NVIDIA GeForce RTX 4060 Ti, 41 %, 5237 MiB, 8188 MiB, 34, 9.17 W
2026/09/23 19:45:56.453, NVIDIA GeForce RTX 4060 Ti, 36 %, 5237 MiB, 8188 MiB, 34, 9.22 W
2026/09/23 19:45:57.460, NVIDIA GeForce RTX 4060 Ti, 38 %, 5237 MiB, 8188 MiB, 34, 9.23 W
2026/09/23 19:45:58.466, NVIDIA GeForce RTX 4060 Ti, 37 %, 5237 MiB, 8188 MiB, 34, 9.24 W
2026/09/23 19:45:59.471, NVIDIA GeForce RTX 4060 Ti, 37 %, 5233 MiB, 8188 MiB, 34, 9.27 W
2026/09/23 19:46:00.477, NVIDIA GeForce RTX 4060 Ti, 41 %, 5238 MiB, 8188 MiB, 34, 9.18 W
2026/09/23 19:46:01.483, NVIDIA GeForce RTX 4060 Ti, 37 %, 5237 MiB, 8188 MiB, 34, 9.12 W
2026/09/23 19:46:02.488, NVIDIA GeForce RTX 4060 Ti, 34 %, 5237 MiB, 8188 MiB, 34, 9.25 W
2026/09/23 19:46:03.493, NVIDIA GeForce RTX 4060 Ti, 36 %, 5237 MiB, 8188 MiB, 34, 9.20 W
2026/09/23 19:46:04.504, NVIDIA GeForce RTX 4060 Ti, 36 %, 5237 MiB, 8188 MiB, 34, 9.27 W
2026/09/23 19:46:05.511, NVIDIA GeForce RTX 4060 Ti, 40 %, 5233 MiB, 8188 MiB, 34, 9.30 W
2026/09/23 19:46:06.521, NVIDIA GeForce RTX 4060 Ti, 37 %, 5237 MiB, 8188 MiB, 34, 9.28 W
2026/09/23 19:46:07.527, NVIDIA GeForce RTX 4060 Ti, 35 %, 5237 MiB, 8188 MiB, 34, 9.17 W
2026/09/23 19:46:08.532, NVIDIA GeForce RTX 4060 Ti, 50 %, 5237 MiB, 8188 MiB, 34, 9.40 W
2026/09/23 19:46:09.538, NVIDIA GeForce RTX 4060 Ti, 35 %, 5237 MiB, 8188 MiB, 34, 11.61 W
2026/09/23 19:46:10.543, NVIDIA GeForce RTX 4060 Ti, 31 %, 5237 MiB, 8188 MiB, 34, 13.25 W
2026/09/23 19:46:11.548, NVIDIA GeForce RTX 4060 Ti, 38 %, 5237 MiB, 8188 MiB, 34, 10.82 W
2026/09/23 19:46:12.557, NVIDIA GeForce RTX 4060 Ti, 32 %, 5233 MiB, 8188 MiB, 34, 11.75 W
2026/09/23 19:46:13.563, NVIDIA GeForce RTX 4060 Ti, 33 %, 5238 MiB, 8188 MiB, 34, 13.13 W
2026/09/23 19:46:14.568, NVIDIA GeForce RTX 4060 Ti, 45 %, 5238 MiB, 8188 MiB, 34, 10.61 W
2026/09/23 19:46:15.574, NVIDIA GeForce RTX 4060 Ti, 17 %, 5238 MiB, 8188 MiB, 34, 12.55 W
2026/09/23 19:46:16.581, NVIDIA GeForce RTX 4060 Ti, 0 %, 5237 MiB, 8188 MiB, 34, 7.94 W
2026/09/23 19:46:17.588, NVIDIA GeForce RTX 4060 Ti, 0 %, 5237 MiB, 8188 MiB, 33, 5.67 W
2026/09/23 19:46:18.595, NVIDIA GeForce RTX 4060 Ti, 0 %, 5233 MiB, 8188 MiB, 33, 5.69 W
2026/09/23 19:46:19.601, NVIDIA GeForce RTX 4060 Ti, 0 %, 5238 MiB, 8188 MiB, 33, 7.78 W
2026/09/23 19:46:20.606, NVIDIA GeForce RTX 4060 Ti, 0 %, 5237 MiB, 8188 MiB, 33, 5.46 W
2026/09/23 19:46:21.613, NVIDIA GeForce RTX 4060 Ti, 0 %, 5237 MiB, 8188 MiB, 33, 5.63 W
2026/09/23 19:46:22.620, NVIDIA GeForce RTX 4060 Ti, 5 %, 5237 MiB, 8188 MiB, 34, 5.94 W
2026/09/23 19:46:23.629, NVIDIA GeForce RTX 4060 Ti, 49 %, 5237 MiB, 8188 MiB, 34, 10.34 W
2026/09/23 19:46:24.637, NVIDIA GeForce RTX 4060 Ti, 33 %, 5233 MiB, 8188 MiB, 34, 10.41 W
2026/09/23 19:46:25.644, NVIDIA GeForce RTX 4060 Ti, 33 %, 5237 MiB, 8188 MiB, 34, 10.56 W
2026/09/23 19:46:26.651, NVIDIA GeForce RTX 4060 Ti, 36 %, 5237 MiB, 8188 MiB, 34, 10.19 W
2026/09/23 19:46:27.655, NVIDIA GeForce RTX 4060 Ti, 35 %, 5237 MiB, 8188 MiB, 34, 10.59 W
2026/09/23 19:46:28.662, NVIDIA GeForce RTX 4060 Ti, 33 %, 5237 MiB, 8188 MiB, 34, 10.65 W
2026/09/23 19:46:29.669, NVIDIA GeForce RTX 4060 Ti, 36 %, 5237 MiB, 8188 MiB, 34, 10.47 W
2026/09/23 19:46:30.678, NVIDIA GeForce RTX 4060 Ti, 39 %, 5237 MiB, 8188 MiB, 34, 10.45 W
2026/09/23 19:46:31.684, NVIDIA GeForce RTX 4060 Ti, 43 %, 5233 MiB, 8188 MiB, 34, 10.68 W
2026/09/23 19:46:32.693, NVIDIA GeForce RTX 4060 Ti, 39 %, 5237 MiB, 8188 MiB, 34, 10.35 W
2026/09/23 19:46:33.698, NVIDIA GeForce RTX 4060 Ti, 37 %, 5237 MiB, 8188 MiB, 34, 10.24 W
2026/09/23 19:46:34.704, NVIDIA GeForce RTX 4060 Ti, 42 %, 5237 MiB, 8188 MiB, 34, 10.49 W
2026/09/23 19:46:35.723, NVIDIA GeForce RTX 4060 Ti, 34 %, 5237 MiB, 8188 MiB, 34, 10.61 W
2026/09/23 19:46:36.729, NVIDIA GeForce RTX 4060 Ti, 30 %, 5237 MiB, 8188 MiB, 34, 10.66 W
2026/09/23 19:46:37.738, NVIDIA GeForce RTX 4060 Ti, 34 %, 5233 MiB, 8188 MiB, 34, 10.70 W
2026/09/23 19:46:38.744, NVIDIA GeForce RTX 4060 Ti, 41 %, 5237 MiB, 8188 MiB, 34, 10.28 W
2026/09/23 19:46:39.752, NVIDIA GeForce RTX 4060 Ti, 36 %, 5237 MiB, 8188 MiB, 34, 10.16 W
2026/09/23 19:46:40.765, NVIDIA GeForce RTX 4060 Ti, 41 %, 5237 MiB, 8188 MiB, 34, 10.47 W
2026/09/23 19:46:41.774, NVIDIA GeForce RTX 4060 Ti, 39 %, 5237 MiB, 8188 MiB, 34, 10.41 W
2026/09/23 19:46:42.779, NVIDIA GeForce RTX 4060 Ti, 36 %, 5237 MiB, 8188 MiB, 34, 10.70 W
2026/09/23 19:46:43.785, NVIDIA GeForce RTX 4060 Ti, 33 %, 5237 MiB, 8188 MiB, 34, 10.63 W
2026/09/23 19:46:44.791, NVIDIA GeForce RTX 4060 Ti, 34 %, 5233 MiB, 8188 MiB, 34, 10.72 W
2026/09/23 19:46:45.799, NVIDIA GeForce RTX 4060 Ti, 32 %, 5238 MiB, 8188 MiB, 34, 10.15 W
2026/09/23 19:46:46.805, NVIDIA GeForce RTX 4060 Ti, 43 %, 5237 MiB, 8188 MiB, 34, 10.24 W
2026/09/23 19:46:47.816, NVIDIA GeForce RTX 4060 Ti, 37 %, 5237 MiB, 8188 MiB, 34, 10.37 W
2026/09/23 19:46:48.825, NVIDIA GeForce RTX 4060 Ti, 36 %, 5237 MiB, 8188 MiB, 34, 10.42 W
2026/09/23 19:46:49.831, NVIDIA GeForce RTX 4060 Ti, 39 %, 5237 MiB, 8188 MiB, 34, 10.62 W
2026/09/23 19:46:50.839, NVIDIA GeForce RTX 4060 Ti, 39 %, 5233 MiB, 8188 MiB, 34, 10.54 W
2026/09/23 19:46:51.845, NVIDIA GeForce RTX 4060 Ti, 37 %, 5238 MiB, 8188 MiB, 34, 10.39 W
2026/09/23 19:46:52.853, NVIDIA GeForce RTX 4060 Ti, 38 %, 5237 MiB, 8188 MiB, 34, 9.99 W
2026/09/23 19:46:53.860, NVIDIA GeForce RTX 4060 Ti, 43 %, 5237 MiB, 8188 MiB, 34, 10.51 W
2026/09/23 19:46:54.871, NVIDIA GeForce RTX 4060 Ti, 39 %, 5237 MiB, 8188 MiB, 34, 10.60 W
2026/09/23 19:46:55.879, NVIDIA GeForce RTX 4060 Ti, 39 %, 5237 MiB, 8188 MiB, 34, 10.49 W
2026/09/23 19:46:56.884, NVIDIA GeForce RTX 4060 Ti, 39 %, 5233 MiB, 8188 MiB, 34, 10.56 W
2026/09/23 19:46:57.889, NVIDIA GeForce RTX 4060 Ti, 19 %, 5233 MiB, 8188 MiB, 34, 8.69 W
2026/09/23 19:46:58.894, NVIDIA GeForce RTX 4060 Ti, 0 %, 5237 MiB, 8188 MiB, 34, 5.57 W
2026/09/23 19:46:59.899, NVIDIA GeForce RTX 4060 Ti, 0 %, 5237 MiB, 8188 MiB, 33, 5.49 W
2026/09/23 19:47:00.906, NVIDIA GeForce RTX 4060 Ti, 18 %, 5237 MiB, 8188 MiB, 33, 5.87 W
2026/09/23 19:47:01.918, NVIDIA GeForce RTX 4060 Ti, 34 %, 5237 MiB, 8188 MiB, 34, 10.56 W
2026/09/23 19:47:02.931, NVIDIA GeForce RTX 4060 Ti, 39 %, 5237 MiB, 8188 MiB, 34, 10.83 W
2026/09/23 19:47:03.939, NVIDIA GeForce RTX 4060 Ti, 35 %, 5233 MiB, 8188 MiB, 34, 10.62 W
2026/09/23 19:47:04.947, NVIDIA GeForce RTX 4060 Ti, 41 %, 5237 MiB, 8188 MiB, 34, 10.43 W
2026/09/23 19:47:05.953, NVIDIA GeForce RTX 4060 Ti, 36 %, 5237 MiB, 8188 MiB, 34, 10.29 W
2026/09/23 19:47:06.960, NVIDIA GeForce RTX 4060 Ti, 34 %, 5238 MiB, 8188 MiB, 34, 10.81 W
2026/09/23 19:47:07.966, NVIDIA GeForce RTX 4060 Ti, 35 %, 5237 MiB, 8188 MiB, 34, 10.85 W
2026/09/23 19:47:08.972, NVIDIA GeForce RTX 4060 Ti, 33 %, 5237 MiB, 8188 MiB, 34, 10.65 W
2026/09/23 19:47:09.980, NVIDIA GeForce RTX 4060 Ti, 35 %, 5233 MiB, 8188 MiB, 34, 10.56 W
2026/09/23 19:47:10.986, NVIDIA GeForce RTX 4060 Ti, 41 %, 5238 MiB, 8188 MiB, 34, 10.34 W
2026/09/23 19:47:11.999, NVIDIA GeForce RTX 4060 Ti, 31 %, 5238 MiB, 8188 MiB, 34, 9.88 W
2026/09/23 19:47:13.005, NVIDIA GeForce RTX 4060 Ti, 34 %, 5238 MiB, 8188 MiB, 34, 10.05 W
2026/09/23 19:47:14.011, NVIDIA GeForce RTX 4060 Ti, 35 %, 5238 MiB, 8188 MiB, 34, 10.09 W
2026/09/23 19:47:15.020, NVIDIA GeForce RTX 4060 Ti, 36 %, 5238 MiB, 8188 MiB, 34, 10.05 W
2026/09/23 19:47:16.026, NVIDIA GeForce RTX 4060 Ti, 42 %, 5238 MiB, 8188 MiB, 34, 10.20 W
2026/09/23 19:47:17.034, NVIDIA GeForce RTX 4060 Ti, 43 %, 5237 MiB, 8188 MiB, 34, 10.44 W
2026/09/23 19:47:18.042, NVIDIA GeForce RTX 4060 Ti, 37 %, 5238 MiB, 8188 MiB, 34, 10.10 W
2026/09/23 19:47:19.050, NVIDIA GeForce RTX 4060 Ti, 33 %, 5238 MiB, 8188 MiB, 34, 10.21 W
2026/09/23 19:47:20.058, NVIDIA GeForce RTX 4060 Ti, 34 %, 5238 MiB, 8188 MiB, 34, 13.20 W
2026/09/23 19:47:21.062, NVIDIA GeForce RTX 4060 Ti, 32 %, 5237 MiB, 8188 MiB, 34, 13.59 W
2026/09/23 19:47:22.068, NVIDIA GeForce RTX 4060 Ti, 32 %, 5237 MiB, 8188 MiB, 34, 10.44 W
2026/09/23 19:47:23.074, NVIDIA GeForce RTX 4060 Ti, 34 %, 5233 MiB, 8188 MiB, 34, 10.69 W
2026/09/23 19:47:24.079, NVIDIA GeForce RTX 4060 Ti, 39 %, 5238 MiB, 8188 MiB, 34, 10.45 W
2026/09/23 19:47:25.084, NVIDIA GeForce RTX 4060 Ti, 34 %, 5238 MiB, 8188 MiB, 34, 10.20 W
2026/09/23 19:47:26.091, NVIDIA GeForce RTX 4060 Ti, 43 %, 5238 MiB, 8188 MiB, 34, 10.33 W
2026/09/23 19:47:27.106, NVIDIA GeForce RTX 4060 Ti, 41 %, 5237 MiB, 8188 MiB, 34, 10.34 W
2026/09/23 19:47:28.112, NVIDIA GeForce RTX 4060 Ti, 41 %, 5237 MiB, 8188 MiB, 34, 10.67 W
2026/09/23 19:47:29.119, NVIDIA GeForce RTX 4060 Ti, 38 %, 5237 MiB, 8188 MiB, 34, 10.51 W
2026/09/23 19:47:30.123, NVIDIA GeForce RTX 4060 Ti, 33 %, 5233 MiB, 8188 MiB, 34, 10.40 W
2026/09/23 19:47:31.131, NVIDIA GeForce RTX 4060 Ti, 33 %, 5238 MiB, 8188 MiB, 34, 10.22 W
2026/09/23 19:47:32.136, NVIDIA GeForce RTX 4060 Ti, 35 %, 5237 MiB, 8188 MiB, 34, 10.32 W
2026/09/23 19:47:33.150, NVIDIA GeForce RTX 4060 Ti, 35 %, 5237 MiB, 8188 MiB, 34, 10.44 W
2026/09/23 19:47:34.157, NVIDIA GeForce RTX 4060 Ti, 40 %, 5237 MiB, 8188 MiB, 34, 10.44 W
2026/09/23 19:47:35.164, NVIDIA GeForce RTX 4060 Ti, 39 %, 5237 MiB, 8188 MiB, 34, 10.66 W
2026/09/23 19:47:36.172, NVIDIA GeForce RTX 4060 Ti, 48 %, 5233 MiB, 8188 MiB, 34, 10.07 W
2026/09/23 19:47:37.179, NVIDIA GeForce RTX 4060 Ti, 3 %, 5238 MiB, 8188 MiB, 33, 6.05 W
2026/09/23 19:47:38.184, NVIDIA GeForce RTX 4060 Ti, 1 %, 5237 MiB, 8188 MiB, 33, 5.53 W
2026/09/23 19:47:39.190, NVIDIA GeForce RTX 4060 Ti, 1 %, 5237 MiB, 8188 MiB, 33, 5.43 W
2026/09/23 19:47:40.198, NVIDIA GeForce RTX 4060 Ti, 44 %, 5237 MiB, 8188 MiB, 34, 8.36 W
2026/09/23 19:47:41.204, NVIDIA GeForce RTX 4060 Ti, 39 %, 5237 MiB, 8188 MiB, 34, 10.65 W
2026/09/23 19:47:42.210, NVIDIA GeForce RTX 4060 Ti, 32 %, 5233 MiB, 8188 MiB, 34, 10.53 W
2026/09/23 19:47:43.219, NVIDIA GeForce RTX 4060 Ti, 38 %, 5238 MiB, 8188 MiB, 34, 10.19 W
2026/09/23 19:47:44.227, NVIDIA GeForce RTX 4060 Ti, 42 %, 5237 MiB, 8188 MiB, 34, 10.13 W
2026/09/23 19:47:45.233, NVIDIA GeForce RTX 4060 Ti, 44 %, 5237 MiB, 8188 MiB, 34, 10.60 W
2026/09/23 19:47:46.241, NVIDIA GeForce RTX 4060 Ti, 35 %, 5237 MiB, 8188 MiB, 34, 10.50 W
2026/09/23 19:47:47.246, NVIDIA GeForce RTX 4060 Ti, 33 %, 5237 MiB, 8188 MiB, 34, 10.39 W
2026/09/23 19:47:48.253, NVIDIA GeForce RTX 4060 Ti, 39 %, 5233 MiB, 8188 MiB, 34, 10.38 W
2026/09/23 19:47:49.260, NVIDIA GeForce RTX 4060 Ti, 32 %, 5233 MiB, 8188 MiB, 34, 10.38 W
2026/09/23 19:47:50.266, NVIDIA GeForce RTX 4060 Ti, 37 %, 5238 MiB, 8188 MiB, 34, 10.18 W
2026/09/23 19:47:51.274, NVIDIA GeForce RTX 4060 Ti, 33 %, 5238 MiB, 8188 MiB, 34, 11.77 W
2026/09/23 19:47:52.281, NVIDIA GeForce RTX 4060 Ti, 30 %, 5238 MiB, 8188 MiB, 34, 13.75 W
2026/09/23 19:47:53.290, NVIDIA GeForce RTX 4060 Ti, 36 %, 5237 MiB, 8188 MiB, 34, 11.70 W
2026/09/23 19:47:54.296, NVIDIA GeForce RTX 4060 Ti, 40 %, 5237 MiB, 8188 MiB, 34, 10.36 W
2026/09/23 19:47:55.304, NVIDIA GeForce RTX 4060 Ti, 34 %, 5233 MiB, 8188 MiB, 34, 10.34 W
2026/09/23 19:47:56.311, NVIDIA GeForce RTX 4060 Ti, 34 %, 5238 MiB, 8188 MiB, 34, 10.15 W
2026/09/23 19:47:57.318, NVIDIA GeForce RTX 4060 Ti, 36 %, 5237 MiB, 8188 MiB, 34, 10.12 W
2026/09/23 19:47:58.325, NVIDIA GeForce RTX 4060 Ti, 41 %, 5237 MiB, 8188 MiB, 34, 10.43 W
2026/09/23 19:47:59.332, NVIDIA GeForce RTX 4060 Ti, 31 %, 5237 MiB, 8188 MiB, 34, 11.07 W
2026/09/23 19:48:00.339, NVIDIA GeForce RTX 4060 Ti, 31 %, 5237 MiB, 8188 MiB, 34, 13.65 W
2026/09/23 19:48:01.346, NVIDIA GeForce RTX 4060 Ti, 42 %, 5237 MiB, 8188 MiB, 34, 12.52 W
2026/09/23 19:48:02.351, NVIDIA GeForce RTX 4060 Ti, 35 %, 5238 MiB, 8188 MiB, 34, 10.45 W
2026/09/23 19:48:03.359, NVIDIA GeForce RTX 4060 Ti, 36 %, 5237 MiB, 8188 MiB, 34, 10.10 W
2026/09/23 19:48:04.366, NVIDIA GeForce RTX 4060 Ti, 39 %, 5237 MiB, 8188 MiB, 34, 10.43 W
2026/09/23 19:48:05.371, NVIDIA GeForce RTX 4060 Ti, 38 %, 5237 MiB, 8188 MiB, 34, 10.55 W
2026/09/23 19:48:06.378, NVIDIA GeForce RTX 4060 Ti, 41 %, 5237 MiB, 8188 MiB, 34, 10.57 W
2026/09/23 19:48:07.386, NVIDIA GeForce RTX 4060 Ti, 39 %, 5237 MiB, 8188 MiB, 34, 10.89 W
2026/09/23 19:48:08.393, NVIDIA GeForce RTX 4060 Ti, 38 %, 5233 MiB, 8188 MiB, 34, 10.71 W
2026/09/23 19:48:09.399, NVIDIA GeForce RTX 4060 Ti, 35 %, 5237 MiB, 8188 MiB, 34, 10.38 W
2026/09/23 19:48:10.404, NVIDIA GeForce RTX 4060 Ti, 36 %, 5237 MiB, 8188 MiB, 34, 10.22 W
2026/09/23 19:48:11.410, NVIDIA GeForce RTX 4060 Ti, 34 %, 5237 MiB, 8188 MiB, 34, 10.42 W
2026/09/23 19:48:12.417, NVIDIA GeForce RTX 4060 Ti, 39 %, 5237 MiB, 8188 MiB, 34, 10.56 W
2026/09/23 19:48:13.422, NVIDIA GeForce RTX 4060 Ti, 43 %, 5238 MiB, 8188 MiB, 34, 10.49 W
2026/09/23 19:48:14.431, NVIDIA GeForce RTX 4060 Ti, 34 %, 5238 MiB, 8188 MiB, 34, 10.07 W
2026/09/23 19:48:15.438, NVIDIA GeForce RTX 4060 Ti, 0 %, 5238 MiB, 8188 MiB, 34, 7.02 W
2026/09/23 19:48:16.444, NVIDIA GeForce RTX 4060 Ti, 0 %, 5238 MiB, 8188 MiB, 33, 5.49 W
2026/09/23 19:48:17.450, NVIDIA GeForce RTX 4060 Ti, 1 %, 5243 MiB, 8188 MiB, 33, 5.70 W
2026/09/23 19:48:18.456, NVIDIA GeForce RTX 4060 Ti, 26 %, 5243 MiB, 8188 MiB, 33, 6.46 W
2026/09/23 19:48:19.467, NVIDIA GeForce RTX 4060 Ti, 0 %, 5242 MiB, 8188 MiB, 33, 6.35 W
2026/09/23 19:48:20.473, NVIDIA GeForce RTX 4060 Ti, 0 %, 5242 MiB, 8188 MiB, 33, 5.61 W
2026/09/23 19:48:21.479, NVIDIA GeForce RTX 4060 Ti, 0 %, 5238 MiB, 8188 MiB, 33, 5.87 W
2026/09/23 19:48:22.484, NVIDIA GeForce RTX 4060 Ti, 37 %, 5242 MiB, 8188 MiB, 34, 7.88 W
2026/09/23 19:48:23.490, NVIDIA GeForce RTX 4060 Ti, 32 %, 5242 MiB, 8188 MiB, 34, 9.48 W
2026/09/23 19:48:24.497, NVIDIA GeForce RTX 4060 Ti, 36 %, 5240 MiB, 8188 MiB, 34, 9.74 W
2026/09/23 19:48:25.503, NVIDIA GeForce RTX 4060 Ti, 39 %, 5238 MiB, 8188 MiB, 34, 9.77 W
2026/09/23 19:48:26.508, NVIDIA GeForce RTX 4060 Ti, 31 %, 5238 MiB, 8188 MiB, 34, 9.51 W
2026/09/23 19:48:27.517, NVIDIA GeForce RTX 4060 Ti, 32 %, 5233 MiB, 8188 MiB, 34, 9.46 W
2026/09/23 19:48:28.522, NVIDIA GeForce RTX 4060 Ti, 34 %, 5238 MiB, 8188 MiB, 34, 9.27 W
2026/09/23 19:48:29.527, NVIDIA GeForce RTX 4060 Ti, 38 %, 5238 MiB, 8188 MiB, 34, 9.33 W
2026/09/23 19:48:30.532, NVIDIA GeForce RTX 4060 Ti, 37 %, 5238 MiB, 8188 MiB, 34, 9.38 W
2026/09/23 19:48:31.540, NVIDIA GeForce RTX 4060 Ti, 38 %, 5237 MiB, 8188 MiB, 34, 9.28 W
2026/09/23 19:48:32.546, NVIDIA GeForce RTX 4060 Ti, 37 %, 5237 MiB, 8188 MiB, 34, 9.34 W
2026/09/23 19:48:33.551, NVIDIA GeForce RTX 4060 Ti, 36 %, 5233 MiB, 8188 MiB, 34, 9.37 W
2026/09/23 19:48:34.562, NVIDIA GeForce RTX 4060 Ti, 38 %, 5237 MiB, 8188 MiB, 34, 9.31 W
2026/09/23 19:48:35.568, NVIDIA GeForce RTX 4060 Ti, 35 %, 5237 MiB, 8188 MiB, 34, 9.21 W
2026/09/23 19:48:36.574, NVIDIA GeForce RTX 4060 Ti, 36 %, 5237 MiB, 8188 MiB, 34, 9.30 W
2026/09/23 19:48:37.580, NVIDIA GeForce RTX 4060 Ti, 36 %, 5237 MiB, 8188 MiB, 34, 9.42 W
2026/09/23 19:48:38.587, NVIDIA GeForce RTX 4060 Ti, 38 %, 5237 MiB, 8188 MiB, 34, 9.42 W
2026/09/23 19:48:39.595, NVIDIA GeForce RTX 4060 Ti, 36 %, 5237 MiB, 8188 MiB, 34, 9.34 W
2026/09/23 19:48:40.603, NVIDIA GeForce RTX 4060 Ti, 38 %, 5233 MiB, 8188 MiB, 34, 9.32 W
2026/09/23 19:48:41.615, NVIDIA GeForce RTX 4060 Ti, 36 %, 5238 MiB, 8188 MiB, 34, 9.20 W
2026/09/23 19:48:42.624, NVIDIA GeForce RTX 4060 Ti, 38 %, 5237 MiB, 8188 MiB, 34, 9.27 W
2026/09/23 19:48:43.631, NVIDIA GeForce RTX 4060 Ti, 38 %, 5238 MiB, 8188 MiB, 34, 9.25 W
2026/09/23 19:48:44.637, NVIDIA GeForce RTX 4060 Ti, 38 %, 5237 MiB, 8188 MiB, 34, 9.29 W
2026/09/23 19:48:45.643, NVIDIA GeForce RTX 4060 Ti, 37 %, 5237 MiB, 8188 MiB, 34, 9.35 W
2026/09/23 19:48:46.648, NVIDIA GeForce RTX 4060 Ti, 36 %, 5233 MiB, 8188 MiB, 34, 9.35 W
2026/09/23 19:48:47.653, NVIDIA GeForce RTX 4060 Ti, 44 %, 5238 MiB, 8188 MiB, 34, 9.35 W
2026/09/23 19:48:48.662, NVIDIA GeForce RTX 4060 Ti, 39 %, 5238 MiB, 8188 MiB, 34, 9.60 W
2026/09/23 19:48:49.671, NVIDIA GeForce RTX 4060 Ti, 29 %, 5238 MiB, 8188 MiB, 34, 9.48 W
2026/09/23 19:48:50.678, NVIDIA GeForce RTX 4060 Ti, 34 %, 5238 MiB, 8188 MiB, 34, 9.35 W
2026/09/23 19:48:51.684, NVIDIA GeForce RTX 4060 Ti, 35 %, 5237 MiB, 8188 MiB, 34, 9.43 W
2026/09/23 19:48:52.689, NVIDIA GeForce RTX 4060 Ti, 35 %, 5237 MiB, 8188 MiB, 34, 9.42 W
2026/09/23 19:48:53.694, NVIDIA GeForce RTX 4060 Ti, 33 %, 5233 MiB, 8188 MiB, 34, 9.36 W
2026/09/23 19:48:54.700, NVIDIA GeForce RTX 4060 Ti, 38 %, 5238 MiB, 8188 MiB, 34, 9.24 W
2026/09/23 19:48:55.706, NVIDIA GeForce RTX 4060 Ti, 40 %, 5238 MiB, 8188 MiB, 34, 9.34 W
2026/09/23 19:48:56.711, NVIDIA GeForce RTX 4060 Ti, 10 %, 5238 MiB, 8188 MiB, 34, 9.25 W
2026/09/23 19:48:57.717, NVIDIA GeForce RTX 4060 Ti, 1 %, 5237 MiB, 8188 MiB, 33, 6.37 W
2026/09/23 19:48:58.723, NVIDIA GeForce RTX 4060 Ti, 0 %, 5237 MiB, 8188 MiB, 33, 5.69 W
2026/09/23 19:48:59.729, NVIDIA GeForce RTX 4060 Ti, 7 %, 5233 MiB, 8188 MiB, 33, 5.58 W
2026/09/23 19:49:00.739, NVIDIA GeForce RTX 4060 Ti, 36 %, 5237 MiB, 8188 MiB, 34, 9.10 W
2026/09/23 19:49:01.745, NVIDIA GeForce RTX 4060 Ti, 42 %, 5237 MiB, 8188 MiB, 34, 9.59 W
2026/09/23 19:49:02.751, NVIDIA GeForce RTX 4060 Ti, 32 %, 5237 MiB, 8188 MiB, 34, 9.78 W
2026/09/23 19:49:03.757, NVIDIA GeForce RTX 4060 Ti, 33 %, 5237 MiB, 8188 MiB, 34, 9.88 W
2026/09/23 19:49:04.765, NVIDIA GeForce RTX 4060 Ti, 30 %, 5237 MiB, 8188 MiB, 34, 9.75 W
2026/09/23 19:49:05.772, NVIDIA GeForce RTX 4060 Ti, 38 %, 5233 MiB, 8188 MiB, 34, 9.59 W
2026/09/23 19:49:06.777, NVIDIA GeForce RTX 4060 Ti, 34 %, 5238 MiB, 8188 MiB, 34, 9.53 W
2026/09/23 19:49:07.784, NVIDIA GeForce RTX 4060 Ti, 38 %, 5237 MiB, 8188 MiB, 34, 9.57 W
2026/09/23 19:49:08.791, NVIDIA GeForce RTX 4060 Ti, 40 %, 5237 MiB, 8188 MiB, 34, 9.57 W
2026/09/23 19:49:09.798, NVIDIA GeForce RTX 4060 Ti, 36 %, 5237 MiB, 8188 MiB, 34, 9.71 W
2026/09/23 19:49:10.805, NVIDIA GeForce RTX 4060 Ti, 33 %, 5237 MiB, 8188 MiB, 34, 9.71 W
2026/09/23 19:49:11.812, NVIDIA GeForce RTX 4060 Ti, 34 %, 5237 MiB, 8188 MiB, 34, 9.77 W
2026/09/23 19:49:12.823, NVIDIA GeForce RTX 4060 Ti, 40 %, 5238 MiB, 8188 MiB, 34, 9.81 W
2026/09/23 19:49:13.829, NVIDIA GeForce RTX 4060 Ti, 39 %, 5238 MiB, 8188 MiB, 34, 9.72 W
2026/09/23 19:49:14.842, NVIDIA GeForce RTX 4060 Ti, 45 %, 5238 MiB, 8188 MiB, 34, 9.78 W
2026/09/23 19:49:15.847, NVIDIA GeForce RTX 4060 Ti, 34 %, 5238 MiB, 8188 MiB, 34, 9.72 W
2026/09/23 19:49:16.853, NVIDIA GeForce RTX 4060 Ti, 36 %, 5237 MiB, 8188 MiB, 34, 9.80 W
2026/09/23 19:49:17.861, NVIDIA GeForce RTX 4060 Ti, 36 %, 5237 MiB, 8188 MiB, 34, 9.70 W
2026/09/23 19:49:18.866, NVIDIA GeForce RTX 4060 Ti, 37 %, 5233 MiB, 8188 MiB, 34, 9.74 W
2026/09/23 19:49:19.873, NVIDIA GeForce RTX 4060 Ti, 32 %, 5238 MiB, 8188 MiB, 34, 9.71 W
2026/09/23 19:49:20.880, NVIDIA GeForce RTX 4060 Ti, 31 %, 5237 MiB, 8188 MiB, 34, 9.48 W
2026/09/23 19:49:21.889, NVIDIA GeForce RTX 4060 Ti, 36 %, 5237 MiB, 8188 MiB, 34, 9.80 W
2026/09/23 19:49:22.897, NVIDIA GeForce RTX 4060 Ti, 40 %, 5237 MiB, 8188 MiB, 34, 9.91 W
2026/09/23 19:49:23.906, NVIDIA GeForce RTX 4060 Ti, 39 %, 5237 MiB, 8188 MiB, 34, 9.81 W
2026/09/23 19:49:24.913, NVIDIA GeForce RTX 4060 Ti, 39 %, 5237 MiB, 8188 MiB, 34, 9.90 W
2026/09/23 19:49:25.918, NVIDIA GeForce RTX 4060 Ti, 38 %, 5233 MiB, 8188 MiB, 34, 9.90 W
2026/09/23 19:49:26.925, NVIDIA GeForce RTX 4060 Ti, 34 %, 5238 MiB, 8188 MiB, 34, 9.84 W
2026/09/23 19:49:27.931, NVIDIA GeForce RTX 4060 Ti, 36 %, 5237 MiB, 8188 MiB, 34, 9.70 W
2026/09/23 19:49:28.938, NVIDIA GeForce RTX 4060 Ti, 0 %, 5237 MiB, 8188 MiB, 33, 8.23 W
2026/09/23 19:49:29.946, NVIDIA GeForce RTX 4060 Ti, 0 %, 5237 MiB, 8188 MiB, 33, 5.89 W
2026/09/23 19:49:30.953, NVIDIA GeForce RTX 4060 Ti, 0 %, 5237 MiB, 8188 MiB, 33, 5.75 W
2026/09/23 19:49:31.960, NVIDIA GeForce RTX 4060 Ti, 53 %, 5233 MiB, 8188 MiB, 33, 6.83 W
2026/09/23 19:49:32.967, NVIDIA GeForce RTX 4060 Ti, 37 %, 5238 MiB, 8188 MiB, 34, 9.54 W
2026/09/23 19:49:33.976, NVIDIA GeForce RTX 4060 Ti, 37 %, 5237 MiB, 8188 MiB, 34, 9.61 W
2026/09/23 19:49:34.980, NVIDIA GeForce RTX 4060 Ti, 39 %, 5237 MiB, 8188 MiB, 34, 9.79 W
2026/09/23 19:49:35.986, NVIDIA GeForce RTX 4060 Ti, 33 %, 5237 MiB, 8188 MiB, 34, 9.77 W
2026/09/23 19:49:36.991, NVIDIA GeForce RTX 4060 Ti, 29 %, 5237 MiB, 8188 MiB, 34, 9.58 W
2026/09/23 19:49:37.998, NVIDIA GeForce RTX 4060 Ti, 35 %, 5233 MiB, 8188 MiB, 34, 9.75 W
2026/09/23 19:49:39.003, NVIDIA GeForce RTX 4060 Ti, 27 %, 5238 MiB, 8188 MiB, 34, 9.81 W
2026/09/23 19:49:40.018, NVIDIA GeForce RTX 4060 Ti, 35 %, 5237 MiB, 8188 MiB, 34, 9.74 W
2026/09/23 19:49:41.023, NVIDIA GeForce RTX 4060 Ti, 30 %, 5237 MiB, 8188 MiB, 34, 9.61 W
2026/09/23 19:49:42.031, NVIDIA GeForce RTX 4060 Ti, 34 %, 5237 MiB, 8188 MiB, 34, 9.63 W
2026/09/23 19:49:43.038, NVIDIA GeForce RTX 4060 Ti, 41 %, 5237 MiB, 8188 MiB, 34, 9.70 W
2026/09/23 19:49:44.044, NVIDIA GeForce RTX 4060 Ti, 35 %, 5237 MiB, 8188 MiB, 34, 9.70 W
2026/09/23 19:49:45.049, NVIDIA GeForce RTX 4060 Ti, 34 %, 5233 MiB, 8188 MiB, 34, 9.73 W
2026/09/23 19:49:46.057, NVIDIA GeForce RTX 4060 Ti, 33 %, 5238 MiB, 8188 MiB, 34, 9.58 W
2026/09/23 19:49:47.064, NVIDIA GeForce RTX 4060 Ti, 38 %, 5237 MiB, 8188 MiB, 34, 9.63 W
2026/09/23 19:49:48.070, NVIDIA GeForce RTX 4060 Ti, 33 %, 5237 MiB, 8188 MiB, 34, 9.58 W
2026/09/23 19:49:49.075, NVIDIA GeForce RTX 4060 Ti, 41 %, 5237 MiB, 8188 MiB, 34, 9.83 W
2026/09/23 19:49:50.079, NVIDIA GeForce RTX 4060 Ti, 41 %, 5237 MiB, 8188 MiB, 34, 9.85 W
2026/09/23 19:49:51.084, NVIDIA GeForce RTX 4060 Ti, 38 %, 5237 MiB, 8188 MiB, 34, 9.75 W
2026/09/23 19:49:52.092, NVIDIA GeForce RTX 4060 Ti, 38 %, 5238 MiB, 8188 MiB, 34, 9.68 W
2026/09/23 19:49:53.098, NVIDIA GeForce RTX 4060 Ti, 39 %, 5237 MiB, 8188 MiB, 34, 9.44 W
2026/09/23 19:49:54.103, NVIDIA GeForce RTX 4060 Ti, 37 %, 5237 MiB, 8188 MiB, 34, 9.61 W
2026/09/23 19:49:55.108, NVIDIA GeForce RTX 4060 Ti, 31 %, 5237 MiB, 8188 MiB, 34, 9.62 W
2026/09/23 19:49:56.113, NVIDIA GeForce RTX 4060 Ti, 37 %, 5237 MiB, 8188 MiB, 34, 9.65 W
2026/09/23 19:49:57.120, NVIDIA GeForce RTX 4060 Ti, 35 %, 5237 MiB, 8188 MiB, 34, 9.65 W
2026/09/23 19:49:58.126, NVIDIA GeForce RTX 4060 Ti, 36 %, 5233 MiB, 8188 MiB, 34, 9.64 W
2026/09/23 19:49:59.133, NVIDIA GeForce RTX 4060 Ti, 34 %, 5237 MiB, 8188 MiB, 34, 9.39 W
2026/09/23 19:50:00.140, NVIDIA GeForce RTX 4060 Ti, 28 %, 5237 MiB, 8188 MiB, 34, 9.23 W
2026/09/23 19:50:01.151, NVIDIA GeForce RTX 4060 Ti, 1 %, 5237 MiB, 8188 MiB, 33, 6.73 W
2026/09/23 19:50:02.158, NVIDIA GeForce RTX 4060 Ti, 1 %, 5237 MiB, 8188 MiB, 33, 5.59 W
2026/09/23 19:50:03.164, NVIDIA GeForce RTX 4060 Ti, 2 %, 5237 MiB, 8188 MiB, 33, 5.44 W
2026/09/23 19:50:04.172, NVIDIA GeForce RTX 4060 Ti, 12 %, 5233 MiB, 8188 MiB, 33, 7.05 W
2026/09/23 19:50:05.178, NVIDIA GeForce RTX 4060 Ti, 4 %, 5238 MiB, 8188 MiB, 33, 5.81 W
2026/09/23 19:50:06.184, NVIDIA GeForce RTX 4060 Ti, 2 %, 5237 MiB, 8188 MiB, 33, 5.39 W
2026/09/23 19:50:07.190, NVIDIA GeForce RTX 4060 Ti, 1 %, 5237 MiB, 8188 MiB, 33, 5.42 W
2026/09/23 19:50:08.197, NVIDIA GeForce RTX 4060 Ti, 41 %, 5237 MiB, 8188 MiB, 34, 9.10 W
2026/09/23 19:50:09.202, NVIDIA GeForce RTX 4060 Ti, 39 %, 5237 MiB, 8188 MiB, 34, 9.88 W
2026/09/23 19:50:10.208, NVIDIA GeForce RTX 4060 Ti, 39 %, 5237 MiB, 8188 MiB, 34, 9.86 W
2026/09/23 19:50:11.214, NVIDIA GeForce RTX 4060 Ti, 29 %, 5238 MiB, 8188 MiB, 34, 9.79 W
2026/09/23 19:50:12.220, NVIDIA GeForce RTX 4060 Ti, 36 %, 5237 MiB, 8188 MiB, 34, 9.62 W
2026/09/23 19:50:13.226, NVIDIA GeForce RTX 4060 Ti, 43 %, 5238 MiB, 8188 MiB, 34, 9.73 W
2026/09/23 19:50:14.232, NVIDIA GeForce RTX 4060 Ti, 35 %, 5238 MiB, 8188 MiB, 34, 9.83 W
2026/09/23 19:50:15.240, NVIDIA GeForce RTX 4060 Ti, 38 %, 5238 MiB, 8188 MiB, 34, 9.82 W
2026/09/23 19:50:16.248, NVIDIA GeForce RTX 4060 Ti, 35 %, 5238 MiB, 8188 MiB, 34, 10.38 W
2026/09/23 19:50:17.255, NVIDIA GeForce RTX 4060 Ti, 34 %, 5237 MiB, 8188 MiB, 34, 12.95 W
2026/09/23 19:50:18.259, NVIDIA GeForce RTX 4060 Ti, 33 %, 5238 MiB, 8188 MiB, 34, 11.81 W
2026/09/23 19:50:19.265, NVIDIA GeForce RTX 4060 Ti, 42 %, 5237 MiB, 8188 MiB, 34, 9.64 W
2026/09/23 19:50:20.270, NVIDIA GeForce RTX 4060 Ti, 36 %, 5237 MiB, 8188 MiB, 34, 12.54 W
2026/09/23 19:50:21.275, NVIDIA GeForce RTX 4060 Ti, 37 %, 5237 MiB, 8188 MiB, 34, 12.31 W
2026/09/23 19:50:22.281, NVIDIA GeForce RTX 4060 Ti, 32 %, 5237 MiB, 8188 MiB, 34, 11.48 W
2026/09/23 19:50:23.286, NVIDIA GeForce RTX 4060 Ti, 35 %, 5233 MiB, 8188 MiB, 34, 13.09 W
2026/09/23 19:50:24.293, NVIDIA GeForce RTX 4060 Ti, 34 %, 5237 MiB, 8188 MiB, 34, 10.57 W
2026/09/23 19:50:25.299, NVIDIA GeForce RTX 4060 Ti, 40 %, 5237 MiB, 8188 MiB, 34, 9.62 W
2026/09/23 19:50:26.306, NVIDIA GeForce RTX 4060 Ti, 33 %, 5237 MiB, 8188 MiB, 34, 12.12 W
2026/09/23 19:50:27.311, NVIDIA GeForce RTX 4060 Ti, 28 %, 5237 MiB, 8188 MiB, 34, 13.05 W
2026/09/23 19:50:28.317, NVIDIA GeForce RTX 4060 Ti, 39 %, 5237 MiB, 8188 MiB, 34, 10.18 W
2026/09/23 19:50:29.323, NVIDIA GeForce RTX 4060 Ti, 35 %, 5233 MiB, 8188 MiB, 34, 12.52 W
2026/09/23 19:50:30.329, NVIDIA GeForce RTX 4060 Ti, 28 %, 5233 MiB, 8188 MiB, 34, 12.78 W
2026/09/23 19:50:31.336, NVIDIA GeForce RTX 4060 Ti, 23 %, 5238 MiB, 8188 MiB, 34, 9.33 W
2026/09/23 19:50:32.340, NVIDIA GeForce RTX 4060 Ti, 0 %, 5237 MiB, 8188 MiB, 33, 6.24 W
2026/09/23 19:50:33.348, NVIDIA GeForce RTX 4060 Ti, 0 %, 5237 MiB, 8188 MiB, 33, 5.39 W
2026/09/23 19:50:34.356, NVIDIA GeForce RTX 4060 Ti, 1 %, 5237 MiB, 8188 MiB, 33, 5.53 W
2026/09/23 19:50:35.364, NVIDIA GeForce RTX 4060 Ti, 42 %, 5237 MiB, 8188 MiB, 34, 8.41 W
2026/09/23 19:50:36.369, NVIDIA GeForce RTX 4060 Ti, 41 %, 5233 MiB, 8188 MiB, 34, 9.73 W
2026/09/23 19:50:37.373, NVIDIA GeForce RTX 4060 Ti, 34 %, 5238 MiB, 8188 MiB, 34, 9.57 W
2026/09/23 19:50:38.378, NVIDIA GeForce RTX 4060 Ti, 38 %, 5237 MiB, 8188 MiB, 34, 9.60 W
2026/09/23 19:50:39.384, NVIDIA GeForce RTX 4060 Ti, 33 %, 5237 MiB, 8188 MiB, 34, 9.57 W
2026/09/23 19:50:40.390, NVIDIA GeForce RTX 4060 Ti, 36 %, 5237 MiB, 8188 MiB, 34, 9.55 W
2026/09/23 19:50:41.396, NVIDIA GeForce RTX 4060 Ti, 40 %, 5237 MiB, 8188 MiB, 34, 9.67 W
2026/09/23 19:50:42.402, NVIDIA GeForce RTX 4060 Ti, 38 %, 5233 MiB, 8188 MiB, 34, 9.67 W
2026/09/23 19:50:43.413, NVIDIA GeForce RTX 4060 Ti, 34 %, 5238 MiB, 8188 MiB, 34, 9.61 W
2026/09/23 19:50:44.418, NVIDIA GeForce RTX 4060 Ti, 40 %, 5237 MiB, 8188 MiB, 34, 9.46 W
2026/09/23 19:50:45.424, NVIDIA GeForce RTX 4060 Ti, 36 %, 5237 MiB, 8188 MiB, 34, 9.54 W
2026/09/23 19:50:46.431, NVIDIA GeForce RTX 4060 Ti, 34 %, 5237 MiB, 8188 MiB, 34, 10.25 W
2026/09/23 19:50:47.436, NVIDIA GeForce RTX 4060 Ti, 34 %, 5237 MiB, 8188 MiB, 34, 13.02 W
2026/09/23 19:50:48.441, NVIDIA GeForce RTX 4060 Ti, 41 %, 5233 MiB, 8188 MiB, 34, 11.80 W
2026/09/23 19:50:49.448, NVIDIA GeForce RTX 4060 Ti, 32 %, 5233 MiB, 8188 MiB, 34, 9.73 W
2026/09/23 19:50:50.478, NVIDIA GeForce RTX 4060 Ti, 35 %, 5237 MiB, 8188 MiB, 34, 9.52 W
2026/09/23 19:50:51.484, NVIDIA GeForce RTX 4060 Ti, 34 %, 5237 MiB, 8188 MiB, 34, 10.11 W
2026/09/23 19:50:52.489, NVIDIA GeForce RTX 4060 Ti, 36 %, 5237 MiB, 8188 MiB, 34, 12.93 W
2026/09/23 19:50:53.494, NVIDIA GeForce RTX 4060 Ti, 39 %, 5237 MiB, 8188 MiB, 34, 11.84 W
2026/09/23 19:50:54.500, NVIDIA GeForce RTX 4060 Ti, 33 %, 5237 MiB, 8188 MiB, 34, 10.29 W
2026/09/23 19:50:55.506, NVIDIA GeForce RTX 4060 Ti, 36 %, 5233 MiB, 8188 MiB, 34, 13.08 W
2026/09/23 19:50:56.511, NVIDIA GeForce RTX 4060 Ti, 38 %, 5238 MiB, 8188 MiB, 34, 11.86 W
2026/09/23 19:50:57.516, NVIDIA GeForce RTX 4060 Ti, 39 %, 5237 MiB, 8188 MiB, 34, 9.48 W
2026/09/23 19:50:58.524, NVIDIA GeForce RTX 4060 Ti, 26 %, 5237 MiB, 8188 MiB, 34, 9.44 W
2026/09/23 19:50:59.548, NVIDIA GeForce RTX 4060 Ti, 0 %, 5237 MiB, 8188 MiB, 33, 6.71 W
2026/09/23 19:51:00.554, NVIDIA GeForce RTX 4060 Ti, 0 %, 5237 MiB, 8188 MiB, 33, 5.70 W
2026/09/23 19:51:01.561, NVIDIA GeForce RTX 4060 Ti, 0 %, 5237 MiB, 8188 MiB, 33, 5.59 W
2026/09/23 19:51:02.568, NVIDIA GeForce RTX 4060 Ti, 37 %, 5238 MiB, 8188 MiB, 34, 7.69 W
2026/09/23 19:51:03.573, NVIDIA GeForce RTX 4060 Ti, 34 %, 5238 MiB, 8188 MiB, 34, 9.41 W
2026/09/23 19:51:04.580, NVIDIA GeForce RTX 4060 Ti, 42 %, 5238 MiB, 8188 MiB, 34, 9.68 W
2026/09/23 19:51:05.585, NVIDIA GeForce RTX 4060 Ti, 36 %, 5238 MiB, 8188 MiB, 34, 9.67 W
2026/09/23 19:51:06.591, NVIDIA GeForce RTX 4060 Ti, 35 %, 5237 MiB, 8188 MiB, 34, 9.78 W
2026/09/23 19:51:07.597, NVIDIA GeForce RTX 4060 Ti, 36 %, 5237 MiB, 8188 MiB, 34, 9.76 W
2026/09/23 19:51:08.615, NVIDIA GeForce RTX 4060 Ti, 27 %, 5233 MiB, 8188 MiB, 34, 9.66 W
2026/09/23 19:51:09.635, NVIDIA GeForce RTX 4060 Ti, 36 %, 5238 MiB, 8188 MiB, 34, 9.56 W
2026/09/23 19:51:10.643, NVIDIA GeForce RTX 4060 Ti, 36 %, 5238 MiB, 8188 MiB, 34, 10.32 W
2026/09/23 19:51:11.649, NVIDIA GeForce RTX 4060 Ti, 34 %, 5238 MiB, 8188 MiB, 34, 13.08 W
2026/09/23 19:51:12.654, NVIDIA GeForce RTX 4060 Ti, 36 %, 5238 MiB, 8188 MiB, 34, 12.05 W
2026/09/23 19:51:13.660, NVIDIA GeForce RTX 4060 Ti, 32 %, 5238 MiB, 8188 MiB, 34, 9.62 W
2026/09/23 19:51:14.666, NVIDIA GeForce RTX 4060 Ti, 33 %, 5238 MiB, 8188 MiB, 34, 9.42 W
2026/09/23 19:51:15.673, NVIDIA GeForce RTX 4060 Ti, 43 %, 5238 MiB, 8188 MiB, 34, 9.46 W
2026/09/23 19:51:16.680, NVIDIA GeForce RTX 4060 Ti, 30 %, 5238 MiB, 8188 MiB, 34, 9.47 W
2026/09/23 19:51:17.686, NVIDIA GeForce RTX 4060 Ti, 34 %, 5238 MiB, 8188 MiB, 34, 9.35 W
2026/09/23 19:51:18.692, NVIDIA GeForce RTX 4060 Ti, 34 %, 5237 MiB, 8188 MiB, 34, 9.36 W
2026/09/23 19:51:19.699, NVIDIA GeForce RTX 4060 Ti, 34 %, 5237 MiB, 8188 MiB, 34, 9.38 W
2026/09/23 19:51:20.703, NVIDIA GeForce RTX 4060 Ti, 38 %, 5237 MiB, 8188 MiB, 34, 9.33 W
2026/09/23 19:51:21.709, NVIDIA GeForce RTX 4060 Ti, 33 %, 5233 MiB, 8188 MiB, 34, 9.34 W
2026/09/23 19:51:22.715, NVIDIA GeForce RTX 4060 Ti, 33 %, 5238 MiB, 8188 MiB, 34, 9.18 W
2026/09/23 19:51:23.721, NVIDIA GeForce RTX 4060 Ti, 34 %, 5238 MiB, 8188 MiB, 34, 9.25 W
2026/09/23 19:51:24.726, NVIDIA GeForce RTX 4060 Ti, 34 %, 5238 MiB, 8188 MiB, 34, 9.33 W
2026/09/23 19:51:25.731, NVIDIA GeForce RTX 4060 Ti, 37 %, 5237 MiB, 8188 MiB, 34, 9.36 W
2026/09/23 19:51:26.739, NVIDIA GeForce RTX 4060 Ti, 36 %, 5237 MiB, 8188 MiB, 34, 9.42 W
2026/09/23 19:51:27.744, NVIDIA GeForce RTX 4060 Ti, 38 %, 5233 MiB, 8188 MiB, 34, 9.34 W
2026/09/23 19:51:28.751, NVIDIA GeForce RTX 4060 Ti, 37 %, 5238 MiB, 8188 MiB, 34, 9.29 W
2026/09/23 19:51:29.757, NVIDIA GeForce RTX 4060 Ti, 41 %, 5238 MiB, 8188 MiB, 34, 9.27 W
2026/09/23 19:51:30.763, NVIDIA GeForce RTX 4060 Ti, 8 %, 5238 MiB, 8188 MiB, 33, 8.49 W
2026/09/23 19:51:31.770, NVIDIA GeForce RTX 4060 Ti, 0 %, 5238 MiB, 8188 MiB, 33, 5.80 W
2026/09/23 19:51:32.777, NVIDIA GeForce RTX 4060 Ti, 0 %, 5237 MiB, 8188 MiB, 33, 5.92 W
2026/09/23 19:51:33.784, NVIDIA GeForce RTX 4060 Ti, 5 %, 5233 MiB, 8188 MiB, 33, 6.01 W
2026/09/23 19:51:34.802, NVIDIA GeForce RTX 4060 Ti, 2 %, 5238 MiB, 8188 MiB, 33, 7.65 W
2026/09/23 19:51:35.808, NVIDIA GeForce RTX 4060 Ti, 1 %, 5238 MiB, 8188 MiB, 33, 5.76 W
2026/09/23 19:51:36.817, NVIDIA GeForce RTX 4060 Ti, 1 %, 5238 MiB, 8188 MiB, 33, 5.59 W
2026/09/23 19:51:37.824, NVIDIA GeForce RTX 4060 Ti, 51 %, 5237 MiB, 8188 MiB, 33, 7.12 W
2026/09/23 19:51:38.833, NVIDIA GeForce RTX 4060 Ti, 38 %, 5237 MiB, 8188 MiB, 34, 10.48 W
2026/09/23 19:51:39.839, NVIDIA GeForce RTX 4060 Ti, 43 %, 5233 MiB, 8188 MiB, 34, 10.43 W
2026/09/23 19:51:40.846, NVIDIA GeForce RTX 4060 Ti, 39 %, 5238 MiB, 8188 MiB, 34, 10.41 W
2026/09/23 19:51:41.851, NVIDIA GeForce RTX 4060 Ti, 39 %, 5237 MiB, 8188 MiB, 34, 10.11 W
2026/09/23 19:51:42.858, NVIDIA GeForce RTX 4060 Ti, 35 %, 5237 MiB, 8188 MiB, 34, 10.32 W
2026/09/23 19:51:43.863, NVIDIA GeForce RTX 4060 Ti, 36 %, 5237 MiB, 8188 MiB, 34, 10.51 W
2026/09/23 19:51:44.873, NVIDIA GeForce RTX 4060 Ti, 37 %, 5237 MiB, 8188 MiB, 34, 10.48 W
2026/09/23 19:51:45.882, NVIDIA GeForce RTX 4060 Ti, 40 %, 5237 MiB, 8188 MiB, 34, 10.47 W
2026/09/23 19:51:46.890, NVIDIA GeForce RTX 4060 Ti, 38 %, 5233 MiB, 8188 MiB, 34, 10.41 W
2026/09/23 19:51:47.898, NVIDIA GeForce RTX 4060 Ti, 36 %, 5237 MiB, 8188 MiB, 34, 9.97 W
2026/09/23 19:51:48.906, NVIDIA GeForce RTX 4060 Ti, 42 %, 5237 MiB, 8188 MiB, 34, 10.16 W
2026/09/23 19:51:49.911, NVIDIA GeForce RTX 4060 Ti, 30 %, 5237 MiB, 8188 MiB, 34, 10.37 W
2026/09/23 19:51:50.917, NVIDIA GeForce RTX 4060 Ti, 33 %, 5237 MiB, 8188 MiB, 34, 10.23 W
2026/09/23 19:51:51.941, NVIDIA GeForce RTX 4060 Ti, 39 %, 5237 MiB, 8188 MiB, 34, 10.18 W
2026/09/23 19:51:52.948, NVIDIA GeForce RTX 4060 Ti, 39 %, 5233 MiB, 8188 MiB, 34, 10.25 W
2026/09/23 19:51:53.958, NVIDIA GeForce RTX 4060 Ti, 37 %, 5238 MiB, 8188 MiB, 34, 10.03 W
2026/09/23 19:51:54.964, NVIDIA GeForce RTX 4060 Ti, 40 %, 5237 MiB, 8188 MiB, 34, 9.76 W
2026/09/23 19:51:55.969, NVIDIA GeForce RTX 4060 Ti, 51 %, 5237 MiB, 8188 MiB, 34, 10.31 W
2026/09/23 19:51:56.976, NVIDIA GeForce RTX 4060 Ti, 39 %, 5237 MiB, 8188 MiB, 34, 10.65 W
2026/09/23 19:51:57.982, NVIDIA GeForce RTX 4060 Ti, 33 %, 5237 MiB, 8188 MiB, 34, 10.54 W
2026/09/23 19:51:58.990, NVIDIA GeForce RTX 4060 Ti, 33 %, 5237 MiB, 8188 MiB, 34, 10.28 W
2026/09/23 19:51:59.996, NVIDIA GeForce RTX 4060 Ti, 33 %, 5233 MiB, 8188 MiB, 34, 10.21 W
2026/09/23 19:52:01.042, NVIDIA GeForce RTX 4060 Ti, 34 %, 5238 MiB, 8188 MiB, 34, 9.75 W
2026/09/23 19:52:02.048, NVIDIA GeForce RTX 4060 Ti, 36 %, 5237 MiB, 8188 MiB, 34, 9.85 W
2026/09/23 19:52:03.056, NVIDIA GeForce RTX 4060 Ti, 37 %, 5237 MiB, 8188 MiB, 34, 10.02 W
2026/09/23 19:52:04.061, NVIDIA GeForce RTX 4060 Ti, 37 %, 5237 MiB, 8188 MiB, 34, 9.95 W
2026/09/23 19:52:05.067, NVIDIA GeForce RTX 4060 Ti, 37 %, 5237 MiB, 8188 MiB, 34, 9.84 W
2026/09/23 19:52:06.072, NVIDIA GeForce RTX 4060 Ti, 39 %, 5233 MiB, 8188 MiB, 34, 9.82 W
2026/09/23 19:52:07.078, NVIDIA GeForce RTX 4060 Ti, 39 %, 5237 MiB, 8188 MiB, 34, 9.99 W
2026/09/23 19:52:08.086, NVIDIA GeForce RTX 4060 Ti, 39 %, 5237 MiB, 8188 MiB, 34, 9.78 W
2026/09/23 19:52:09.093, NVIDIA GeForce RTX 4060 Ti, 45 %, 5237 MiB, 8188 MiB, 34, 10.47 W
2026/09/23 19:52:10.100, NVIDIA GeForce RTX 4060 Ti, 38 %, 5237 MiB, 8188 MiB, 34, 10.51 W
2026/09/23 19:52:11.107, NVIDIA GeForce RTX 4060 Ti, 42 %, 5237 MiB, 8188 MiB, 34, 10.51 W
2026/09/23 19:52:12.114, NVIDIA GeForce RTX 4060 Ti, 39 %, 5237 MiB, 8188 MiB, 34, 10.48 W
2026/09/23 19:52:13.119, NVIDIA GeForce RTX 4060 Ti, 34 %, 5238 MiB, 8188 MiB, 34, 10.34 W
2026/09/23 19:52:14.125, NVIDIA GeForce RTX 4060 Ti, 34 %, 5238 MiB, 8188 MiB, 34, 10.12 W
2026/09/23 19:52:15.133, NVIDIA GeForce RTX 4060 Ti, 39 %, 5238 MiB, 8188 MiB, 34, 10.40 W
2026/09/23 19:52:16.141, NVIDIA GeForce RTX 4060 Ti, 43 %, 5238 MiB, 8188 MiB, 34, 9.21 W
2026/09/23 19:52:17.148, NVIDIA GeForce RTX 4060 Ti, 1 %, 5238 MiB, 8188 MiB, 33, 5.89 W
2026/09/23 19:52:18.154, NVIDIA GeForce RTX 4060 Ti, 1 %, 5237 MiB, 8188 MiB, 33, 5.76 W
2026/09/23 19:52:19.162, NVIDIA GeForce RTX 4060 Ti, 0 %, 5233 MiB, 8188 MiB, 33, 5.68 W
2026/09/23 19:52:20.169, NVIDIA GeForce RTX 4060 Ti, 40 %, 5238 MiB, 8188 MiB, 34, 9.32 W
2026/09/23 19:52:21.178, NVIDIA GeForce RTX 4060 Ti, 37 %, 5237 MiB, 8188 MiB, 34, 10.20 W
2026/09/23 19:52:22.185, NVIDIA GeForce RTX 4060 Ti, 29 %, 5237 MiB, 8188 MiB, 34, 10.21 W
2026/09/23 19:52:23.192, NVIDIA GeForce RTX 4060 Ti, 36 %, 5237 MiB, 8188 MiB, 34, 10.42 W
2026/09/23 19:52:24.204, NVIDIA GeForce RTX 4060 Ti, 32 %, 5237 MiB, 8188 MiB, 34, 10.41 W
2026/09/23 19:52:25.212, NVIDIA GeForce RTX 4060 Ti, 46 %, 5237 MiB, 8188 MiB, 34, 10.38 W
2026/09/23 19:52:26.220, NVIDIA GeForce RTX 4060 Ti, 33 %, 5233 MiB, 8188 MiB, 34, 10.32 W
2026/09/23 19:52:27.225, NVIDIA GeForce RTX 4060 Ti, 37 %, 5238 MiB, 8188 MiB, 34, 10.23 W
2026/09/23 19:52:28.231, NVIDIA GeForce RTX 4060 Ti, 36 %, 5237 MiB, 8188 MiB, 34, 12.15 W
2026/09/23 19:52:29.237, NVIDIA GeForce RTX 4060 Ti, 31 %, 5237 MiB, 8188 MiB, 34, 13.50 W
2026/09/23 19:52:30.244, NVIDIA GeForce RTX 4060 Ti, 36 %, 5237 MiB, 8188 MiB, 34, 10.98 W
2026/09/23 19:52:31.251, NVIDIA GeForce RTX 4060 Ti, 33 %, 5237 MiB, 8188 MiB, 34, 10.33 W
2026/09/23 19:52:32.259, NVIDIA GeForce RTX 4060 Ti, 46 %, 5233 MiB, 8188 MiB, 34, 10.41 W
2026/09/23 19:52:33.266, NVIDIA GeForce RTX 4060 Ti, 39 %, 5237 MiB, 8188 MiB, 34, 10.07 W
2026/09/23 19:52:34.273, NVIDIA GeForce RTX 4060 Ti, 47 %, 5237 MiB, 8188 MiB, 34, 10.20 W
2026/09/23 19:52:35.280, NVIDIA GeForce RTX 4060 Ti, 32 %, 5237 MiB, 8188 MiB, 34, 12.92 W
2026/09/23 19:52:36.288, NVIDIA GeForce RTX 4060 Ti, 32 %, 5237 MiB, 8188 MiB, 34, 13.30 W
2026/09/23 19:52:37.295, NVIDIA GeForce RTX 4060 Ti, 36 %, 5237 MiB, 8188 MiB, 34, 10.42 W
2026/09/23 19:52:38.302, NVIDIA GeForce RTX 4060 Ti, 31 %, 5233 MiB, 8188 MiB, 34, 12.04 W
2026/09/23 19:52:39.308, NVIDIA GeForce RTX 4060 Ti, 29 %, 5238 MiB, 8188 MiB, 34, 13.56 W
2026/09/23 19:52:40.313, NVIDIA GeForce RTX 4060 Ti, 40 %, 5237 MiB, 8188 MiB, 34, 11.24 W
2026/09/23 19:52:41.319, NVIDIA GeForce RTX 4060 Ti, 43 %, 5237 MiB, 8188 MiB, 34, 10.39 W
2026/09/23 19:52:42.328, NVIDIA GeForce RTX 4060 Ti, 41 %, 5237 MiB, 8188 MiB, 34, 10.37 W
2026/09/23 19:52:43.334, NVIDIA GeForce RTX 4060 Ti, 41 %, 5237 MiB, 8188 MiB, 34, 10.56 W
2026/09/23 19:52:44.341, NVIDIA GeForce RTX 4060 Ti, 39 %, 5237 MiB, 8188 MiB, 34, 10.58 W
2026/09/23 19:52:45.349, NVIDIA GeForce RTX 4060 Ti, 37 %, 5233 MiB, 8188 MiB, 34, 10.50 W
2026/09/23 19:52:46.355, NVIDIA GeForce RTX 4060 Ti, 41 %, 5238 MiB, 8188 MiB, 34, 10.13 W
2026/09/23 19:52:47.361, NVIDIA GeForce RTX 4060 Ti, 46 %, 5238 MiB, 8188 MiB, 34, 10.09 W
2026/09/23 19:52:48.367, NVIDIA GeForce RTX 4060 Ti, 43 %, 5238 MiB, 8188 MiB, 34, 10.31 W
2026/09/23 19:52:49.372, NVIDIA GeForce RTX 4060 Ti, 42 %, 5237 MiB, 8188 MiB, 34, 10.53 W
2026/09/23 19:52:50.378, NVIDIA GeForce RTX 4060 Ti, 42 %, 5237 MiB, 8188 MiB, 34, 10.72 W
2026/09/23 19:52:51.384, NVIDIA GeForce RTX 4060 Ti, 39 %, 5233 MiB, 8188 MiB, 34, 10.74 W
2026/09/23 19:52:52.398, NVIDIA GeForce RTX 4060 Ti, 35 %, 5238 MiB, 8188 MiB, 34, 10.27 W
2026/09/23 19:52:53.405, NVIDIA GeForce RTX 4060 Ti, 36 %, 5237 MiB, 8188 MiB, 34, 10.17 W
2026/09/23 19:52:54.412, NVIDIA GeForce RTX 4060 Ti, 38 %, 5237 MiB, 8188 MiB, 34, 9.73 W
2026/09/23 19:52:55.419, NVIDIA GeForce RTX 4060 Ti, 0 %, 5237 MiB, 8188 MiB, 33, 5.93 W
2026/09/23 19:52:56.426, NVIDIA GeForce RTX 4060 Ti, 0 %, 5237 MiB, 8188 MiB, 33, 5.47 W
2026/09/23 19:52:57.434, NVIDIA GeForce RTX 4060 Ti, 1 %, 5237 MiB, 8188 MiB, 33, 5.61 W
2026/09/23 19:52:58.442, NVIDIA GeForce RTX 4060 Ti, 45 %, 5233 MiB, 8188 MiB, 34, 8.59 W
2026/09/23 19:52:59.447, NVIDIA GeForce RTX 4060 Ti, 38 %, 5237 MiB, 8188 MiB, 34, 10.35 W
2026/09/23 19:53:00.455, NVIDIA GeForce RTX 4060 Ti, 47 %, 5237 MiB, 8188 MiB, 34, 10.44 W
2026/09/23 19:53:01.461, NVIDIA GeForce RTX 4060 Ti, 38 %, 5237 MiB, 8188 MiB, 34, 10.72 W
2026/09/23 19:53:02.469, NVIDIA GeForce RTX 4060 Ti, 41 %, 5237 MiB, 8188 MiB, 34, 10.45 W
2026/09/23 19:53:03.481, NVIDIA GeForce RTX 4060 Ti, 38 %, 5237 MiB, 8188 MiB, 34, 10.47 W
2026/09/23 19:53:04.491, NVIDIA GeForce RTX 4060 Ti, 41 %, 5233 MiB, 8188 MiB, 34, 10.59 W
2026/09/23 19:53:05.496, NVIDIA GeForce RTX 4060 Ti, 37 %, 5238 MiB, 8188 MiB, 34, 10.29 W
2026/09/23 19:53:06.505, NVIDIA GeForce RTX 4060 Ti, 39 %, 5237 MiB, 8188 MiB, 34, 10.18 W
2026/09/23 19:53:07.515, NVIDIA GeForce RTX 4060 Ti, 32 %, 5237 MiB, 8188 MiB, 34, 10.32 W
2026/09/23 19:53:08.524, NVIDIA GeForce RTX 4060 Ti, 36 %, 5237 MiB, 8188 MiB, 34, 10.31 W
2026/09/23 19:53:09.539, NVIDIA GeForce RTX 4060 Ti, 36 %, 5237 MiB, 8188 MiB, 34, 10.40 W
2026/09/23 19:53:10.547, NVIDIA GeForce RTX 4060 Ti, 41 %, 5237 MiB, 8188 MiB, 34, 10.48 W
2026/09/23 19:53:11.552, NVIDIA GeForce RTX 4060 Ti, 37 %, 5233 MiB, 8188 MiB, 34, 10.32 W
2026/09/23 19:53:12.567, NVIDIA GeForce RTX 4060 Ti, 35 %, 5238 MiB, 8188 MiB, 34, 10.04 W
2026/09/23 19:53:13.574, NVIDIA GeForce RTX 4060 Ti, 40 %, 5238 MiB, 8188 MiB, 34, 10.44 W
2026/09/23 19:53:14.589, NVIDIA GeForce RTX 4060 Ti, 36 %, 5238 MiB, 8188 MiB, 34, 10.34 W
2026/09/23 19:53:15.596, NVIDIA GeForce RTX 4060 Ti, 37 %, 5238 MiB, 8188 MiB, 34, 10.34 W
2026/09/23 19:53:16.604, NVIDIA GeForce RTX 4060 Ti, 36 %, 5242 MiB, 8188 MiB, 34, 10.17 W
2026/09/23 19:53:17.610, NVIDIA GeForce RTX 4060 Ti, 33 %, 5238 MiB, 8188 MiB, 34, 10.40 W
2026/09/23 19:53:18.617, NVIDIA GeForce RTX 4060 Ti, 39 %, 5243 MiB, 8188 MiB, 34, 10.18 W
2026/09/23 19:53:19.622, NVIDIA GeForce RTX 4060 Ti, 37 %, 5242 MiB, 8188 MiB, 34, 9.99 W
2026/09/23 19:53:20.633, NVIDIA GeForce RTX 4060 Ti, 30 %, 5242 MiB, 8188 MiB, 34, 11.58 W
2026/09/23 19:53:21.641, NVIDIA GeForce RTX 4060 Ti, 33 %, 5242 MiB, 8188 MiB, 34, 13.62 W
2026/09/23 19:53:22.648, NVIDIA GeForce RTX 4060 Ti, 34 %, 5242 MiB, 8188 MiB, 34, 11.54 W
2026/09/23 19:53:23.654, NVIDIA GeForce RTX 4060 Ti, 41 %, 5240 MiB, 8188 MiB, 34, 10.09 W
2026/09/23 19:53:24.663, NVIDIA GeForce RTX 4060 Ti, 30 %, 5234 MiB, 8188 MiB, 34, 10.42 W
2026/09/23 19:53:25.668, NVIDIA GeForce RTX 4060 Ti, 33 %, 5239 MiB, 8188 MiB, 34, 10.20 W
2026/09/23 19:53:26.687, NVIDIA GeForce RTX 4060 Ti, 30 %, 5239 MiB, 8188 MiB, 34, 11.26 W
2026/09/23 19:53:27.694, NVIDIA GeForce RTX 4060 Ti, 33 %, 5238 MiB, 8188 MiB, 34, 13.88 W
2026/09/23 19:53:28.700, NVIDIA GeForce RTX 4060 Ti, 43 %, 5237 MiB, 8188 MiB, 34, 12.29 W
2026/09/23 19:53:29.706, NVIDIA GeForce RTX 4060 Ti, 36 %, 5237 MiB, 8188 MiB, 34, 10.59 W
2026/09/23 19:53:30.712, NVIDIA GeForce RTX 4060 Ti, 41 %, 5233 MiB, 8188 MiB, 34, 10.60 W
2026/09/23 19:53:31.720, NVIDIA GeForce RTX 4060 Ti, 32 %, 5238 MiB, 8188 MiB, 34, 10.28 W
2026/09/23 19:53:32.726, NVIDIA GeForce RTX 4060 Ti, 28 %, 5238 MiB, 8188 MiB, 34, 9.75 W
2026/09/23 19:53:33.732, NVIDIA GeForce RTX 4060 Ti, 0 %, 5238 MiB, 8188 MiB, 33, 7.64 W
2026/09/23 19:53:34.739, NVIDIA GeForce RTX 4060 Ti, 0 %, 5238 MiB, 8188 MiB, 33, 5.45 W
2026/09/23 19:53:35.745, NVIDIA GeForce RTX 4060 Ti, 0 %, 5237 MiB, 8188 MiB, 33, 5.71 W
2026/09/23 19:53:36.751, NVIDIA GeForce RTX 4060 Ti, 25 %, 5237 MiB, 8188 MiB, 33, 6.21 W
2026/09/23 19:53:37.761, NVIDIA GeForce RTX 4060 Ti, 1 %, 5233 MiB, 8188 MiB, 33, 6.60 W
2026/09/23 19:53:38.766, NVIDIA GeForce RTX 4060 Ti, 0 %, 5238 MiB, 8188 MiB, 33, 5.49 W
2026/09/23 19:53:39.773, NVIDIA GeForce RTX 4060 Ti, 1 %, 5238 MiB, 8188 MiB, 33, 5.47 W
2026/09/23 19:53:40.780, NVIDIA GeForce RTX 4060 Ti, 47 %, 5238 MiB, 8188 MiB, 34, 7.47 W
2026/09/23 19:53:41.785, NVIDIA GeForce RTX 4060 Ti, 34 %, 5237 MiB, 8188 MiB, 34, 9.82 W
2026/09/23 19:53:42.791, NVIDIA GeForce RTX 4060 Ti, 33 %, 5233 MiB, 8188 MiB, 34, 9.74 W
2026/09/23 19:53:43.798, NVIDIA GeForce RTX 4060 Ti, 38 %, 5233 MiB, 8188 MiB, 34, 9.72 W
2026/09/23 19:53:44.806, NVIDIA GeForce RTX 4060 Ti, 35 %, 5238 MiB, 8188 MiB, 34, 9.56 W
2026/09/23 19:53:45.812, NVIDIA GeForce RTX 4060 Ti, 40 %, 5237 MiB, 8188 MiB, 34, 9.59 W
2026/09/23 19:53:46.819, NVIDIA GeForce RTX 4060 Ti, 37 %, 5237 MiB, 8188 MiB, 34, 9.77 W
2026/09/23 19:53:47.825, NVIDIA GeForce RTX 4060 Ti, 34 %, 5237 MiB, 8188 MiB, 34, 9.64 W
2026/09/23 19:53:48.831, NVIDIA GeForce RTX 4060 Ti, 36 %, 5237 MiB, 8188 MiB, 34, 9.56 W
2026/09/23 19:53:49.839, NVIDIA GeForce RTX 4060 Ti, 36 %, 5233 MiB, 8188 MiB, 34, 9.69 W
2026/09/23 19:53:50.845, NVIDIA GeForce RTX 4060 Ti, 37 %, 5238 MiB, 8188 MiB, 34, 9.56 W
2026/09/23 19:53:51.850, NVIDIA GeForce RTX 4060 Ti, 36 %, 5237 MiB, 8188 MiB, 34, 9.48 W
2026/09/23 19:53:52.856, NVIDIA GeForce RTX 4060 Ti, 37 %, 5237 MiB, 8188 MiB, 34, 9.55 W
2026/09/23 19:53:53.864, NVIDIA GeForce RTX 4060 Ti, 32 %, 5237 MiB, 8188 MiB, 34, 9.61 W
2026/09/23 19:53:54.870, NVIDIA GeForce RTX 4060 Ti, 39 %, 5237 MiB, 8188 MiB, 34, 9.70 W
2026/09/23 19:53:55.878, NVIDIA GeForce RTX 4060 Ti, 38 %, 5237 MiB, 8188 MiB, 34, 9.67 W
2026/09/23 19:53:56.886, NVIDIA GeForce RTX 4060 Ti, 30 %, 5233 MiB, 8188 MiB, 34, 9.57 W
2026/09/23 19:53:57.894, NVIDIA GeForce RTX 4060 Ti, 31 %, 5238 MiB, 8188 MiB, 34, 9.38 W
2026/09/23 19:53:58.900, NVIDIA GeForce RTX 4060 Ti, 37 %, 5237 MiB, 8188 MiB, 34, 9.34 W
2026/09/23 19:53:59.912, NVIDIA GeForce RTX 4060 Ti, 32 %, 5237 MiB, 8188 MiB, 34, 9.55 W
2026/09/23 19:54:00.923, NVIDIA GeForce RTX 4060 Ti, 38 %, 5237 MiB, 8188 MiB, 34, 9.61 W
2026/09/23 19:54:01.931, NVIDIA GeForce RTX 4060 Ti, 40 %, 5237 MiB, 8188 MiB, 34, 9.65 W
2026/09/23 19:54:02.936, NVIDIA GeForce RTX 4060 Ti, 32 %, 5233 MiB, 8188 MiB, 34, 9.65 W
2026/09/23 19:54:03.945, NVIDIA GeForce RTX 4060 Ti, 33 %, 5237 MiB, 8188 MiB, 34, 9.65 W
2026/09/23 19:54:04.952, NVIDIA GeForce RTX 4060 Ti, 31 %, 5237 MiB, 8188 MiB, 34, 9.51 W
2026/09/23 19:54:05.957, NVIDIA GeForce RTX 4060 Ti, 31 %, 5237 MiB, 8188 MiB, 34, 9.52 W
2026/09/23 19:54:06.967, NVIDIA GeForce RTX 4060 Ti, 33 %, 5237 MiB, 8188 MiB, 34, 9.50 W
2026/09/23 19:54:07.973, NVIDIA GeForce RTX 4060 Ti, 36 %, 5237 MiB, 8188 MiB, 34, 9.66 W
2026/09/23 19:54:08.979, NVIDIA GeForce RTX 4060 Ti, 0 %, 5237 MiB, 8188 MiB, 33, 7.88 W
2026/09/23 19:54:09.986, NVIDIA GeForce RTX 4060 Ti, 1 %, 5233 MiB, 8188 MiB, 33, 5.67 W
2026/09/23 19:54:10.993, NVIDIA GeForce RTX 4060 Ti, 1 %, 5237 MiB, 8188 MiB, 33, 5.48 W
2026/09/23 19:54:12.000, NVIDIA GeForce RTX 4060 Ti, 58 %, 5237 MiB, 8188 MiB, 33, 6.71 W
2026/09/23 19:54:13.005, NVIDIA GeForce RTX 4060 Ti, 36 %, 5237 MiB, 8188 MiB, 33, 9.69 W
2026/09/23 19:54:14.012, NVIDIA GeForce RTX 4060 Ti, 37 %, 5238 MiB, 8188 MiB, 34, 9.73 W
2026/09/23 19:54:15.020, NVIDIA GeForce RTX 4060 Ti, 33 %, 5238 MiB, 8188 MiB, 34, 9.76 W
2026/09/23 19:54:16.027, NVIDIA GeForce RTX 4060 Ti, 37 %, 5238 MiB, 8188 MiB, 34, 9.78 W
2026/09/23 19:54:17.033, NVIDIA GeForce RTX 4060 Ti, 33 %, 5238 MiB, 8188 MiB, 34, 9.65 W
2026/09/23 19:54:18.040, NVIDIA GeForce RTX 4060 Ti, 41 %, 5238 MiB, 8188 MiB, 34, 9.66 W
2026/09/23 19:54:19.048, NVIDIA GeForce RTX 4060 Ti, 36 %, 5237 MiB, 8188 MiB, 34, 9.70 W
2026/09/23 19:54:20.054, NVIDIA GeForce RTX 4060 Ti, 41 %, 5237 MiB, 8188 MiB, 34, 9.73 W
2026/09/23 19:54:21.059, NVIDIA GeForce RTX 4060 Ti, 41 %, 5237 MiB, 8188 MiB, 34, 9.86 W
2026/09/23 19:54:22.066, NVIDIA GeForce RTX 4060 Ti, 39 %, 5233 MiB, 8188 MiB, 34, 9.87 W
2026/09/23 19:54:23.074, NVIDIA GeForce RTX 4060 Ti, 33 %, 5237 MiB, 8188 MiB, 34, 9.79 W
2026/09/23 19:54:24.081, NVIDIA GeForce RTX 4060 Ti, 31 %, 5237 MiB, 8188 MiB, 34, 9.63 W
2026/09/23 19:54:25.085, NVIDIA GeForce RTX 4060 Ti, 33 %, 5237 MiB, 8188 MiB, 34, 9.75 W
2026/09/23 19:54:26.095, NVIDIA GeForce RTX 4060 Ti, 35 %, 5237 MiB, 8188 MiB, 34, 9.76 W
2026/09/23 19:54:27.100, NVIDIA GeForce RTX 4060 Ti, 36 %, 5237 MiB, 8188 MiB, 34, 9.90 W
2026/09/23 19:54:28.110, NVIDIA GeForce RTX 4060 Ti, 39 %, 5237 MiB, 8188 MiB, 34, 9.93 W
2026/09/23 19:54:29.115, NVIDIA GeForce RTX 4060 Ti, 37 %, 5233 MiB, 8188 MiB, 34, 9.86 W
2026/09/23 19:54:30.126, NVIDIA GeForce RTX 4060 Ti, 32 %, 5238 MiB, 8188 MiB, 34, 9.73 W
2026/09/23 19:54:31.132, NVIDIA GeForce RTX 4060 Ti, 38 %, 5237 MiB, 8188 MiB, 34, 9.75 W
2026/09/23 19:54:32.138, NVIDIA GeForce RTX 4060 Ti, 31 %, 5237 MiB, 8188 MiB, 34, 9.72 W
2026/09/23 19:54:33.145, NVIDIA GeForce RTX 4060 Ti, 30 %, 5237 MiB, 8188 MiB, 34, 9.73 W
2026/09/23 19:54:34.152, NVIDIA GeForce RTX 4060 Ti, 31 %, 5237 MiB, 8188 MiB, 34, 9.64 W
2026/09/23 19:54:35.156, NVIDIA GeForce RTX 4060 Ti, 27 %, 5233 MiB, 8188 MiB, 34, 9.69 W
2026/09/23 19:54:36.162, NVIDIA GeForce RTX 4060 Ti, 31 %, 5238 MiB, 8188 MiB, 34, 9.54 W
2026/09/23 19:54:37.168, NVIDIA GeForce RTX 4060 Ti, 39 %, 5237 MiB, 8188 MiB, 34, 9.57 W
2026/09/23 19:54:38.175, NVIDIA GeForce RTX 4060 Ti, 37 %, 5237 MiB, 8188 MiB, 34, 9.82 W
2026/09/23 19:54:39.182, NVIDIA GeForce RTX 4060 Ti, 34 %, 5237 MiB, 8188 MiB, 34, 9.67 W
2026/09/23 19:54:40.188, NVIDIA GeForce RTX 4060 Ti, 2 %, 5237 MiB, 8188 MiB, 33, 8.07 W
2026/09/23 19:54:41.194, NVIDIA GeForce RTX 4060 Ti, 2 %, 5233 MiB, 8188 MiB, 33, 5.67 W
2026/09/23 19:54:42.201, NVIDIA GeForce RTX 4060 Ti, 2 %, 5233 MiB, 8188 MiB, 33, 5.66 W
2026/09/23 19:54:43.205, NVIDIA GeForce RTX 4060 Ti, 40 %, 5238 MiB, 8188 MiB, 33, 6.79 W
2026/09/23 19:54:44.212, NVIDIA GeForce RTX 4060 Ti, 38 %, 5237 MiB, 8188 MiB, 34, 9.50 W
2026/09/23 19:54:45.217, NVIDIA GeForce RTX 4060 Ti, 38 %, 5237 MiB, 8188 MiB, 34, 9.70 W
2026/09/23 19:54:46.222, NVIDIA GeForce RTX 4060 Ti, 37 %, 5237 MiB, 8188 MiB, 34, 9.60 W
2026/09/23 19:54:47.229, NVIDIA GeForce RTX 4060 Ti, 33 %, 5237 MiB, 8188 MiB, 34, 9.41 W
2026/09/23 19:54:48.236, NVIDIA GeForce RTX 4060 Ti, 37 %, 5233 MiB, 8188 MiB, 34, 9.66 W
2026/09/23 19:54:49.243, NVIDIA GeForce RTX 4060 Ti, 40 %, 5238 MiB, 8188 MiB, 34, 9.55 W
2026/09/23 19:54:50.250, NVIDIA GeForce RTX 4060 Ti, 36 %, 5237 MiB, 8188 MiB, 33, 9.61 W
2026/09/23 19:54:51.255, NVIDIA GeForce RTX 4060 Ti, 34 %, 5237 MiB, 8188 MiB, 34, 9.61 W
2026/09/23 19:54:52.262, NVIDIA GeForce RTX 4060 Ti, 38 %, 5237 MiB, 8188 MiB, 34, 9.58 W
2026/09/23 19:54:53.268, NVIDIA GeForce RTX 4060 Ti, 37 %, 5237 MiB, 8188 MiB, 34, 9.55 W
2026/09/23 19:54:54.273, NVIDIA GeForce RTX 4060 Ti, 43 %, 5237 MiB, 8188 MiB, 34, 9.57 W
2026/09/23 19:54:55.278, NVIDIA GeForce RTX 4060 Ti, 32 %, 5238 MiB, 8188 MiB, 34, 9.71 W
2026/09/23 19:54:56.284, NVIDIA GeForce RTX 4060 Ti, 37 %, 5237 MiB, 8188 MiB, 34, 9.53 W
2026/09/23 19:54:57.291, NVIDIA GeForce RTX 4060 Ti, 38 %, 5237 MiB, 8188 MiB, 34, 9.60 W
2026/09/23 19:54:58.295, NVIDIA GeForce RTX 4060 Ti, 35 %, 5237 MiB, 8188 MiB, 34, 9.68 W
2026/09/23 19:54:59.300, NVIDIA GeForce RTX 4060 Ti, 34 %, 5237 MiB, 8188 MiB, 34, 9.74 W
2026/09/23 19:55:00.307, NVIDIA GeForce RTX 4060 Ti, 28 %, 5237 MiB, 8188 MiB, 34, 9.63 W
2026/09/23 19:55:01.312, NVIDIA GeForce RTX 4060 Ti, 29 %, 5233 MiB, 8188 MiB, 34, 9.41 W
2026/09/23 19:55:02.320, NVIDIA GeForce RTX 4060 Ti, 36 %, 5237 MiB, 8188 MiB, 34, 9.38 W
2026/09/23 19:55:03.326, NVIDIA GeForce RTX 4060 Ti, 42 %, 5237 MiB, 8188 MiB, 34, 9.46 W
2026/09/23 19:55:04.331, NVIDIA GeForce RTX 4060 Ti, 36 %, 5237 MiB, 8188 MiB, 34, 9.51 W
2026/09/23 19:55:05.338, NVIDIA GeForce RTX 4060 Ti, 41 %, 5237 MiB, 8188 MiB, 34, 9.67 W
2026/09/23 19:55:06.353, NVIDIA GeForce RTX 4060 Ti, 37 %, 5237 MiB, 8188 MiB, 34, 9.81 W
2026/09/23 19:55:07.361, NVIDIA GeForce RTX 4060 Ti, 31 %, 5233 MiB, 8188 MiB, 34, 9.83 W
2026/09/23 19:55:08.368, NVIDIA GeForce RTX 4060 Ti, 28 %, 5237 MiB, 8188 MiB, 34, 9.68 W
2026/09/23 19:55:09.390, NVIDIA GeForce RTX 4060 Ti, 35 %, 5237 MiB, 8188 MiB, 34, 9.48 W
2026/09/23 19:55:10.395, NVIDIA GeForce RTX 4060 Ti, 40 %, 5237 MiB, 8188 MiB, 34, 9.71 W
2026/09/23 19:55:11.403, NVIDIA GeForce RTX 4060 Ti, 30 %, 5237 MiB, 8188 MiB, 34, 9.79 W
2026/09/23 19:55:12.409, NVIDIA GeForce RTX 4060 Ti, 0 %, 5237 MiB, 8188 MiB, 33, 8.65 W
2026/09/23 19:55:13.417, NVIDIA GeForce RTX 4060 Ti, 0 %, 5238 MiB, 8188 MiB, 33, 6.25 W
2026/09/23 19:55:14.423, NVIDIA GeForce RTX 4060 Ti, 0 %, 5238 MiB, 8188 MiB, 33, 5.57 W
2026/09/23 19:55:15.429, NVIDIA GeForce RTX 4060 Ti, 29 %, 5238 MiB, 8188 MiB, 33, 6.09 W
2026/09/23 19:55:16.434, NVIDIA GeForce RTX 4060 Ti, 0 %, 5238 MiB, 8188 MiB, 33, 6.28 W
2026/09/23 19:55:17.441, NVIDIA GeForce RTX 4060 Ti, 0 %, 5238 MiB, 8188 MiB, 33, 5.66 W
2026/09/23 19:55:18.455, NVIDIA GeForce RTX 4060 Ti, 1 %, 5237 MiB, 8188 MiB, 33, 5.48 W
2026/09/23 19:55:19.461, NVIDIA GeForce RTX 4060 Ti, 47 %, 5237 MiB, 8188 MiB, 33, 7.60 W
2026/09/23 19:55:20.466, NVIDIA GeForce RTX 4060 Ti, 37 %, 5233 MiB, 8188 MiB, 33, 9.71 W
2026/09/23 19:55:21.470, NVIDIA GeForce RTX 4060 Ti, 33 %, 5237 MiB, 8188 MiB, 34, 9.60 W
2026/09/23 19:55:22.477, NVIDIA GeForce RTX 4060 Ti, 44 %, 5237 MiB, 8188 MiB, 33, 9.62 W
2026/09/23 19:55:23.481, NVIDIA GeForce RTX 4060 Ti, 38 %, 5237 MiB, 8188 MiB, 34, 9.59 W
2026/09/23 19:55:24.487, NVIDIA GeForce RTX 4060 Ti, 35 %, 5237 MiB, 8188 MiB, 33, 9.60 W
2026/09/23 19:55:25.494, NVIDIA GeForce RTX 4060 Ti, 34 %, 5237 MiB, 8188 MiB, 33, 9.72 W
2026/09/23 19:55:26.499, NVIDIA GeForce RTX 4060 Ti, 34 %, 5233 MiB, 8188 MiB, 34, 9.73 W
2026/09/23 19:55:27.506, NVIDIA GeForce RTX 4060 Ti, 38 %, 5238 MiB, 8188 MiB, 33, 9.60 W
2026/09/23 19:55:28.513, NVIDIA GeForce RTX 4060 Ti, 37 %, 5237 MiB, 8188 MiB, 33, 9.44 W
2026/09/23 19:55:29.518, NVIDIA GeForce RTX 4060 Ti, 40 %, 5237 MiB, 8188 MiB, 34, 9.59 W
2026/09/23 19:55:30.524, NVIDIA GeForce RTX 4060 Ti, 38 %, 5237 MiB, 8188 MiB, 34, 9.73 W
2026/09/23 19:55:31.530, NVIDIA GeForce RTX 4060 Ti, 37 %, 5237 MiB, 8188 MiB, 34, 9.68 W
2026/09/23 19:55:32.538, NVIDIA GeForce RTX 4060 Ti, 41 %, 5233 MiB, 8188 MiB, 34, 9.67 W
2026/09/23 19:55:33.545, NVIDIA GeForce RTX 4060 Ti, 25 %, 5233 MiB, 8188 MiB, 34, 12.74 W
2026/09/23 19:55:34.551, NVIDIA GeForce RTX 4060 Ti, 32 %, 5237 MiB, 8188 MiB, 34, 12.52 W
2026/09/23 19:55:35.558, NVIDIA GeForce RTX 4060 Ti, 33 %, 5237 MiB, 8188 MiB, 34, 10.88 W
2026/09/23 19:55:36.562, NVIDIA GeForce RTX 4060 Ti, 26 %, 5237 MiB, 8188 MiB, 34, 12.74 W
2026/09/23 19:55:37.567, NVIDIA GeForce RTX 4060 Ti, 33 %, 5237 MiB, 8188 MiB, 33, 10.83 W
2026/09/23 19:55:38.573, NVIDIA GeForce RTX 4060 Ti, 33 %, 5237 MiB, 8188 MiB, 33, 9.29 W
2026/09/23 19:55:39.577, NVIDIA GeForce RTX 4060 Ti, 35 %, 5233 MiB, 8188 MiB, 33, 9.28 W
2026/09/23 19:55:40.582, NVIDIA GeForce RTX 4060 Ti, 36 %, 5237 MiB, 8188 MiB, 33, 9.19 W
2026/09/23 19:55:41.587, NVIDIA GeForce RTX 4060 Ti, 41 %, 5237 MiB, 8188 MiB, 33, 9.22 W
2026/09/23 19:55:42.592, NVIDIA GeForce RTX 4060 Ti, 34 %, 5237 MiB, 8188 MiB, 33, 9.24 W
2026/09/23 19:55:43.598, NVIDIA GeForce RTX 4060 Ti, 38 %, 5237 MiB, 8188 MiB, 33, 9.20 W
2026/09/23 19:55:44.614, NVIDIA GeForce RTX 4060 Ti, 38 %, 5237 MiB, 8188 MiB, 33, 9.25 W
2026/09/23 19:55:45.620, NVIDIA GeForce RTX 4060 Ti, 21 %, 5233 MiB, 8188 MiB, 33, 9.02 W
2026/09/23 19:55:46.626, NVIDIA GeForce RTX 4060 Ti, 2 %, 5238 MiB, 8188 MiB, 33, 6.53 W
2026/09/23 19:55:47.632, NVIDIA GeForce RTX 4060 Ti, 0 %, 5237 MiB, 8188 MiB, 33, 5.66 W
2026/09/23 19:55:48.639, NVIDIA GeForce RTX 4060 Ti, 1 %, 5237 MiB, 8188 MiB, 33, 5.50 W
2026/09/23 19:55:49.647, NVIDIA GeForce RTX 4060 Ti, 36 %, 5237 MiB, 8188 MiB, 33, 8.78 W
2026/09/23 19:55:50.652, NVIDIA GeForce RTX 4060 Ti, 36 %, 5237 MiB, 8188 MiB, 33, 9.37 W
2026/09/23 19:55:51.659, NVIDIA GeForce RTX 4060 Ti, 34 %, 5233 MiB, 8188 MiB, 33, 9.40 W
2026/09/23 19:55:52.664, NVIDIA GeForce RTX 4060 Ti, 33 %, 5233 MiB, 8188 MiB, 33, 9.29 W
2026/09/23 19:55:53.670, NVIDIA GeForce RTX 4060 Ti, 32 %, 5238 MiB, 8188 MiB, 33, 9.09 W
2026/09/23 19:55:54.675, NVIDIA GeForce RTX 4060 Ti, 33 %, 5237 MiB, 8188 MiB, 33, 9.20 W
2026/09/23 19:55:55.680, NVIDIA GeForce RTX 4060 Ti, 36 %, 5237 MiB, 8188 MiB, 33, 9.12 W
2026/09/23 19:55:56.692, NVIDIA GeForce RTX 4060 Ti, 39 %, 5237 MiB, 8188 MiB, 33, 9.16 W
2026/09/23 19:55:57.698, NVIDIA GeForce RTX 4060 Ti, 44 %, 5237 MiB, 8188 MiB, 34, 9.38 W
2026/09/23 19:55:58.704, NVIDIA GeForce RTX 4060 Ti, 35 %, 5233 MiB, 8188 MiB, 34, 9.61 W
2026/09/23 19:55:59.709, NVIDIA GeForce RTX 4060 Ti, 36 %, 5238 MiB, 8188 MiB, 33, 9.61 W
2026/09/23 19:56:00.714, NVIDIA GeForce RTX 4060 Ti, 39 %, 5237 MiB, 8188 MiB, 34, 9.69 W
2026/09/23 19:56:01.728, NVIDIA GeForce RTX 4060 Ti, 36 %, 5237 MiB, 8188 MiB, 34, 9.66 W
2026/09/23 19:56:02.733, NVIDIA GeForce RTX 4060 Ti, 34 %, 5237 MiB, 8188 MiB, 34, 11.41 W
2026/09/23 19:56:03.739, NVIDIA GeForce RTX 4060 Ti, 27 %, 5237 MiB, 8188 MiB, 34, 12.73 W
2026/09/23 19:56:04.745, NVIDIA GeForce RTX 4060 Ti, 35 %, 5233 MiB, 8188 MiB, 33, 10.23 W
2026/09/23 19:56:05.750, NVIDIA GeForce RTX 4060 Ti, 34 %, 5238 MiB, 8188 MiB, 33, 9.33 W
2026/09/23 19:56:06.755, NVIDIA GeForce RTX 4060 Ti, 37 %, 5237 MiB, 8188 MiB, 33, 9.23 W
2026/09/23 19:56:07.760, NVIDIA GeForce RTX 4060 Ti, 36 %, 5237 MiB, 8188 MiB, 33, 9.31 W
2026/09/23 19:56:08.765, NVIDIA GeForce RTX 4060 Ti, 36 %, 5237 MiB, 8188 MiB, 33, 9.30 W
2026/09/23 19:56:09.770, NVIDIA GeForce RTX 4060 Ti, 41 %, 5237 MiB, 8188 MiB, 33, 9.40 W
2026/09/23 19:56:10.777, NVIDIA GeForce RTX 4060 Ti, 36 %, 5237 MiB, 8188 MiB, 33, 9.48 W
2026/09/23 19:56:11.783, NVIDIA GeForce RTX 4060 Ti, 34 %, 5233 MiB, 8188 MiB, 33, 9.43 W
2026/09/23 19:56:12.789, NVIDIA GeForce RTX 4060 Ti, 34 %, 5237 MiB, 8188 MiB, 33, 9.27 W
2026/09/23 19:56:13.794, NVIDIA GeForce RTX 4060 Ti, 39 %, 5238 MiB, 8188 MiB, 33, 9.23 W
2026/09/23 19:56:14.806, NVIDIA GeForce RTX 4060 Ti, 38 %, 5238 MiB, 8188 MiB, 33, 9.21 W
2026/09/23 19:56:15.813, NVIDIA GeForce RTX 4060 Ti, 41 %, 5238 MiB, 8188 MiB, 34, 9.73 W
2026/09/23 19:56:16.820, NVIDIA GeForce RTX 4060 Ti, 34 %, 5237 MiB, 8188 MiB, 34, 12.62 W
2026/09/23 19:56:17.826, NVIDIA GeForce RTX 4060 Ti, 15 %, 5233 MiB, 8188 MiB, 34, 12.95 W
2026/09/23 19:56:18.836, NVIDIA GeForce RTX 4060 Ti, 1 %, 5238 MiB, 8188 MiB, 33, 7.87 W
2026/09/23 19:56:19.841, NVIDIA GeForce RTX 4060 Ti, 3 %, 5237 MiB, 8188 MiB, 33, 5.49 W
2026/09/23 19:56:20.847, NVIDIA GeForce RTX 4060 Ti, 1 %, 5237 MiB, 8188 MiB, 33, 5.58 W
2026/09/23 19:56:21.854, NVIDIA GeForce RTX 4060 Ti, 44 %, 5237 MiB, 8188 MiB, 33, 8.03 W
2026/09/23 19:56:22.860, NVIDIA GeForce RTX 4060 Ti, 39 %, 5237 MiB, 8188 MiB, 33, 10.01 W
2026/09/23 19:56:23.866, NVIDIA GeForce RTX 4060 Ti, 35 %, 5233 MiB, 8188 MiB, 33, 9.83 W
2026/09/23 19:56:24.871, NVIDIA GeForce RTX 4060 Ti, 40 %, 5238 MiB, 8188 MiB, 34, 9.65 W
2026/09/23 19:56:25.877, NVIDIA GeForce RTX 4060 Ti, 37 %, 5237 MiB, 8188 MiB, 34, 9.56 W
2026/09/23 19:56:26.884, NVIDIA GeForce RTX 4060 Ti, 35 %, 5237 MiB, 8188 MiB, 33, 9.69 W
2026/09/23 19:56:27.889, NVIDIA GeForce RTX 4060 Ti, 36 %, 5237 MiB, 8188 MiB, 34, 9.76 W
2026/09/23 19:56:28.895, NVIDIA GeForce RTX 4060 Ti, 33 %, 5237 MiB, 8188 MiB, 34, 9.81 W
2026/09/23 19:56:29.901, NVIDIA GeForce RTX 4060 Ti, 37 %, 5233 MiB, 8188 MiB, 34, 9.83 W
2026/09/23 19:56:30.907, NVIDIA GeForce RTX 4060 Ti, 38 %, 5233 MiB, 8188 MiB, 34, 9.78 W
2026/09/23 19:56:31.913, NVIDIA GeForce RTX 4060 Ti, 32 %, 5237 MiB, 8188 MiB, 34, 9.68 W
2026/09/23 19:56:32.917, NVIDIA GeForce RTX 4060 Ti, 36 %, 5237 MiB, 8188 MiB, 34, 9.74 W
2026/09/23 19:56:33.923, NVIDIA GeForce RTX 4060 Ti, 32 %, 5237 MiB, 8188 MiB, 34, 9.78 W
2026/09/23 19:56:34.929, NVIDIA GeForce RTX 4060 Ti, 38 %, 5237 MiB, 8188 MiB, 34, 9.74 W
2026/09/23 19:56:35.935, NVIDIA GeForce RTX 4060 Ti, 37 %, 5237 MiB, 8188 MiB, 34, 9.81 W
2026/09/23 19:56:36.940, NVIDIA GeForce RTX 4060 Ti, 33 %, 5233 MiB, 8188 MiB, 34, 9.81 W
2026/09/23 19:56:37.947, NVIDIA GeForce RTX 4060 Ti, 34 %, 5238 MiB, 8188 MiB, 34, 9.71 W
2026/09/23 19:56:38.953, NVIDIA GeForce RTX 4060 Ti, 40 %, 5237 MiB, 8188 MiB, 34, 9.76 W
2026/09/23 19:56:39.961, NVIDIA GeForce RTX 4060 Ti, 40 %, 5237 MiB, 8188 MiB, 34, 9.84 W
2026/09/23 19:56:40.966, NVIDIA GeForce RTX 4060 Ti, 33 %, 5237 MiB, 8188 MiB, 34, 12.99 W
2026/09/23 19:56:41.972, NVIDIA GeForce RTX 4060 Ti, 39 %, 5237 MiB, 8188 MiB, 34, 12.63 W
2026/09/23 19:56:42.977, NVIDIA GeForce RTX 4060 Ti, 39 %, 5233 MiB, 8188 MiB, 34, 9.81 W
2026/09/23 19:56:43.984, NVIDIA GeForce RTX 4060 Ti, 39 %, 5238 MiB, 8188 MiB, 34, 9.90 W
2026/09/23 19:56:44.988, NVIDIA GeForce RTX 4060 Ti, 34 %, 5237 MiB, 8188 MiB, 34, 9.72 W
2026/09/23 19:56:46.018, NVIDIA GeForce RTX 4060 Ti, 0 %, 5237 MiB, 8188 MiB, 33, 8.67 W
2026/09/23 19:56:47.025, NVIDIA GeForce RTX 4060 Ti, 0 %, 5237 MiB, 8188 MiB, 33, 5.89 W
2026/09/23 19:56:48.031, NVIDIA GeForce RTX 4060 Ti, 1 %, 5237 MiB, 8188 MiB, 33, 5.56 W
2026/09/23 19:56:49.039, NVIDIA GeForce RTX 4060 Ti, 45 %, 5237 MiB, 8188 MiB, 33, 6.56 W
2026/09/23 19:56:50.047, NVIDIA GeForce RTX 4060 Ti, 1 %, 5233 MiB, 8188 MiB, 33, 6.80 W
2026/09/23 19:56:51.051, NVIDIA GeForce RTX 4060 Ti, 0 %, 5237 MiB, 8188 MiB, 33, 5.71 W
2026/09/23 19:56:52.058, NVIDIA GeForce RTX 4060 Ti, 0 %, 5237 MiB, 8188 MiB, 33, 5.59 W
2026/09/23 19:56:53.065, NVIDIA GeForce RTX 4060 Ti, 44 %, 5237 MiB, 8188 MiB, 33, 7.29 W
2026/09/23 19:56:54.071, NVIDIA GeForce RTX 4060 Ti, 35 %, 5237 MiB, 8188 MiB, 33, 10.15 W
2026/09/23 19:56:55.077, NVIDIA GeForce RTX 4060 Ti, 37 %, 5237 MiB, 8188 MiB, 33, 10.09 W
2026/09/23 19:56:56.086, NVIDIA GeForce RTX 4060 Ti, 38 %, 5233 MiB, 8188 MiB, 33, 10.17 W
2026/09/23 19:56:57.096, NVIDIA GeForce RTX 4060 Ti, 42 %, 5237 MiB, 8188 MiB, 33, 10.04 W
2026/09/23 19:56:58.104, NVIDIA GeForce RTX 4060 Ti, 49 %, 5237 MiB, 8188 MiB, 33, 10.36 W
2026/09/23 19:56:59.124, NVIDIA GeForce RTX 4060 Ti, 32 %, 5237 MiB, 8188 MiB, 33, 10.37 W
2026/09/23 19:57:00.131, NVIDIA GeForce RTX 4060 Ti, 34 %, 5237 MiB, 8188 MiB, 33, 10.05 W
2026/09/23 19:57:01.136, NVIDIA GeForce RTX 4060 Ti, 37 %, 5237 MiB, 8188 MiB, 33, 10.10 W
2026/09/23 19:57:02.142, NVIDIA GeForce RTX 4060 Ti, 40 %, 5233 MiB, 8188 MiB, 33, 10.15 W
2026/09/23 19:57:03.148, NVIDIA GeForce RTX 4060 Ti, 39 %, 5237 MiB, 8188 MiB, 34, 10.30 W
2026/09/23 19:57:04.154, NVIDIA GeForce RTX 4060 Ti, 37 %, 5237 MiB, 8188 MiB, 33, 10.22 W
2026/09/23 19:57:05.162, NVIDIA GeForce RTX 4060 Ti, 43 %, 5237 MiB, 8188 MiB, 34, 10.36 W
2026/09/23 19:57:06.172, NVIDIA GeForce RTX 4060 Ti, 43 %, 5237 MiB, 8188 MiB, 34, 10.86 W
2026/09/23 19:57:07.177, NVIDIA GeForce RTX 4060 Ti, 35 %, 5237 MiB, 8188 MiB, 34, 13.70 W
2026/09/23 19:57:08.185, NVIDIA GeForce RTX 4060 Ti, 38 %, 5237 MiB, 8188 MiB, 34, 13.18 W
2026/09/23 19:57:09.192, NVIDIA GeForce RTX 4060 Ti, 40 %, 5233 MiB, 8188 MiB, 34, 10.58 W
2026/09/23 19:57:10.198, NVIDIA GeForce RTX 4060 Ti, 36 %, 5237 MiB, 8188 MiB, 33, 10.17 W
2026/09/23 19:57:11.204, NVIDIA GeForce RTX 4060 Ti, 44 %, 5237 MiB, 8188 MiB, 34, 10.32 W
2026/09/23 19:57:12.219, NVIDIA GeForce RTX 4060 Ti, 37 %, 5237 MiB, 8188 MiB, 34, 10.49 W
2026/09/23 19:57:13.226, NVIDIA GeForce RTX 4060 Ti, 43 %, 5238 MiB, 8188 MiB, 34, 10.67 W
2026/09/23 19:57:14.233, NVIDIA GeForce RTX 4060 Ti, 37 %, 5237 MiB, 8188 MiB, 34, 10.57 W
2026/09/23 19:57:15.241, NVIDIA GeForce RTX 4060 Ti, 40 %, 5237 MiB, 8188 MiB, 33, 10.59 W
2026/09/23 19:57:16.247, NVIDIA GeForce RTX 4060 Ti, 41 %, 5238 MiB, 8188 MiB, 34, 10.35 W
2026/09/23 19:57:17.252, NVIDIA GeForce RTX 4060 Ti, 36 %, 5238 MiB, 8188 MiB, 34, 10.36 W
2026/09/23 19:57:18.260, NVIDIA GeForce RTX 4060 Ti, 39 %, 5238 MiB, 8188 MiB, 33, 10.78 W
2026/09/23 19:57:19.268, NVIDIA GeForce RTX 4060 Ti, 36 %, 5237 MiB, 8188 MiB, 34, 10.75 W
2026/09/23 19:57:20.276, NVIDIA GeForce RTX 4060 Ti, 38 %, 5237 MiB, 8188 MiB, 34, 10.81 W
2026/09/23 19:57:21.288, NVIDIA GeForce RTX 4060 Ti, 43 %, 5237 MiB, 8188 MiB, 34, 10.70 W
2026/09/23 19:57:22.295, NVIDIA GeForce RTX 4060 Ti, 33 %, 5233 MiB, 8188 MiB, 34, 10.68 W
2026/09/23 19:57:23.306, NVIDIA GeForce RTX 4060 Ti, 35 %, 5238 MiB, 8188 MiB, 34, 10.27 W
2026/09/23 19:57:24.314, NVIDIA GeForce RTX 4060 Ti, 41 %, 5237 MiB, 8188 MiB, 34, 10.66 W
2026/09/23 19:57:25.322, NVIDIA GeForce RTX 4060 Ti, 38 %, 5237 MiB, 8188 MiB, 34, 10.79 W
2026/09/23 19:57:26.328, NVIDIA GeForce RTX 4060 Ti, 31 %, 5237 MiB, 8188 MiB, 34, 10.70 W
2026/09/23 19:57:27.334, NVIDIA GeForce RTX 4060 Ti, 35 %, 5237 MiB, 8188 MiB, 34, 10.55 W
2026/09/23 19:57:28.356, NVIDIA GeForce RTX 4060 Ti, 30 %, 5233 MiB, 8188 MiB, 33, 10.46 W
2026/09/23 19:57:29.363, NVIDIA GeForce RTX 4060 Ti, 0 %, 5238 MiB, 8188 MiB, 33, 7.41 W
2026/09/23 19:57:30.368, NVIDIA GeForce RTX 4060 Ti, 1 %, 5237 MiB, 8188 MiB, 33, 5.70 W
2026/09/23 19:57:31.375, NVIDIA GeForce RTX 4060 Ti, 1 %, 5237 MiB, 8188 MiB, 33, 5.68 W
2026/09/23 19:57:32.381, NVIDIA GeForce RTX 4060 Ti, 46 %, 5237 MiB, 8188 MiB, 33, 7.23 W
2026/09/23 19:57:33.388, NVIDIA GeForce RTX 4060 Ti, 40 %, 5237 MiB, 8188 MiB, 33, 10.39 W
2026/09/23 19:57:34.396, NVIDIA GeForce RTX 4060 Ti, 42 %, 5233 MiB, 8188 MiB, 33, 10.69 W
2026/09/23 19:57:35.402, NVIDIA GeForce RTX 4060 Ti, 36 %, 5238 MiB, 8188 MiB, 33, 10.48 W
2026/09/23 19:57:36.410, NVIDIA GeForce RTX 4060 Ti, 33 %, 5237 MiB, 8188 MiB, 33, 10.10 W
2026/09/23 19:57:37.415, NVIDIA GeForce RTX 4060 Ti, 38 %, 5237 MiB, 8188 MiB, 34, 10.55 W
2026/09/23 19:57:38.423, NVIDIA GeForce RTX 4060 Ti, 38 %, 5237 MiB, 8188 MiB, 34, 10.74 W
2026/09/23 19:57:39.431, NVIDIA GeForce RTX 4060 Ti, 40 %, 5237 MiB, 8188 MiB, 34, 10.77 W
2026/09/23 19:57:40.437, NVIDIA GeForce RTX 4060 Ti, 36 %, 5237 MiB, 8188 MiB, 33, 10.60 W
2026/09/23 19:57:41.445, NVIDIA GeForce RTX 4060 Ti, 37 %, 5233 MiB, 8188 MiB, 34, 10.59 W
2026/09/23 19:57:42.455, NVIDIA GeForce RTX 4060 Ti, 39 %, 5238 MiB, 8188 MiB, 33, 10.41 W
2026/09/23 19:57:43.464, NVIDIA GeForce RTX 4060 Ti, 45 %, 5237 MiB, 8188 MiB, 34, 10.54 W
2026/09/23 19:57:44.471, NVIDIA GeForce RTX 4060 Ti, 36 %, 5237 MiB, 8188 MiB, 34, 10.78 W
2026/09/23 19:57:45.478, NVIDIA GeForce RTX 4060 Ti, 39 %, 5237 MiB, 8188 MiB, 34, 10.55 W
2026/09/23 19:57:46.483, NVIDIA GeForce RTX 4060 Ti, 36 %, 5237 MiB, 8188 MiB, 34, 10.60 W
2026/09/23 19:57:47.490, NVIDIA GeForce RTX 4060 Ti, 39 %, 5233 MiB, 8188 MiB, 34, 10.70 W
2026/09/23 19:57:48.497, NVIDIA GeForce RTX 4060 Ti, 40 %, 5237 MiB, 8188 MiB, 34, 10.52 W
2026/09/23 19:57:49.503, NVIDIA GeForce RTX 4060 Ti, 34 %, 5237 MiB, 8188 MiB, 34, 10.14 W
2026/09/23 19:57:50.509, NVIDIA GeForce RTX 4060 Ti, 35 %, 5237 MiB, 8188 MiB, 34, 10.27 W
2026/09/23 19:57:51.515, NVIDIA GeForce RTX 4060 Ti, 35 %, 5237 MiB, 8188 MiB, 34, 10.17 W
2026/09/23 19:57:52.521, NVIDIA GeForce RTX 4060 Ti, 36 %, 5237 MiB, 8188 MiB, 34, 10.18 W
2026/09/23 19:57:53.527, NVIDIA GeForce RTX 4060 Ti, 39 %, 5233 MiB, 8188 MiB, 34, 10.16 W
2026/09/23 19:57:54.532, NVIDIA GeForce RTX 4060 Ti, 36 %, 5233 MiB, 8188 MiB, 34, 10.14 W
2026/09/23 19:57:55.541, NVIDIA GeForce RTX 4060 Ti, 35 %, 5238 MiB, 8188 MiB, 34, 10.03 W
2026/09/23 19:57:56.548, NVIDIA GeForce RTX 4060 Ti, 36 %, 5237 MiB, 8188 MiB, 34, 10.07 W
2026/09/23 19:57:57.552, NVIDIA GeForce RTX 4060 Ti, 47 %, 5237 MiB, 8188 MiB, 34, 10.43 W
2026/09/23 19:57:58.556, NVIDIA GeForce RTX 4060 Ti, 41 %, 5237 MiB, 8188 MiB, 34, 10.55 W
2026/09/23 19:57:59.561, NVIDIA GeForce RTX 4060 Ti, 34 %, 5237 MiB, 8188 MiB, 34, 10.60 W
2026/09/23 19:58:00.567, NVIDIA GeForce RTX 4060 Ti, 36 %, 5233 MiB, 8188 MiB, 34, 10.68 W
2026/09/23 19:58:01.574, NVIDIA GeForce RTX 4060 Ti, 36 %, 5238 MiB, 8188 MiB, 34, 10.41 W
2026/09/23 19:58:02.581, NVIDIA GeForce RTX 4060 Ti, 35 %, 5237 MiB, 8188 MiB, 34, 10.03 W
2026/09/23 19:58:03.588, NVIDIA GeForce RTX 4060 Ti, 37 %, 5237 MiB, 8188 MiB, 34, 10.22 W
2026/09/23 19:58:04.594, NVIDIA GeForce RTX 4060 Ti, 39 %, 5237 MiB, 8188 MiB, 33, 10.22 W
2026/09/23 19:58:05.600, NVIDIA GeForce RTX 4060 Ti, 37 %, 5237 MiB, 8188 MiB, 34, 10.16 W
2026/09/23 19:58:06.605, NVIDIA GeForce RTX 4060 Ti, 40 %, 5237 MiB, 8188 MiB, 34, 10.15 W
2026/09/23 19:58:07.611, NVIDIA GeForce RTX 4060 Ti, 33 %, 5233 MiB, 8188 MiB, 34, 9.88 W
2026/09/23 19:58:08.618, NVIDIA GeForce RTX 4060 Ti, 37 %, 5238 MiB, 8188 MiB, 34, 9.98 W
2026/09/23 19:58:09.624, NVIDIA GeForce RTX 4060 Ti, 41 %, 5237 MiB, 8188 MiB, 34, 10.02 W
2026/09/23 19:58:10.631, NVIDIA GeForce RTX 4060 Ti, 23 %, 5237 MiB, 8188 MiB, 34, 8.70 W
2026/09/23 19:58:11.637, NVIDIA GeForce RTX 4060 Ti, 0 %, 5237 MiB, 8188 MiB, 33, 5.85 W
2026/09/23 19:58:12.644, NVIDIA GeForce RTX 4060 Ti, 0 %, 5237 MiB, 8188 MiB, 33, 5.80 W
2026/09/23 19:58:13.651, NVIDIA GeForce RTX 4060 Ti, 0 %, 5238 MiB, 8188 MiB, 33, 5.88 W
2026/09/23 19:58:14.658, NVIDIA GeForce RTX 4060 Ti, 32 %, 5238 MiB, 8188 MiB, 33, 9.35 W
2026/09/23 19:58:15.665, NVIDIA GeForce RTX 4060 Ti, 40 %, 5238 MiB, 8188 MiB, 33, 10.04 W
2026/09/23 19:58:16.669, NVIDIA GeForce RTX 4060 Ti, 33 %, 5243 MiB, 8188 MiB, 33, 10.16 W
2026/09/23 19:58:17.674, NVIDIA GeForce RTX 4060 Ti, 33 %, 5243 MiB, 8188 MiB, 33, 10.16 W
2026/09/23 19:58:18.682, NVIDIA GeForce RTX 4060 Ti, 41 %, 5242 MiB, 8188 MiB, 34, 10.70 W
2026/09/23 19:58:19.689, NVIDIA GeForce RTX 4060 Ti, 32 %, 5238 MiB, 8188 MiB, 34, 10.37 W
2026/09/23 19:58:20.696, NVIDIA GeForce RTX 4060 Ti, 33 %, 5243 MiB, 8188 MiB, 33, 10.07 W
2026/09/23 19:58:21.702, NVIDIA GeForce RTX 4060 Ti, 39 %, 5242 MiB, 8188 MiB, 34, 10.25 W
2026/09/23 19:58:22.736, NVIDIA GeForce RTX 4060 Ti, 47 %, 5242 MiB, 8188 MiB, 34, 10.21 W
2026/09/23 19:58:23.741, NVIDIA GeForce RTX 4060 Ti, 36 %, 5240 MiB, 8188 MiB, 34, 10.51 W
2026/09/23 19:58:24.747, NVIDIA GeForce RTX 4060 Ti, 36 %, 5238 MiB, 8188 MiB, 34, 10.40 W
2026/09/23 19:58:25.753, NVIDIA GeForce RTX 4060 Ti, 33 %, 5238 MiB, 8188 MiB, 34, 10.33 W
2026/09/23 19:58:26.761, NVIDIA GeForce RTX 4060 Ti, 34 %, 5235 MiB, 8188 MiB, 34, 10.28 W
2026/09/23 19:58:27.766, NVIDIA GeForce RTX 4060 Ti, 35 %, 5239 MiB, 8188 MiB, 34, 9.90 W
2026/09/23 19:58:28.774, NVIDIA GeForce RTX 4060 Ti, 42 %, 5238 MiB, 8188 MiB, 34, 10.03 W
2026/09/23 19:58:29.781, NVIDIA GeForce RTX 4060 Ti, 40 %, 5238 MiB, 8188 MiB, 34, 10.18 W
2026/09/23 19:58:30.787, NVIDIA GeForce RTX 4060 Ti, 41 %, 5237 MiB, 8188 MiB, 34, 10.35 W
2026/09/23 19:58:31.795, NVIDIA GeForce RTX 4060 Ti, 40 %, 5237 MiB, 8188 MiB, 34, 10.49 W
2026/09/23 19:58:32.801, NVIDIA GeForce RTX 4060 Ti, 30 %, 5233 MiB, 8188 MiB, 34, 10.68 W
2026/09/23 19:58:33.806, NVIDIA GeForce RTX 4060 Ti, 38 %, 5238 MiB, 8188 MiB, 34, 10.54 W
2026/09/23 19:58:34.814, NVIDIA GeForce RTX 4060 Ti, 30 %, 5237 MiB, 8188 MiB, 34, 10.32 W
2026/09/23 19:58:35.822, NVIDIA GeForce RTX 4060 Ti, 34 %, 5237 MiB, 8188 MiB, 34, 10.19 W
2026/09/23 19:58:36.827, NVIDIA GeForce RTX 4060 Ti, 33 %, 5237 MiB, 8188 MiB, 34, 10.17 W
2026/09/23 19:58:37.833, NVIDIA GeForce RTX 4060 Ti, 38 %, 5237 MiB, 8188 MiB, 33, 10.20 W
2026/09/23 19:58:38.845, NVIDIA GeForce RTX 4060 Ti, 35 %, 5237 MiB, 8188 MiB, 33, 10.13 W
2026/09/23 19:58:39.852, NVIDIA GeForce RTX 4060 Ti, 38 %, 5233 MiB, 8188 MiB, 34, 10.26 W
2026/09/23 19:58:40.861, NVIDIA GeForce RTX 4060 Ti, 39 %, 5238 MiB, 8188 MiB, 34, 10.15 W
2026/09/23 19:58:41.868, NVIDIA GeForce RTX 4060 Ti, 39 %, 5237 MiB, 8188 MiB, 34, 10.53 W
2026/09/23 19:58:42.879, NVIDIA GeForce RTX 4060 Ti, 41 %, 5237 MiB, 8188 MiB, 34, 10.81 W
2026/09/23 19:58:43.884, NVIDIA GeForce RTX 4060 Ti, 39 %, 5237 MiB, 8188 MiB, 34, 10.67 W
2026/09/23 19:58:44.892, NVIDIA GeForce RTX 4060 Ti, 38 %, 5237 MiB, 8188 MiB, 34, 10.71 W
2026/09/23 19:58:45.900, NVIDIA GeForce RTX 4060 Ti, 41 %, 5233 MiB, 8188 MiB, 34, 10.77 W
2026/09/23 19:58:46.907, NVIDIA GeForce RTX 4060 Ti, 31 %, 5238 MiB, 8188 MiB, 34, 10.65 W
2026/09/23 19:58:47.915, NVIDIA GeForce RTX 4060 Ti, 37 %, 5237 MiB, 8188 MiB, 34, 10.33 W
2026/09/23 19:58:48.921, NVIDIA GeForce RTX 4060 Ti, 30 %, 5237 MiB, 8188 MiB, 34, 12.97 W
2026/09/23 19:58:49.931, NVIDIA GeForce RTX 4060 Ti, 32 %, 5237 MiB, 8188 MiB, 34, 13.87 W
2026/09/23 19:58:50.937, NVIDIA GeForce RTX 4060 Ti, 41 %, 5237 MiB, 8188 MiB, 34, 10.91 W
2026/09/23 19:58:51.947, NVIDIA GeForce RTX 4060 Ti, 1 %, 5237 MiB, 8188 MiB, 33, 8.24 W
2026/09/23 19:58:52.954, NVIDIA GeForce RTX 4060 Ti, 1 %, 5233 MiB, 8188 MiB, 33, 5.71 W
2026/09/23 19:58:53.960, NVIDIA GeForce RTX 4060 Ti, 0 %, 5238 MiB, 8188 MiB, 33, 5.62 W
2026/09/23 19:58:54.966, NVIDIA GeForce RTX 4060 Ti, 0 %, 5238 MiB, 8188 MiB, 33, 5.56 W
2026/09/23 19:58:55.972, NVIDIA GeForce RTX 4060 Ti, 0 %, 5238 MiB, 8188 MiB, 33, 5.74 W
2026/09/23 19:58:56.977, NVIDIA GeForce RTX 4060 Ti, 0 %, 5237 MiB, 8188 MiB, 33, 5.72 W
2026/09/23 19:58:57.983, NVIDIA GeForce RTX 4060 Ti, 0 %, 5237 MiB, 8188 MiB, 33, 5.68 W
2026/09/23 19:58:58.989, NVIDIA GeForce RTX 4060 Ti, 0 %, 5233 MiB, 8188 MiB, 33, 5.54 W
2026/09/23 19:58:59.997, NVIDIA GeForce RTX 4060 Ti, 2 %, 5238 MiB, 8188 MiB, 33, 5.45 W
